,mgv250_cluster1,mgv250_cluster2,mgv250_cluster3,mgv250_cluster4,mgv250_cluster5
1965-01-01,-0.27158653128494337,0.20240730541275145,0.01106024391844239,0.26622442799864465,-0.0701212064391042
1965-02-01,0.4194310350904187,0.36129102031177374,-0.3376665249676772,0.8658149867381865,-0.16745129368335904
1965-03-01,-0.6507646473287378,0.19264963062051782,-0.43625302717719283,0.7327642255616419,-0.1012432025225889
1965-04-01,-0.3541114694863847,0.22482217792521184,-0.37302928911128513,1.3315934868692194,-0.3606719424540393
1965-05-01,-0.12033413553122177,0.12093219447900903,-0.6507870177148094,0.6902561893740904,-0.28538929034711974
1965-06-01,0.4550510276000476,0.07264455132943423,-0.7610661882749746,1.0192812646476967,-0.6633523707737738
1965-07-01,-0.21606116076406923,0.14800312903953744,-1.0812962558907522,0.8350304138023876,-0.4031002777328819
1965-08-01,-0.7984149513892757,0.334015934862555,-1.2955205541261485,0.06669501330956672,-0.20174025977629959
1965-09-01,-0.2987015232877824,0.1803606808344948,-1.2773214931219397,0.7372694252764137,-0.33277087713004183
1965-10-01,0.1199918175206601,0.18145775093751795,-0.4279525347158943,0.12224234224667826,-0.1553857059501783
1965-11-01,-0.4699118218375641,0.38379171793473593,-0.668139482887698,-0.5537558961840509,0.028834076270525037
1965-12-01,-0.15062822878939433,0.3330672010380954,-0.37794570687790996,0.5172276959835904,0.11862984782508514
1966-01-01,-0.02373973432096463,0.17440633021573967,-0.02243945663663703,0.6567869620234932,0.017445470514215626
1966-02-01,-0.6348890152949731,0.22845627630458157,0.035546919409657866,0.2601082970216436,0.4363554357970733
1966-03-01,-0.6127144526509405,0.308192262356294,-0.5129022497526358,0.9180600348028164,-0.019837492205554322
1966-04-01,0.20217803279751712,0.10003517257338539,0.28828703601595385,0.23913977360262453,-0.3190727976386639
1966-05-01,0.37053259433183855,0.0876105963227583,-0.5665912594593747,0.7707754963810004,-0.3314150633218462
1966-06-01,0.19642282458184993,0.023311596204412175,-0.9049839536908647,-0.22493927802854372,-0.2528904621437384
1966-07-01,0.09511118953667798,0.12000411111403275,-0.7388501939639239,0.26421409498140647,-0.154884332239372
1966-08-01,-0.011559800036902566,0.22200832073701254,-0.7599907861629003,0.831124331187276,-0.3126880833519375
1966-09-01,-0.1832619309425354,0.10238757586096697,-0.4448080986318454,0.5610528302568834,-0.13571564475865835
1966-10-01,0.504653070809193,0.22044629655419823,-0.8438668620418496,0.014035244589870415,-0.19971120127280895
1966-11-01,0.4733727973641701,0.288263266099328,-0.6957022237106109,0.5037964837065021,-0.31000716619737156
1966-12-01,-0.9459649764218376,0.22138063920372947,0.026695558827527815,-0.18875170318247045,-0.00668784419610265
1967-01-01,0.16897053828517208,0.2889708800111862,0.056462493580831614,-0.24152533738937193,0.04875221221743735
1967-02-01,-0.49462889872708365,0.2134271165266394,0.23152064269697165,0.13327864224760277,0.3202463855942943
1967-03-01,-0.8816357376506028,0.013831731947985561,0.39513589630664236,-0.17564611382854795,0.08043524421463709
1967-04-01,-0.6521051948510327,0.3114579992498306,-0.37446089193854537,1.1910485049474586,0.09411451578651886
1967-05-01,0.08396231433720265,0.21028749365857577,-0.804367031849606,0.5224957772829,-0.1866280241137922
1967-06-01,-0.2599216780616242,0.048040108565978186,-0.9507197729298766,1.986310146387341,-0.049591349445827014
1967-07-01,-0.32188742629532674,-0.02143637222402236,-0.3479276954288214,1.0687355856293612,-0.47142952041052955
1967-08-01,-0.7431189484387926,0.035113536498763344,-1.0403638994190056,0.769755649335176,-0.23104589704280246
1967-09-01,-0.13891408961374782,0.058474142682106094,-0.4706243394126355,0.42033712696103215,-0.29477587073657646
1967-10-01,0.020370813249384313,0.2512556824454649,-0.6150133173230669,0.31613620016181354,-0.29190422191640336
1967-11-01,-0.23724781078042334,0.2234974168838664,-0.3762680879780944,-0.12942588011037956,-0.11378588882382847
1967-12-01,0.18737107081320678,0.36853797295514273,-0.06680567814430721,-0.2547460924653174,-0.15952583290476655
1968-01-01,-0.5590356958722605,0.3706411085026787,-0.36351147671820416,0.9057662874749564,0.30464072084222227
1968-02-01,-1.3813012722626472,0.38490344815075717,-0.27639905751591,0.7117710211901989,0.45992764664310243
1968-03-01,-0.835746295243791,0.29798645705462773,0.2521117388362616,0.6198391318321228,0.08035006097521905
1968-04-01,-1.0656058498956624,0.06334744991465685,0.44321384228451155,0.36431616081774815,-0.11165483411033778
1968-05-01,-0.7152768593390011,0.1391820021890064,0.03024901355236349,-0.4314931778653154,0.11397117644932137
1968-06-01,-0.4005279717514816,0.08494368291156176,0.30090594795388237,-0.14303348307470673,-0.4097002458482853
1968-07-01,-0.2596157847098934,0.16099652823279884,-0.9785965294905112,0.7217758488886564,-0.1742760862659487
1968-08-01,-0.9278264439221724,0.4297607085284065,-1.2996243758940362,0.1064737878956841,-0.0313399879205892
1968-09-01,-0.3375597985334767,0.15472605186987687,-0.5352839617662027,0.014547381586241491,-0.1693750351923218
1968-10-01,-0.4309140941471729,0.3599992569755105,-0.4999420592482661,-0.2308336945558057,-0.018630977799964053
1968-11-01,-0.3254837058122875,0.15784595958529946,-0.34239825228570214,-0.25651946085170635,-0.20727384116004977
1968-12-01,-0.09171073008509516,0.1970204699007585,-0.012813780037030369,0.3487458461624326,0.14138834095308198
1969-01-01,-0.732317711543111,0.1739168031649156,0.18063664016589315,0.0964152726154883,0.21623688642047506
1969-02-01,0.015897904206248162,0.16575907083118663,0.02156958561128294,-0.33308595997615925,0.1282469093671684
1969-03-01,-0.15165609063454044,0.2052256249807735,-0.21009455684205178,0.34343423773941484,-0.10071988397401802
1969-04-01,-0.44535587279541977,0.26341484670333043,-0.1366553906823548,0.6475729849732038,-0.022935638276164624
1969-05-01,-0.6589540723458077,0.03400959004772538,0.06455133183741234,0.9220837389381186,-0.17653525898896572
1969-06-01,0.250040356395314,0.3124617478426765,-0.9167804684437497,0.723854850218134,-0.3536590754729995
1969-07-01,-1.0300391218037281,0.02383776208296179,-0.3457663134789803,0.7238264801432786,-0.24589371144004132
1969-08-01,-0.34191703188766553,0.23922334539699044,-1.0846197605133057,0.19236665978593734,-0.15704619654258434
1969-09-01,-0.3692312907536053,0.17961574031069955,0.10016193272362293,-0.7701107599202869,-0.017713404024747307
1969-10-01,0.5614008361166253,0.28728428371449843,-0.38775889806344477,-0.12209445816799275,-0.08706423441995367
1969-11-01,-0.29103565707947443,0.2219334802525566,-0.09620729046808163,0.6994577287470253,-0.21926740847943677
1969-12-01,-0.05476066788423409,0.10357288753285127,0.459696415444495,-0.908519631450616,-0.0015386496170907572
1970-01-01,-0.32120446846323103,0.18127752258815866,0.5109325261183189,0.6655934510879146,-0.044761271947443226
1970-02-01,-0.6924814680247631,0.191677875697294,0.3175217710750204,0.8614547333671051,-0.058451732980335215
1970-03-01,0.04090493978950584,0.2120049321715207,0.1436436994814537,0.8480309282691734,-0.4763481538950629
1970-04-01,-0.9047919106714933,0.11280206515189797,0.3550774194824864,0.6646126074698364,-0.06250149446495612
1970-05-01,0.6068703691357548,0.1845359363976647,-0.8362906919398778,0.19732544795402046,-0.07027237218416939
1970-06-01,-0.5593108103691953,0.3074344626085006,-1.1797994794979902,1.1304580326219207,-0.2937401504987299
1970-07-01,-0.9705033695813521,0.14321235890056996,-0.5711306568602441,0.3297868175703345,-0.002177433778288027
1970-08-01,-1.8875347179116555,0.13964387742593326,-0.24863059671831803,0.803651288151741,0.0221177104205021
1970-09-01,-0.503284263524037,0.3119180068612736,-0.7525908275389336,-0.13229061388274999,-0.06552165286223775
1970-10-01,-0.4580469675434446,0.22499771679148953,-0.4134774627819867,0.33120137901560776,-0.2685582369182243
1970-11-01,-0.46008285135030746,0.3005560866014205,-0.03529798082062896,0.6322694888103355,0.16523190961886886
1970-12-01,-0.3791205802010101,0.35737875629873833,-0.4149585962295532,0.42664434001283735,0.10414810075780352
1971-01-01,-0.736400919053161,0.33659601912778964,-0.041618961578523614,1.372302576754857,0.08233934161233288
1971-02-01,-0.45917207031574064,0.16636084067948997,0.13636701123815187,1.4296852558561899,0.1915569089417038
1971-03-01,-0.30940798590484175,0.3126952099927606,-0.4633913997193458,0.9534770568597664,0.09322542529313349
1971-04-01,-0.8406994701589195,0.16192561563323524,0.2806530242234888,0.2658971969616934,0.18757776768934062
1971-05-01,-0.6038276749907188,0.09227277920207874,-0.012156956265090217,0.5462885083793436,-0.15944229207069577
1971-06-01,0.33360521480875105,0.038624483155694236,-0.6403631307709385,0.7578249261217209,-0.44622645741368566
1971-07-01,-0.7713712390186717,0.22120510033745178,-0.8017680174867872,1.19338923866309,-0.2353826561710865
1971-08-01,-0.9471086043755985,0.24796196403987902,-0.4278615326948569,-0.3363024334884384,-0.10566238170018012
1971-09-01,-0.3726741353284965,0.2831910941052564,-0.6458340816094842,0.6248904808053692,-0.13065935650144908
1971-10-01,-0.8617245167204477,0.35717883371414344,-1.0220604883113378,-0.18370929219335028,-0.008592168628657837
1971-11-01,-0.08869862672194694,0.36227620221714285,-0.01815953619883094,-0.1812997952248286,-0.0538248456854677
1971-12-01,-0.7741287784669005,0.12255595887408537,0.5538701591357379,-0.264862389529793,0.05437670887124129
1972-01-01,0.02178224255737749,0.2407271434916532,-0.36306133572484406,0.3588296334853721,0.01353085392790291
1972-02-01,0.21488305217432743,0.22077365992540982,-0.38014205408767915,0.8640010669393446,-0.016157668035941063
1972-03-01,-0.6150247113218585,0.22431055810999742,-0.2777630804290234,0.3459362873753298,-0.15252584995214263
1972-04-01,0.04524263074097124,0.16499711150791554,-0.23011097186048268,0.3032359538726436,0.012858688447608456
1972-05-01,0.07413808003212642,0.06916233423081311,-0.022188188429449647,0.9580807489098854,-0.19500907590460878
1972-06-01,-0.1626894167326029,-0.004880110369646613,-0.15825896825588925,0.7656525060968491,-0.4749874668315756
1972-07-01,-0.3044778114926178,0.06583662713593977,-0.5206635300542267,0.0517562583305882,-0.4583285857679506
1972-08-01,-0.932333307358825,0.23971500403103344,-0.7137233102825327,0.3321237391927867,-0.16303511392405104
1972-09-01,-0.9094608061521956,0.2865293048282358,-0.7448482681328142,0.1548508489594876,0.04369763281723972
1972-10-01,-0.3658899042791533,0.1127200031822378,-0.23063226065165562,-0.468143907565515,-0.0012484199243553717
1972-11-01,0.49085134586084234,0.060038254621194644,-0.13154501646337374,0.3217959776520729,-0.5300967222631233
1972-12-01,0.17527400434595866,0.17427797304755224,-0.21355632745044334,0.35633800677882815,0.036083133051835414
1973-01-01,-0.7923262790568824,0.3296589548575049,0.20559497282538616,0.43437006404098955,0.22140073673919547
1973-02-01,-1.071377865319113,0.3019090164153971,0.26957814542340564,0.7517401165175206,0.018258683799162442
1973-03-01,-1.1761182720221361,0.3444280136715282,0.013686197114662386,-0.2588858737528903,0.028361073123538954
1973-04-01,-0.06760088274779828,0.20975209772586823,-0.34452468996316615,0.3799889706870884,-0.30793562819261916
1973-05-01,-0.40568113327026367,0.05421632213547905,-0.3633571762434194,0.6297815627264745,0.046979634355066156
1973-06-01,-0.5555178355244756,0.2072517366651545,-1.162095304945825,0.07048648537941349,-0.2738868569867294
1973-07-01,-0.3815137609405425,0.1668569557169542,-0.944609541288564,1.2783419449352524,-0.4193888073827064
1973-08-01,-0.6814003569408528,0.22655001139258318,-0.6721005893089402,0.7486978346861681,-0.22718205472430444
1973-09-01,0.256620029222618,0.34241021316956705,-0.8977754854820145,0.40672109688369973,-0.2913977199357978
1973-10-01,-0.19179993462794034,0.19987078114626877,-0.33851226030940745,0.05197216422089095,-0.024008536671364256
1973-11-01,-0.12382293499789192,0.06416553960126989,0.5286274241729522,0.1465376611184148,-0.13696629346184463
1973-12-01,-1.056625513197149,0.2900414527418779,-0.02127772223361781,-0.051167780913195564,0.24900045006060292
1974-01-01,-0.5757738808983738,0.32203258040117066,-0.5502317572983219,0.6580850597724174,0.2223678316936984
1974-02-01,-0.9290205332839373,0.3277779581712529,-0.5629815685916955,-0.39934042753036886,0.18881501813814874
1974-03-01,-0.5148786074906877,0.24147257607250927,-0.6332521707239286,0.9577913625726422,0.049333335120278876
1974-04-01,-0.2730654498327126,0.08505994981941692,0.1108833391901473,-0.38692596757296216,-0.29416130296086546
1974-05-01,-0.21394821046625526,0.19554006543388977,-0.7239533142304757,1.1090320290871036,-0.2434609753635308
1974-06-01,-0.33234605222072416,0.2130696679500335,-0.6703577411006874,0.11703321366634184,-0.17807116899879194
1974-07-01,-0.6926476955413818,0.30331987748171557,-1.0869041295118735,-0.08624052827798047,-0.4413636201441032
1974-08-01,-0.2422616247413228,0.18552803499175902,-0.6342570546647193,0.4534766313086436,-0.24005645973999612
1974-09-01,-0.7759642832487532,0.27227748364688237,-0.9090521805722949,-0.11601999619053405,-0.0004620175376982136
1974-10-01,-0.50994038075498,0.43487054778930334,-1.1050461883276281,0.9709111007961254,-0.04817846474985196
1974-11-01,-0.04543161507949088,0.326714533216813,-0.10804379699935376,0.21531937770473147,-0.04120270197995231
1974-12-01,-0.26847208009182827,0.12428521472502518,0.29591067995823606,-0.48019648755638344,0.0064606238716150045
1975-01-01,-0.7362941515098498,0.17302868001282534,0.36689164772839616,-0.047379348752568065,0.1673593029955426
1975-02-01,-0.3701207417886234,0.201263583519242,0.35486808964903926,0.18069853789164025,-0.08969977178287096
1975-03-01,-0.872258668385663,0.23942426404851005,0.15994783648302857,-0.03958322035456167,0.06839505640606
1975-04-01,-0.5317468159985773,0.20776654389452806,0.15109551834388518,0.44529662259574077,-0.0792850752245203
1975-05-01,0.1947372573093303,0.05228574372788164,-0.206171710726241,0.1282223382765807,-0.22612958506964817
1975-06-01,0.41235255312572405,0.1456797202640676,-1.4219698771624498,0.7614101021035203,-0.5533454244228904
1975-07-01,-0.8971856925094012,0.3277687784184746,-0.40105656838752857,-0.2994755228746285,-0.0678898119107848
1975-08-01,-0.8490509778550528,0.08850780161306819,-0.8480323872096103,0.21496810091352,-0.06690564457439045
1975-09-01,0.20754688139100677,0.21827748433791377,-1.0415140172125588,0.04636998405878984,-0.2930027220893827
1975-10-01,0.27821169605532897,0.3337399207334467,-0.5360609628784825,-0.4356535314356239,-0.3121412107361233
1975-11-01,-0.5107001844540383,0.3216761000016156,-0.33960268950798145,0.4649409688602301,0.08211636779901807
1975-12-01,-0.17537776995631096,0.19977844175807932,0.10706459132718368,0.15514125884736626,0.2558818582621255
1976-01-01,-0.7948935899919677,0.3070777272158128,-0.25025562081538455,-0.0746267368492571,0.06338308601292418
1976-02-01,-0.7810621875003704,0.28914053012980495,-0.5690894916024006,0.32230003655535505,0.1878178842333765
1976-03-01,-1.1061661451765634,0.1890886754275643,-0.19137754406727536,0.2617483461293781,0.22681120127567406
1976-04-01,-0.016136395121083676,0.20817398307795193,-0.3605950046593035,-0.10246267379487602,-0.027864528700005855
1976-05-01,-0.612839680273556,-0.007060818115179551,0.10205560796697376,0.5090786614319653,-0.21721982345176868
1976-06-01,0.49815959143407135,0.11540809895265548,-0.23472355285160978,0.038089219806263744,-0.3476830830901477
1976-07-01,0.304261660112918,-0.01810997485477019,-0.210991061069596,0.1746314225121609,-0.29720509736578865
1976-08-01,-0.16877010319996805,0.13547189294654416,-0.4159152088030963,0.7168775189270093,-0.4154285647838412
1976-09-01,0.3117515045462303,0.2915230345598516,-0.9803821503276556,0.3335712459480878,-0.282384960436514
1976-10-01,-0.6747400370037672,0.3932870167461946,-0.09264091790561946,-0.41012347323223225,-0.14413179821722497
1976-11-01,-0.7105067372322083,0.29277512255836935,0.029982288013881364,-0.1322610792025779,0.1423322399798381
1976-12-01,-0.18131501828003854,0.08445600854521766,0.051213375909227726,0.011749663254589711,-0.10224772944982471
1977-01-01,0.05668077654051549,0.2719961943473408,0.05658741673113595,0.5581550661799977,0.04079668370950887
1977-02-01,0.12547500087942892,0.19744146953929553,-0.38960042973639264,0.4984342936173226,-0.1312188772172887
1977-03-01,-1.3122146569409416,0.1548485989796924,0.44877008653022876,0.5804188694190053,0.11796252602159721
1977-04-01,-0.09297737942158597,0.19062458472774627,0.2838800910493018,-0.46871494755004217,-0.12670650822410257
1977-05-01,-0.4003491650507288,0.061918131230189834,0.018612994536967346,0.04489099950466341,-0.10945888100263898
1977-06-01,-0.22119088369665793,0.09489352839754864,-0.41016453588512586,0.27330870043884203,-0.08597787741427769
1977-07-01,-0.023228161543318367,0.1863663368684085,-0.6649349357040836,0.7269710013009969,-0.46014504371282877
1977-08-01,0.03920012307398527,0.18189836313380275,-0.7934827200123962,1.3129138252110157,-0.5722010851929628
1977-09-01,-0.28579938180238296,0.2816956310986197,-1.107217140600715,-0.04471871748711299,-0.21808619407113528
1977-10-01,-0.4808476538334078,0.24481856408603686,-0.4474696558965764,-0.347382249762711,-0.044462087967876714
1977-11-01,-0.32823943686716767,0.18374134990620739,-0.2894418340333751,-0.24865061876553932,-0.0987797158634362
1977-12-01,0.3878499697713019,0.2758212427404475,-0.39708559781732694,-0.995789164478339,7.512775357700725e-05
1978-01-01,-0.2763720048428739,0.23708962661059782,-0.12034447470181425,-0.3798722497467856,0.2186737922639806
1978-02-01,-0.41220189587583816,0.24906230323454912,-0.03922804403053203,0.19001118676031678,0.28841688333662796
1978-03-01,0.10179671124347205,0.11478791929741594,-0.7818527624640667,0.36182518939948777,0.07240785957342054
1978-04-01,-0.6007006735477632,0.20588147130242004,0.46456128778591965,0.051674955678217616,-0.06894119435625526
1978-05-01,-0.7079060071880378,0.10674043214894871,-0.18093938558873998,0.7733146687155789,-0.096676961514827
1978-06-01,0.22070749292095887,-0.05186607334065565,0.09422369406256878,0.0932180584923735,-0.4518734570992351
1978-07-01,-0.3871284642265838,0.2599129383576745,-1.0701320540737098,-0.22792062423761608,-0.3508028554302428
1978-08-01,-0.22798103904261172,0.203190879388289,-0.6948225095238485,-0.12114347044595526,-0.09127765126494379
1978-09-01,-0.48752774674336885,0.2486037140224069,-0.3180611511351357,0.032850304274883085,-0.10496795880948014
1978-10-01,-0.5368411830328043,0.21444526426294908,-0.1999326784845809,-0.004562156871684546,0.05417396454340399
1978-11-01,-0.06525389199118012,0.10862174558448282,-0.17690604001703397,-0.46329493950871586,-0.06738472649979489
1978-12-01,0.2360883557680741,0.22463953510962703,0.07101477871478444,-0.13604125785596163,-0.09322455352723855
1979-01-01,-1.1762502702694495,0.23487674042502826,0.054990258854879466,1.0560226093218164,0.2026054384626544
1979-02-01,-0.4698064576074915,0.30988715389833094,-0.22278457460269124,0.44612883074769694,-0.09485751414439708
1979-03-01,-0.9894816331493044,0.2990588864540671,-0.41514219532550223,0.9191575704269038,0.14971076418913484
1979-04-01,-0.2664656170363565,0.25106568865597567,-0.16961207901927788,-0.08082452040274166,-0.22875527519524863
1979-05-01,0.7581986570549966,0.126684469016478,-0.34037622767434994,-0.6040847851234732,-0.3282886398196732
1979-06-01,0.1306064933249094,0.0913628640978094,-0.3974478429471943,0.7771200346715241,-0.354828707905798
1979-07-01,-0.4386976252771118,0.08223243854581352,-0.712293050658535,0.5990171750772346,-0.30828193789387975
1979-08-01,-0.16664476359932168,0.27392397430491316,-0.8477879242158273,-0.691999798839532,-0.11248156236476652
1979-09-01,-0.08671817559640384,0.1845846679758898,-0.330258696012094,-0.9818973182474525,-0.013229359628816531
1979-10-01,-0.8608989923903085,0.3295578739859841,-0.626895461283939,0.49703443802676156,-0.02646751286134188
1979-11-01,-0.20323889782127824,0.34146468269633734,-0.4138260240286169,-0.0024672055128708626,-0.22578812584025154
1979-12-01,0.21958390739068243,0.14548958005274043,0.49357300912830193,-0.6223123086598312,-0.27696865354964406
1980-01-01,-0.5728176496561291,0.20382782035970431,0.1707881059445126,0.3254324197769165,0.15023936769353474
1980-02-01,-1.7014458920191793,0.39066776712947987,-0.07515361821147758,-0.054651451776328595,0.23191482979852243
1980-03-01,-0.7035208558573306,0.09387551164403955,-0.15528941868056714,0.739138595108847,-0.21428714302476384
1980-04-01,-1.2308116098052089,0.20095688455245073,0.023612178022592842,0.9316572575893217,-0.05767541385931262
1980-05-01,-0.4708991901388446,0.23794527200454058,-0.8197617362922347,1.089289958037219,-0.08835926284222131
1980-06-01,-0.7185644895127676,0.1007661263254237,-0.278740470678034,0.41183357045633123,-0.14804371916429168
1980-07-01,1.0114542633584402,0.023645582922639692,-0.9450460823488908,0.20266335132052596,-0.8061896386064684
1980-08-01,-0.2115934327678773,0.038253916377689746,-1.1563295209911508,0.9338290511983112,-0.4285366558210021
1980-09-01,-0.8343260554434027,0.14600003148145216,-0.7343089076834666,0.7454674220779567,-0.19447087378205147
1980-10-01,-0.27202400514512387,0.2530777119697734,-0.3202356293167867,-0.4739749127800025,-0.16490196081701777
1980-11-01,0.2700090697668131,0.2448034796485289,-0.21016857993434854,0.1171241410402129,-0.05209318685940918
1980-12-01,-0.6932939140542039,0.3057025731566118,-0.03209513625208761,1.367305595319248,-0.023887461538990167
1981-01-01,-0.2714011564995479,0.42075364984930513,0.09038126174832734,-0.1505706314612361,0.35373511296485116
1981-02-01,-1.0292573171911887,0.17137118679954405,-0.16653854662263898,1.1546133068001385,0.41435381693389794
1981-03-01,-0.3091420797468389,0.07061772845326897,0.33040470640424274,0.0556259289456224,-0.18709692064784628
1981-04-01,0.17291942557084908,0.11689494797252716,-0.145023074788107,0.7993907604402709,-0.37630353874403005
1981-05-01,-0.07550603737240856,0.13975760037886267,-0.9363665547169431,0.49281225187107197,-0.2039348954422791
1981-06-01,-1.4407896301121388,0.1484459455319267,-0.19330850369493727,0.43802350325491823,-0.08998000514673572
1981-07-01,0.13000414281794168,0.16198699726140434,-0.9145886125698895,0.432048882674245,-0.3162799602926033
1981-08-01,-1.009656705902618,0.019506477118335305,-0.3271200497385482,0.5119295121685973,-0.23303232535464058
1981-09-01,-0.35149868469215134,0.23893182449799807,-0.709275376628822,0.7331573268742237,-0.32972271070523834
1981-10-01,0.42392342957188783,0.15510568285689633,-0.41549990714435847,1.0556309257896201,-0.6123529803087783
1981-11-01,-0.43765079338573715,0.43498684059489856,-0.6557055342365319,-0.5170499743188469,0.11361346404216065
1981-12-01,-2.378318263489066,0.24306743062116243,0.1845235136193289,0.4121768749454646,0.18123800150826253
1982-01-01,-0.8459729477039818,0.3395218740810047,0.1304767606124072,0.7068607992338902,0.1638488931973093
1982-02-01,-1.0424054652741812,0.27836211384298964,-0.4127837402719847,0.3028556125835308,0.33061990410473213
1982-03-01,-1.3360892684714307,0.24513257219192178,0.04349143939538741,0.27800871836907654,0.18626718178327503
1982-04-01,-0.6530046824691365,0.22847061966829757,-0.41483485362899136,0.33747253812921857,-0.09589896181622289
1982-05-01,-0.27730870738770197,0.1691798594864932,-0.6029549199090878,0.17270651980511192,-0.11879606851948177
1982-06-01,-0.9258746377472739,0.20694299177689984,-0.9889311353925249,0.5637746123434271,-0.11102148119855848
1982-07-01,0.07075817839613238,0.025679833967896068,-0.6849188200184997,0.4684328092533408,-0.3481271249030281
1982-08-01,-0.3681439580847916,0.02348105657228174,-0.3979475145608607,0.5431406127596364,-0.28370769350697556
1982-09-01,0.056061192044934025,0.20428564857671605,-0.9752708421626561,-0.305180193729771,-0.1823611717367377
1982-10-01,0.26336310847291666,0.1679065791680851,-0.7785681267859231,0.033339018960600916,-0.14258045783114534
1982-11-01,-0.8819811841816578,0.14085586177792778,0.07883968277716301,-0.18231175044207895,0.16066180662024174
1982-12-01,0.1047036673837495,0.2740362111259909,-0.5183543537704038,0.19934535460564695,-0.11628931588113564
1983-01-01,-0.47515959126278035,0.23983181479142948,-0.2168449297757216,-0.4055697217728328,0.0645669297087346
1983-02-01,-1.0280336569813848,0.3589543429287997,-0.3036116420383185,0.9587496374417277,0.0827562367711456
1983-03-01,-0.13649555248687567,0.2834756903469881,-0.34353084547418944,-0.3801394868822931,0.2652119413465901
1983-04-01,-0.7766629307015428,0.23180235994053397,-0.5421041602819738,0.22126643837076945,-0.060022282594007485
1983-05-01,-0.12609125341026528,0.20680169370722642,-0.6643093807596556,0.8905433624693491,-0.18647361882510616
1983-06-01,0.020644300192305183,0.16494527220088528,-0.7228298086515615,0.7460980160722455,-0.3139959128629496
1983-07-01,-0.4953444438073241,0.10473839739427208,-0.52690799807159,0.2673341146132285,-0.1822916401126482
1983-08-01,0.02921478262225401,-0.013053512828235319,-0.4159667122531945,1.236599249747193,-0.5342784613498802
1983-09-01,-0.18170579761556052,0.2947295413297765,-1.7043073412398217,0.6151299164133164,-0.2572251235978286
1983-10-01,-0.11041642537394773,0.2794651902295689,-0.871124653749063,0.350046779924226,-0.33238724097929284
1983-11-01,-0.7413624559791343,0.3265518954093443,-0.050290290948370814,-0.3950436934105401,-0.046527395704401404
1983-12-01,0.1503306106456275,0.279323501701661,0.041849677726416526,0.3434685248773075,-0.21932484070438682
1984-01-01,0.05353155717687699,0.21558112320415476,0.07305393441462181,0.027666899185736202,-0.1704193108071585
1984-02-01,-0.33644429109628915,0.15999219793686892,0.11115362736540782,0.3467721774161441,-0.10939757199758111
1984-03-01,-0.35793682903919405,0.24517418388376896,-0.19735788375558988,0.20137968861940994,-0.09635593981957742
1984-04-01,-0.08417835224021986,0.21659775293447117,-0.3564208745956421,0.281727748009765,-0.20291086110434306
1984-05-01,-0.7720526560996342,0.34139809761455353,-0.8993058137490716,1.2558647151132232,-0.09073038693405527
1984-06-01,-0.15710702220213066,-0.012719814471382507,-0.6446458084482543,1.2315957291612347,-0.5686892748134842
1984-07-01,-0.4287597623843591,0.052507221698760986,-0.057982968192704966,0.6169903046876482,-0.34893575272335003
1984-08-01,-0.4590262270089492,0.24794477989329372,-0.7682250419133146,0.547983884377387,-0.26967655307745214
1984-09-01,0.16258889718831163,0.4051920723787603,-0.9472538048112896,-0.28365087306615216,-0.2785501945683884
1984-10-01,-0.5632134461865842,0.34685794682426246,-1.0530719454859345,0.8779797956202794,-0.15417219103661728
1984-11-01,-0.1248848669737288,0.18410832088261364,0.12030708537974828,-0.03747545833726531,-0.2877083331218605
1984-12-01,-0.8436677525344404,0.3333430557964957,0.13129388992215546,-0.09553830311136338,0.2687503227988026
1985-01-01,-0.28299649146575373,0.3598758721734113,-0.21577171036894893,0.04248041117075577,-0.019291828310540816
1985-02-01,0.2162026187169899,0.23700323174981508,-0.07822314198587982,0.31788148781628284,-0.1418539638683008
1985-03-01,-0.8132636547088623,0.2437092403677058,0.27690317849038354,0.3313815589650597,0.008024933224328085
1985-04-01,-0.4704672300699845,0.2554399125716265,-0.3386677570745979,0.88926090777499,-0.19029206536358517
1985-05-01,0.2572287488909601,0.02049030785892099,-0.2540548712434903,0.14911086560742368,-0.18415558811421046
1985-06-01,-0.6127071901432518,0.025478050232252334,-0.615275241959263,1.5227534238574574,-0.5419979919179826
1985-07-01,-1.1504404174471363,0.29805503427026103,-0.25527101587241807,0.03825818161362583,-0.42550658783175915
1985-08-01,-0.9518507036190589,0.1978227121625992,-0.9266238817026918,0.4995199661810421,-0.16393792283893144
1985-09-01,-0.25353405660795936,0.10434982770267016,-0.6814075187898019,0.739288879829703,-0.23238559137598128
1985-10-01,-0.9182475434923635,0.38851274047943357,-1.122365199344259,0.5281152728113155,-0.06559209762213056
1985-11-01,0.2926402010963958,0.3881541484179981,-1.0580141779402612,0.462859102244516,-0.3901197642983285
1985-12-01,-0.7622082545919325,0.2003203898190177,0.13916973077075584,-0.02890913521201865,0.0464036289298739
1986-01-01,-0.47435006759699105,0.2878620423735144,-0.2880330866491291,0.2097059005093806,0.058424643884400954
1986-02-01,-1.2213833123734854,0.3215976418020891,-0.17669205094726992,0.21577352675998093,0.20354040638571644
1986-03-01,-0.6464416540942146,0.3872081079585029,-0.5603452803383411,0.8389271578742462,0.15106292505440794
1986-04-01,-0.45266797386326835,0.1637385988777334,-0.36046752627466766,0.13668515439172393,-0.09336461484943848
1986-05-01,0.26155938801256196,0.12630879042301585,-0.4490594628831031,0.138801242251998,-0.13194491551157742
1986-06-01,1.4593832701155283,0.10366638634294112,-0.7208093790940836,-1.338445966683545,-0.42067046712908107
1986-07-01,0.3087906004155724,0.34698213644843684,-1.264753643895539,-0.3627907448601954,-0.24057898846307024
1986-08-01,0.03853880085991424,0.24001772869079507,-1.2344008600208123,0.5633820969502903,-0.2839155271329593
1986-09-01,-0.7461264006142477,0.19898836147338947,-0.8335639893169134,-0.09702244429912382,-0.18687007125355143
1986-10-01,-0.18313631270695657,0.35710000099345324,-0.9349553517892327,0.05348941076149061,-0.23474463065806375
1986-11-01,0.00589463895964391,0.2903594212098555,-0.4249609272244951,0.3265158897175372,-0.18085643904915183
1986-12-01,-1.0434901830062124,0.12333877185449242,0.24183879435901912,-0.17834197259643703,0.024318397684670312
1987-01-01,-1.0090087223978876,0.29857811283937746,0.4774240960537548,-0.2029207795044606,0.1813142316599772
1987-02-01,-0.40621379914792993,0.19545724047696525,-0.24615446446647107,-0.142240932988889,0.026712840015284494
1987-03-01,0.1383383188722203,0.16486463062265977,-0.1953791354743528,-0.43538112229513887,-0.10224235415970306
1987-04-01,-0.5356986943668532,0.34347333531966184,-0.2509476853088594,0.5640406631728978,-0.03274345986321248
1987-05-01,-0.24539301696332913,0.06919502215908173,-0.11922405429289375,0.1801535053160584,-0.03669090217275169
1987-06-01,0.3641927560556282,0.035582143155967486,-0.752142029748836,1.0582722506476838,-0.6215524008345706
1987-07-01,-0.8102341618352723,0.1484706121332505,-0.3543732871471996,0.5816526783322825,-0.22149592190341374
1987-08-01,-0.7429432521745997,0.12071493634565628,-0.6546468382150354,0.13324892446760414,0.0033436606881956173
1987-09-01,0.6461717694708444,0.09983011825199432,-0.610381994448917,-0.11985450621368815,-0.09059428912887245
1987-10-01,-0.6721780427451273,0.12487668723346076,-0.20941126514488545,0.5970352483027189,-0.18098572420971587
1987-11-01,-0.6607401573542252,0.3852160697314828,-0.7776951286154734,-0.3031938038404705,0.03346914341553342
1987-12-01,0.032063436160967185,0.34135444597764447,-0.1889864743595392,-0.4666731195542419,0.24568899839421007
1988-01-01,-0.5216727557691555,0.3402909652434568,0.18929408889421276,0.5350560926407286,-0.0370108470512562
1988-02-01,0.511347365032122,0.13044099198943152,-0.5423943341617853,-0.2172396093317606,0.02270048172432977
1988-03-01,0.7557119993330206,0.24864849719134244,-0.3778263296879513,-0.04525599838460533,-0.2401649728097629
1988-04-01,-0.506068107861917,0.16843500462445346,0.22448985509469477,0.7582460358304884,0.1148385039726552
1988-05-01,0.6331391270878245,0.11725237264352685,-1.0756108122812191,0.7278541048753608,-0.2431460844089033
1988-06-01,0.43697555829743734,-0.004508840368393271,-0.7176873549609117,1.5745300401761693,-0.5562766395157499
1988-07-01,-0.20459329040305127,0.14348182687784897,-0.606935418827433,0.3034888685328289,-0.09506803341689539
1988-08-01,0.43286892576414404,0.06304936294249672,-0.6445145942795445,0.3289758869745199,-0.3837576239917411
1988-09-01,0.375778669292487,0.2012469472094653,-1.1828351188713397,1.0408516937089198,-0.29061224647345973
1988-10-01,-0.9076612377629697,0.2926303263016563,-0.7513239350117429,0.17760573949628664,-0.07733553967762402
1988-11-01,-0.6480712624429499,0.30400383281197774,-0.44344042388486193,0.009057272985143569,-0.06574048408878719
1988-12-01,-0.9297251122669109,0.2616501667282798,0.712690638824248,-0.8838168336349783,0.20510468935761839
1989-01-01,-0.010701391882109411,0.21305736054711163,0.013600721378141726,0.2356413516749456,-0.11976553934582312
1989-02-01,-0.43966600906501696,0.3593512556769631,0.2216630838286709,0.9605861693910025,-0.31552747083835847
1989-03-01,-0.17987158221816554,0.08295104903652069,-0.34138711405472016,-0.6151239993502793,0.031009578653671196
1989-04-01,-0.19585460569094684,0.12022709464006882,0.059941117192657906,0.5274489521980286,-0.18490594072275407
1989-05-01,-0.5793024252340632,0.1002580126657843,-0.10002602783726974,0.7842577776862579,-0.2498815467685077
1989-06-01,-0.35059258197117776,0.062887069774184,0.10575150520029203,0.12030293532077549,-0.16057674529214785
1989-07-01,-0.8903164597390925,0.16398622709162095,-0.3375407885497725,0.4113540559717752,-0.18390370732724923
1989-08-01,-1.2705560448100266,0.14943732098143367,-0.5793907692734624,0.808617356459348,0.02332315040760286
1989-09-01,-0.22718785601912192,0.23531374287477788,-0.43348594450614825,0.99270589722013,-0.5316373360515152
1989-10-01,-1.0211509408302677,0.28224114906341635,-0.3459148423772463,0.25468536661666574,-0.10602280113830075
1989-11-01,0.015803202263359885,0.2783769432873649,-0.3169076333583241,-0.2163436987157007,-0.1374020684878202
1989-12-01,-0.6585312555137189,0.2683831169643504,-0.35306819727723027,0.00843058512048814,0.0969336284204614
1990-01-01,-0.6811130104713069,0.32737145130647055,-0.2691069329288644,0.23271973850657637,0.05279189143569684
1990-02-01,0.5579486344624491,0.14654266483643474,-0.55601588437255,-0.14532575184859117,-0.08055007428954088
1990-03-01,-0.4185233446000849,0.24487239154264887,0.09183447125931861,0.7087182723781438,-0.007993046817861402
1990-04-01,-0.7475940347875206,0.3020664746748572,-0.3338345549475979,0.9533066772720189,-0.1879289874191448
1990-05-01,0.2396211172770528,0.06558329145857357,-0.25347154325162863,-0.07553291552275129,-0.21656534110911413
1990-06-01,-0.5232882586497705,0.07232358270787938,0.0012549617603211337,0.5484590523885292,0.04484720624055985
1990-07-01,-0.24984407338123876,0.38403538777866464,-1.5184595551289304,0.17432849311712875,-0.1322770163480816
1990-08-01,-1.2248071073328406,0.21142043213155817,-0.5420488370975978,0.02440509106059676,-0.21700328335869465
1990-09-01,0.07526177225761042,0.1826848336719574,-0.19720826350467308,0.43852173008965056,-0.5243365345083081
1990-10-01,-0.1432896528429198,0.2877450483368042,-0.2744159648116206,0.2746354318359523,-0.1759887477103221
1990-11-01,0.18990809477648687,0.3593491997948305,-0.777111506797898,-0.0111636027549077,-0.2569272666530036
1990-12-01,-0.3484693419152093,0.23817035922392166,-0.053711476880060116,-0.3747776946396503,0.18061805404562806
1991-01-01,0.21011351598697958,0.3295567583910284,-0.7409973043791006,-0.2630795379286831,0.2890556123379474
1991-02-01,-1.1826055576500383,0.28414423452979104,-0.5200515750428321,0.4498281814519641,0.37353038787841797
1991-03-01,-0.6711328203238329,0.09187532260137446,-0.11656889823121085,-0.4900207797300468,0.22228924405677122
1991-04-01,-0.07912770492359272,0.1977753750780687,-0.5886448101258615,0.3627580129405827,-0.22152588091183117
1991-05-01,-0.26088270168859984,0.12839042088564703,-0.3148599619596777,0.40911436080932617,-0.2617573181702855
1991-06-01,-0.2503563007972773,0.04782745425395149,-0.5805670795306354,0.5802784151243932,-0.3299266371732106
1991-07-01,-0.6714760533814291,0.07848107519953008,-0.8872052313576282,0.955163998511231,-0.230924594875569
1991-08-01,-0.8531419397557823,0.027009367663911318,-0.582733540467813,-0.1501495814294491,-0.1932706763815982
1991-09-01,-0.4647613186570047,0.17923764127461028,-0.6417566202056241,0.35575643471143775,-0.10780055603500087
1991-10-01,0.19186250503780772,0.287851396410223,-0.8892242337616397,0.11207282507014506,-0.18009976383954157
1991-11-01,0.1189159536824643,0.32965850065098723,-0.6134362707675343,-0.5344146663702807,-0.04246456332728586
1991-12-01,0.42642538697974197,0.22115524121146787,-0.09358300709388626,-0.17331477652475671,-0.3976565573860136
1992-01-01,0.07519544762315102,0.12718524564714992,0.5166729990865143,-0.6075678953846682,-0.03801814476307881
1992-02-01,-0.19729428210304778,0.2476057426177244,-1.0896396469062484,0.43146516404394963,-0.10208692321705716
1992-03-01,0.22982329274844196,0.2944246093857097,-0.6362642620650816,0.41609029782917895,-0.08067598510453629
1992-04-01,-0.0807356595703699,0.43405683282862373,-1.0284888912254657,0.08978462660486258,0.01608899958399744
1992-05-01,-0.2962528718906699,0.19042209826688714,-0.21313873814864898,0.2492940288434908,-0.07556155763662424
1992-06-01,-0.4015430157045716,0.1608825622395398,-0.5539881091722301,0.87718196864267,-0.34370610386516914
1992-07-01,-0.1467187644787205,0.009446579186036624,-0.643848029660507,0.7981110255695083,-0.3782740989979756
1992-08-01,0.12119240263133373,0.2044615818854959,-1.1542848298247432,0.13356973570816724,-0.4151591351615513
1992-09-01,0.19345743563568707,0.40048389511312393,-1.076983733915947,-0.9206070193966616,0.020915046014499256
1992-10-01,-0.1788784722680027,0.27998993422258345,-0.42900829248025385,0.03683754396670073,-0.17223314665929443
1992-11-01,-0.8329845169215526,0.2830947465437619,-0.11347679185195708,-0.37127633768956636,0.16918713826478293
1992-12-01,-0.7008272738566677,0.2752566241963024,-0.12638924617162894,0.33157660209944523,0.2613867780937146
1993-01-01,-0.05837427180947609,0.207967299191072,0.3953071966977187,0.6923433501743576,-0.013750855503164135
1993-02-01,-1.2466448892667454,0.11707957296129216,0.20042376618989757,0.25962740182876587,-0.01868795235781199
1993-03-01,0.012890893278770075,0.15488154588536143,-0.24302045644169123,0.09979016138511954,-0.09957952704680324
1993-04-01,-0.4639223073292704,0.45091085892947597,-0.8814426375107027,0.9086873129154872,-0.03246501759653951
1993-05-01,-0.6755766504019209,0.26118200730512486,0.19345096719097085,-0.16294550150632858,-0.057590851967938464
1993-06-01,0.03179401086950765,0.0559426216597863,-0.4801212482049432,-0.2445965582613372,-0.23677503858001447
1993-07-01,-0.5858592182687186,0.1670226375049448,-1.0191050213827215,0.8330903875017629,-0.32260577821936215
1993-08-01,-0.009014609369259435,0.08530035854023407,-0.7801828250079088,0.3101998741186938,-0.38296842523910457
1993-09-01,-0.07235103295844736,0.25190230518738854,-1.19727438604328,0.5027499881762902,-0.42502471433688643
1993-10-01,-0.6321639111898477,0.3392664506473643,-1.1374364436512263,-0.1776680205632182,-0.11578275794123374
1993-11-01,0.44381285032022344,0.2748429934608745,-0.6516310110898086,-0.002923868234875133,-0.27182300459161846
1993-12-01,-0.560581669645402,0.26389308632376357,0.03315608843531407,-0.40088596853237707,0.0790674878931864
1994-01-01,-1.1848151539135905,0.2752785297001109,0.2700388641424582,-0.1734022882956903,0.034604116059168216
1994-02-01,-1.1549067728727767,0.24095973707137897,0.39643007265010355,0.34765491931183823,0.054229930235080964
1994-03-01,0.27717635831207904,0.07451157518886627,-0.20574986095159828,0.8223215931827582,-0.2619617534681451
1994-04-01,0.3959535539728924,0.16701913334150364,-0.2158562272367343,0.6264811435949456,-0.5024304205767587
1994-05-01,-0.10227110164547429,0.1280758151396073,-0.682560490890288,0.6279914413841026,-0.3708300480515148
1994-06-01,0.20288874223394301,0.01313436158838119,-0.3697542657314892,0.49700993791367243,-0.20275018757504967
1994-07-01,-0.3301590753411784,-0.05635561192418164,-0.20074678558698844,0.5508707130996926,-0.4275001425599847
1994-08-01,-0.6640111647763298,-0.07799663406642363,0.19180415801598993,0.6280143573446181,-0.31748885696538015
1994-09-01,0.5671630446229455,0.08119501293024277,-0.9848779355975944,-0.009642813571737808,-0.40537257690798056
1994-10-01,-0.3357498029482017,0.03817013519651749,-0.10456906657823375,0.5246485899953008,-0.30406195142750064
1994-11-01,-0.15517975954176152,0.08234242425564138,-0.37974417209625244,-0.9244336665255352,0.19771153578942424
1994-12-01,-0.6010406514973317,0.15204394046954292,0.04154828600060772,0.8018351006276399,-0.08011277237419406
1995-01-01,-0.15368364407744223,0.2883463619864561,-0.2767748815912596,0.05074673268980193,-0.037216549427468375
1995-02-01,-0.6107795875049332,0.2921408351092415,-0.031312090725126404,0.7663742087564422,-0.009646720768556062
1995-03-01,0.38777113828844234,0.15177048822456501,0.16754716634750366,-0.6883443559257729,-0.13422217108149384
1995-04-01,-1.0857409065209547,0.14351594266805417,0.33100463554892745,-0.1793415294688882,-0.013654618304174857
1995-05-01,0.45675943035957883,0.09768589992414821,-0.8561228362607285,0.5458983258136267,-0.2961852519808921
1995-06-01,0.26097998240040343,0.04403964481889245,-0.17355482133341507,-0.3978653611995063,-0.22372769055960004
1995-07-01,-0.6869582730589561,0.07341090928424487,-0.2433753769162675,-0.2096218174522363,-0.13317189503125365
1995-08-01,0.20999880959686723,0.24809160812653322,-1.207742388819305,0.8450315125937601,-0.47091021174524983
1995-09-01,-0.8222161276826581,0.3103457510790085,-0.8604271311155508,0.4932741010652005,-0.31090378761291504
1995-10-01,-0.8360256413811619,0.2872883875102283,-0.48581185475201677,0.44713857972506177,0.2852623554770015
1995-11-01,-0.09901826495973809,0.245656487457255,-0.6196502228857766,-0.01623178967862453,-0.20452184610612403
1995-12-01,-0.9138976775326775,0.09391072759016311,0.6233293825471905,-0.40043936771096533,0.012818132747012658
1996-01-01,-0.912435251532249,0.2977340058846907,0.1358511162475801,0.342701274214439,-0.01811703822931251
1996-02-01,1.1423334334660502,0.20130164323643565,-0.9216022323554671,0.1475271931623371,-0.22203775818255836
1996-03-01,-0.6818047426279309,0.24726994853606196,0.13939563027569946,0.058520201014951596,0.04803955938683047
1996-04-01,-0.43701817399089776,0.13773352814151002,-0.19029987529969553,0.6130434934375355,-0.37446374497316426
1996-05-01,0.20453973302563416,0.11429928920485756,-0.6767096234039522,0.5608637211392227,-0.2694997217010531
1996-06-01,0.039538958118957225,0.23105035331797472,-0.9619964680201571,0.16584541033772587,-0.3033719157456328
1996-07-01,-0.8014141500574871,0.11480257592417976,-0.9691015935279954,1.7313419615180747,-0.5145963585172089
1996-08-01,-0.6747226402597519,0.2634692000832787,-0.606585808203254,0.25918881580667585,-0.2570780465787061
1996-09-01,-0.6642445487883484,0.22411592663290666,-1.3919659063849652,1.194551268827568,-0.257774950864489
1996-10-01,-0.7674827159029766,0.40159727481597246,-1.178895671602706,0.3999261601457318,-0.02561071847641417
1996-11-01,0.31312244031035785,0.26022791862487793,-0.8275111796150745,-0.23517882071652457,0.10191276029967443
1996-12-01,-0.7005809001552248,0.15452120871467384,-0.1506896715768626,-0.19396676600558085,-0.03703140489789038
1997-01-01,-0.3390097140687183,0.31421737556151524,-0.4548121925810693,0.8576261331734147,0.2704947611293056
1997-02-01,-1.4870761956983398,0.36338780493659767,-0.2964973449707031,1.0127427797873043,0.2088840555223784
1997-03-01,-0.23570153681398595,0.2773743421636163,-0.12698464200530254,-1.05503531335627,0.07614315179668271
1997-04-01,-0.015476917468228386,0.10381445467950189,0.022783602627230365,0.10292528070581769,-0.1071368479030007
1997-05-01,-0.8439222007121855,0.021971209363185147,-0.28141566985090016,0.4942425535720529,-0.10380695370133854
1997-06-01,-0.6292115499093694,0.13906420333022101,-0.560327902646132,0.8366321186417515,0.05550379650027775
1997-07-01,0.21139452758344632,-0.007430806676334238,-0.5003857780510271,0.39639953270699213,-0.43284218326658647
1997-08-01,-0.3381704857337822,0.2448661920221094,-1.1313297379184777,-0.47926645346202895,-0.21443172905578123
1997-09-01,0.08255680209224664,0.1681358817426916,-1.0069183900322713,-0.21733945796211945,-0.16818365018191256
1997-10-01,-0.19787949717883924,-0.019353271566610285,-0.268602665041534,-0.1749660313418768,-0.13512680586827158
1997-11-01,0.8081922253358711,0.007572877693941249,0.03667780998307215,-0.7437709755110509,-0.17459625658047556
1997-12-01,-0.052052803192902536,0.06792821229141663,-0.19947363876960647,-0.5514134191772313,-0.04046381862890055
1998-01-01,-1.2971398899856124,0.18678958562606157,0.07162684391082173,0.2703343201609491,0.277954800446146
1998-02-01,-0.46921721071872896,0.14418195933103561,0.4473629132123061,0.11127273217566962,0.0861066423532405
1998-03-01,-0.04145921144670653,0.3036878564778496,-0.2947085760009121,-0.9912656493557309,0.0896737611025188
1998-04-01,-0.7279341660656975,0.2929190582132594,-0.16909493526942293,0.07966361686732006,-0.06056963885802567
1998-05-01,-0.3461984971773277,0.10715422026295075,-0.18499386562428005,1.2428709314864816,-0.41102044476204164
1998-06-01,0.2361842367834258,0.20886603045591057,-0.8515109478587836,0.4584897201038101,-0.46055061750657567
1998-07-01,-0.7500258464257694,0.211489901823156,-0.694544382498298,0.42218252727128924,-0.10168421453928231
1998-08-01,-0.18073381150810464,0.31437595738446644,-0.9091010395909699,1.134890057508228,-0.33696593133165087
1998-09-01,-0.009137565649828865,0.32900996546056815,-0.9610659639600297,0.260138222314779,-0.2838642300454332
1998-10-01,-1.0313767541959447,0.2561462594863565,-0.80058087765331,-0.04421465666241293,0.012332866120236114
1998-11-01,-0.8368476791289245,0.36018801564201314,-0.7176478983650745,0.6813705554096372,-0.04873044884767655
1998-12-01,-0.8834031311053674,0.2539396365696096,0.2647207026750269,-0.18294394757707141,0.10266800614897273
1999-01-01,-0.8332771294325301,0.31726731654794454,-0.4229934282705818,0.7728790247234181,0.11533947397710939
1999-02-01,-0.6093797463815189,0.2290148865730367,0.054865813171359856,0.5695289489135001,0.278963292489236
1999-03-01,-0.49629147770335375,0.25943829254670575,-0.504094446209115,0.45654940807703626,-0.12392728177774617
1999-04-01,0.29866520351576575,0.031460845534176746,0.011602807527696584,-0.015472266280535356,-0.3392519165517946
1999-05-01,-1.616397008155156,0.22802210268489817,-0.17633272308698844,0.8940006344063768,-0.10622267815176509
1999-06-01,0.38735705961301486,0.1431871663759099,-1.0521803943204209,0.9647166844710563,-0.43668958634266014
1999-07-01,-0.3919251190805898,0.09177392174335405,-1.2340517111227547,0.7303412099486416,-0.25681187538629946
1999-08-01,-0.4888925249281439,0.17279020366184214,-0.7383996332195444,0.7544822195201244,-0.40425823865530314
1999-09-01,-0.39514488386876373,0.3508806069266987,-0.5499650894756049,0.8656756825817441,-0.30075586021202316
1999-10-01,0.9260562727752241,0.1874670585527777,-1.1541202034748776,0.1741442250684627,-0.5013974695246619
1999-11-01,-0.17515047661309102,0.39015441017354874,-0.8964980152291312,-0.051295372105917884,-0.0816160261375198
1999-12-01,0.1235012290547195,0.2510468351012245,-0.16014032380681642,-0.10691955866454875,-0.09674437248144027
2000-01-01,-0.31141362433294645,0.3538043741236396,-0.2772352645094966,-0.036875701066359734,0.0901924853928611
2000-02-01,-0.7131884109626696,0.4511486081516041,-0.8904165785077592,0.7234911642317633,0.32044019182352546
2000-03-01,-1.3939914772811446,0.31276079103908433,-0.404122681684897,0.3995367624227283,0.18406807097242625
2000-04-01,-0.4693669022865666,0.20776410552269634,-0.5243825660624974,0.1604946782288042,0.013095574541409128
2000-05-01,-0.19949494128667034,0.030920315872539173,0.09317693995757842,-0.10405636383491812,-0.17657542976954463
2000-06-01,0.1925214112383648,0.20317055962302466,-1.2139090349976447,1.3725877965538247,-0.39780926550918383
2000-07-01,-0.5265664670941899,0.21724085756801664,-0.9177063552426621,1.102364786620279,-0.5014513183561006
2000-08-01,-0.044341935116110495,0.09998701273757506,-1.1136302645777314,0.9318756247029721,-0.46144117613207114
2000-09-01,-0.18078532540103764,0.18792397935282099,-0.7970739418352154,0.2573589156879094,-0.19090009029842753
2000-10-01,-0.41475417002022846,0.4306849630121241,-1.1586279096737715,0.059212842793429935,-0.21418667210529801
2000-11-01,0.2925082607176697,0.32443134861196427,-0.8894627362909452,0.2830843468314236,-0.22027366654747546
2000-12-01,-0.3577576823604917,0.2608099205289932,0.07304309959142981,-0.44293431113067183,0.08119614654952108
2001-01-01,-0.9596426510116429,0.413064594893532,-0.220382507418243,1.2968953373362717,0.1498130721723573
2001-02-01,-0.654887863733236,0.35403028210216664,-0.5423869885189433,0.40685886752258227,0.18130325164661898
2001-03-01,-0.932705228768506,0.2505053571838746,-0.23349340952618022,-0.13731305026313634,0.14842333104221606
2001-04-01,-0.5387334424315147,0.29582862548012145,-0.3281538335370346,0.4358033387406358,-0.12959559715868577
2001-05-01,0.21827608636282023,0.2444603067030881,-0.6677868500561782,0.3403151859936205,-0.305861739897421
2001-06-01,0.43841694454544955,0.08223195047302041,-1.0561464538036938,0.472440621227894,-0.4156424891795211
2001-07-01,0.06858992200453304,0.1747034131524397,-1.014924637028869,0.6458245362471609,-0.439373618031776
2001-08-01,-1.612350547197953,0.26609417110840905,-0.7227194980836251,0.5341621061551918,0.054266553196272625
2001-09-01,-0.3451832434506092,0.33448225355403305,-0.6581638900327011,0.881207528189548,-0.06807363979806204
2001-10-01,-0.38426064714355374,0.3167579837023893,-0.6649744342750227,-0.5283038014347113,-0.09180724365005165
2001-11-01,-0.06841519503917509,0.35184637747983877,-0.7562435009110142,-0.5110996296104875,0.043466418597831236
2001-12-01,-0.33386051654815674,0.22705383798017859,0.11683648950617079,-1.4936655470468465,0.2051170323795515
2002-01-01,-0.4986997078923346,0.4622791062064349,-0.27378728272209707,0.01185527749504279,-0.006864888217827793
2002-02-01,-0.17273850485827158,0.11307393962686711,-0.0826732163697901,-0.26394413802230243,0.19066918735260488
2002-03-01,-0.050933810077535294,0.26330183693431913,-0.3310289601205101,0.5260718244950748,-0.17329950541129951
2002-04-01,0.20667618339501537,0.2843108486364232,-0.5730780497403213,0.14835381428304228,-0.4106160197327065
2002-05-01,0.160256028175354,0.1960348636708795,-0.9256861579250283,1.463458289220495,-0.3004071922261316
2002-06-01,-0.43774386054103814,0.05254385903238613,-0.6404043083459559,0.6703415180294259,-0.013165799061499952
2002-07-01,-1.3423619339767012,0.22430666149618791,-0.6835488366409087,1.071230416159028,-0.15360918775392704
2002-08-01,-0.9205553282811804,0.15621790911424605,-1.044947664502641,0.5902967551379528,-0.11150490916274136
2002-09-01,-0.4542265268205439,0.18215199763124637,-0.9014529241642483,0.042084705771751774,-0.19093000453940787
2002-10-01,-0.7413498984957204,0.3278458660299128,-1.1194347495764074,0.09691897526528072,-0.08728947698302535
2002-11-01,-0.5376298740072157,0.30707674708595883,-0.20816747991132065,0.1286800259055154,-0.17227006380650106
2002-12-01,0.16593692227474693,0.191781693760724,-0.04906813338608809,-0.2198810860948655,-0.2874275357682306
2003-01-01,-0.1152298187167899,0.3012512217868458,-0.10044068937570277,0.3219088883075899,0.11320321345022308
2003-02-01,-0.31989546655451206,0.4269620951484231,-0.40850265764854327,0.1342690536227909,0.06342090650305728
2003-03-01,-0.6329140327509167,0.3092713853254675,-0.3260581216342013,0.2684492418922267,0.06959059919218648
2003-04-01,-0.5287930948063008,0.38920723818202707,-0.3930384424370779,0.858093798160553,-0.44507228253737025
2003-05-01,-0.23258846361660263,0.11693868726332557,-0.34777889369239273,1.0580322406824352,-0.2076073889440733
2003-06-01,-0.38482565613626274,-0.11769771167540295,-0.3835701606643032,0.3000490295076833,-0.26604164823442056
2003-07-01,0.5480945978349853,0.060991851244380765,-0.5556266912272279,0.4607188036140886,-0.5240583560497464
2003-08-01,-0.16410511469658356,0.21501126136371795,-0.8561793347479593,-0.2585924854411662,-0.23241948392322134
2003-09-01,-1.1384907856728266,0.40240225626185616,-0.7586574890244175,-0.1945091682730369,-0.07934476620649575
2003-10-01,-0.33435434537026487,0.44247692919032455,-0.674139697786788,-0.18951227364030857,-0.13199386230865773
2003-11-01,0.7118973397826143,0.24971171496386196,-0.49272343306474287,-0.3957831743851449,-0.08105315236062963
2003-12-01,-0.7301253022499454,0.4080161053866626,-0.09371397990575979,0.1517464524333917,0.13114208907144775
2004-01-01,-1.482814087451083,0.32346526728594366,-0.20091025762155024,-0.37753161006760827,0.1572369154174952
2004-02-01,-0.05206753617351495,0.36470623896083726,-0.2136010099464739,0.5237006736033171,-0.02660232040503506
2004-03-01,-1.1262591602732834,0.2608680629475231,-0.14002416545236615,-0.25555309161399176,0.21484616360439251
2004-04-01,-1.0866462026984947,0.29852444475347345,-0.4383844808793404,0.038921420724646556,0.08132446541295031
2004-05-01,1.111327994216993,0.20249297115254528,-1.3910410269884996,-0.05551038436519289,-0.385151982563248
2004-06-01,-1.3504446131511798,0.19616323677613773,-1.2845720203829485,1.1110644172696234,-0.25834681170436957
2004-07-01,-0.8907560295271642,0.14056484439076586,-0.18492708323707044,0.10293705153812482,-0.30727444672277554
2004-08-01,-0.8149750458384023,0.17570851639630322,-0.640436545224257,0.05961614615708879,-0.06669204284401027
2004-09-01,-1.1022789964398134,0.173042875460603,-0.04003198791137884,0.2934625318038811,-0.13840579999362962
2004-10-01,-0.8596338693378041,0.15785140309104306,-0.6714213482091125,0.9538275524250511,-0.1952677517489814
2004-11-01,0.15711816190515906,0.369236733824174,-0.7544797910770901,0.19322108495437984,-0.05569390297063942
2004-12-01,0.28685078169535666,0.20702039016121848,-0.33349147145177277,0.21849574828610838,-0.1670437597154036
2005-01-01,-1.2201209091445775,0.2375769105187074,0.818798323752175,0.23710871639760953,0.09153793873705066
2005-02-01,-1.677038658012464,0.34010929857345823,0.15922542399084066,0.9876103077119993,-0.011081087838682493
2005-03-01,0.33434141275825574,0.255052091922352,-0.09737493286670094,0.4096420789227902,-0.3209548590648839
2005-04-01,-0.1620424242274275,0.24432614047259568,0.23717202351126873,0.5876363408796995,-0.29814223331187417
2005-05-01,-0.4427781599817924,0.3303406550922496,-1.1216525460632754,0.8009039082573455,-0.2880614842468065
2005-06-01,-0.2457123068929876,0.26857374823667146,-0.6407608028868554,0.7364334194984251,-0.07794485007744491
2005-07-01,0.6197839975357056,0.14204088259827005,-1.0465715132968527,0.44485250289000355,-0.7174518742786457
2005-08-01,-0.5821870079318296,0.4090405402974011,-1.463239629503707,0.25066525033376746,0.10503168685497644
2005-09-01,-0.588410933619564,0.30856290284325094,-1.3501126161763366,0.7012618108860497,-0.22345707140255383
2005-10-01,-0.46776546870620506,0.4354018578554857,-1.3017599851312773,0.1697400892243802,-0.1146058364103792
2005-11-01,-0.25336861755084067,0.407202071684567,-0.7380840644030504,0.37829240928720503,-0.19469307215940287
2005-12-01,-1.1292027038277932,0.2711986674663217,0.604750782671109,0.5665390092192344,0.23166751209246753
2006-01-01,-0.6462426440229694,0.3825928438156046,-0.4343029898656926,0.3623541408372157,0.24103185745523723
2006-02-01,-0.6567582054045593,0.3224043444516187,-0.23566492846314338,-0.027062968142981668,0.12991812575784364
2006-03-01,-0.46311546008563736,0.21014231092789593,-0.07512257762358222,0.30529801417322994,0.1750719985353077
2006-04-01,-1.1589880707194504,0.2600969318400092,0.19529770377656105,-0.3077474033948287,0.023170863378137476
2006-05-01,-0.3257340163860506,-0.12739623055101076,0.576094044765956,0.26075370537424547,-0.27775163142722054
2006-06-01,1.1279977749562957,0.05566077755096761,-0.1794897754427413,0.4990987552022471,-0.6503884756513931
2006-07-01,0.45765015540771115,0.23656442841106556,-1.4894376338367732,0.14234188112240392,-0.3905872802366003
2006-08-01,-0.5365113610202826,0.022724930216921842,-0.6674377851083245,1.4852783633667288,-0.33544894715555235
2006-09-01,0.05182328733425696,0.09432918327377442,-0.7696172720949415,0.5941091521272381,-0.31274770078740916
2006-10-01,-0.49675613352395953,0.2359448548625497,-0.9297696637435698,0.18773505156769335,-0.14785771046329466
2006-11-01,-0.19115485901971466,0.17521577802571384,-0.15931626860524567,-0.10529769023934614,-0.0040576333587773366
2006-12-01,-0.6561005433786262,0.26895385534368094,0.144812286319867,0.35677979727393216,0.17579783337758334
2007-01-01,-0.485037151470925,0.17553034592121042,0.1830005100075628,0.4232276628897028,0.07795104297285683
2007-02-01,-0.5309184922755343,0.32429575601363564,-0.18333347750381684,1.637511693158196,0.1953057912797887
2007-03-01,-0.621251313431749,0.22655773290338363,0.0716479993622068,0.051639433520692356,0.16304292134508938
2007-04-01,-0.20992449186380627,0.2722894523870499,-0.612807315839848,0.17897318867803777,-0.041051990804242475
2007-05-01,-0.3752667059018774,-0.004892808230802974,0.1362811931422059,0.5149766224101909,-0.23162090599281082
2007-06-01,0.9278495551891697,0.14771775088526984,-1.249285231173878,0.5583980997789253,-0.6060281408702867
2007-07-01,-0.509843678729048,0.20739444118132563,-0.8280639077576114,0.8150503762717386,-0.26687597895896487
2007-08-01,0.24751698218503043,0.08915457376503051,-0.6045899760555213,0.5852455363690274,-0.35427174343060014
2007-09-01,0.08296040655339805,0.19022926767879628,-1.5242417093733667,0.9944062716173894,-0.2840801881618254
2007-10-01,-0.5410030628870992,0.2555415990518376,-0.7830241196592089,-0.07294671230235146,-0.09643001643772928
2007-11-01,0.4579339429591466,0.2076799697416989,0.009854920995487295,0.5849539799597657,-0.14560757116954215
2007-12-01,-0.3929201549696691,0.34549105613626896,-0.4636049690380903,-0.7762445408163718,0.1615440800722065
2008-01-01,-0.835448619231437,0.17650151316494864,0.11269164756989815,0.39784635227282067,0.24569652446989337
2008-02-01,-0.9015115430054155,0.13254233461650297,0.07217737885428147,0.7384860399857308,0.07644219907568248
2008-03-01,-0.4052106905909418,0.17345233317364983,-0.4594511129486729,0.8957657709862422,0.023749085391028244
2008-04-01,-0.2727747903865518,0.20388190679371673,0.2516444720013041,1.1267499726952859,-0.37894081724048173
2008-05-01,0.5870853125759699,0.25171448680806285,-0.9069022998003893,0.23948624730110168,-0.39040647734899886
2008-06-01,0.06486099683544011,0.23911712482013803,-0.7168137691390347,0.3259690134849363,-0.3600566939734594
2008-07-01,-0.2854947615595697,0.2774348233472855,-0.9494296261962032,0.6456634952026663,-0.36413405458302966
2008-08-01,0.17987917810599363,0.18402861560729736,-0.49322197135065643,-0.1545801831101908,-0.21801449262533065
2008-09-01,-1.4727800795175496,0.3983258404196265,-0.5036136214162262,0.03188100543994348,-0.0002847912485507425
2008-10-01,-0.10171285242710298,0.3310188412028838,-0.5822894019140324,0.09639143166177482,-0.17668763615286912
2008-11-01,-0.5042083742259775,0.38228557709066624,-0.09452476048133743,-0.9067909810149554,-0.01774985071415553
2008-12-01,-0.9048996619807863,0.255507230758667,-0.10995181723379753,-0.9278519350348167,0.20850052329603694
2009-01-01,-0.0713198798374065,0.2496146542184493,0.05322290768086071,0.7877543252142308,-0.052061186136094284
2009-02-01,-0.6732143244697052,0.4022721460158812,-0.4364725149853129,1.3108035169758843,-0.060733781863691466
2009-03-01,-0.7267338558308128,0.17014356618896523,0.13544391578351947,0.6458348585563956,0.02091274568771088
2009-04-01,-0.3660350603964722,0.16989906761735518,0.27570218687326137,0.18667302736379568,-0.4285750694796763
2009-05-01,0.881477987882003,0.11443518062326359,-0.4371416400855696,0.10967710534635099,-0.4376767275159451
2009-06-01,-0.8391334521539002,0.1579374353834652,-0.5065423502048976,0.9251265849881959,-0.025937674255330164
2009-07-01,0.04180309552590824,0.037904219193892044,-0.5434903460489193,0.19685036493736563,-0.6282098687257889
2009-08-01,-1.7284227227701723,0.3174486166653148,-1.1662108797422597,0.7229764918679172,-0.21077270495661338
2009-09-01,0.20261087174554474,0.2775116081543785,-1.1904804639413324,-0.004541555654655382,-0.18381883146425174
2009-10-01,0.3603994647420726,0.3218458935538715,-0.6578156645868866,0.3670738955724586,-0.25228863110358113
2009-11-01,0.4016714550337745,0.28527301741156347,-0.16098248077110505,0.7165254030412841,-0.38681176087375363
2009-12-01,-0.6755423777311751,0.2013028464852807,0.4548977798139546,0.016292003751958457,0.1912267053251998
2010-01-01,-0.7145804253596704,0.2907795861443096,0.0051006123843327375,0.28300851728152304,-0.05344580299352883
2010-02-01,0.2301816758473666,0.2237880532754296,-0.02688649569598722,0.5185907326855705,-0.24982152962377654
2010-03-01,-0.3446879462131019,0.21399854281468983,0.28099390402646135,0.14333663309372743,-0.17865483565136087
2010-04-01,-0.33667515782476626,0.20940668163771298,0.018699396349174877,-0.1415356993675232,0.10147319283224482
2010-05-01,-0.8344841813578189,0.14171768876320537,-0.260461279204194,0.4150798236860812,0.04104021856713193
2010-06-01,0.000441219042805792,-0.015026434538836148,-0.13760315700316095,0.615570600171691,-0.30310093844909014
2010-07-01,0.6942015394423772,0.14884405754466745,-1.186942046796772,0.10561074482873806,-0.2062573229550292
2010-08-01,-0.9470496362852818,0.29379603537646204,-0.7917966641170878,0.6976673252952909,-0.39789243061655066
2010-09-01,0.4713094748050264,0.19235860377072012,-0.7019708274115979,-0.5486508017604791,-0.13985244373395206
2010-10-01,-0.3677265374984556,0.2627914123994144,-0.26761438225356626,0.3989675534364668,-0.13463101769465746
2010-11-01,-0.9025424429513875,0.4352302793513007,-0.4691122703149285,0.04654962171628637,0.05497529207381056
2010-12-01,-2.0334860653553193,0.09113082731949454,0.7372956880381409,0.3890944120374698,0.2616351542298886
2011-01-01,-1.1579474633179823,0.2337048557352892,-0.7296448022546903,0.7685072937058014,0.22456014105178768
2011-02-01,-0.21585880335673543,0.1764801853799565,0.4403561773434491,-0.6806465932755794,-0.24153519134025206
2011-03-01,-0.14959371205672475,0.2510818966569747,-0.16202321144896495,-0.06763337595948896,-0.14695436274033247
2011-04-01,-0.7415388973013869,0.291470035830921,0.5987800342935912,0.7193811490987111,-0.033291787420731245
2011-05-01,0.6352633382510213,0.08902406310015183,0.2877866718131052,0.043922698902852324,-0.2830018485244763
2011-06-01,-0.5776477670206607,0.16799442928264485,0.055038210161974736,0.5611489698724839,-0.22295068773588908
2011-07-01,1.0059198052667588,-0.03152712781161548,-0.24741210148368084,-0.11956403845722235,-0.5115604323890588
2011-08-01,-0.06485558250575389,0.1679855593066802,-0.8778260627263029,1.0391572725425646,-0.6006121315669604
2011-09-01,-0.06950006467624775,0.15645580973854675,-0.3924822723361808,0.4116988080797844,-0.31227632205885364
2011-10-01,0.3325210540618711,0.3282371689291561,-0.6383556715199645,-0.4477232839297322,-0.049884476630984456
2011-11-01,-0.15886362316538985,0.22543820945974338,-0.1485597394721609,-0.04208273010201825,0.003490942358459014
2011-12-01,-0.2789328200290504,0.4369281351885056,-0.5278630155912588,0.1541790814654341,-0.01368101030716057
2012-01-01,0.03391060507991939,0.2801028802433116,-0.5334815089131745,0.07776438249546347,0.056221874934409305
2012-02-01,-0.7423774999322242,0.3486061478681105,0.0647023425135814,0.4839780839901526,0.0020616715813911012
2012-03-01,-0.1895675381410469,0.20390306723946555,-0.5857905031929553,-0.06425574566554097,0.1804099893876923
2012-04-01,-1.4955911242846145,0.10539144277572632,0.3311951395491479,1.2009145276060382,-0.07303978792139901
2012-05-01,-0.12925416954512733,0.20589443610951225,-0.5438666948130433,0.5645485034266722,-0.1527457549976177
2012-06-01,-0.7804793640247826,0.07316205590803992,-0.1821232513642647,0.638662842870916,-0.13581127120189912
2012-07-01,-0.7493585637472208,0.181944142369663,-0.4093270906260316,0.505712794736751,-0.13729576261258433
2012-08-01,-1.530634459939975,0.13288369322604035,-0.39927367593201113,0.7684408813642645,0.019253846337866885
2012-09-01,-0.4296898986529378,0.16342923443585156,-0.5188814351256464,0.1509079257550749,-0.20373122278968664
2012-10-01,-0.7608653850925778,0.3234887983709733,-0.23361627064960105,0.33679300539412543,-0.1075842897427696
2012-11-01,0.4597517182526079,0.43478574663560016,-0.5384379709270639,0.13944959466897167,-0.38967264952066116
2012-12-01,0.776014831459638,0.2524852752685547,-0.47326444740026774,-0.5724306100780524,-0.30140932169722895
2013-01-01,-1.2800391437937912,0.24521114195094387,0.19005860241366104,0.4439756852909199,0.2863900408212719
2013-02-01,-0.35222266050218376,0.15504831139416617,-0.11175828920283788,0.5346985696588905,-0.04744728339652135
2013-03-01,-0.963602453759573,0.27370294307004955,-0.19373133988447594,0.4902729457153857,0.07600432637551312
2013-04-01,-0.9320472918667839,0.27520462153429653,-0.2561543818930505,0.5629436773003884,-0.14289496986139485
2013-05-01,0.23482204640953286,0.1967274967361899,-0.209897861514293,-0.18410892451851113,-0.2747573032415604
2013-06-01,1.2223489799545806,0.03328568396721294,-0.8932949791491872,0.3460581875541835,-0.313651075690601
2013-07-01,-0.0363931493851745,0.11008471639000157,-0.5384542152915203,-0.040961718819673774,-0.19618354322061007
2013-08-01,-0.8817617464991448,0.20145922102392674,-0.7966160774230957,0.8276157081127167,-0.23175334406001372
2013-09-01,-0.569346738816465,0.2342603582749392,-0.5849181766241369,0.6624116191586245,-0.011958023573195985
2013-10-01,0.002384504068245008,0.23154910394852174,-0.6446275073038021,0.005330839329986896,-0.28186615700373835
2013-11-01,0.3841450275148003,0.24949542500756003,-0.058433271839585105,0.08732739438131018,-0.2701626570951273
2013-12-01,-0.08250404402468968,0.21997824869053886,-0.004358937583443984,-0.24291699372448966,-0.038476995004604816
2014-01-01,-0.4036598630900522,0.2021760107042955,-0.17741649923190267,0.6696962905161589,-0.058962532634898826
2014-02-01,-0.9323469932796885,0.25030168141910736,0.024740626169762144,0.35590808657766543,0.1439452383171591
2014-03-01,-1.1838264546348054,0.3251631151546131,-0.4432047336873874,0.8095012145858367,0.1658436278672689
2014-04-01,-0.4823433976728939,0.2596600887609675,-0.3572167645038014,0.20431483218681465,-0.08001264660367383
2014-05-01,-0.0011275260193834027,0.18691657619042829,-0.519492592610104,0.5791722570808189,-0.28301133842171516
2014-06-01,0.11379001210036786,0.04747416724495709,-0.3548407638576669,0.6846823575861245,-0.14893989130662746
2014-07-01,0.09769575977788388,0.19097765658628493,-0.721725947420362,0.13668701884526652,-0.38281563397640833
2014-08-01,0.3690705426688333,0.07576302371241829,-0.8521512360639976,1.6367283839623905,-0.3995917513646793
2014-09-01,-0.2600237763333089,0.21016921270339883,-1.0448348354285872,1.3608885910904522,-0.5132381240697378
2014-10-01,-0.1667750655736738,0.18193061976509298,-0.2242069848826234,0.45985290147725816,-0.4426491618668061
2014-11-01,0.21827154187033476,0.3081618145825391,-0.3725655062097899,-0.5519149951564455,-0.21295142979580955
2014-12-01,-0.9558068895802915,0.2825470212946601,0.2161345641377946,-0.1191855851307656,0.039141354163061394
2015-01-01,-0.2957856264507886,0.19055374644019385,0.011914981607819947,-0.6654209520631623,0.021713793021926553
2015-02-01,-0.5311182835727062,0.34706213257529517,-0.5918146858752613,1.1623856367416752,0.34062839372986886
2015-03-01,-0.8013491781012526,0.23021552173849094,0.006942558561412382,-0.45472050754769333,0.05748061375300772
2015-04-01,-0.5524243833949265,0.1277207591157546,0.22895615285551046,0.24400715833728753,-0.08444706809431186
2015-05-01,-0.22595687272045217,0.268708878659947,-0.4624678215510409,-0.7174527760848258,0.10946393252826044
2015-06-01,0.15499509364655875,0.1033517208328859,-0.3931343975201459,0.4875389117639041,-0.17625630669327763
2015-07-01,-0.41388673979101825,0.1503299702616299,-0.6870451947333108,0.4122542235457781,0.03036838744331327
2015-08-01,-0.3297745114535961,0.2559822192166578,-0.9128517668012163,-0.40226567500424615,-0.3014938833887485
2015-09-01,0.3368371030659351,0.11574025938217652,-1.0515459826294806,0.4662425465230803,-0.3425783066023061
2015-10-01,-0.01024424451068767,0.2660316619324811,-1.0307841737505417,0.28425359610214973,-0.14908207588441383
2015-11-01,-0.14857367693799212,0.18078129798333273,-0.11503617738334226,0.051735095607424245,-0.07664471097258539
2015-12-01,-0.022549326848057865,0.23017674684524536,-0.29880074967800735,-0.05677343047793629,-0.026576085088079068
2016-01-01,0.45067560904234355,0.3086836580286689,-0.2344612714270471,-0.30910094964851453,0.05096567578837595
2016-02-01,-0.17258084370094595,0.25775126594910647,-0.08432361441598812,0.13862744480082131,-0.0346175195597304
2016-03-01,-0.30858133313725294,0.30738572704600775,0.04267979045988808,-0.21716623015484762,0.21576283363697354
2016-04-01,-0.6367037597211819,0.2701347444784195,-0.06424567963875516,0.29824657130588605,0.009048828463441823
2016-05-01,0.16607715956215718,0.030790859046466845,-0.7678039476905071,0.385834862595623,-0.5220432553935972
2016-06-01,-0.8366491030720831,0.22623308680274268,-0.9250938892364502,0.2797693737502237,-0.18211738905937375
2016-07-01,-0.7648882356662194,0.20672200835324864,-0.7765042949730242,0.18261993683657599,-0.22528766946219578
2016-08-01,0.05775329846780277,0.2623910492754237,-1.3954464818390324,0.7967752449720809,-0.4957693648952271
2016-09-01,-0.22845974246275078,0.32868171758192744,-1.0037704252860915,0.5192674298598928,0.03871196329337844
2016-10-01,-1.488285157287005,0.3174035944403174,-0.17446709770551871,0.5104096913800656,-0.10663899613040712
2016-11-01,0.4590375258505923,0.18236035839679407,-0.14933467331066938,-0.1567345799751652,-0.14762254711640238
2016-12-01,-0.151959379899849,0.26853143531370927,-0.18886025522796202,-0.5104905916649161,0.11951052323943044
2017-01-01,-0.8436948929018188,0.39037247711324435,-0.5315177877184372,0.2422928665448161,0.3550526218352911
2017-02-01,-1.617560832245836,0.315512995668911,-0.08661107907832509,0.49341412677058893,0.127382421378414
2017-03-01,-0.7420120164028648,0.2637748810696729,0.22733599787027065,0.9803647338186653,0.17116051886726347
2017-04-01,-0.08740319680531047,0.2438348444069133,-0.31525587112131254,0.0967284754931348,-0.18484401216834398
2017-05-01,0.37000279837441674,0.10909682767276457,-0.8994657388875182,0.4840710788097196,-0.3857837726118227
2017-06-01,-0.24661180174466474,0.16228899080804324,-0.14381773874793255,0.07328564319217089,-0.11223245396122912
2017-07-01,0.10785885806222563,0.2542760203228915,-0.8315409573031144,-0.30737062102382623,-0.16737211927323895
2017-08-01,-0.6455173914872326,0.2523428815252641,-0.08267421327846151,0.18298902268548614,-0.2741064764399385
2017-09-01,0.37569037629562674,0.3474222466269916,-1.1428718835535185,-0.6978003434764528,-0.29866925316818793
2017-10-01,-0.2594240886855473,0.24529384737983742,-0.43942873746576444,0.34435865948501143,0.00263488343856877
2017-11-01,0.6256567043008157,0.2652368443534973,-0.8311232210884631,0.8255082137376359,-0.21915861081667723
2017-12-01,-1.2061325670446006,0.25420961054888636,0.622574292438131,-0.03015957411053111,0.17392127155106465
2018-01-01,-0.4539786322602948,0.26370763459945107,-0.053685510032613515,0.3021022684655143,-0.025356417050177448
2018-02-01,-1.210183426014428,0.33082931755698297,0.10903988715628504,0.31783393792157033,0.038084359000169155
2018-03-01,-2.7765322657464777,0.30039327348617306,0.13472137736602569,0.5685725981749377,0.26893038222718135
2018-04-01,-0.3361587385529453,0.29260935311648933,-0.4626801735918287,0.6971435928807675,-0.23412687839868243
2018-05-01,0.7959399372339249,0.04293532932505888,-0.5167296654741529,0.5999370107372988,-0.35768013143744076
2018-06-01,0.19485637979600035,0.14450173167621388,-0.6636625024634348,0.775346333540759,-0.28700201168592393
2018-07-01,-0.6736470946987856,0.22422660958958182,-1.5909702005520674,0.9376169119066404,-0.41737495701712085
2018-08-01,-1.131629683439014,0.10872887258223671,-0.20438029732502683,0.14570897933348867,0.19700047859818126
2018-09-01,-0.9681814214558278,0.38409588489940455,-0.7234932671130543,0.42811036109924316,0.08377614850777924
2018-10-01,0.44477174727662094,0.2202239744166002,-0.5215003037116898,0.5581270433166652,-0.49592001371629246
2018-11-01,-0.7078657740528144,0.31002015672265526,-0.2700190938694376,-0.08414164908881326,-0.004436382664119737
2018-12-01,-0.4254492017829302,0.369666652245955,-0.5051467200400125,0.3833066057232977,0.06267448383595299
2019-01-01,-1.4295710521994285,0.22643197347773586,0.4225306527715334,0.5811855775638691,0.22633404115238925
2019-02-01,-0.18900886756702534,0.15641272785191868,0.02398188160338872,-0.02638832892029031,0.026194021393556963
2019-03-01,-1.1501032750583389,0.28805146242845503,0.2586593510399402,0.36075398940773845,0.0985968284420829
2019-04-01,-0.4863163510572563,0.2842699142700848,-0.1727271247917498,0.8782290139244597,-0.06556822538631668
2019-05-01,0.01141152896204041,0.08492468592317345,-0.45386464662954845,-0.08355868817533103,-0.24278689287762784
2019-06-01,0.11907026027012797,0.351211850974649,-1.511682087266949,0.7464792036894455,-0.2466151502798811
2019-07-01,0.555794114626727,0.05961685456375387,-0.6306407737060332,-0.19240773563246125,-0.28411197144330314
2019-08-01,0.47812017711620886,-0.09102746844291687,-0.49777459090864157,0.001790902568298636,-0.2967941978458683
2019-09-01,0.4920867235553496,0.015535522351927934,-0.4872695241175907,0.06539451265798031,-0.6800512323563702
2019-10-01,-0.6292128736533007,0.0663612884553996,-0.44717054132004863,0.9009110262093034,-0.009378304808948173
2019-11-01,-0.15797348855768592,-0.1199591127946415,0.4428976018663863,-0.8620730013523287,-0.1691609591069779
2019-12-01,0.7864052628718533,0.12665449437451234,-0.22558555216856407,-0.017146303237063214,-0.06926317135663503
2020-01-01,-0.44985676853402146,0.16826474690501064,-0.077277605592365,0.9984711998874701,0.07505959035756762
2020-02-01,0.24509235348516298,0.2695451047331254,-0.7592760341268191,0.08849706319929326,0.23460065538279487
2020-03-01,0.058781103348558385,0.23045821942110112,-0.20350394114642076,-0.2011396497198679,-0.1556041862319979
2020-04-01,-1.0772384775495065,0.2622913868032037,-0.41492447047166425,0.3315791632365254,-0.0861355946938879
2020-05-01,-0.45867287418217334,0.10047935865779611,-0.2463338870397756,0.9256766259091571,-0.26892705664614236
2020-06-01,-0.07462527566743128,0.17274465949777612,-0.8380939423198431,0.9209621878503595,-0.34463108545209203
2020-07-01,0.38155082486642217,0.11900441252930279,-0.8898395048060888,0.9278781278040802,-0.47259864121547585
2020-08-01,-0.46419337102510394,0.012210489594362635,0.030176784895675286,0.13112892007943497,-0.06901591120871352
2020-09-01,-0.17844994091293187,0.13029770178590866,-0.469248353595465,0.19493700520506183,-0.37105334163223724
2020-10-01,0.4995466001982828,0.24014918561925225,-1.0265202589437996,0.2185235830765326,-0.40770304177452055
2020-11-01,0.3985809469685971,0.34100787843612423,-0.7119930126297642,0.36245534576258615,0.02590315376484343
2020-12-01,-0.6937018297250989,0.2650661822308831,-0.21570702673683706,-0.47963183481716415,0.32196831869465087
2021-01-01,-0.5767076050193565,0.2935064986427837,-0.20793558846057303,-0.5157057159734003,0.11259827107318993
2021-02-01,-0.927675291172509,0.29178748634409774,-0.04562963272484256,0.7693304657682921,0.43788397516815447
2021-03-01,0.23160017100027175,0.16954950191439153,-0.257184408919912,0.42557363371247225,-0.22044374963244653
2021-04-01,-0.7490772066764461,0.1357302826674864,0.018215778900284165,0.5183534280767719,-0.15341466844337692
2021-05-01,-0.2345129919862284,0.1393153108058766,-0.08021977166054954,0.4144524775662468,-0.18790932092415927
2021-06-01,-0.4806679574031274,0.31099344957321085,-0.9976494480186785,0.8456946070333129,-0.22032921854006884
2021-07-01,-1.4550815508203598,0.13786511704883472,-0.30816197395324707,1.0264371205302119,-0.30824012510766285
2021-08-01,-0.38994710315448383,0.27657815001227637,-0.7869487916919548,0.3092986432094018,-0.1459933977270331
2021-09-01,-0.1795232440661458,0.2668977341549919,-0.7631789630567524,0.16840903938395305,-0.18980716686903662
2021-10-01,-0.1535790493187395,0.22154710190818908,-0.3685135236928161,0.5178785530253521,-0.23699204873117766
2021-11-01,-0.31902986099419084,0.23354436146384253,0.2995650113468439,-0.02137834875329027,-0.02535005367876634
2021-12-01,-0.24592814948952313,0.259906077448697,-0.44423056320405346,0.012383964455243453,0.18909200386428013
2022-01-01,0.43951116719292205,0.19786882607694614,-0.40920129124547394,0.24622963036148293,-0.28287506794213224
2022-02-01,-0.46391395978557254,0.14761148050507122,-0.45229788397399473,0.6526830705624183,0.2282171837921562
2022-03-01,-0.16548580408674998,0.23877825488381205,-0.5233611019564347,0.34466260112822056,0.0024364610670270324
2022-04-01,-0.5491613763049968,0.18013709369190237,-0.27686766755413,-0.1737184497048554,0.2390808054114104
2022-05-01,-0.3334152322371029,0.08043705779600908,-0.09068891825810285,0.44615764433102123,-0.0778701604052163
2022-06-01,0.15581289975388535,0.10521229814718114,-0.7102951197557047,0.5265352506082035,-0.521656576655965
2022-07-01,-1.0592029800692808,0.18217655267307464,-1.1442096300528084,1.9870568826360608,-0.1786651201706076
2022-08-01,-0.9365204179171219,0.2361246050997851,-0.42285230797781076,0.3969432153169391,-0.09908014228927219
2022-09-01,-0.22107856076897925,0.3158666233327937,-0.8669529162662131,0.21572581772665375,-0.03158425824324972
2022-10-01,-0.21369871005271243,0.37931783951540043,-1.208200001380813,0.014734087349141686,-0.026734640158297164
2022-11-01,-0.14965982691755572,0.39498052176307225,-0.32697487884843857,-0.8121343202961301,0.03470148423550722
2022-12-01,-0.8806623012116812,0.28975628276559756,-0.3182695785038908,-0.09852643079549363,0.11130108981685065
