,ssta20_cluster1,ssta20_cluster2,ssta20_cluster3,ssta20_cluster4,ssta20_cluster5,ssta20_cluster6
1965-01-01,2.0733229930584245,-6.4835333824157715,0.6242432655432285,-0.8741580956691021,-96.94669246673584,-389.29715156555176
1965-02-01,2.077170518728403,-7.027693271636963,1.3203182281591952,-0.3917375529134596,-114.70505396525066,-437.9803657531738
1965-03-01,2.2450691003065844,-4.774427890777588,2.9091349014869103,0.43300780895594004,-98.40640226999919,-416.03283882141113
1965-04-01,2.8142945583050065,-1.0884654521942139,4.567732566442245,3.406143510663832,-78.64644527435303,-388.1839990615845
1965-05-01,2.7753771268404446,5.103525161743164,5.387047009590344,4.769595249279125,-12.730208039283752,-248.56653213500977
1965-06-01,2.728887154505803,7.376349925994873,4.879353290949112,1.144606277749345,47.50976165135702,-115.39289951324463
1965-07-01,2.7825344525850735,5.603590965270996,4.746498511387752,-0.6586076842771994,80.86040019989014,-23.785607516765594
1965-08-01,2.6158818831810584,1.4169092178344727,4.616182278364133,-1.1391745225803271,102.25805441538493,-21.528829634189606
1965-09-01,2.970300637758695,2.638735771179199,5.76631900591728,0.44588446617126465,101.13840897878012,-52.51559615135193
1965-10-01,2.882227897644043,7.224362850189209,5.658930387252417,3.4114631446632178,73.80557060241699,-127.5860071182251
1965-11-01,2.645445970388559,4.345424652099609,3.9771978671734147,3.8262644329586544,11.627671122550964,-244.99471187591553
1965-12-01,2.1493917245131273,-2.0606613159179688,1.9395128274575257,1.2948578273927844,-48.76747131347656,-320.41468620300293
1966-01-01,2.035343647003174,-6.270340919494629,1.2697711969033265,0.04036326615794285,-87.32396761576335,-361.80615425109863
1966-02-01,2.4803838363060584,-6.873715877532959,1.173234291565724,0.5149624234921224,-97.73184458414714,-412.44444847106934
1966-03-01,2.7626771193284254,-6.139793395996094,3.4182224518213515,1.6057979416202854,-79.52075799306235,-370.4533100128174
1966-04-01,3.06655792089609,-0.5192338824272156,5.25512022849841,4.779954858728357,-58.08368523915609,-350.80389976501465
1966-05-01,3.0288883355947642,5.054749011993408,5.908566254835862,4.831866315893225,2.5994611283143363,-225.34093856811523
1966-06-01,2.91905036339393,6.711052417755127,5.772959880339793,2.0711183547973633,52.131474018096924,-105.56983947753906
1966-07-01,3.20009708404541,5.492642402648926,4.732164358481382,-0.12692761783664291,83.69823296864828,-4.721369966864586
1966-08-01,3.010889750260573,2.5584020614624023,5.403009439126039,-1.1869387046710864,115.91570377349854,28.07030975818634
1966-09-01,3.1613944127009463,5.170125484466553,5.641043491852589,0.839781600075799,106.48080507914226,-19.353726506233215
1966-10-01,2.8645720848670373,8.340332984924316,4.989796724074926,2.909152250032167,65.96475044886272,-102.14217901229858
1966-11-01,2.1813867642329288,1.1541144847869873,3.865661376561874,2.6699264307279846,12.51203219095866,-169.52921152114868
1966-12-01,1.909958949455848,-4.862115383148193,1.9142143237285125,0.14262887070307861,-48.779126008351646,-272.4313020706177
1967-01-01,1.773865773127629,-8.689515113830566,0.878771146138509,-1.7731035077894057,-93.64799658457439,-357.8819513320923
1967-02-01,1.99586061330942,-8.257460594177246,1.0321951065308008,-1.6195300463083628,-110.13185183207194,-424.96724128723145
1967-03-01,2.552183041205773,-2.866407871246338,2.341590477870061,1.605420177047317,-104.31206226348877,-418.84074211120605
1967-04-01,3.366153423602764,0.015133826993405819,5.193111835381924,4.9203083321854875,-78.21875413258871,-361.4954948425293
1967-05-01,3.42804505274846,6.274153232574463,6.49724190051739,6.668213251474741,-16.377905011177063,-235.7084035873413
1967-06-01,3.300959513737605,8.930305480957031,6.034240967188126,3.285314263524236,39.12006616592407,-92.76255965232849
1967-07-01,3.252147894639235,6.6507954597473145,5.684498640207144,-0.6936790975364479,87.78112729390463,-23.700109124183655
1967-08-01,2.956905181591327,2.308713674545288,4.443901930099878,-1.230617713283848,114.9012804031372,6.867563724517822
1967-09-01,3.244476318359375,4.364343166351318,5.443563216771834,-0.7361612609914832,105.61233361562094,-27.884313464164734
1967-10-01,3.0346971291762133,7.331183910369873,5.093875603798108,2.902738145879797,74.26675160725912,-128.65829467773438
1967-11-01,2.610188264113206,2.6595664024353027,3.773832015502147,2.7168592891177616,26.923849185307823,-203.19106578826904
1967-12-01,2.521547170785757,-1.8149172067642212,2.5890570420485277,0.22460657197075923,-46.046670277913414,-285.7607126235962
1968-01-01,2.24698360149677,-6.844281196594238,1.3627211252848306,-1.5444409202884983,-95.60492833455405,-355.12797832489014
1968-02-01,2.1344817601717434,-9.541043281555176,0.7230882461254413,-0.8983376058372291,-121.37111822764079,-390.63615798950195
1968-03-01,2.512847276834341,-5.1971869468688965,3.3012197567866397,1.2533762970486202,-99.672802289327,-396.8754529953003
1968-04-01,3.28619883610652,0.09296528995037079,5.459025578621106,4.933453572762979,-63.01666498184204,-371.0383653640747
1968-05-01,3.0674096254202037,5.270448684692383,6.265687331175193,5.949273624935666,1.5495305260022483,-204.52227592468262
1968-06-01,2.684647303361159,7.200405597686768,5.89599303710155,2.890634214555895,39.400601387023926,-129.40680980682373
1968-07-01,2.6044154167175293,5.055922031402588,5.9921423594156895,-0.3264734672533499,74.58553314208984,-69.3539559841156
1968-08-01,2.559412259321946,0.12930482625961304,5.23986877539219,-1.0023938642965782,88.51683934529623,-2.7729395776987076
1968-09-01,2.6295188757089467,1.6138105392456055,5.431010172917293,-0.3845487494726439,87.12703386942546,-43.94734799861908
1968-10-01,2.4100547570448656,4.909949779510498,4.7387584661826105,1.846352783409325,57.64378309249878,-138.0840301513672
1968-11-01,2.1094727516174316,1.4350581169128418,3.0510905461433606,2.5100844937401847,10.703322291374207,-224.16632175445557
1968-12-01,2.009023886460524,-2.807380199432373,0.965387469682938,1.2536415377178707,-38.13356558481853,-310.76200008392334
1969-01-01,2.0450670902545633,-8.076847076416016,0.045794855134609416,-0.4215146238739426,-83.06392033894858,-350.2321243286133
1969-02-01,2.108576847956731,-10.850542068481445,1.1880154793079083,-1.139488977354926,-112.23916212717693,-406.2202453613281
1969-03-01,2.524310442117544,-4.800729751586914,2.9351313908894854,1.4260448314048149,-88.99467786153158,-432.891321182251
1969-04-01,3.278555136460524,3.0537073612213135,5.3848425547281895,5.499402896778004,-69.52633062998454,-425.6265163421631
1969-05-01,3.5814971190232496,7.5635528564453125,6.685381057934883,6.588190310710186,-8.209483822186789,-258.30676555633545
1969-06-01,3.1504385287945085,7.221331596374512,5.975023905436197,2.292091298747707,42.972568670908615,-134.24023389816284
1969-07-01,3.239315473116361,4.4895710945129395,5.3187211354573565,-0.1561043129579441,77.80872980753581,-73.74215126037598
1969-08-01,3.248712099515475,-0.32785913348197937,5.874900940137032,-1.8849543623022131,101.90652211507162,-35.26342809200287
1969-09-01,3.3269449380727916,1.9669294357299805,6.161270997463128,0.17806009666339773,90.09455045064291,-73.42520356178284
1969-10-01,3.045063202197735,5.348951816558838,6.259625997298803,2.949272297524117,62.2749408086141,-181.2375783920288
1969-11-01,2.5996155005234938,4.113451957702637,4.12373756751036,3.5174630783699654,5.715220173199972,-261.94822788238525
1969-12-01,2.1637786351717434,-2.322896718978882,1.9120560242579532,0.6670341701120944,-47.492412726084396,-341.56129360198975
1970-01-01,2.2419228920569787,-5.332150459289551,0.5222770266043834,0.36048832777384165,-85.40205955505371,-401.7404556274414
1970-02-01,2.501072150010329,-6.61198616027832,0.8682581094595102,0.6127674837370176,-92.91244347890219,-437.98351287841797
1970-03-01,2.881576648125282,-4.582157135009766,3.271196744380853,2.5237363737982674,-92.93599923451742,-431.91280364990234
1970-04-01,3.445139664870042,2.3964130878448486,5.514339911632049,6.388511528839937,-51.498333613077804,-386.6689443588257
1970-05-01,3.4003510841956506,6.5257062911987305,6.041716306637495,6.530570983886719,0.1430190323541562,-258.06970596313477
1970-06-01,3.3197483649620643,8.473320007324219,6.084630428216396,2.6719428397513725,45.67026694615682,-140.39382934570312
1970-07-01,3.5543408760657678,5.77560567855835,6.160198113857171,-0.7286599358996829,88.44350179036459,-35.470786690711975
1970-08-01,3.521402799166166,3.8994767665863037,6.2114996787829275,-0.8830340327443303,113.89000415802002,11.703869700431824
1970-09-01,3.373264166025015,4.211991310119629,6.058465517484224,0.19626490570403435,109.7747008005778,-65.23616313934326
1970-10-01,2.8031484897320085,5.393906593322754,5.8180222144493685,1.9987916624223865,58.598526318868004,-153.62262725830078
1970-11-01,2.3735928535461426,2.5370450019836426,4.87757126490275,3.0888657312135437,14.875363310178122,-208.1969976425171
1970-12-01,2.4508967766394982,-1.4928566217422485,3.1611032975025664,1.3346850872039795,-27.5589923063914,-262.32054233551025
1971-01-01,2.5108861923217773,-6.069610118865967,1.847368937272292,-0.057465995888452276,-74.33935006459555,-347.8039026260376
1971-02-01,2.3446182104257436,-5.986657619476318,1.9801807709229298,-0.1913232175079552,-92.43261814117432,-418.1849002838135
1971-03-01,2.8777599334716797,-3.4358463287353516,2.8465484961485252,2.0182132720947266,-81.32635752360027,-418.1281089782715
1971-04-01,3.497311885540302,2.5125815868377686,5.5868527828118735,5.254878868927827,-48.609419663747154,-370.0385570526123
1971-05-01,3.666527087871845,8.863605499267578,5.81668156843919,6.566847337258829,14.552801847457886,-226.15506649017334
1971-06-01,3.503386057340182,9.391441345214844,6.005589167277018,2.7364640622525602,54.60273424784343,-110.07150411605835
1971-07-01,3.385906219482422,5.390307426452637,5.553481517693935,0.008589513851581394,85.19601821899414,-39.883628487586975
1971-08-01,3.2137305919940653,4.215325832366943,5.754341834630721,-0.457450989130381,114.04189268747966,8.15567597746849
1971-09-01,3.3289289474487305,3.8266024589538574,5.890445831494453,0.7940071660119135,90.38755098978679,-40.528181195259094
1971-10-01,2.7198802507840667,5.500357151031494,5.382251739501953,2.0689294144913957,56.76131248474121,-145.41420936584473
1971-11-01,2.42544962809636,2.988149881362915,3.8672804832458496,2.5150547156462797,7.70023117462794,-225.3680944442749
1971-12-01,2.4651470551123986,-1.9092693328857422,2.533697317808102,2.029283465565862,-39.38196897506714,-315.48516750335693
1972-01-01,2.565907881810115,-6.165399551391602,1.343835622836382,0.7948521826718304,-91.7598565419515,-417.5784111022949
1972-02-01,2.3176273932823768,-9.104788780212402,1.1923969556123781,0.3255954062616503,-121.9333569208781,-459.2991828918457
1972-03-01,2.5304405505840593,-5.621893882751465,2.196495349590595,1.6759969092704154,-110.35308837890625,-459.2151165008545
1972-04-01,3.1072895343487077,0.6655855774879456,4.663266585423396,5.104615881636336,-69.60435708363852,-393.8122272491455
1972-05-01,3.3470993775587816,5.878396034240723,5.976801652174729,6.698190843736803,-23.089649279912315,-256.29706382751465
1972-06-01,3.363623252281776,8.315308570861816,6.022507105118189,3.592216646349108,36.24767065048218,-131.76758289337158
1972-07-01,2.867017159095177,4.9415202140808105,5.265383842663887,0.062088436774305394,77.09290981292725,-73.22643995285034
1972-08-01,2.888361307290884,0.2592243254184723,4.843293397854536,-0.6140725435437383,97.52511978149414,-15.258833765983582
1972-09-01,3.040065948779766,2.368364095687866,5.092568580920879,1.7158558239807953,87.22325166066489,-105.19890785217285
1972-10-01,2.544450576488788,6.497098922729492,5.291927777803861,3.967191721941974,53.68295510609945,-185.78288555145264
1972-11-01,2.630005249610314,2.380154848098755,4.8721334873101645,3.82203314755414,2.233538031578064,-282.62505531311035
1972-12-01,2.3013993409963756,-3.533597707748413,1.7144524134122407,1.505625409048957,-62.24134763081869,-386.69135570526123
1973-01-01,2.0833638998178334,-9.2386474609375,0.3808522835755959,-1.040075598536311,-113.74090512593588,-455.0550937652588
1973-02-01,2.1585882627047024,-9.55948257446289,0.5784353766685877,-0.6716683104231551,-119.51225598653158,-454.3891906738281
1973-03-01,2.763708004584679,-6.621121883392334,2.765330595847888,1.5283217301239838,-100.06117820739746,-454.8414707183838
1973-04-01,3.6178262417133036,0.8538085222244263,5.522575745215782,5.19703078914333,-62.94739246368408,-407.0469379425049
1973-05-01,3.305065448467548,6.133578777313232,6.058853100507687,5.570295050337508,-2.118290960788727,-264.762544631958
1973-06-01,3.0871013494638295,7.502910137176514,5.883722427563789,2.56256332268586,36.274075508117676,-142.09036827087402
1973-07-01,2.9486698370713453,3.5656375885009766,5.3438987487401715,-0.5831525132462785,87.13702360788982,-46.74607217311859
1973-08-01,2.829007368821364,0.9555303454399109,6.170997252831092,-1.834768701244045,113.50940863291423,-13.404719531536102
1973-09-01,3.2337386791522684,1.4172136783599854,6.496257048386794,-0.604849449686102,94.9850638707479,-69.30645704269409
1973-10-01,2.839993513547457,6.286319255828857,6.358080643873948,2.383933518383954,72.03474044799805,-142.91731119155884
1973-11-01,2.4885324331430287,2.058466672897339,5.0093840330075,3.2185867026045516,4.58478182554245,-245.43304443359375
1973-12-01,2.19274117396428,-3.0607008934020996,3.4787419514778333,0.13908832459836393,-54.70525026321411,-314.8385763168335
1974-01-01,2.0853583629314714,-6.043191432952881,1.6179908544589312,-0.5006589196823739,-88.86190255482992,-398.0877637863159
1974-02-01,2.152316753680889,-7.011092662811279,1.7300842664180658,-0.232082383858191,-108.14491907755534,-420.61023712158203
1974-03-01,2.730431006504939,-3.7448534965515137,3.274994935744848,2.0617224074698783,-93.99293263753256,-431.5633773803711
1974-04-01,3.011357967670147,2.205453634262085,5.582391910063914,5.451980152645627,-54.55002784729004,-392.59982109069824
1974-05-01,3.20037841796875,5.850003719329834,6.539685298234988,5.887168806952399,-9.286888440450033,-262.540078163147
1974-06-01,3.2902090366070085,8.482209205627441,5.850679446489383,3.1207877236443595,45.32024463017782,-165.50800800323486
1974-07-01,3.1104351924015923,4.476944923400879,5.546735494564741,0.29084511302612925,78.36010456085205,-67.53012537956238
1974-08-01,2.8977197867173414,1.6293435096740723,6.003333360720903,-1.1031499585589848,111.05802853902182,-21.60608172416687
1974-09-01,2.805964396550105,2.522347927093506,6.618787080813677,0.003686748961037075,97.78642654418945,-56.23579025268555
1974-10-01,2.7138752203721266,5.892880439758301,6.427331459827912,2.4146595516720333,61.952225367228195,-122.87789583206177
1974-11-01,2.4674534797668457,3.756889820098877,5.135011061643943,2.5288011576678304,16.811609268188477,-228.31194400787354
1974-12-01,2.2523813981276293,-2.7061498165130615,2.653336830628224,0.9612044772586307,-38.339829444885254,-312.4403476715088
1975-01-01,2.0455202689537635,-6.865729808807373,1.1266205555353408,-0.36289844964001633,-87.5514586766561,-386.1859321594238
1975-02-01,2.1900751040532036,-8.110814094543457,1.6823216890677426,-0.14017042074654554,-112.39885489145915,-424.8478889465332
1975-03-01,2.6315637735220103,-7.0641632080078125,2.9291678697634964,0.9805320082484065,-97.19150066375732,-432.90019035339355
1975-04-01,3.1386767900907073,-1.2221219539642334,4.987469086280235,4.669122115985767,-59.130314985911056,-357.3845386505127
1975-05-01,3.29775516803448,6.924595832824707,6.094761995168833,5.808493253347036,11.226047078768413,-229.68504428863525
1975-06-01,3.226169806260329,7.347221374511719,5.452665304526304,3.5713733853520573,34.89306767781576,-79.54950332641602
1975-07-01,3.369757945720966,5.712231159210205,5.238680961804512,0.8326321034818083,92.26222832997641,16.564419865608215
1975-08-01,2.9383549323448768,2.177762031555176,5.156420438717573,-1.4388624075296763,104.61184978485107,27.840059995651245
1975-09-01,3.256991459773137,3.9879376888275146,5.991524305099096,0.6129364709596377,108.51651827494304,-40.3849720954895
1975-10-01,2.8041078494145317,5.227540493011475,6.237435952211038,1.4521582706554517,56.33484125137329,-154.61227893829346
1975-11-01,2.2314051481393666,2.7356908321380615,4.983009436191656,1.9855945496945768,9.933120012283325,-247.6163148880005
1975-12-01,2.3594030967125525,-1.4415732622146606,2.6551381135598207,0.8619533197299855,-45.59371471405029,-318.94569396972656
1976-01-01,2.0777381383455715,-6.317568302154541,0.7890718105511787,-0.4517293056926212,-93.81665388743083,-368.3758497238159
1976-02-01,2.237429802234356,-6.481105804443359,2.124503025641808,0.18490536792858228,-108.86838436126709,-438.62595558166504
1976-03-01,2.814175532414363,-3.7817466259002686,3.4813559972322903,2.5884389877319336,-110.86679299672446,-449.054479598999
1976-04-01,3.4203687080970178,1.4926087856292725,5.160893538059332,5.346582709132014,-66.47439002990723,-381.54296875
1976-05-01,3.465163891132061,7.367740154266357,5.743925999372433,6.003013817039696,-4.351493716239929,-272.22774028778076
1976-06-01,3.284186583298903,8.94443416595459,6.102134019900591,2.948599892693597,42.00741847356161,-148.06523323059082
1976-07-01,3.2151284584632287,6.971846103668213,5.785276950933994,0.03840924316161388,76.45219167073569,-61.422139406204224
1976-08-01,3.0049921916081352,3.0370633602142334,4.871619970370562,-1.227587864205644,101.86274846394858,7.8094638884067535
1976-09-01,2.845192138965313,2.0044057369232178,5.178689345335349,-0.8902712448223217,93.73633861541748,-29.46816384792328
1976-10-01,2.856166729560265,5.82798957824707,4.801836686256604,2.3620948598191545,59.87694660822551,-143.79998445510864
1976-11-01,2.4797578958364634,3.229522705078125,4.163094055958283,2.2555225604289286,-3.6496092875798545,-249.22938346862793
1976-12-01,2.2850724366995006,-3.3497555255889893,1.6548638160412128,0.7026159280055279,-54.1873852411906,-352.19712257385254
1977-01-01,2.149478105398325,-7.03005838394165,-0.08657034964133531,-0.3326186054461711,-105.22576967875163,-426.98707580566406
1977-02-01,2.054757338303786,-8.461920738220215,-0.06423016102650227,-0.890589485297332,-125.87637106577556,-451.24382972717285
1977-03-01,2.8167440341069145,-3.242820978164673,2.2345266281030116,1.7468099658553664,-87.0449701944987,-442.5389766693115
1977-04-01,3.748079446645883,1.431113839149475,5.44275992955917,4.984191623893944,-57.872629165649414,-359.97042655944824
1977-05-01,3.4322118759155273,7.167830467224121,6.070409065637833,6.189338580982105,-4.076040536165237,-246.94039821624756
1977-06-01,3.0682184146000786,8.211448669433594,5.816300098712627,2.6019766524031356,45.89998324712118,-109.95981693267822
1977-07-01,3.183002471923828,5.493959426879883,4.758414855370154,-0.6822916301521095,70.55723667144775,-56.83112144470215
1977-08-01,3.3530704791729264,2.4255294799804688,5.132557795597957,-0.665782593392037,98.567001024882,-27.334657311439514
1977-09-01,3.3141840421236477,2.7341582775115967,5.432716394082093,-0.043562210693552685,84.64388052622478,-91.81873202323914
1977-10-01,2.958486630366399,7.458544731140137,6.079688439002403,3.116981081060461,55.06191651026408,-212.94448375701904
1977-11-01,2.3435392746558557,4.938303470611572,4.173208811344244,2.638682159217628,5.205285549163818,-283.42721462249756
1977-12-01,2.231754706456111,-0.5893279314041138,1.2601863879423874,1.5570213665833343,-46.451620260874435,-359.50472354888916
1978-01-01,2.0073942037729116,-5.916715145111084,0.15961404603261214,-0.3013123732966346,-83.04314613342285,-408.7362289428711
1978-02-01,2.177721170278696,-8.78686809539795,0.9121443980779403,-0.8808351046330221,-91.57452583312988,-413.76500129699707
1978-03-01,2.7470337427579437,-6.301013469696045,2.764445084791917,1.8926760634860478,-92.51305262247722,-399.60954189300537
1978-04-01,3.559882457439716,1.5218905210494995,4.88276665027325,5.68352712167276,-55.85150718688965,-335.0147485733032
1978-05-01,3.4019000713641825,7.079896926879883,5.689303691570575,5.530274880898966,-2.999836951494217,-238.31865787506104
1978-06-01,3.0603432655334473,7.311410903930664,5.6228973926642,1.860991684166161,44.58305438359579,-121.95528745651245
1978-07-01,2.380542021531325,2.477856159210205,5.808193867023174,-1.2650099155065175,85.60384909311931,-4.467556998133659
1978-08-01,2.6763147574204664,0.29955559968948364,5.296045083266038,-0.9630176666620616,94.10732587178549,-10.14770120382309
1978-09-01,2.9819510533259463,2.5254573822021484,5.4299971996209555,0.8725500590092428,84.18456713358562,-66.83319211006165
1978-10-01,2.8046169647803674,5.742775917053223,5.413390428591997,2.864028634251775,56.19761149088542,-145.22627592086792
1978-11-01,2.420781759115366,1.2771213054656982,3.89025119634775,3.2296986193270296,-4.315166672070822,-263.8542413711548
1978-12-01,2.3138053600604715,-3.52347731590271,2.2859119451962986,0.8393544603038479,-54.387569427490234,-341.19551181793213
1979-01-01,2.2517910370459924,-6.881577491760254,0.3730856073208344,0.20467344973538373,-89.96005853017172,-420.10698318481445
1979-02-01,2.3089302503145657,-8.321208000183105,1.2533626495263515,-0.3691073205019977,-100.93616644541423,-395.7179069519043
1979-03-01,2.8724248592670145,-6.010661602020264,2.8283278147379556,1.4316832697069324,-90.35586516062419,-416.80636405944824
1979-04-01,3.371929021982046,-0.36561164259910583,5.734534141344902,5.035782182538831,-57.37035671869914,-351.3503313064575
1979-05-01,3.1489522640521708,5.434910297393799,6.027824450761844,6.4532286412007105,-5.361750225226085,-242.10705757141113
1979-06-01,3.36273560157189,8.7181978225708,6.324467903528458,3.501760315250706,50.29660860697429,-115.90934991836548
1979-07-01,3.11769595512977,3.168825387954712,6.252695352603228,-1.1443123624131486,75.96943378448486,-61.97085976600647
1979-08-01,2.7879278476421647,-0.3925260007381439,5.87925177354079,-2.9936316851023084,99.03568426767985,-28.36240530014038
1979-09-01,2.7260444714472842,2.7623322010040283,6.306389661935659,0.05305086237353247,90.6856377919515,-75.10319352149963
1979-10-01,2.7263731222886305,5.132228374481201,5.6185251627212915,1.9873986373076569,67.42156346638998,-171.0390567779541
1979-11-01,2.1778748585627627,2.0868136882781982,4.47240976186899,1.9317577014098297,13.787259658177694,-270.0695276260376
1979-12-01,1.9897426091707668,-3.9819464683532715,1.993344227472941,-0.2988814703516058,-47.321105003356934,-337.8401756286621
1980-01-01,1.9252148041358361,-7.821218967437744,0.3311140414996025,-1.096627116203308,-105.46331405639648,-403.1947612762451
1980-02-01,1.8708782929640548,-9.195724487304688,0.8107410027430607,-0.27381280386770096,-124.69071547190349,-421.13633155822754
1980-03-01,2.194222120138315,-6.4965972900390625,2.578105681981796,0.5710603014842884,-114.5136038462321,-430.0760269165039
1980-04-01,2.7433180809020996,0.529406726360321,4.697102155440893,4.185399815842912,-59.4487190246582,-380.0476312637329
1980-05-01,3.5106772642869215,8.349799156188965,6.550366450578738,6.782076809857343,-2.173129717508952,-279.61769104003906
1980-06-01,3.4637286112858696,9.915779113769531,6.79324040046105,1.932283672126564,46.77744309107463,-142.4507737159729
1980-07-01,3.333482008713942,3.61738657951355,6.085346906613081,-0.2043870453898971,99.92651144663493,-19.047850370407104
1980-08-01,3.366259794968825,0.9327082633972168,5.803170570960411,-1.342042233492877,107.74914423624675,9.712377190589905
1980-09-01,3.186151064359225,2.039090394973755,6.216592666430351,-0.08592800916852178,96.72489960988364,-86.65297627449036
1980-10-01,2.9490425036503716,6.538908004760742,6.013129919003218,2.9298308733347302,67.9399331410726,-173.55152368545532
1980-11-01,2.6726548488323503,4.995601177215576,4.463883852347349,3.596105446686616,12.634847561518352,-240.44106006622314
1980-12-01,2.258607057424692,-2.499591588973999,2.0182792957012468,1.2316987321183488,-55.618019898732506,-316.7186498641968
1981-01-01,2.1860804924598107,-6.215201377868652,0.2872621783843407,0.04797946863077782,-93.36644808451335,-373.48437309265137
1981-02-01,2.200476756462684,-7.489968299865723,1.1661858130724,0.10089040608019442,-100.34358501434326,-419.9971675872803
1981-03-01,2.590982363774226,-3.9818685054779053,3.339384763668745,1.9131542863072577,-92.55859851837158,-422.58596420288086
1981-04-01,3.3991366166334887,1.4199481010437012,5.714815702193823,5.23690855180895,-48.36775064468384,-343.46864223480225
1981-05-01,3.5203383519099307,6.2645978927612305,6.378538791949932,5.587339401245117,-11.573744813601177,-236.36908531188965
1981-06-01,3.037574841425969,8.013480186462402,5.494386110550318,2.178539939828821,39.09938732783,-99.28037524223328
1981-07-01,3.0383893159719615,3.001051187515259,5.435823782896384,-1.1741104963663462,75.59418678283691,-5.05048930644989
1981-08-01,3.199824553269606,0.5306031107902527,5.987149629837427,-1.4957052630347174,109.31918621063232,27.14981734752655
1981-09-01,3.0740695733290453,4.49404239654541,5.894585756155161,-0.37271259604273616,99.04126326243083,-20.66238522529602
1981-10-01,2.8178171011117787,6.349790573120117,6.288600579286233,2.779428701143007,61.225080490112305,-109.57849025726318
1981-11-01,1.8448831484867976,0.24934418499469757,4.56466583105234,1.935588991319811,5.690823992093405,-221.02909088134766
1981-12-01,1.5850923611567571,-5.033146858215332,1.8717001645992963,-0.4274743231567177,-47.35455513000488,-300.31752586364746
1982-01-01,1.5413812490609975,-8.563735008239746,-0.16068430283130744,-1.2520651559571963,-84.63792006174724,-360.18290519714355
1982-02-01,1.7538094520568848,-8.472588539123535,0.768294089879745,0.04669786808458534,-118.31889152526855,-411.36889457702637
1982-03-01,2.4625449914198656,-5.690253734588623,3.4519699903634877,1.6372740268707275,-123.48003387451172,-431.2469482421875
1982-04-01,3.364584629352276,-1.6649081707000732,4.9060127674004965,5.110431684030069,-74.94214375813803,-374.3332624435425
1982-05-01,3.9937620896559496,5.462705612182617,5.8405711100651665,7.284986650621569,-7.434274256229401,-241.82488918304443
1982-06-01,3.220514150766226,9.476653099060059,5.511172001178448,3.062359384588293,51.566874980926514,-98.04250001907349
1982-07-01,3.2780038393460784,6.829336166381836,5.299312640459109,0.6972984687702076,83.51718584696452,-26.851287484169006
1982-08-01,3.136897453894982,2.379849672317505,5.302286148071289,-1.040833382993131,85.72392463684082,2.067960985004902
1982-09-01,3.0257813747112565,3.461550235748291,5.119399841015155,0.9320328364501128,94.6453889211019,-26.00383758544922
1982-10-01,2.93471281345074,7.337649822235107,6.171211218222593,2.9410771421484045,61.349829037984215,-145.32480239868164
1982-11-01,2.62663694528433,1.3514164686203003,4.10088973167615,2.9532190915700554,-20.65872152646383,-265.67742824554443
1982-12-01,2.149768976064829,-5.429834842681885,0.7750610510508219,0.3229860921163817,-90.33289750417075,-359.69438552856445
1983-01-01,1.7426677850576546,-10.558958053588867,-1.2095706585126045,-1.574460557989172,-122.97219435373943,-416.8020248413086
1983-02-01,1.6190686592688928,-11.876764297485352,-0.23358032489434266,-1.053106220992836,-152.96990076700848,-446.79226875305176
1983-03-01,2.199915189009446,-8.899322509765625,1.9837836424509683,0.772157875267235,-146.01418177286786,-445.6660747528076
1983-04-01,2.899524431962233,-6.163820266723633,4.034160039363763,3.438537185256546,-97.50963052113852,-373.4443187713623
1983-05-01,3.4951697863065276,4.0474443435668945,6.894756586123735,6.251752054369128,-15.21793007850647,-235.82642078399658
1983-06-01,3.463481756357046,7.146359920501709,6.256494766626602,4.237891210092081,42.381751537323,-112.20275163650513
1983-07-01,3.7930008081289435,5.565675735473633,5.96165595910488,1.7134366808710872,81.40621980031332,-2.6465291157364845
1983-08-01,3.613308393038236,3.3099656105041504,5.963421479249612,0.8080296419762276,90.96381664276123,0.441791582852602
1983-09-01,3.3704493596003604,4.16477108001709,5.990412296392979,-0.2948488133984643,78.63825956980388,-55.21963834762573
1983-10-01,3.046687199519231,5.053150177001953,5.601190298031538,1.6727673040853965,41.11510515213013,-143.2438850402832
1983-11-01,2.34900401188777,0.36511972546577454,4.376946962796724,2.6301013456808553,3.0615950624148054,-231.98354244232178
1983-12-01,2.019053055689885,-4.9844183921813965,1.0920371000583355,0.17250389666170687,-41.949220498402916,-330.5030107498169
1984-01-01,1.661546413715069,-11.010220527648926,0.18663996687302223,-1.5676417866268673,-94.54267819722494,-403.9743900299072
1984-02-01,1.603705883026123,-12.377352714538574,0.7253591066751724,-3.261176637701086,-114.76461887359619,-441.5250778198242
1984-03-01,2.4537412936870866,-7.224127769470215,2.5697005100739307,-0.22453740239143372,-98.3149528503418,-453.5390377044678
1984-04-01,2.9747874920184794,1.444679856300354,4.7739655543596315,4.17979859017037,-62.82056172688802,-388.20436000823975
1984-05-01,3.048444527846116,7.521320343017578,5.350270638099083,5.669951438903809,-16.885528961817425,-278.3355951309204
1984-06-01,2.956689871274508,5.4450273513793945,6.261818225567157,0.8067553913271105,33.694398403167725,-126.46178007125854
1984-07-01,2.6444407609792857,1.2752622365951538,5.519569225800343,-1.4386090072425637,89.23021157582602,-24.19842779636383
1984-08-01,2.4927999423100395,-0.3516697585582733,4.843419943100367,-3.3174546989234717,90.87933699289958,-7.364026457071304
1984-09-01,2.4530861927912784,-1.602532148361206,5.565906182313577,-1.8358375575091388,81.75129095713298,-38.14317286014557
1984-10-01,2.3656249046325684,2.404029369354248,5.637602928357246,1.93354970700032,51.072025299072266,-105.05229234695435
1984-11-01,2.511607867020827,1.845224142074585,4.66920962700477,2.0114086769722603,5.0133610765139265,-224.34253692626953
1984-12-01,2.2252700879023624,-2.148477077484131,2.744577481196477,0.8163765475556657,-47.99454212188721,-341.34817123413086
1985-01-01,2.2251374904926005,-7.787364959716797,1.88103532179808,-0.8418811334146036,-83.34336280822754,-391.5367841720581
1985-02-01,2.311114164499136,-6.720691204071045,1.965487920320951,-0.5836531519889832,-104.21075820922852,-433.02459716796875
1985-03-01,3.0474675618685207,-3.4702727794647217,3.8932341795701246,1.795420775542388,-108.05361270904541,-456.35595321655273
1985-04-01,3.5523851101215067,1.5152034759521484,5.647853704599234,5.675649642944336,-60.70586442947388,-391.25072956085205
1985-05-01,3.4112027975229116,6.207890033721924,6.697681011297764,5.673220350935653,5.605814357598623,-239.99035358428955
1985-06-01,2.560779314774733,6.288211345672607,5.740028772598658,-0.22609070748896212,57.82463947931926,-88.15017342567444
1985-07-01,2.901033254770132,1.533933401107788,5.072449109493157,-1.0907313308200322,76.2217919031779,-63.545048236846924
1985-08-01,2.8198775878319373,0.6635853052139282,5.265677280915089,-1.209700429761732,106.71674410502116,13.508723676204681
1985-09-01,3.1360563865074744,2.4877490997314453,5.338314863351675,0.2931625053689286,98.14021587371826,-47.665935754776
1985-10-01,2.552834474123441,4.442076683044434,5.244631033677321,1.5167167057862152,57.7604611714681,-145.60853242874146
1985-11-01,2.0174532670241137,2.3464298248291016,3.8161158561706543,2.4206957301578007,12.550515929857891,-242.84467697143555
1985-12-01,1.995989542741042,-3.1735293865203857,2.6181615315950832,-0.3358329872827272,-51.0197122891744,-335.6727361679077
1986-01-01,2.1596804031958947,-8.164470672607422,0.5956749121348063,-1.715342579661189,-96.4846690495809,-384.55145359039307
1986-02-01,2.123603087205153,-9.170875549316406,1.403354987120017,-0.9195951996622859,-115.58579603830974,-437.2364044189453
1986-03-01,2.3548654409555287,-5.759410858154297,2.548287923519428,1.9147268823675208,-111.41476631164551,-444.84286308288574
1986-04-01,2.934728218958928,1.4440789222717285,5.67322144141564,5.156127826587574,-67.66156355539958,-383.7946653366089
1986-05-01,3.2644231502826395,6.16319465637207,6.194373888847156,7.101772282574628,-4.142366101344427,-250.38700103759766
1986-06-01,3.076793780693641,9.402948379516602,5.676748813726963,1.7568285400803025,52.056737740834556,-102.79455184936523
1986-07-01,2.8278781817509575,3.097367763519287,4.631386964749067,-2.7771991652411385,91.2262519200643,-27.682003378868103
1986-08-01,2.744562259087196,-0.173440620303154,4.085228076347938,-2.6073098182678223,118.52649847666423,31.47226572036743
1986-09-01,2.63535737991333,1.224961519241333,4.725547020251934,-0.7279755295933904,100.44771830240886,12.691684067249298
1986-10-01,2.508234427525447,2.591923475265503,4.654054458324726,2.10183504465464,71.25817934672038,-147.93009757995605
1986-11-01,2.379935337946965,0.6169841289520264,4.248435069353152,2.732321056159767,3.598139931758245,-261.17169857025146
1986-12-01,2.1524234918447642,-5.960994720458984,2.3768331760015244,0.17079372663755674,-66.63515170415243,-382.56804943084717
1987-01-01,1.9535468174861026,-10.562173843383789,0.5276554288008274,-1.2873134903005652,-106.46007061004639,-431.0511112213135
1987-02-01,2.1488186029287486,-9.48997974395752,0.8503234539276514,-1.7148294964352169,-110.90230147043864,-452.57568359375
1987-03-01,2.0934005884023814,-7.063925743103027,2.117661329416128,0.2959232878040623,-97.44163354237875,-452.770471572876
1987-04-01,2.82338600892287,-1.7832603454589844,4.0930555416987495,4.109167086111532,-75.26005903879802,-435.9968662261963
1987-05-01,3.8970143978412333,5.890128135681152,5.812913943559695,6.796351639000145,-5.099306503931682,-298.82538318634033
1987-06-01,3.1624383192795973,7.44989013671875,6.014159398201184,1.5105872540860563,40.42922655741374,-144.76507902145386
1987-07-01,3.2559827657846303,6.140949726104736,5.795191495846479,-1.1375864615311493,77.62945493062338,-38.563552498817444
1987-08-01,3.168481680063101,2.8509016036987305,5.440800617902707,0.4223347112939165,112.19806671142578,-2.2708535194396973
1987-09-01,3.2814627427321215,2.468477487564087,5.444539510286771,1.450187128943366,85.98879973093669,-90.06043672561646
1987-10-01,2.754969413463886,5.3519744873046875,5.773171400412535,2.809225224159859,56.34732643763225,-189.18904066085815
1987-11-01,2.4520923541142388,2.897738218307495,4.5611216471745415,2.6085004613206193,-1.8237841626008353,-285.75615882873535
1987-12-01,2.5582425410930925,-4.153052806854248,2.626180343138866,1.6310258491619214,-54.843103885650635,-353.6145210266113
1988-01-01,2.015808178828313,-6.5358123779296875,0.9142463023845966,0.3854704467025963,-98.30096562703451,-423.6952304840088
1988-02-01,2.3758336213918834,-6.894386291503906,1.955635578204424,0.5389024679725235,-118.8355048497518,-470.97578048706055
1988-03-01,3.081531524658203,-5.218940258026123,3.642413860712296,2.3871531357636324,-104.37884330749512,-450.1788139343262
1988-04-01,3.4673540408794694,1.474115252494812,6.083880326686761,5.679901226146801,-65.25171995162964,-370.0601577758789
1988-05-01,3.2606869477492113,6.543188571929932,5.6683442531487875,4.297493921743857,-0.8928672100106876,-272.4071502685547
1988-06-01,3.610443335313063,8.655654907226562,5.839430980193309,1.815184548094466,45.967113971710205,-78.39407920837402
1988-07-01,3.5532269111046424,7.333889484405518,6.123069005134778,-0.07178508550734133,90.34189383188884,-1.1946937069296837
1988-08-01,3.422402968773475,3.7102856636047363,6.687353207514836,-0.6716290841231475,119.29362614949545,-3.8508709520101547
1988-09-01,3.2154424373920145,5.749727249145508,6.149737651531512,-0.08529460913426168,101.37078762054443,-69.36966180801392
1988-10-01,3.13690368945782,6.795766353607178,5.372826869671161,2.188180588387154,69.10749276479086,-147.09948301315308
1988-11-01,2.9392027854919434,3.700894355773926,4.192502987690461,3.0994408839457743,22.747669617335003,-246.82576656341553
1988-12-01,2.5947425915644717,-0.5878047943115234,2.032821300702217,1.4751010649913066,-45.22895018259685,-330.6217432022095
1989-01-01,2.079754976125864,-5.916997909545898,1.1525227473332331,-0.4760910530348082,-98.12136491139731,-420.2148914337158
1989-02-01,2.2099168484027567,-6.603967666625977,0.9646298793646005,0.05442309822585132,-121.65157000223796,-442.89560317993164
1989-03-01,2.6780262360206017,-5.378359317779541,2.7474299455300355,1.5811668859945762,-107.1744441986084,-437.9945755004883
1989-04-01,3.286013970008263,-0.28426221013069153,5.4369455728775415,4.290042696772395,-73.56748580932617,-361.7366313934326
1989-05-01,2.9645741902864895,5.077088356018066,5.510424956297263,5.69561429925867,-9.402931729952495,-232.89666175842285
1989-06-01,2.7170434364905725,7.230683326721191,5.381243656843137,1.6668744989343591,34.54757531483968,-127.03328132629395
1989-07-01,2.7666733815119815,3.974674940109253,5.2960298000237875,-0.9891160436578699,91.36195977528891,-0.938311405479908
1989-08-01,2.596951264601487,0.7923630475997925,5.352281912779197,-1.2744798853590682,120.13688087463379,32.917824387550354
1989-09-01,3.0108255606431227,3.1455812454223633,5.357805276528382,0.6647608570150427,96.78820768992107,-30.94237744808197
1989-10-01,2.5995867068950944,7.33483362197876,5.22305476359832,2.931516557126432,65.77559312184653,-125.65550804138184
1989-11-01,2.554674515357384,4.716395854949951,4.296420782040327,3.2895104305164233,16.634775201479595,-221.02739810943604
1989-12-01,2.209062392895038,-1.1642186641693115,1.8719787781055157,1.755749696009868,-49.70083634058635,-329.06553745269775
1990-01-01,2.324193991147555,-6.171358108520508,0.4770753093254872,0.3711876434248847,-94.448192914327,-398.3531951904297
1990-02-01,2.4597017581646257,-5.459875583648682,1.2165216299203725,1.2198114717328872,-115.0366226832072,-440.4265880584717
1990-03-01,3.1530383917001576,-6.180552005767822,3.7057039065238757,2.8175389444505847,-107.4264685312907,-439.37411308288574
1990-04-01,3.3258500465979943,-0.37456801533699036,4.659038323622483,5.121427935522956,-76.8646240234375,-390.9581422805786
1990-05-01,3.4556007385253906,5.585297584533691,6.355999677609175,5.306626010585476,-13.889791568120321,-275.5305290222168
1990-06-01,2.92667608994704,6.849377632141113,5.057814793708997,0.9245754899205388,45.34624020258586,-142.1573042869568
1990-07-01,3.2049909004798303,3.224046230316162,4.994686444600423,-1.0547435766941793,99.34450785319011,-27.700409293174744
1990-08-01,2.75178652543288,-0.1433040052652359,5.068744145906888,-1.0433940468607723,105.7697057723999,-22.610285878181458
1990-09-01,2.8937392968397875,1.9754117727279663,5.531655213771722,-0.06664799073257961,89.81893062591553,-60.32242178916931
1990-10-01,2.8310803266671987,4.429790019989014,5.296551264249361,1.689807144371239,65.5116319656372,-126.70828104019165
1990-11-01,2.763385589306171,2.829941987991333,4.168401925991743,2.8147726445584684,15.09462594985962,-217.6311731338501
1990-12-01,2.4458604592543383,-3.1968038082122803,1.9238415436866956,0.8286979552861806,-37.04839150110881,-312.24799156188965
1991-01-01,2.119565010070801,-8.33582878112793,0.6332909831633934,-0.5277495931934666,-81.75431887308757,-392.9853916168213
1991-02-01,2.3659335649930515,-8.722112655639648,1.9061895517202523,-0.5361670175114194,-113.12403678894043,-437.4224662780762
1991-03-01,3.169097533592811,-6.571866512298584,4.131424732697315,1.586262760935603,-116.01370970408122,-465.9041404724121
1991-04-01,3.7571243139413686,-0.6848989129066467,5.391808045216096,6.251342232162888,-75.31139055887859,-384.4442367553711
1991-05-01,3.8888094975398135,5.071389675140381,5.551410332704202,7.0447322484609245,-35.0234071413676,-281.49797916412354
1991-06-01,2.7628801419184756,6.013369083404541,5.7280234801463585,1.5871255784421354,5.660862227280935,-131.56167268753052
1991-07-01,3.4337722338162933,2.528836488723755,6.155110628176958,-0.5605556272171639,57.46868451436361,-11.4157035946846
1991-08-01,3.4293079376220703,0.24420081079006195,5.582800889626527,-1.7322533839457743,85.79355875651042,35.01683473587036
1991-09-01,3.2603241847111626,1.2013477087020874,5.822597405849359,-0.4005022548340462,81.37307167053223,-37.70564794540405
1991-10-01,2.861819083874042,4.05896520614624,4.877307476141514,2.0452074102453284,46.26486301422119,-100.42343139648438
1991-11-01,2.4591636657714844,1.5968331098556519,3.751722971598307,2.0313760718783818,3.184923777977626,-232.40172863006592
1991-12-01,1.9598889350891113,-3.5119996070861816,1.5123261855198786,-0.03662218868329718,-54.757114251454674,-326.6379117965698
1992-01-01,1.673138508429894,-8.14706802368164,-0.6263760037911243,-0.6523613591451902,-115.09944597880046,-397.94981479644775
1992-02-01,1.5214699048262375,-9.951187133789062,-0.5141647962423471,-0.8948052251661146,-142.55170822143555,-451.12061500549316
1992-03-01,2.110615143409142,-8.318411827087402,1.9537954758375118,0.015550991520285606,-141.308863957723,-455.3795337677002
1992-04-01,3.1216489351712737,-2.5127620697021484,5.163097992921487,3.339087640916979,-89.5739237467448,-407.23204612731934
1992-05-01,3.2883181938758264,4.882113456726074,6.318779480762971,5.6552925625362915,-18.7870721022288,-291.93389415740967
1992-06-01,3.3294442983774037,8.29184341430664,6.201294752267691,3.075557141690641,37.71264950434367,-115.86700677871704
1992-07-01,2.9722384306100698,5.411282539367676,5.5931788224440355,0.5734689735077523,69.64421272277832,-25.846019387245178
1992-08-01,2.6279121178847094,2.471966028213501,5.1026185353597,-1.7440982767053552,92.89842446645102,-17.97231435775757
1992-09-01,2.7001865093524637,3.8069281578063965,5.634589072985527,-0.545407590028402,95.02712090810141,-33.168476819992065
1992-10-01,2.488389015197754,5.351853847503662,5.798173562074319,1.4476268678098112,54.056692123413086,-149.59956407546997
1992-11-01,2.453305537884052,2.2096970081329346,4.19552295635908,2.7716520670297986,4.03465231259664,-235.7304811477661
1992-12-01,2.079609357393705,-1.5202021598815918,1.7632105411627352,1.5168713556753624,-54.20767863591512,-328.4070014953613
1993-01-01,1.952205621279203,-5.093595027923584,0.6419624273593609,-0.1347004360443837,-105.67046801249187,-405.4542541503906
1993-02-01,1.7814091535714955,-5.432540416717529,0.6479938824971516,0.3308572881930583,-123.00943533579509,-448.37474822998047
1993-03-01,2.129232149857741,-4.65158224105835,2.5581842813736353,0.9723258179587287,-113.23552131652832,-455.61370849609375
1993-04-01,2.995900007394644,-0.7367730140686035,4.7969393241099825,3.6937285113979033,-71.55723571777344,-391.19977951049805
1993-05-01,3.2323782260601335,5.013508319854736,5.851925336397611,6.269608961569296,-14.096978306770325,-265.99624156951904
1993-06-01,2.9847533886249247,7.874809265136719,6.226303638556065,2.7622963931109457,45.95959583918254,-127.26510763168335
1993-07-01,2.911906425769512,6.5645904541015625,6.432395714979905,0.21335726251473297,94.23306783040366,-50.092607736587524
1993-08-01,2.6818636747506948,3.012002944946289,6.291924378810784,-0.9835721673192205,114.11630312601726,13.273835182189941
1993-09-01,2.807664137620192,2.9663684368133545,5.9537960932804985,-1.0769860970007408,95.66918214162192,-54.67051863670349
1993-10-01,2.623602977165809,6.25473690032959,5.5898165091490135,1.5558207357251967,64.08338944117229,-157.8296661376953
1993-11-01,2.212497821220985,2.0221574306488037,4.021927026601938,2.3287344623256376,-2.7811852594216666,-251.14011764526367
1993-12-01,1.921247702378493,-3.7225565910339355,2.168465883303911,0.3996626750842945,-52.32269366582235,-379.31814193725586
1994-01-01,1.8835186958312988,-6.224626541137695,0.34783211274024767,-1.2007009338688206,-86.22163136800131,-426.9368648529053
1994-02-01,2.063448245708759,-8.781421661376953,1.2131751347810793,-1.4096838396948737,-105.83036740620932,-456.2305450439453
1994-03-01,2.4819124661959133,-4.074173450469971,2.3056999230996156,0.9818847920443561,-103.73222827911377,-450.75902938842773
1994-04-01,3.354190312899076,1.077755331993103,5.937993220793895,5.272881726960878,-56.63644075393677,-366.0465955734253
1994-05-01,3.5103808916532073,6.756248950958252,6.014790290441268,6.547443286792652,-6.67770653963089,-234.44602489471436
1994-06-01,3.199773201575646,6.920424461364746,5.847806808276054,1.3107836246490479,52.533094088236496,-125.20751953125
1994-07-01,3.2372581041776214,2.8270397186279297,5.282821410741561,-1.9676255213247764,69.92129484812419,-44.08122003078461
1994-08-01,2.9817163027249847,0.5865522623062134,4.874730415833302,-2.6068310479860046,99.27003383636475,-2.608330175280571
1994-09-01,2.860153455000657,2.5625123977661133,5.0615506294446115,-0.6611410025003794,96.75613244374594,-33.487263321876526
1994-10-01,2.6615172166090746,4.781143665313721,5.1450215853177586,3.372874775448361,54.89025513331096,-104.95020151138306
1994-11-01,2.1872826722952037,3.22585129737854,2.8946940715496354,2.6935181102237187,9.616798162460327,-214.6378755569458
1994-12-01,1.9937584950373721,-2.9568378925323486,1.4029316413096893,0.5388315062265139,-61.7676575978597,-322.7702856063843
1995-01-01,2.2097486716050367,-8.438752174377441,0.22100905577341715,-1.9076307077665586,-103.43839327494304,-393.55387687683105
1995-02-01,2.154090221111591,-9.179080963134766,0.007270146400118485,-0.8979666877437282,-112.3679002126058,-411.68365478515625
1995-03-01,2.1262605373676005,-8.463311195373535,2.737946693713848,1.6479115228395205,-109.06445980072021,-425.5527973175049
1995-04-01,3.0361230556781473,-1.7232104539871216,6.124792343530899,4.183935152517782,-75.41698614756267,-374.60834980010986
1995-05-01,3.2510053194486175,5.189445495605469,6.0481181511512165,5.699866526835674,-12.621628244717916,-211.19649410247803
1995-06-01,3.159758127652682,7.727934837341309,5.337023123716697,2.471355167595116,47.75193532307943,-83.10447931289673
1995-07-01,2.9928985008826623,4.079169273376465,4.866051368224315,-0.7094298665587967,70.0923760732015,-27.038899064064026
1995-08-01,3.1323876747718225,1.8361014127731323,5.3027275281074715,-0.7817312672331527,101.04476610819499,15.931619703769684
1995-09-01,3.2515672536996694,4.0216875076293945,5.25053158784524,0.22377937629416184,88.1047248840332,-9.727643430233002
1995-10-01,2.8936266899108887,7.151679992675781,5.928719960726224,2.807630074990762,55.91015418370565,-135.79598665237427
1995-11-01,2.4143268511845513,3.1108083724975586,4.794801809848883,2.5384806297920846,0.4096594639122486,-218.19641590118408
1995-12-01,2.0088744163513184,-2.463624954223633,1.4968415101369221,1.2562557652189925,-61.3084355990092,-318.3330774307251
1996-01-01,1.6135650414686935,-7.832057952880859,-0.2083479976042723,0.6682974663940636,-100.61837832132976,-386.234974861145
1996-02-01,1.95313233595628,-8.248022079467773,0.013050286529155878,0.24236730627111486,-106.28383954366049,-422.44744300842285
1996-03-01,2.3377319482656627,-3.698453903198242,2.2716422875722246,2.3006904769588163,-98.51183891296387,-445.2723026275635
1996-04-01,3.2172855964073768,0.8631684184074402,5.3722675030048075,4.4521492880743905,-60.65859794616699,-406.545352935791
1996-05-01,3.6026268738966722,7.084677696228027,5.524138303903433,6.101882135545885,17.153412103652954,-230.56066036224365
1996-06-01,2.7250300920926604,7.073042392730713,5.779498051374386,1.8250238251041722,59.407691160837814,-121.00541591644287
1996-07-01,2.8043792797968936,3.393383502960205,5.953540557470077,-1.4981611354930982,106.49898052215576,-10.648681223392487
1996-08-01,2.664963648869441,-1.7960964441299438,5.9278579858633185,-3.4404699866836137,119.19442017873129,11.06545627117157
1996-09-01,3.0094040357149563,1.461116075515747,5.59703019949106,-1.4748273669062435,101.73347791035971,-36.91658973693848
1996-10-01,2.263685006361741,3.0011727809906006,5.4006374799288235,0.6244044046144228,54.12406921386719,-148.44815731048584
1996-11-01,2.1967130440932054,-0.4172475039958954,4.361997812222212,1.2228627462644834,-5.585058033466339,-238.75086307525635
1996-12-01,1.9815932787381685,-3.961301565170288,2.349179677474193,0.059630741944184176,-57.94504483540853,-316.39442443847656
1997-01-01,2.031413958622859,-7.632761001586914,0.44328383146188194,-1.0653180850518718,-91.37384096781413,-387.4741315841675
1997-02-01,2.1256802632258487,-8.928949356079102,0.4440003862747779,-0.897221065856315,-112.96362082163493,-436.293363571167
1997-03-01,2.8977439953730655,-5.443047046661377,3.227753211290408,1.6827325563173037,-116.27127329508464,-442.671537399292
1997-04-01,3.5003574077899637,-0.3384861648082733,5.328595943939991,5.463256062688054,-78.3632755279541,-388.5720491409302
1997-05-01,3.0551981925964355,5.125474452972412,5.933565971178886,5.2464739696399585,-10.979187488555908,-243.8277006149292
1997-06-01,3.6423176985520582,8.667953491210938,5.404187471438677,3.962162056484738,56.532422701517746,-97.73629903793335
1997-07-01,3.276541783259465,5.452208995819092,4.769406563196426,0.5815197889869278,88.10993830362956,-25.277376174926758
1997-08-01,3.1000672853910003,2.038090229034424,4.500639132964305,-0.5772746092564351,92.41840839385986,3.906359523534775
1997-09-01,2.8665195978604827,3.103916645050049,5.369070248726087,0.4328105095270518,87.70172595977783,-85.25031805038452
1997-10-01,2.0537435091458836,5.1831955909729,5.451717132177108,2.9575003160012736,58.204642931620285,-132.80861377716064
1997-11-01,1.7063515002910907,2.0838465690612793,4.014918743035732,3.453012414880701,-4.8034484187761946,-248.42538833618164
1997-12-01,1.5817838448744552,-5.7843146324157715,1.4452020327250161,1.3842313676267057,-69.13496653238933,-355.53479194641113
1998-01-01,1.7769081775958722,-9.108820915222168,-0.05939107579298508,0.5389609852352658,-113.79237174987793,-433.21423530578613
1998-02-01,1.802394940302922,-10.295127868652344,0.23393587042123842,0.86143886720812,-127.0045836766561,-480.3922176361084
1998-03-01,2.3568087357741137,-8.932437896728516,1.8500667351942794,2.0619350510674552,-113.74833583831787,-472.5984573364258
1998-04-01,3.9338449331430287,0.6631950736045837,5.243504964388333,5.41553561751907,-66.42269293467204,-381.50033950805664
1998-05-01,4.295961673443134,7.510229587554932,7.433183376605694,6.387439289608517,-7.868087291717529,-246.1658477783203
1998-06-01,3.773688536423903,8.649730682373047,6.496466734470465,3.642534887468493,65.29463529586792,-77.88443565368652
1998-07-01,3.2543244728675256,3.751433849334717,6.594038620973245,-0.4245676301621102,96.80896600087485,-14.988809823989868
1998-08-01,3.3063514416034403,2.92975115776062,6.779829661051432,-0.838028740238499,129.23518816630047,32.887089252471924
1998-09-01,3.3538649632380557,4.238795280456543,6.210120519002278,-0.5691579870275549,115.7008727391561,-40.732041001319885
1998-10-01,2.825810175675612,5.784787654876709,6.470246192736504,0.6511132459382754,75.63393910725912,-137.57280111312866
1998-11-01,2.2857113984914927,3.6266088485717773,5.468323291876377,1.7233379789300867,23.386134703954063,-229.06255722045898
1998-12-01,2.3381732060359073,-1.4323400259017944,3.926711204724434,1.6027031718073665,-17.828925450642906,-318.050217628479
1999-01-01,2.025323280921349,-5.757402420043945,2.341451247533162,-0.6253535683090622,-56.75977071126302,-383.0065727233887
1999-02-01,2.3740130204420824,-6.841727256774902,3.097638411399646,-0.5219291996311497,-83.40052763621013,-397.94647693634033
1999-03-01,2.9569304906404934,-4.131038665771484,4.147985653999524,1.8330801177669216,-82.99083709716797,-388.88583183288574
1999-04-01,2.8823377535893364,2.193535327911377,6.127552497081267,4.758361223581675,-44.901116689046226,-349.92213249206543
1999-05-01,2.9643080784724307,5.884507656097412,5.816351450406588,3.9556016793122164,8.819058537483215,-266.2242889404297
1999-06-01,3.0444035163292518,6.783133506774902,4.897567859062781,1.7144812119973674,74.49114322662354,-118.1492567062378
1999-07-01,3.064469557542067,3.783799886703491,5.384489817497058,-0.8555067552102579,105.13532161712646,-10.139729082584381
1999-08-01,3.3795910615187426,1.3875101804733276,5.167089364467523,-1.4806913362967002,127.13816165924072,48.88394474983215
1999-09-01,3.6853716923640323,3.4530370235443115,5.498411716558994,-0.14218544033733574,106.70840740203857,-39.69206213951111
1999-10-01,2.879786491394043,8.47989273071289,6.019037197797726,1.887515589997575,77.66558329264323,-115.99078178405762
1999-11-01,2.676391968360314,4.460346221923828,4.18558854323167,3.3691306371946594,19.10030245780945,-248.3344316482544
1999-12-01,2.418040679051326,-1.597578763961792,2.075376418920664,1.329790337665661,-50.39366086324056,-333.25018882751465
2000-01-01,2.2622312032259426,-5.811717987060547,0.7366816966961591,-0.2174447718504313,-87.69975503285727,-393.0619478225708
2000-02-01,2.285646842076228,-8.53460693359375,1.172394553820292,-0.8836891200091388,-116.04174772898357,-416.7569160461426
2000-03-01,2.658306268545297,-5.640687465667725,3.660912391466972,0.6257597256351162,-106.7419449488322,-424.3563175201416
2000-04-01,2.8223553070655236,1.654732584953308,5.24451916034405,4.723365886791332,-48.04652531941732,-327.5536775588989
2000-05-01,3.5456345631526065,6.888473033905029,5.974185161101512,5.199113085463241,10.438748200734457,-230.36394119262695
2000-06-01,3.4992122650146484,7.764890193939209,5.668137012383877,1.2043463217245567,59.790754318237305,-112.23124265670776
2000-07-01,3.317435337946965,4.209352493286133,5.592692815340482,-0.7974658463452313,105.08962472279867,8.155650645494461
2000-08-01,3.193207520705003,1.932620644569397,5.63346789433406,-0.7342779958570326,129.64437007904053,25.78822374343872
2000-09-01,3.2919949751633863,3.088871955871582,5.548382416749612,-0.5705712212098611,92.70688692728679,-18.797503411769867
2000-10-01,2.878919931558462,8.11243724822998,5.650064272758288,2.0059168338775635,59.108543395996094,-137.78202533721924
2000-11-01,3.05526825097891,4.334386348724365,3.9216066018129005,3.4931927113919645,5.444769561290741,-241.92698001861572
2000-12-01,2.6735929342416616,-2.569425582885742,2.729773827088185,1.4724339987780597,-50.894554456075035,-334.2284917831421
2001-01-01,2.2997184900137095,-6.783195972442627,1.20699100005321,-1.3259366557404801,-94.49109236399333,-393.7356472015381
2001-02-01,2.3799111292912407,-8.462347030639648,1.3812598509666247,-0.6736888676076322,-112.75057792663574,-427.5388717651367
2001-03-01,2.759855343745305,-5.860952377319336,2.8683255880306926,1.855881471891661,-91.28781954447429,-418.78862380981445
2001-04-01,3.163054172809307,0.8606148958206177,6.336595461918757,5.262618129317825,-47.604831059773765,-369.9110269546509
2001-05-01,3.2426735071035533,5.591375350952148,6.480879050034743,5.858679719873376,6.731849908828735,-222.50239849090576
2001-06-01,3.1118110510019155,4.858484268188477,5.728116402259239,0.4572555020048812,55.458009243011475,-115.36780595779419
2001-07-01,3.1412704174335184,1.7287386655807495,5.041076281131842,-2.000699977617006,92.29574203491211,-19.832269847393036
2001-08-01,3.217741526090182,-0.1588856726884842,5.6215787545228615,-2.0073410627004264,116.10239346822104,29.735708236694336
2001-09-01,2.9817991990309496,2.567803144454956,6.144294983301407,0.19799883703927737,97.54428068796794,-38.25154006481171
2001-10-01,2.4759773107675405,5.528765678405762,5.636264727665828,1.5224147487331081,71.26906712849936,-133.44885110855103
2001-11-01,2.534386011270376,3.5998923778533936,4.594396627866304,2.2976334030563765,13.844886422157288,-243.58932971954346
2001-12-01,2.5462874999413123,0.7822001576423645,2.202660762346708,1.3313709884076506,-33.355192343393966,-339.0772819519043
2002-01-01,2.273084750542274,-4.986541271209717,0.29816474670018905,-0.6489833867227709,-81.00275198618571,-407.2646141052246
2002-02-01,2.0737712199871354,-9.478018760681152,0.6071265309284894,-1.5530652291065938,-103.32238674163818,-431.4940929412842
2002-03-01,2.581651394183819,-4.891387939453125,2.897331653497158,0.6111456735714061,-84.90716616312663,-411.4058017730713
2002-04-01,3.5080972084632287,1.9788929224014282,5.832323049887632,4.501054738018964,-54.16992108027141,-377.05843448638916
2002-05-01,3.3697388722346377,7.136379718780518,5.5238399750147105,3.4617575439246924,6.015058855215709,-276.71072483062744
2002-06-01,3.2827751453106218,7.911922931671143,5.954318168835762,0.4954085559458346,57.439096768697105,-142.9374098777771
2002-07-01,3.4595654560969424,3.0272340774536133,6.431810061136881,-1.3883758235622097,99.15788173675537,-19.10005509853363
2002-08-01,3.2157413776104264,-0.3100621700286865,5.587509350898938,-2.2663174448786556,112.65786488850912,13.540370762348175
2002-09-01,3.557278192960299,0.48888707160949707,5.195134113996457,0.4375242300935694,92.85074869791667,-30.53315579891205
2002-10-01,3.102608460646409,7.505124092102051,6.218709701146834,3.207714171022982,67.8904930750529,-110.34426689147949
2002-11-01,2.5432416108938365,3.552823543548584,4.0912209412990475,2.9670045182511613,1.9287330408891044,-223.1236219406128
2002-12-01,2.4665260314941406,-2.059908151626587,2.4097717725313625,1.1824525691367485,-56.38867219289144,-363.1653308868408
2003-01-01,2.11621486223661,-7.229677200317383,0.7258404523898393,-2.105877689413122,-101.82187557220459,-415.6097888946533
2003-02-01,2.480633992415208,-7.682516574859619,1.185153386531732,-0.19139864960232297,-113.58986695607504,-443.9608097076416
2003-03-01,2.9982944635244517,-4.4441657066345215,2.9472072919209795,1.723382279679582,-109.50330098470053,-467.1527862548828
2003-04-01,3.6662850013146033,1.8976445198059082,5.7160701507177105,4.9950944410788045,-66.75172646840414,-437.2565746307373
2003-05-01,3.719199620760404,7.091627597808838,5.9341155565702,6.303298795545423,-9.037310878435772,-275.5257844924927
2003-06-01,3.841897891117976,8.735036849975586,5.75101864643586,3.684146339828904,54.53437964121501,-159.92740392684937
2003-07-01,3.3303165435791016,5.887179374694824,5.511164665222168,-1.1779186693397727,83.15383593241374,-69.28387880325317
2003-08-01,3.3839101057786207,1.2306931018829346,5.041402731186304,-2.7055302181759395,111.96765899658203,6.979785859584808
2003-09-01,3.3835700842050405,1.3378289937973022,4.998375819279597,-1.3719971115524705,92.29243596394858,-40.9062385559082
2003-10-01,2.7657826130206766,5.0490241050720215,4.963348462031438,1.391530520207173,61.03951136271159,-108.13295841217041
2003-11-01,2.404802579146165,1.5580670833587646,4.533295753674629,1.567120970906438,-9.333178400993347,-233.20932388305664
2003-12-01,2.2185461337749772,-3.8353633880615234,2.0281168130727916,0.25510896702070496,-62.53695090611776,-330.1414966583252
2004-01-01,2.1733812185434194,-7.356884479522705,0.7157424321541419,-1.1094632986429576,-90.05318482716879,-374.4009256362915
2004-02-01,2.3830883319561296,-8.520394325256348,0.49205368910080344,-0.8415907621383667,-107.0747454961141,-406.87804222106934
2004-03-01,3.127914208632249,-3.260474681854248,2.5774906843136516,1.2533706587714117,-92.65957673390707,-402.5404930114746
2004-04-01,3.6695586718045745,1.4832156896591187,6.010099557729868,4.8437466492524015,-61.15582386652629,-365.06996154785156
2004-05-01,3.1574157568124623,6.649847507476807,6.204594709934332,3.7870742179252006,-4.532254238923391,-245.66950798034668
2004-06-01,3.229831915635329,6.7298736572265625,5.734881376608824,-0.18604568935729363,47.10407654444377,-118.16188097000122
2004-07-01,3.0585079926710863,3.5863664150238037,5.51148377932035,-1.9591112394590635,92.35670566558838,-50.614482164382935
2004-08-01,3.195315874539889,-0.13185372948646545,5.491069646982046,-2.75988836546202,107.8832228978475,18.172530829906464
2004-09-01,3.126908449026254,2.181675434112549,5.72971564072829,-0.3347784683511064,89.03999328613281,-37.72807717323303
2004-10-01,2.9710789827200084,4.501318454742432,5.575386071816468,2.0525912980775574,65.18051624298096,-130.80507516860962
2004-11-01,2.442183127770057,3.0977368354797363,3.754145976824638,1.9667646369418583,17.921894788742065,-229.00559902191162
2004-12-01,1.988715942089374,-1.591586709022522,1.6025978785294752,-0.012493433078398576,-60.6414794921875,-347.18520641326904
2005-01-01,1.9027282641484187,-7.643035888671875,0.38045927500113463,-1.4971512394982416,-109.87677574157715,-413.02452087402344
2005-02-01,2.0671908672039323,-9.942268371582031,1.2735385925341876,-1.2893693672644126,-128.4641186396281,-456.11205101013184
2005-03-01,2.6569555355952335,-6.481147289276123,2.677762202727489,0.8436559825330168,-115.13373851776123,-462.53247261047363
2005-04-01,3.3677504612849307,0.6706351637840271,5.9687455495198565,4.545324879723626,-73.34221998850505,-381.6608190536499
2005-05-01,3.6363957478449893,7.054091453552246,6.996602889819023,6.352666262033823,-10.683227578798931,-242.24231243133545
2005-06-01,3.294068850003756,9.681922912597656,6.532474664541391,2.136487735284341,47.71294593811035,-111.81315183639526
2005-07-01,3.0732156680180474,4.007066249847412,6.27752817594088,-1.721316737097663,82.43715763092041,-17.158153653144836
2005-08-01,3.4410909505990834,0.887262225151062,5.4767321317623825,-1.4237527911727492,109.7736676534017,37.09234893321991
2005-09-01,3.232574096092811,2.2035937309265137,6.207194083776229,-0.5568546217841072,94.67762311299643,-25.126585364341736
2005-10-01,2.6386180290809045,5.068140506744385,5.461685474102313,1.841577484801009,61.133456230163574,-105.75073957443237
2005-11-01,2.2396639677194448,3.0047359466552734,4.212033137297019,2.7852258166751347,5.009197195370993,-217.39122867584229
2005-12-01,1.8256462537325344,-4.518709182739258,1.9855823272313826,-0.20467798049385483,-41.67836904525757,-309.62541103363037
2006-01-01,1.695098876953125,-8.481605529785156,1.2776422194945507,-1.6706985396307867,-94.75217660268149,-405.58557510375977
2006-02-01,1.8873972159165602,-6.834935665130615,1.5041031898596346,-1.2751474573805526,-111.99202537536621,-453.37581634521484
2006-03-01,2.6119613647460938,-4.557451248168945,4.098096260657677,1.0539932830913648,-100.58503150939941,-430.7147026062012
2006-04-01,3.1570669320913463,0.06682087481021881,5.887323159437913,4.844757995089969,-57.33413298924764,-374.68879222869873
2006-05-01,3.5401087540846605,5.428376197814941,5.965320880596454,6.038504677849847,14.57440753777822,-246.95205688476562
2006-06-01,3.3936533561119666,7.256351947784424,5.56785876934345,1.8016560657604321,67.9574728012085,-67.96194314956665
2006-07-01,3.080752446101262,2.096320867538452,5.312654910943447,-2.0873598150304846,83.79714488983154,-18.289226293563843
2006-08-01,3.375362983116737,-0.48299238085746765,4.3580678793100205,-1.0773414695585097,108.85226726531982,46.84841334819794
2006-09-01,2.928670553060678,3.9211618900299072,4.945494884099715,-0.4980139635704659,100.76396465301514,-32.28842914104462
2006-10-01,2.991943175976093,5.98805046081543,5.315467638847156,2.2204995155334473,66.34554465611777,-119.09562349319458
2006-11-01,2.514205895937406,3.997224807739258,4.306621429247734,3.2713957735010095,15.594641367594402,-214.18616771697998
2006-12-01,2.180377336648794,-3.4597485065460205,1.820984559181409,1.1604611938064162,-74.76078669230144,-346.449613571167
2007-01-01,1.9215745192307692,-7.7933268547058105,-0.7484809710429264,-0.4191415938171181,-117.14196999867758,-408.074426651001
2007-02-01,1.8972156598017764,-7.012451171875,-0.2882206287139501,0.8818773804484187,-119.43213144938152,-436.85107231140137
2007-03-01,2.601393369527963,-4.898952484130859,1.3430441037202492,2.1550273573076404,-106.36185805002849,-447.2991943359375
2007-04-01,3.4088949056772084,1.9986828565597534,4.660535775698148,5.28705796679935,-63.88578017552694,-409.70163345336914
2007-05-01,3.87083860544058,7.9329376220703125,5.478186485094902,6.604945337450182,14.362927277882894,-261.9922637939453
2007-06-01,3.3992958068847656,8.758719444274902,5.956450486794496,2.5987357706636995,58.50948095321655,-105.09319305419922
2007-07-01,3.220072159400353,5.959935188293457,5.368178930038061,-0.06097704675552008,92.81334082285564,-37.717124819755554
2007-08-01,3.46068418942965,3.196390151977539,5.412032665350498,0.13168339391012449,123.649001121521,30.888056755065918
2007-09-01,3.505151455218975,6.276774883270264,5.7746477616138945,0.9158465507868174,111.04485193888347,2.1370816975831985
2007-10-01,3.187734530522273,6.824770450592041,5.507711263803335,2.9405754965704842,69.19098695119223,-110.4802131652832
2007-11-01,2.8739402844355655,4.57339334487915,4.699260149246607,2.9768624821224727,15.919130047162374,-229.06033992767334
2007-12-01,2.5652955128596377,-0.8981893658638,2.0701339611640344,1.1603348963969462,-40.56574900945028,-335.4870319366455
2008-01-01,2.660413521986741,-6.596616268157959,1.3240400033119397,0.039817380240640125,-98.17672570546469,-409.7407341003418
2008-02-01,2.4533356153048,-10.843091011047363,1.713654475334363,-1.410747057682759,-127.90401776631674,-446.64597511291504
2008-03-01,2.395199628976675,-6.327023029327393,2.9940446217854815,0.4308095252191698,-102.26082007090251,-428.8480281829834
2008-04-01,2.782280995295598,0.40457233786582947,5.59843503511869,3.758863178459374,-54.70170180002849,-340.8018112182617
2008-05-01,3.3457539631770206,6.641733169555664,4.899349273779453,5.041670477068102,8.036992450555166,-233.79812240600586
2008-06-01,3.370374899644118,6.661145210266113,5.346828240614671,1.6486565808992129,43.8564936319987,-127.37466096878052
2008-07-01,3.1597471237182617,2.6679728031158447,4.991719050285144,-1.1014952852919295,86.60670916239421,-18.358969688415527
2008-08-01,3.1217101904062123,0.29204699397087097,4.560944055899595,-1.9694592501666095,102.53299077351889,33.41611325740814
2008-09-01,3.406087802006648,2.870046377182007,5.350288366660093,-0.019850935535253706,93.44870249430339,-20.13596147298813
2008-10-01,3.311660473163311,5.9770989418029785,6.29735237512833,2.4609884700259648,55.130672454833984,-123.01160097122192
2008-11-01,2.836761107811561,2.320760726928711,4.2232956641759625,2.1059580751367517,-3.9909114440282187,-241.54930114746094
2008-12-01,2.4459442725548377,-2.2313387393951416,2.0156788520323925,0.08032460369773814,-60.89947621027629,-331.0154438018799
2009-01-01,2.009476514963003,-5.838436603546143,0.0461060840349931,-1.1340045445674174,-105.46982288360596,-401.9230842590332
2009-02-01,2.0889018132136417,-6.600411891937256,0.8064247858829987,-0.5303206073271262,-117.62135028839111,-433.38770866394043
2009-03-01,2.8444191125723033,-4.020075798034668,3.40579350789388,1.404932060757199,-104.1944185892741,-432.16705322265625
2009-04-01,3.2427252255953274,0.4720876216888428,5.1108305270855245,4.510468083458978,-70.87350686391196,-402.2050380706787
2009-05-01,3.302151606633113,5.347562313079834,5.5694158260638895,5.714971954758103,-2.596183866262436,-263.96265029907227
2009-06-01,3.097233772277832,7.452891826629639,4.42893902460734,3.0719869845622294,50.66363414128622,-125.44304132461548
2009-07-01,2.98555117387038,3.794511318206787,4.4321854909261065,-0.6377483944635134,81.53718312581381,-27.20842957496643
2009-08-01,3.042111946986272,1.8379557132720947,5.141315093407264,-0.9746388809101002,93.12295913696289,-24.669884145259857
2009-09-01,3.037731097294734,4.379810333251953,5.35736817580003,0.032195743374727866,90.1200532913208,-53.34702134132385
2009-10-01,3.222037828885592,5.715059757232666,5.0312341787876225,2.00560576206929,51.39503876368205,-122.92407751083374
2009-11-01,2.542736530303955,1.8342941999435425,4.249754013159336,2.2018616263930864,3.5317907730738325,-228.84955406188965
2009-12-01,2.490586500901442,-3.5172791481018066,1.8128541799692006,1.4145743202518772,-61.303679148356125,-339.33188915252686
2010-01-01,2.1019249695997972,-7.671476364135742,0.5351777260120099,-1.1242671592815503,-91.34502410888672,-385.8666181564331
2010-02-01,2.274585320399358,-8.449952125549316,0.8267122201430491,-0.5536285203856391,-104.51722145080566,-437.7570152282715
2010-03-01,2.799528562105619,-4.386973857879639,2.985681325961382,2.0732497846758045,-84.47549343109131,-443.753719329834
2010-04-01,3.596729865440955,2.580551862716675,6.129677479083721,5.668621449857145,-52.867563565572105,-388.4050130844116
2010-05-01,3.8589000701904297,9.14638900756836,7.604291500189365,5.581583847870698,2.01896404226621,-245.1462984085083
2010-06-01,3.605626546419584,8.41592788696289,6.114907753773225,2.1999670041574015,60.70521672566732,-42.18760430812836
2010-07-01,3.444634951077975,6.213114261627197,6.23327218569242,-0.38457412172008204,94.24522717793783,42.35484600067139
2010-08-01,3.3753637167123647,4.0256733894348145,6.394146038935735,-1.4793534536619444,119.59593296051025,69.14330124855042
2010-09-01,3.478604096632737,4.811387538909912,6.707942791474171,-0.44545704448545304,110.26512781778972,-14.926867187023163
2010-10-01,2.926365595597487,8.167356491088867,6.301450729370117,1.512482520696279,77.47395833333334,-117.58321523666382
2010-11-01,2.7663164872389574,4.632229804992676,4.815065555083446,3.151587537817053,18.294779459635418,-214.35787677764893
2010-12-01,2.1331108533419094,-2.523075580596924,3.140406119517791,0.195307083226539,-38.66091171900432,-270.85580825805664
2011-01-01,1.8513815219585712,-7.802568435668945,1.4030120311639247,-1.6374871537492082,-85.09416580200195,-356.5032958984375
2011-02-01,2.046216818002554,-7.787502765655518,1.4983748778318746,-1.6922098559302252,-109.8839521408081,-417.52519607543945
2011-03-01,2.727545591501089,-4.7846198081970215,2.6027875068860173,0.3972186832814603,-104.93866602579753,-436.72447204589844
2011-04-01,3.2240178034855766,1.4626312255859375,5.0021568934122715,3.868837614317198,-64.64114983876547,-376.68466567993164
2011-05-01,3.4246444702148438,6.855037689208984,5.812317285782251,5.846517150466506,4.550854365030925,-243.2384729385376
2011-06-01,3.5040727028479943,7.299816608428955,5.568518394078963,2.3780315308957487,55.495198567708336,-78.0288577079773
2011-07-01,3.408825947688176,4.2779927253723145,5.64583692795191,0.3451719880104065,94.34191385904948,29.561826586723328
2011-08-01,3.6722894815298224,2.988499879837036,5.436953520163511,0.4339936617258433,113.65787188212077,35.963982343673706
2011-09-01,3.6979557917668266,4.052509784698486,5.175119791275415,0.5603127785631128,101.42521858215332,-44.2476361989975
2011-10-01,3.8785919776329627,7.256739139556885,6.237987371591421,3.6916845553630107,57.99487431844076,-143.0120587348938
2011-11-01,3.5233706694382887,4.528172016143799,4.849674151493953,3.4300527057132206,-3.578346719344457,-286.8671417236328
2011-12-01,3.001892016484187,-1.4253417253494263,2.5034225904024563,1.5639677241041854,-69.3170706431071,-377.6857376098633
2012-01-01,2.389707565307617,-7.2125115394592285,1.110944839624258,-0.5189439734897098,-103.59335740407309,-414.9693965911865
2012-02-01,2.207460403442383,-10.335989952087402,0.9989081284938715,-0.9589549657460805,-127.15042432149252,-464.52059745788574
2012-03-01,2.541082822359525,-8.521401405334473,3.3367248681875377,0.3150953835732228,-126.84605916341147,-475.59146881103516
2012-04-01,3.1832449252788835,-0.8749290108680725,5.719972268129006,4.497067992751663,-70.2552318572998,-362.3822212219238
2012-05-01,3.3818718103262095,5.169305324554443,5.540021260579427,6.845047022845294,3.806490202744802,-177.98149585723877
2012-06-01,3.276494466341459,7.325904846191406,4.485352834065755,2.0209148123457625,50.78275998433431,-61.87358498573303
2012-07-01,3.4604740142822266,4.394933700561523,4.612904328566331,0.21690013440879616,91.06849829355876,-21.440744400024414
2012-08-01,3.7136077880859375,1.6236209869384766,4.464377806736873,1.2031013901169236,106.55862490336101,38.83715569972992
2012-09-01,3.5605966127835784,3.701906204223633,4.274712464748284,1.5116862348608069,98.30739498138428,-33.56750309467316
2012-10-01,3.268484335679274,6.411579132080078,5.506576635898687,3.97026184442881,64.5989179611206,-84.30050015449524
2012-11-01,2.7096113791832557,3.030780553817749,4.492008686065674,3.4123088862444906,11.704707145690918,-197.70777225494385
2012-12-01,2.403417000403771,-2.3485302925109863,2.32846614642021,1.9839860297538139,-51.730640729268394,-313.1551742553711
2013-01-01,2.2687723086430474,-7.284782886505127,1.2858603245172744,-0.25224534643662944,-97.39412466684978,-396.28467559814453
2013-02-01,2.3510223168593187,-8.958084106445312,1.3382367598704803,-0.7248911503198985,-110.86924076080322,-430.7713985443115
2013-03-01,3.040936176593487,-5.298479080200195,2.939516764420729,1.751682726112572,-96.51319185892741,-427.0888328552246
2013-04-01,3.4982087061955376,-0.6540120244026184,5.5040561235868015,5.117667043531263,-57.83887306849162,-359.66031551361084
2013-05-01,3.145451545715332,6.67057466506958,5.926890250964043,4.638073895428632,-8.889362215995789,-213.06798458099365
2013-06-01,2.7920662439786468,6.1652302742004395,5.000690619150797,-0.4086585866438376,42.966536680857345,-91.75539016723633
2013-07-01,2.7424069551321177,1.0409778356552124,4.324979965503399,-2.2336022273914233,92.84555912017822,-10.53008958697319
2013-08-01,2.8551512498121996,-0.899712324142456,4.484650110587095,-1.8106210876155544,103.68154048919678,-2.1892067044973373
2013-09-01,3.000392180222731,3.2941348552703857,5.017497600653233,-0.2360428507263596,92.97283490498862,-27.5188148021698
2013-10-01,3.1627838428203874,6.599215984344482,4.842909177144368,2.8467072022927775,47.489384810129806,-138.03560733795166
2013-11-01,3.055263115809514,3.102644681930542,4.146181008754632,3.68991316975774,-3.674257298310598,-234.5390796661377
2013-12-01,2.2960860912616434,-2.6752359867095947,1.4660896399082282,0.6776637322193868,-63.60978285471599,-342.85361766815186
2014-01-01,2.14530009489793,-9.412410736083984,0.14885557958712944,-1.4055968941868964,-109.43248271942139,-400.98562240600586
2014-02-01,2.2484117287855883,-10.433494567871094,0.2232641936876835,-1.2376115128800675,-120.62417666117351,-447.46031761169434
2014-03-01,2.4460719181941104,-7.077050685882568,1.835504250648694,0.7916585013673112,-99.41508769989014,-436.0013008117676
2014-04-01,3.062444100013146,0.17939381301403046,5.209219150054149,4.478100183847788,-53.879102071126304,-379.06410694122314
2014-05-01,3.4234189987182617,6.341143608093262,6.022189825009077,5.957200076128985,12.64866590499878,-202.7195930480957
2014-06-01,3.059430855971116,7.593773365020752,5.341791495298728,1.27118342631572,58.60370397567749,-87.79065608978271
2014-07-01,3.1053847533005934,3.5173730850219727,5.115645971053686,-1.8072224952079154,96.55146598815918,-4.539885371923447
2014-08-01,3.111009964576134,0.26734328269958496,5.269618523426545,-2.107547747122275,104.99504407246908,39.349764585494995
2014-09-01,3.198472169729379,2.6980090141296387,4.933244448441726,-0.2667696693459073,98.0648676554362,-11.267880350351334
2014-10-01,3.0573846743657036,6.904358386993408,5.630095799763997,3.0924104355477,60.19999186197917,-154.45772409439087
2014-11-01,2.4841495660635142,2.184638738632202,4.029366297599597,2.7890978632746517,-9.630579749743145,-283.2843065261841
2014-12-01,2.268165258260874,-2.7949843406677246,2.3676953254601893,0.12677201145404093,-62.12676763534546,-364.0887975692749
2015-01-01,1.9791894692641037,-8.084918022155762,1.124241183965634,-2.7091042415515796,-97.21834659576416,-407.50255584716797
2015-02-01,2.126930493574876,-8.58895206451416,0.49864462552926475,-2.0448929554707296,-103.88451417287192,-437.3065948486328
2015-03-01,2.8794644429133487,-6.565299034118652,2.510602504779131,0.7756018960798109,-99.71748193105063,-438.6942386627197
2015-04-01,3.4514559232271633,0.3612465262413025,4.900982441046299,5.029790788083464,-62.569574515024826,-392.07661151885986
2015-05-01,3.6214546056894155,7.236085414886475,5.892638671092498,5.758930541373588,2.9330335557460785,-243.9305305480957
2015-06-01,3.634243745070237,7.139813423156738,5.3923295094416686,1.199104093216561,56.138503551483154,-86.83964610099792
2015-07-01,3.392366262582632,1.9723339080810547,4.75160586528289,-1.5973266717549917,85.482128461202,7.4327826499938965
2015-08-01,3.410962911752554,0.2840147912502289,4.592030781965989,-0.3842035660872588,119.34376557668051,32.38474130630493
2015-09-01,3.1998355572040262,4.491530895233154,4.4668970963893795,1.182402388469593,96.95456027984619,-19.62190717458725
2015-10-01,3.144814051114596,7.768496513366699,5.281558403602013,3.5083574217719002,61.902427673339844,-137.80521154403687
2015-11-01,2.6087245574364295,3.0037381649017334,3.8347357358687963,3.1533234828227275,-3.6455370485782623,-288.6850118637085
2015-12-01,2.507948875427246,-3.586848258972168,2.206351665350107,0.3797103021595929,-71.0145394007365,-373.9392042160034
2016-01-01,2.217398973611685,-7.698726654052734,0.49828745615787995,-1.2596790049527142,-108.35939248402914,-422.58167266845703
2016-02-01,2.209177934206449,-9.34866714477539,0.6152062844007443,-1.596768804498621,-122.69218762715658,-447.25303649902344
2016-03-01,2.824271092048058,-4.983861923217773,2.5599634036039696,1.9191286048373661,-101.56707763671875,-437.16678619384766
2016-04-01,3.759617805480957,0.011563275940716267,5.311733637100611,4.9502421069789575,-70.5676794052124,-375.5553722381592
2016-05-01,3.725753197303185,6.648950099945068,6.7293943502964115,4.637893470557961,5.64911812543869,-230.2912473678589
2016-06-01,3.029940678523137,7.063195705413818,5.057980464054988,-0.20962186359070442,47.95102278391521,-99.49316382408142
2016-07-01,2.766739588517409,1.9105360507965088,5.177210538815229,-3.774454786970809,95.92391649881999,-18.786650896072388
2016-08-01,2.68679692195012,0.11517751216888428,5.338283685537485,-2.4526501024091565,118.11730861663818,45.35548686981201
2016-09-01,2.466591871701754,2.046851396560669,5.095846836383526,-2.1584849099855163,99.9907652537028,-29.345503449440002
2016-10-01,2.5633722085219164,3.584179401397705,4.830776422451704,1.0710301431449685,51.69265667597453,-146.00750207901
2016-11-01,2.217220343076266,0.16878893971443176,4.065888661604661,1.683087767781438,1.3491996874411902,-283.377742767334
2016-12-01,1.8608966240516076,-3.3533084392547607,2.1929193765689163,0.5075379803374007,-60.43112675348918,-382.5856685638428
2017-01-01,1.627508676969088,-7.087986946105957,0.5236678016491425,-1.2541750798354279,-97.46108849843344,-424.6234893798828
2017-02-01,1.6989513543935921,-9.0972261428833,0.2277529965608548,-1.3431390395035614,-127.42702960968018,-456.76846504211426
2017-03-01,2.2962065843435435,-6.440787315368652,2.1148933814122124,0.584636427260734,-113.14828395843506,-442.91744232177734
2017-04-01,2.8437517239497256,-0.2783796191215515,3.870835059728378,4.464013834257384,-58.80584319432577,-385.51204204559326
2017-05-01,3.2373743790846605,5.763229846954346,6.060341688302847,5.545319093240274,9.111756086349487,-251.78301334381104
2017-06-01,3.055094205416166,7.678156852722168,5.167224468329014,1.5602087652361072,53.763016064961754,-116.78972244262695
2017-07-01,3.2202757321871243,2.3011248111724854,4.757534846281394,-1.5437627160871352,96.84689044952393,-15.443840622901917
2017-08-01,3.2513358042790337,0.8983420729637146,5.436564103150979,-1.214131068538975,115.37740230560303,47.07489311695099
2017-09-01,3.1829254443828874,4.037868499755859,6.213878362606733,-0.1691773332454063,106.19204044342041,16.810058057308197
2017-10-01,3.165425153879019,7.059413433074951,5.802098298684144,2.5360202467119373,70.23890018463135,-144.23929452896118
2017-11-01,2.8149225161625786,2.4511828422546387,4.593554521218324,2.945094173018997,12.805124123891195,-216.65468215942383
2017-12-01,2.2796542827899637,-5.187245845794678,2.7585362776731834,-0.3987820164577381,-58.36705764134725,-312.7398729324341
2018-01-01,2.040237463437594,-8.46094036102295,0.9784742043568537,-2.5372319930308573,-96.17436726888022,-385.62426567077637
2018-02-01,2.471619019141564,-8.206818580627441,0.9675150498365744,-1.3366422943166785,-106.92972342173259,-435.406494140625
2018-03-01,2.8976983290452223,-3.6668198108673096,2.879966833652594,1.2884964008589048,-76.55742963155112,-427.87866592407227
2018-04-01,3.46531501183143,2.1620054244995117,5.142449109982222,5.130846435959275,-49.39143260320028,-369.5146322250366
2018-05-01,3.5076522827148438,7.3961005210876465,6.962004074683556,5.039914556451746,0.3019714107116064,-205.7039737701416
2018-06-01,3.15061275775616,7.213094711303711,5.564128435575045,0.1893465986122956,63.092947006225586,-96.48894667625427
2018-07-01,2.965860366821289,2.308377981185913,4.751223784226638,-2.7852883210053316,92.45730241139731,44.03490126132965
2018-08-01,2.7224175746624284,-1.9350311756134033,4.339825801360301,-3.152081450900516,102.45129267374675,29.720434546470642
2018-09-01,3.4427679502047024,0.782001256942749,5.173037602351262,0.10112684119392086,98.7128496170044,-19.01244968175888
2018-10-01,2.849469551673302,5.9476518630981445,5.646572357568985,1.2513018943168022,65.98236163457236,-121.16532325744629
2018-11-01,2.5968395746671233,3.5712761878967285,3.8203985263139772,2.490335702896118,-1.5676991393168769,-237.9190444946289
2018-12-01,2.4631804686326246,-3.100329875946045,2.2795504484421167,0.6692399044294615,-53.78974278767904,-334.6696615219116
2019-01-01,1.9016673014714167,-8.41411018371582,0.488417767561399,-1.585497082890691,-94.2805846532186,-396.17183208465576
2019-02-01,1.9859812809870792,-11.484707832336426,0.683336303784297,-1.4527721984966382,-112.7719004948934,-431.21914863586426
2019-03-01,2.4100459538973293,-9.414593696594238,2.355445806796734,0.5247580038534628,-118.4872309366862,-423.60262870788574
2019-04-01,3.309507369995117,-0.5264285802841187,5.1060291437002325,4.013850560059419,-76.40310128529867,-374.3326187133789
2019-05-01,3.524657029371995,4.729458332061768,5.103799318655943,6.534207833779825,-12.965744733810425,-217.90108680725098
2019-06-01,3.5366733257587137,7.951267242431641,5.822237332661946,2.547589347169206,70.12933890024821,-47.915419936180115
2019-07-01,3.552370071411133,4.644035816192627,5.446625978518755,-0.8239747704686345,90.20009835561117,-12.13887706398964
2019-08-01,3.5225871893075795,1.5420457124710083,4.970275133084028,-1.2902395950781334,107.87373383839926,11.973162740468979
2019-09-01,3.486328491797814,4.203587055206299,4.673143227895101,-0.12009845593491117,105.02843856811523,-52.047163248062134
2019-10-01,2.9494247069725623,6.480420112609863,6.405496597290039,3.933596611022949,70.55799961090088,-125.04724264144897
2019-11-01,2.540765909048227,0.6985790729522705,4.4528811405866575,3.3035545735745817,5.618702371915182,-228.08313369750977
2019-12-01,2.3670570666973405,-4.07335901260376,1.2173864321830945,1.1462829402975134,-51.80726846059164,-337.86280155181885
2020-01-01,2.3242754202622633,-9.698957443237305,0.03841346225295311,0.2823180242164715,-97.18119303385417,-387.6859664916992
2020-02-01,2.117438866541936,-10.989490509033203,-0.26784000488427967,-0.22396481520420797,-120.06577650705974,-424.20663833618164
2020-03-01,2.514097873981182,-8.808492660522461,1.3013031238164656,1.2909229542758014,-106.34464422861735,-418.3455467224121
2020-04-01,3.402429360609788,-0.8830779194831848,4.429834011273506,4.491767367801151,-66.37556950251262,-374.87075328826904
2020-05-01,3.4173074135413537,7.351924896240234,5.889756251604129,5.957139504922403,-0.9123405441641808,-254.5501470565796
2020-06-01,3.4899656589214616,9.235504150390625,5.848496388166378,2.670171454146102,61.179522673288986,-97.31876850128174
2020-07-01,3.5559874314528246,7.248850345611572,6.330411250774676,-0.23149304293297432,101.95314089457194,-5.249227955937386
2020-08-01,3.470481359041654,4.690897464752197,5.9398651123046875,-1.7634581875156712,112.6378615697225,-22.389258444309235
2020-09-01,3.411290095402644,6.208984375,6.842487897628392,-0.21455624216311686,106.40670458475749,-36.63440942764282
2020-10-01,3.1302162317129283,6.353832721710205,5.361231168111165,3.0504368446968697,68.90761057535808,-125.09592771530151
2020-11-01,3.1066612096933217,2.045707941055298,5.100910174540984,2.745903827048637,11.642107367515564,-220.33424377441406
2020-12-01,2.8040379744309645,-3.0031261444091797,2.865008207467886,0.966390806275445,-48.63246281941732,-346.3694095611572
2021-01-01,2.4994971201970024,-8.710407257080078,1.8880003537887182,-1.558380835765117,-90.31795660654704,-401.96118354797363
2021-02-01,2.6289004545945387,-7.870360374450684,1.4806936948727338,-1.7420852506482924,-97.33568827311198,-421.93517684936523
2021-03-01,2.9460178888761077,-1.8552111387252808,3.2236621930049014,1.4136006703247894,-87.69026597340903,-438.77243995666504
2021-04-01,3.2349172005286584,4.11734676361084,5.313227115533291,5.10754359735025,-45.244765281677246,-347.3687171936035
2021-05-01,3.726361714876615,8.935214042663574,7.214509523831881,4.7201846096966715,23.84703755378723,-231.38456344604492
2021-06-01,3.208676118117112,7.166305065155029,5.9202548785087385,0.737352145684732,70.17660935719809,-78.21746468544006
2021-07-01,3.0016831251291127,4.931160926818848,5.8971105477748775,-0.9812365512590151,107.58628845214844,17.776522040367126
2021-08-01,3.056773589207576,1.1341578960418701,5.839407138335399,-1.6235520710816254,124.05693531036377,47.43816554546356
2021-09-01,3.424848776597243,3.5166015625,5.500281162751026,-0.7472442614065634,105.51350911458334,-18.215951323509216
2021-10-01,3.165275133573092,5.908135414123535,5.9577244978684645,1.483865364177807,61.66329383850098,-134.6375584602356
2021-11-01,2.4280718656686635,1.872006893157959,5.193154017130533,2.534720059987661,9.582356611887615,-253.92603874206543
2021-12-01,2.4840408105116625,-3.1320042610168457,3.223893581292568,1.1226550952808276,-40.888094902038574,-330.85033893585205
2022-01-01,2.3194324053250828,-7.687497138977051,1.770119025157048,-0.4965152692150425,-90.90361595153809,-387.56654262542725
2022-02-01,2.521806680239164,-9.080678939819336,1.4494061470031738,-1.0229247647362787,-109.54946676890056,-414.9630069732666
2022-03-01,2.754877714010385,-4.00860071182251,2.9395992939288798,0.9964300168527139,-91.90424283345541,-422.4414348602295
2022-04-01,3.8086561056283803,4.458040237426758,5.96019182449732,5.530286479640652,-47.37060467402141,-362.7497673034668
2022-05-01,3.5273834375234747,7.420197486877441,5.932175196134127,5.111642463787182,-13.22138806184133,-259.95192527770996
2022-06-01,3.410217211796687,8.11471939086914,5.351759837223933,0.8140500332858112,55.65230051676433,-111.10005378723145
2022-07-01,3.0823634221003604,4.094510078430176,6.322080049759302,-2.698246208397118,94.80106830596924,-19.84398663043976
2022-08-01,2.9147045428936296,1.8273450136184692,6.206700740716396,-2.458998802545908,118.96441777547201,43.00973415374756
2022-09-01,3.0450146014873796,3.9873080253601074,6.6596850370749445,-1.0182607012826044,105.39886951446533,-14.607271552085876
2022-10-01,2.6845464339623084,6.638619422912598,5.872885386149088,1.0269376877191905,71.6050386428833,-103.6505937576294
2022-11-01,2.3786097306471605,3.851491928100586,4.6070236426133375,2.734278343819283,24.635734160741173,-223.33383560180664
2022-12-01,2.138057305262639,-1.8184901475906372,2.9049032773727026,1.0517291926048897,-32.1361243724823,-320.2975273132324
