,ssta20_cluster1,ssta20_cluster2,ssta20_cluster3,ssta20_cluster4,ssta20_cluster5,ssta20_cluster6,ssta20_cluster7,ssta20_cluster8,ssta20_cluster9,ssta20_cluster10,ssta20_cluster11,ssta20_cluster12
1965-01-01,-2.4210205,-0.84680176,-6.8722534,-8.833191,-5.3289795,-0.8143616,-4.6838074,0.9250183,-15.823151,-3.0516968,1.2273865,-10.427856
1965-02-01,-1.8993225,-1.4267883,-6.9283447,-10.089783,-7.0605774,0.057617188,-3.7539368,0.9003601,-18.06717,-3.790863,1.1583252,-10.362213
1965-03-01,-2.1133728,-1.2786255,-7.42334,-10.522888,-7.459259,0.37393188,-4.209015,1.3139954,-19.465302,-3.7764282,1.0679932,-11.092194
1965-04-01,-2.9582214,-1.3740234,-8.747162,-10.130798,-7.49527,-0.3935547,-5.7089844,0.76852417,-19.344635,-3.9786072,1.26651,-12.656555
1965-05-01,-4.2392273,-0.56936646,-10.484222,-8.771301,-5.90625,-1.0029602,-6.8058777,0.58026123,-17.211731,-3.1524963,1.3446655,-14.014893
1965-06-01,-4.771576,0.17913818,-10.927277,-6.992462,-3.6593933,-1.9359741,-8.319702,0.008483887,-14.214447,-1.2229614,1.7643127,-14.745331
1965-07-01,-5.4173584,0.73983765,-11.737732,-4.2552795,-1.4431458,-3.1420898,-8.582794,-0.2331543,-10.444916,0.10864258,1.6389465,-14.716522
1965-08-01,-5.806946,1.4309998,-12.190186,-2.5033264,-0.13024902,-3.7113037,-8.851135,-0.68411255,-7.0094604,1.067749,1.8656006,-14.594177
1965-09-01,-6.4812927,1.7610474,-11.842651,-2.9606323,-0.7312622,-3.2145996,-9.485046,-0.74871826,-6.407959,1.263092,1.949646,-14.62735
1965-10-01,-5.788971,1.3741455,-11.586914,-5.3633423,-1.971405,-2.8351135,-9.4782715,-0.586792,-9.474304,0.10726929,1.9025269,-14.789734
1965-11-01,-5.5999146,0.81622314,-11.083008,-7.8642273,-3.9493713,-2.6600342,-8.572235,-0.20214844,-12.444702,-0.97354126,1.7672424,-14.1935425
1965-12-01,-4.5484924,0.22106934,-9.589508,-9.059113,-4.9636536,-1.5173035,-6.5912476,0.16320801,-13.931488,-1.9060059,1.723938,-13.345215
1966-01-01,-3.5217896,-0.3104248,-7.79718,-10.122986,-6.327179,-1.0224915,-5.155182,0.77731323,-16.767548,-2.9267273,1.1706543,-11.545074
1966-02-01,-3.0958252,-0.9031677,-6.522522,-11.264374,-7.2774353,-0.6444702,-4.0731506,0.8320923,-19.058746,-3.6924133,1.1740112,-10.500885
1966-03-01,-3.103485,-1.2128906,-7.156494,-11.680023,-7.5811157,-0.8548584,-4.897766,0.76242065,-18.214142,-4.4726562,1.3221741,-11.203461
1966-04-01,-3.52594,-1.1351013,-8.562836,-11.770142,-7.0665894,-0.6545105,-6.020691,0.56185913,-18.013275,-4.029724,1.3344421,-12.50238
1966-05-01,-4.2209473,-0.87698364,-10.293152,-9.848877,-6.1095276,-1.1604004,-7.392975,0.25564575,-16.407196,-3.5099182,1.2233887,-13.614441
1966-06-01,-5.422821,0.16625977,-11.18338,-8.16214,-4.7626953,-1.6376038,-8.667969,0.13699341,-13.884857,-2.0476074,1.6584473,-14.631714
1966-07-01,-6.191986,1.1661377,-11.440186,-4.915619,-2.4920044,-3.1783447,-8.989807,-0.45010376,-10.270203,-0.48693848,1.911499,-14.460876
1966-08-01,-6.4685974,1.5960693,-11.958832,-3.127655,-1.2133484,-3.3197937,-9.103027,-0.5073242,-4.76709,0.9213257,1.9873962,-14.614929
1966-09-01,-6.7004395,2.114624,-11.861877,-3.5854187,-0.25354004,-3.410431,-9.36261,-0.67211914,-5.0191345,1.519043,2.6960754,-14.657684
1966-10-01,-6.2875366,1.7075195,-11.3602295,-5.167511,-1.4412842,-3.048462,-9.078796,-0.39788818,-7.657715,0.98184204,2.5794678,-14.569031
1966-11-01,-5.8435364,1.1242676,-10.728119,-7.7154846,-3.667511,-2.0532837,-7.916687,-0.015411377,-10.566254,-0.384552,1.9689636,-13.556213
1966-12-01,-4.099945,0.25057983,-9.334534,-9.105072,-5.590149,-1.036377,-6.867523,0.7664795,-13.65683,-2.1231384,1.9208069,-12.496429
1967-01-01,-2.6264343,-0.536499,-8.224152,-9.613953,-6.3275146,-0.7984314,-5.124542,1.1497803,-15.754547,-3.3395996,1.565979,-10.792389
1967-02-01,-1.5725708,-1.0582275,-7.4322205,-10.301453,-6.788666,0.06011963,-4.174347,1.341217,-17.68811,-3.8122559,1.4113464,-9.787598
1967-03-01,-1.7170715,-1.3108826,-7.2697144,-10.304718,-6.759857,-0.44747925,-4.430023,0.99090576,-17.509064,-4.012848,1.2548218,-9.495392
1967-04-01,-2.883484,-1.2788391,-8.530792,-9.774841,-6.537018,-0.9793701,-5.8774414,0.8246155,-16.403778,-3.9252014,1.1846924,-10.700867
1967-05-01,-4.5144653,-0.6055298,-10.090637,-9.216705,-6.1376343,-1.63974,-6.7145996,0.31750488,-14.17688,-2.8457031,1.1238403,-12.017303
1967-06-01,-5.2845154,0.5696411,-10.6979065,-6.6587524,-3.8215942,-2.3812256,-7.918335,0.080841064,-10.9583435,-1.3625488,1.4711304,-13.270142
1967-07-01,-5.807495,1.2636719,-10.483673,-4.1202087,-1.8459473,-3.0724792,-8.859497,-0.22479248,-7.22583,-0.22479248,1.6883545,-13.713013
1967-08-01,-6.433777,1.9465332,-10.290131,-2.5213318,-0.4474182,-3.7488403,-8.992981,-0.66778564,-4.561676,0.96990967,2.239502,-13.636627
1967-09-01,-5.8244934,2.0780334,-10.641907,-2.2736511,-0.36950684,-3.8272095,-8.798889,-0.7756653,-4.4296875,1.2742004,2.369995,-14.431671
1967-10-01,-5.6992493,2.2478333,-10.271301,-3.9208374,-1.1307373,-3.247223,-8.523407,-0.48516846,-7.806732,0.8330078,2.6620178,-13.629822
1967-11-01,-5.1849976,1.4899902,-9.9122925,-6.0063477,-2.892212,-2.439972,-7.3746033,-0.06756592,-11.427277,-0.4376831,1.9322205,-13.020905
1967-12-01,-3.8513184,0.32357788,-8.617157,-7.676605,-4.7012024,-1.6326599,-6.1405945,0.31854248,-12.551636,-1.8640442,1.4393921,-11.776367
1968-01-01,-2.4421692,-0.5418701,-7.1795654,-8.811279,-5.6264954,-0.42861938,-4.3434753,0.8618164,-14.730286,-2.6286316,1.3633728,-11.42926
1968-02-01,-1.4785461,-1.0507202,-6.76001,-9.642609,-6.1828003,-0.09463501,-4.2355347,1.2907715,-16.521667,-3.3363342,0.727417,-9.910187
1968-03-01,-1.9231567,-1.1520386,-5.9898376,-10.001617,-6.28067,-0.3225708,-4.3052063,1.1266174,-17.425232,-3.6646729,1.2670898,-9.184021
1968-04-01,-2.6287842,-0.9421692,-7.5615234,-10.423859,-6.209778,-0.2576294,-4.8436584,0.86416626,-16.08023,-3.6738892,1.1574707,-9.894623
1968-05-01,-3.9786072,-0.001953125,-8.850037,-9.21405,-5.111267,-1.6321716,-6.4902344,0.04159546,-13.969757,-2.257843,1.7128906,-11.044128
1968-06-01,-4.3091736,0.51330566,-10.444794,-7.462311,-3.550415,-2.5617065,-8.669159,-0.45861816,-10.721283,-0.55999756,1.8432922,-12.49646
1968-07-01,-4.905548,0.91552734,-11.39682,-5.3714905,-1.8617249,-2.7539978,-8.952454,-0.701355,-8.16156,0.63656616,2.1871643,-13.707153
1968-08-01,-5.2753906,1.5378723,-11.636078,-3.218811,-0.123046875,-3.0996094,-9.027527,-0.960907,-3.679779,2.1032104,1.9385071,-13.828217
1968-09-01,-5.6866455,1.9951477,-11.863342,-3.2383423,0.14331055,-3.1473083,-8.894714,-1.1144714,-4.8977356,1.7354736,2.2088318,-14.136597
1968-10-01,-5.1777344,1.5435181,-11.586914,-6.1338196,-1.7822266,-2.7774048,-9.024811,-0.6213989,-8.164215,0.67648315,2.416504,-14.484833
1968-11-01,-5.0283203,1.1622314,-11.029419,-8.6345215,-3.662201,-2.1036987,-7.9519653,0.02166748,-8.807648,-0.21673584,2.094574,-13.768585
1968-12-01,-3.4780884,0.42437744,-9.239807,-10.298279,-5.0173035,-1.3443298,-5.9026794,0.60787964,-11.162842,-1.6910706,1.9126892,-12.577454
1969-01-01,-2.7784424,-0.5003052,-7.763916,-11.00296,-6.6004944,-1.1545715,-4.0069885,0.81030273,-13.490295,-3.0030212,1.6466064,-10.998352
1969-02-01,-2.027954,-0.9147644,-7.326721,-11.773285,-7.176483,-0.014373779,-4.112793,0.97213745,-14.79953,-3.5426025,1.5197754,-10.944153
1969-03-01,-2.808899,-0.8378906,-7.788208,-12.439362,-8.32608,-0.23846436,-4.488159,0.76086426,-15.988098,-4.1912537,1.2695312,-10.983673
1969-04-01,-3.5420532,-0.35479736,-8.696228,-11.945526,-8.209106,-0.44454956,-5.6858826,0.85324097,-16.262878,-4.528595,1.6474915,-12.128052
1969-05-01,-4.4513855,0.015716553,-10.200317,-10.992523,-7.1904907,-1.5097351,-6.5946655,0.2295227,-14.470001,-3.6740417,1.9333801,-12.662048
1969-06-01,-4.5606995,1.0441589,-10.848541,-8.329926,-4.844757,-2.012848,-8.093048,-0.11618042,-11.728424,-1.9902954,2.1173706,-13.466644
1969-07-01,-5.105316,1.7998962,-11.329071,-4.5310364,-2.7000122,-2.9307556,-8.773529,-0.048583984,-7.092743,0.17599487,2.1572876,-12.756561
1969-08-01,-6.1937866,2.1635132,-11.418732,-3.4362183,-0.7468567,-3.480835,-9.628204,-0.60583496,-5.107788,0.9185486,2.037384,-13.901978
1969-09-01,-6.446747,2.3463745,-11.245575,-3.7348328,-0.8331604,-3.5630493,-9.077667,-0.5455322,-5.2725525,1.1773071,2.0561829,-14.434906
1969-10-01,-5.8572693,1.9857483,-11.104248,-5.9675293,-1.9742126,-2.9402466,-8.793793,-0.34368896,-8.676361,0.56082153,2.2862244,-14.164856
1969-11-01,-5.970215,1.3277588,-9.8932495,-8.080688,-3.8940735,-2.4214478,-7.768921,-0.10586548,-10.491638,-0.80426025,2.1486816,-12.863098
1969-12-01,-4.2330017,0.6001892,-8.236542,-9.152832,-5.732788,-1.9358826,-6.112732,0.37869263,-13.520935,-2.3214722,1.9430847,-11.306885
1970-01-01,-2.7309875,0.039855957,-6.595886,-10.915375,-6.7131653,-1.4974365,-4.7120056,0.81729126,-16.511292,-3.170044,1.2723694,-9.719025
1970-02-01,-2.227295,-0.43225098,-6.254425,-11.591522,-7.6274414,-0.619751,-4.579712,1.0952148,-17.139404,-3.9262695,0.9547119,-9.502563
1970-03-01,-2.633484,-0.8270569,-6.2958984,-11.870087,-8.118317,-0.56359863,-4.5498962,0.96694946,-18.095703,-4.6852417,1.2753601,-9.93042
1970-04-01,-3.1653442,-0.98080444,-7.720398,-11.4887085,-7.4889526,-1.0515747,-5.7156067,0.61639404,-17.521088,-3.9525757,1.1448364,-10.580597
1970-05-01,-3.6985168,0.05532837,-9.234497,-9.687012,-6.218292,-1.8233948,-7.2483215,0.05532837,-14.510132,-3.205719,1.5368347,-12.349884
1970-06-01,-4.2468567,0.7069702,-10.070038,-7.715576,-4.2499695,-2.5597534,-7.9764404,-0.098358154,-12.393555,-1.2606201,2.0448608,-13.60437
1970-07-01,-4.323395,1.0565796,-10.706024,-4.9252014,-2.5665588,-3.0304565,-8.230652,-0.3742981,-8.713135,0.20788574,2.8433838,-13.750122
1970-08-01,-5.4813232,1.8130493,-10.9646,-2.8241272,-0.92626953,-3.7048645,-8.785767,-0.47427368,-4.051483,0.86050415,2.5863342,-13.825836
1970-09-01,-5.650482,1.8882141,-10.727753,-2.8109436,-0.13101196,-3.6777344,-8.641876,-0.5225525,-4.645752,1.1159668,2.1826782,-14.315796
1970-10-01,-5.5743103,1.622406,-10.214569,-5.560364,-1.3297424,-3.110321,-8.468597,-0.35238647,-7.27536,0.4260559,2.6183472,-14.435394
1970-11-01,-5.84021,1.578125,-8.799072,-7.2308044,-3.5322266,-2.574524,-7.4549866,0.01449585,-9.830139,-0.7892761,2.2207336,-12.9104
1970-12-01,-4.2987976,0.5733948,-6.890381,-9.0868225,-4.7167053,-1.7196045,-5.3856506,0.66534424,-14.340759,-1.8807678,1.7687378,-10.511475
1971-01-01,-2.923706,-0.17288208,-5.1122437,-10.048645,-5.6844482,-0.45996094,-3.8042603,0.959198,-15.563171,-2.578827,1.490387,-9.506561
1971-02-01,-2.2417603,-0.57751465,-4.233612,-10.834259,-6.7719727,0.32476807,-2.6820374,1.7449036,-16.566711,-3.380249,1.2977295,-8.548401
1971-03-01,-2.3336487,-0.8581848,-5.727356,-10.957764,-7.089691,-0.090789795,-3.5848083,1.482544,-16.659088,-3.6445923,1.5863037,-9.374084
1971-04-01,-3.5421448,-0.6786194,-6.9561157,-11.380096,-6.831085,-0.7132263,-4.8807373,1.2821045,-16.588745,-3.553009,1.6932068,-10.97934
1971-05-01,-4.7783813,0.098236084,-8.3341675,-9.821503,-5.6732483,-1.3145142,-6.2706604,0.80532837,-14.802887,-2.5473633,1.7436829,-11.957153
1971-06-01,-4.945526,0.84375,-9.168884,-7.0831604,-3.8124695,-2.2771912,-7.0040894,0.18359375,-11.551605,-0.82247925,2.2208862,-13.124939
1971-07-01,-5.5606995,0.9460449,-10.321686,-5.001343,-1.7375793,-3.0257874,-8.444458,0.13815308,-9.530579,0.29727173,2.2935486,-13.844849
1971-08-01,-6.4303284,1.6349182,-10.457031,-3.484314,-1.0319214,-3.392395,-8.820953,-0.21463013,-5.9772034,1.1057129,2.5041199,-14.164032
1971-09-01,-6.5563354,2.0218506,-10.839478,-3.9216003,-0.64105225,-3.3266602,-9.173248,-0.33172607,-7.5035706,0.8774414,2.2965698,-15.1744995
1971-10-01,-6.1216736,1.9154053,-10.197296,-5.7293396,-1.7115173,-3.0269165,-8.586914,-0.07595825,-8.756409,0.38113403,2.3388977,-15.262665
1971-11-01,-5.1184387,1.3903198,-9.118439,-7.139923,-3.6587524,-2.4703674,-7.24469,0.16534424,-11.175018,-1.0200806,2.2446594,-12.988495
1971-12-01,-3.5222778,0.43969727,-7.4763184,-8.106354,-4.883606,-1.9568481,-4.917206,0.46884155,-13.841766,-2.1036072,1.5643616,-10.824097
1972-01-01,-2.1212463,-0.5860901,-6.578949,-9.896484,-6.141815,-0.8625183,-2.6750488,0.866333,-14.585175,-3.1561584,1.7381592,-9.885986
1972-02-01,-1.563446,-1.3812256,-6.2793884,-11.28418,-7.179901,-0.61221313,-3.437683,0.88275146,-16.416168,-3.8360596,1.6120911,-10.135925
1972-03-01,-2.0437317,-1.5214844,-6.5291443,-11.841919,-7.7381287,-0.16711426,-3.2489014,0.983551,-17.920868,-4.3273315,1.3995972,-9.612366
1972-04-01,-2.9169617,-1.2861328,-8.079071,-10.936584,-7.009735,-0.6806946,-4.7165833,0.7640686,-17.924622,-4.1933594,1.3987122,-11.326813
1972-05-01,-3.9660034,-0.7746887,-9.753174,-9.27063,-6.4279785,-1.7880859,-6.069763,0.004852295,-15.687683,-3.5637817,1.6552429,-12.368195
1972-06-01,-4.784149,0.24121094,-10.41687,-6.7052307,-4.2686157,-1.9558411,-6.8573303,-0.17678833,-11.68277,-2.0983582,1.7304382,-13.533081
1972-07-01,-5.4467773,0.9654846,-10.4730835,-3.564911,-2.3276978,-2.4917297,-7.1751404,-0.12060547,-7.975708,-0.708374,1.7426147,-13.505157
1972-08-01,-5.520172,1.0823975,-11.340393,-2.4632568,-0.56225586,-2.9802551,-8.024719,-0.3470459,-4.3441772,0.42242432,1.4143066,-13.282532
1972-09-01,-5.5446167,1.4620972,-11.381561,-3.6560364,-0.61395264,-3.3451843,-8.568054,-0.52593994,-4.9822083,0.6878357,1.8145447,-14.4470825
1972-10-01,-5.80365,1.1982727,-11.167114,-7.0949097,-2.8591309,-2.37323,-8.696045,0.048095703,-8.465546,0.1418457,1.8553772,-15.272339
1972-11-01,-5.175476,0.591156,-9.769928,-8.161591,-4.396881,-1.6919556,-7.34906,0.29849243,-11.637939,-1.419342,1.994812,-13.360565
1972-12-01,-4.5671997,-0.21951294,-9.046875,-9.710693,-5.7254944,-0.43902588,-5.542816,0.75131226,-13.67865,-2.6776733,2.011963,-12.088501
1973-01-01,-3.6822815,-0.5784302,-7.1235046,-11.194824,-6.8715515,-0.019226074,-3.7327576,1.001648,-15.111755,-3.2279053,1.6948547,-11.112793
1973-02-01,-2.868805,-1.1091003,-6.0085754,-11.912872,-7.4570923,0.36224365,-3.0663757,1.2923279,-16.056519,-3.9178162,1.2811584,-9.980347
1973-03-01,-3.2209167,-1.1486206,-6.5305786,-11.881012,-7.981537,0.4130249,-3.3684998,1.4042664,-16.921722,-4.3233337,1.1872864,-10.094635
1973-04-01,-3.737091,-0.9793701,-7.708893,-11.37973,-7.7380066,-0.1560669,-4.4293213,1.359436,-16.29181,-4.189026,1.5380859,-10.41275
1973-05-01,-4.5422974,-0.32537842,-8.939819,-10.55777,-7.010742,-0.9345703,-6.3607483,0.87072754,-15.369354,-3.2200012,1.7770386,-12.866486
1973-06-01,-4.7224426,0.82022095,-9.914124,-7.4665833,-4.813202,-1.2879944,-7.1394043,0.5969238,-11.187408,-1.3719788,2.3478699,-13.607269
1973-07-01,-5.677368,1.4006958,-10.227814,-4.9045715,-2.5866394,-1.8977966,-7.6176453,0.5385742,-7.313751,-0.3109436,2.5837097,-12.961273
1973-08-01,-5.6423035,1.8284912,-10.775238,-2.963684,-1.4743958,-2.384552,-7.9451904,0.35665894,-3.738922,0.47851562,2.4299316,-13.346588
1973-09-01,-5.808716,1.9780884,-10.6683655,-3.2373962,0.25091553,-2.6611938,-8.227631,0.19897461,-5.48349,1.2280884,2.8130188,-13.78241
1973-10-01,-5.888489,1.5575256,-10.169983,-4.8525696,-1.2293396,-2.446289,-7.79187,0.30075073,-7.6904297,0.68569946,2.821106,-13.5243225
1973-11-01,-5.053528,0.95999146,-8.898163,-7.117096,-3.2831726,-1.7496948,-6.3399353,0.6876526,-9.4704895,-0.45214844,2.937622,-12.467529
1973-12-01,-3.8676453,0.22598267,-7.3239136,-8.049164,-4.7642517,-1.3167114,-4.429291,1.0813293,-12.951508,-1.949707,2.3551025,-10.335541
1974-01-01,-2.3943787,-0.5647278,-6.1838684,-9.210785,-5.9386597,-0.25097656,-2.9367065,1.6452332,-15.163269,-3.1437683,1.6814575,-8.806488
1974-02-01,-2.0065918,-1.0134583,-5.094696,-10.137238,-6.6541443,-0.32476807,-2.745697,1.3085938,-16.661926,-3.919464,1.6018066,-8.413818
1974-03-01,-2.5514526,-1.2675781,-5.7819824,-11.0555725,-7.199005,-0.12564087,-3.742859,1.3271179,-17.437317,-3.8612976,1.6281433,-8.826996
1974-04-01,-3.273529,-1.4580688,-7.1114807,-11.296967,-6.991089,-0.101745605,-4.4805603,1.3005981,-17.58966,-3.9822998,1.4298096,-9.813385
1974-05-01,-4.3108826,-0.69073486,-8.673065,-9.807159,-5.716156,-1.1058044,-5.701477,0.7742615,-14.813019,-3.207611,1.6381836,-11.583466
1974-06-01,-5.5680237,0.08343506,-9.513184,-7.773102,-3.9096985,-1.3521729,-7.0501404,0.3100586,-11.023682,-0.9875183,1.8440857,-13.157806
1974-07-01,-5.867096,1.0609131,-10.173492,-5.5719604,-2.4256287,-2.1006165,-7.7413025,-0.15493774,-7.740326,-0.044830322,2.4436646,-13.659027
1974-08-01,-6.039978,1.5351257,-10.764862,-4.0468445,-1.107544,-2.7815552,-8.11731,-0.35668945,-4.263672,0.5282593,2.636444,-14.361511
1974-09-01,-6.342224,1.6704407,-10.931549,-4.364746,-1.3275757,-2.7974548,-8.4939575,-0.29382324,-3.7573242,0.3821411,2.644989,-14.598175
1974-10-01,-5.977539,1.5686646,-10.644196,-5.1033325,-2.4665527,-2.2369995,-7.5644226,0.12423706,-8.140533,-0.14645386,2.4482422,-14.559479
1974-11-01,-5.424011,1.065918,-9.328552,-7.02948,-3.3432617,-1.5924072,-6.7495117,0.65182495,-10.667267,-1.2512512,2.2426147,-13.2404175
1974-12-01,-4.327667,0.46817017,-7.288513,-8.475952,-4.7740784,-1.235199,-5.0114746,1.255249,-14.73877,-1.6879578,2.0061035,-11.111786
1975-01-01,-2.7349854,-0.37860107,-5.6628113,-9.468506,-5.719391,-1.1961365,-3.752411,1.5200195,-16.202026,-2.9919434,1.700592,-9.711792
1975-02-01,-2.5813904,-1.1179504,-5.675171,-10.734009,-6.802429,-0.31314087,-2.5719604,1.6311951,-17.052155,-3.8920593,1.5317078,-9.048523
1975-03-01,-2.4230042,-1.4541321,-6.0895996,-10.88681,-6.746826,-0.07791138,-3.2169495,1.4963074,-16.911224,-4.103302,1.3732605,-8.812347
1975-04-01,-3.4844055,-0.99645996,-7.546112,-10.495148,-6.573456,-0.48443604,-4.639038,1.5183411,-16.658173,-4.000183,1.2066956,-10.167938
1975-05-01,-4.7786865,-0.36575317,-8.822968,-8.972412,-5.4321594,-1.126709,-5.4340515,0.90060425,-14.700745,-2.8999023,1.8482666,-11.024231
1975-06-01,-5.7030945,0.37365723,-9.850586,-6.7421875,-3.6083374,-2.0166626,-6.7276,0.2694702,-12.144745,-0.648468,1.9950562,-12.54126
1975-07-01,-6.0220337,1.3069458,-10.404785,-3.8367615,-1.3026123,-2.8669434,-8.046509,-0.2333374,-8.200684,0.12734985,2.1400452,-13.152985
1975-08-01,-5.997223,2.127594,-10.488434,-2.2278442,0.17666626,-2.8322449,-8.3116455,-0.3146057,-3.685608,1.4684753,2.3925476,-13.552032
1975-09-01,-6.2322693,1.9151611,-10.646149,-2.5751038,-0.062164307,-3.2021484,-8.575012,-0.25878906,-5.109253,1.6864929,2.9778442,-14.114288
1975-10-01,-5.879822,1.8447266,-10.439392,-4.8223267,-1.5097961,-2.5917969,-8.23056,0.2850952,-8.3498535,0.6151123,2.8357544,-14.72644
1975-11-01,-4.928711,1.1914368,-9.536835,-6.8560486,-2.8825378,-1.6901855,-6.924408,0.4913025,-10.34256,-0.2616272,2.620453,-13.373627
1975-12-01,-3.84198,0.2574463,-7.5137634,-8.053131,-4.737274,-1.6972656,-5.270508,0.9637146,-12.108704,-1.9277954,2.2998352,-11.538208
1976-01-01,-1.838562,-0.8912964,-6.456085,-9.091553,-6.042877,-1.1861572,-3.6023254,1.1240845,-13.922882,-3.1229858,1.7919006,-9.219818
1976-02-01,-1.5062256,-1.3928528,-6.85672,-10.526459,-7.026764,-0.54901123,-3.1486816,1.2898254,-15.87793,-3.9611816,1.6314392,-9.245514
1976-03-01,-2.857483,-1.7794495,-6.9718018,-11.269562,-7.308441,-0.4706726,-3.8137207,1.1210327,-17.713013,-4.0155945,1.492981,-9.937439
1976-04-01,-3.3851318,-1.4826355,-7.7853394,-10.659485,-6.856476,-0.9262085,-4.632263,0.70977783,-17.464935,-4.164337,1.3005066,-11.183594
1976-05-01,-4.631134,-0.59487915,-9.480347,-9.683746,-5.8165894,-1.9101257,-6.446594,0.20965576,-15.712952,-3.0478516,2.0127258,-12.334106
1976-06-01,-5.036072,-0.024749756,-10.406464,-6.8401184,-3.2658691,-2.201233,-7.649658,-0.050109863,-12.605804,-1.4856873,1.6316223,-14.040405
1976-07-01,-5.169922,1.0403137,-10.818237,-3.9685364,-0.2331543,-2.3261108,-8.286713,-0.23513794,-8.678558,0.96920776,1.7344971,-13.987244
1976-08-01,-5.5763855,1.5388489,-11.493225,-3.8399658,-0.14187622,-2.8936768,-8.0159,-0.6908264,-6.7921753,1.0888367,2.3046265,-14.235596
1976-09-01,-5.7723694,1.8276978,-11.65094,-5.11499,-1.1424255,-3.0444336,-8.321808,-0.44128418,-6.966278,0.803833,1.888855,-14.673737
1976-10-01,-5.362213,1.5779724,-11.581909,-6.4129333,-2.3945923,-2.9599915,-8.651581,-0.43341064,-9.669952,0.28710938,2.2313843,-14.56543
1976-11-01,-4.9783325,0.9882202,-11.073212,-7.485504,-3.2314758,-2.3602905,-8.036957,-0.12908936,-11.559509,-0.30065918,2.5222778,-13.753906
1976-12-01,-3.8058777,-0.026245117,-8.850525,-9.035004,-4.4687195,-1.4404297,-5.1036987,0.8514099,-14.052826,-1.6999817,2.179596,-11.599365
1977-01-01,-2.393219,-0.5817871,-8.023102,-10.045715,-5.9577026,-1.0172424,-4.220215,0.943573,-16.592285,-3.0227966,1.7483215,-10.140106
1977-02-01,-1.8253174,-0.8147583,-7.003235,-10.795898,-6.5390625,-0.5345154,-3.896576,1.0983582,-17.75409,-3.3467712,1.3601379,-9.416046
1977-03-01,-2.2679443,-1.2243042,-6.6980286,-11.277924,-6.868805,-0.44485474,-3.4030762,1.0094604,-18.115936,-3.695984,0.9038696,-9.452881
1977-04-01,-2.9782715,-1.1697388,-8.101654,-11.051636,-7.081848,-0.93573,-4.845642,0.8908081,-16.557465,-4.117279,1.163269,-10.632721
1977-05-01,-3.6470642,-0.5253601,-10.069061,-8.500916,-5.326172,-1.7996216,-6.777069,0.14657593,-15.469818,-2.8690796,1.2461853,-12.145203
1977-06-01,-3.9754944,0.29592896,-10.900116,-6.75177,-3.6748047,-1.8974304,-7.5380554,0.040008545,-11.203247,-0.73117065,1.6358948,-13.022461
1977-07-01,-4.678711,0.7687378,-11.203857,-3.749878,-1.1935425,-2.3310852,-8.4747925,-0.3425598,-7.1377563,0.36831665,1.6941528,-13.953857
1977-08-01,-5.096283,1.6059875,-11.093536,-2.3365479,-0.39227295,-3.0712585,-8.654938,-0.48425293,-2.431427,0.89367676,1.8419495,-14.07608
1977-09-01,-5.548279,1.8492432,-11.319794,-3.4322815,-0.0045166016,-3.394806,-9.145874,-0.4282837,-3.562683,1.2337646,2.1246338,-13.830383
1977-10-01,-4.9187317,1.4434509,-11.0877075,-5.8894043,-1.7050476,-2.7068481,-9.1094055,-0.58303833,-7.522278,0.71798706,2.2754517,-14.495056
1977-11-01,-4.4724426,1.1448059,-10.782074,-7.75766,-3.7075806,-2.070343,-7.3844604,0.1887207,-9.789001,-0.6865845,2.1865234,-13.669769
1977-12-01,-3.5976257,0.41107178,-9.061615,-9.492218,-5.2499695,-1.407196,-5.7832336,0.81829834,-13.060608,-1.988617,1.736908,-12.227631
1978-01-01,-2.8457947,-0.61343384,-7.6329346,-10.511963,-6.6972656,-0.9923401,-4.5977783,1.0124207,-16.039032,-3.4378662,1.6228333,-10.697571
1978-02-01,-2.4226685,-0.7335205,-6.800934,-10.839905,-6.935272,-0.41696167,-3.8233032,1.0242615,-16.610535,-3.641571,1.3934937,-10.128967
1978-03-01,-3.0159302,-0.9561157,-7.1192017,-11.37323,-7.247284,-0.09390259,-4.1729736,0.91186523,-17.625244,-4.171997,1.4449463,-10.8116455
1978-04-01,-3.0628967,-0.55599976,-8.14386,-10.816559,-6.9496155,-0.9711609,-5.4973145,0.65130615,-17.148804,-3.691681,1.3622437,-12.1006775
1978-05-01,-3.7337646,-0.03552246,-9.124054,-9.53244,-6.0468445,-1.3008118,-6.303009,0.35742188,-14.237396,-2.6240845,2.1103516,-12.495087
1978-06-01,-4.574585,0.5716553,-10.012238,-7.8648987,-4.3628845,-1.8559875,-7.2602844,0.051116943,-11.061951,-1.4205322,2.0041504,-13.1362915
1978-07-01,-4.9951477,0.9461365,-11.175629,-5.0265503,-2.609558,-2.3722534,-7.6639404,-0.275177,-5.29187,-0.4921875,2.4699707,-13.89566
1978-08-01,-5.356262,1.6066895,-11.375824,-2.5516663,-0.032196045,-3.1717224,-8.330994,-0.5290222,-2.9237976,0.960022,2.4969482,-14.03302
1978-09-01,-6.0361023,2.0549011,-11.360168,-2.3141785,0.37591553,-4.000885,-8.723755,-0.8748779,-5.9041443,1.632019,2.655182,-13.737061
1978-10-01,-5.934967,1.7655029,-11.185577,-5.2090454,-1.608429,-3.2961426,-8.75119,-0.3107605,-8.568481,1.1091919,2.4276428,-13.585175
1978-11-01,-4.9714966,1.0461121,-10.214386,-7.056488,-3.299286,-2.3650513,-7.0555115,0.05581665,-11.353058,-0.13845825,2.3302612,-12.720306
1978-12-01,-3.1398926,0.0847168,-8.711426,-9.239655,-4.987549,-1.8596191,-5.076477,0.394989,-13.988617,-1.4816589,1.8941956,-11.098938
1979-01-01,-1.7609253,-0.6497803,-7.2543335,-10.912262,-6.719055,-1.1275024,-3.9595642,0.7214966,-15.881989,-2.5549011,1.7586975,-10.175354
1979-02-01,-1.5395508,-0.7465515,-7.1383667,-11.814087,-7.6615295,-0.8258362,-4.197998,1.1242371,-16.529968,-3.761383,1.9612122,-9.890137
1979-03-01,-1.663269,-1.5665588,-7.349121,-11.801941,-7.9709473,-0.72714233,-4.736603,0.8627014,-18.054016,-4.488556,1.4762878,-10.163269
1979-04-01,-3.1470947,-1.370575,-8.401611,-11.516998,-7.573822,-0.74731445,-5.371338,0.7840271,-18.568817,-4.4477844,1.401001,-10.354126
1979-05-01,-3.9016418,-0.40570068,-9.960297,-9.777985,-6.200836,-1.1411743,-6.217285,0.048309326,-16.898956,-3.1410522,1.8267517,-11.923431
1979-06-01,-4.537689,0.4828186,-10.667419,-7.879364,-4.0933228,-1.7008057,-7.777832,-0.5074463,-12.651825,-1.0620728,2.2496338,-13.184204
1979-07-01,-4.955017,1.0528564,-10.489044,-4.5541687,-2.2583618,-2.4803162,-8.217407,-0.6559448,-8.924316,0.019073486,2.4575195,-13.270294
1979-08-01,-4.917206,1.5621033,-11.097687,-2.3946228,-1.1915894,-2.993225,-8.597839,-0.88986206,-4.893982,0.9721985,2.3904114,-13.835449
1979-09-01,-4.91568,1.5090027,-11.518311,-3.0584412,-0.61901855,-3.027008,-9.069214,-0.48120117,-5.651123,1.5278625,2.5471497,-13.932098
1979-10-01,-5.17218,1.5054016,-11.283508,-4.9183044,-1.4741211,-2.7230835,-8.459198,-0.4185791,-7.712158,0.66067505,2.3148193,-13.810944
1979-11-01,-4.4344482,1.394043,-10.229065,-6.6257935,-3.0457458,-2.3025513,-7.3815613,-0.27026367,-10.995972,-0.6725769,2.4641113,-11.982849
1979-12-01,-3.1012268,0.6205139,-8.454895,-8.792877,-4.8463135,-1.6051941,-5.517456,0.3323059,-12.720612,-1.8774109,1.9279785,-10.857086
1980-01-01,-1.6548767,-0.5661316,-7.25058,-9.695801,-5.8826904,-1.2466125,-4.0808105,0.6300049,-15.613159,-3.1850586,1.816742,-9.762604
1980-02-01,-1.4668274,-0.97787476,-6.4993286,-10.810791,-6.760132,-0.65075684,-3.2697144,0.6765137,-16.751404,-3.506256,1.5747375,-8.300232
1980-03-01,-1.2634583,-1.5821533,-7.783081,-11.280945,-7.487152,-0.63397217,-4.1570435,0.59088135,-17.386871,-4.221405,1.3525085,-9.379608
1980-04-01,-2.2695007,-1.1253052,-8.893555,-10.971069,-7.1243286,-0.8135376,-5.141815,0.3687439,-15.87146,-4.1332397,1.2041016,-11.021545
1980-05-01,-3.4356995,0.3378296,-9.594055,-9.454498,-6.0823364,-1.3868713,-6.630188,-0.12786865,-14.0703125,-2.9843445,1.7536926,-12.672241
1980-06-01,-3.8457947,1.0624695,-10.720764,-6.7522583,-3.7473145,-2.170105,-7.6905823,-0.27667236,-10.790039,-0.62112427,1.7498779,-13.540131
1980-07-01,-4.7345886,1.2955933,-11.06073,-3.6889038,-1.6633301,-2.718933,-7.717285,-0.34051514,-8.733765,0.31323242,2.3650513,-13.293182
1980-08-01,-5.182068,1.7958374,-11.803162,-2.5111694,-0.017944336,-2.7719727,-8.439911,-0.54052734,-5.058838,1.0455627,1.7780151,-14.119232
1980-09-01,-5.4811707,1.9757996,-11.325287,-3.1903381,0.2293396,-3.1913147,-8.892426,-0.6560364,-5.8449097,1.2715759,2.0312195,-14.615295
1980-10-01,-4.995819,1.7920532,-11.079956,-4.6909485,-1.6073303,-2.632721,-7.977997,-0.41366577,-8.218506,0.4885254,2.4893494,-13.418793
1980-11-01,-5.217987,1.5050354,-10.000092,-7.2539673,-3.4230347,-2.5272827,-7.283142,-0.08996582,-10.920074,-0.3859253,2.4161377,-12.792725
1980-12-01,-3.1905823,0.7927551,-8.886719,-8.682831,-5.005829,-2.1844788,-5.6610413,0.39141846,-12.866119,-1.5822144,2.2224731,-10.914276
1981-01-01,-1.7077637,-0.0057373047,-7.019348,-9.192993,-5.6054688,-1.151001,-3.8280945,0.9406128,-14.88858,-2.362915,1.8880005,-9.46933
1981-02-01,-2.034912,-0.10424805,-6.077179,-10.131744,-6.338623,-0.67840576,-3.3795776,0.8616028,-17.009491,-3.4882812,1.3399048,-8.981354
1981-03-01,-1.8754272,-0.08627319,-6.258087,-10.763794,-6.824585,-0.7824402,-3.943451,0.47610474,-17.868652,-3.8188782,1.1676941,-8.881348
1981-04-01,-2.7876282,-0.7077942,-7.6245117,-11.09314,-7.3210144,-1.3522034,-4.937195,0.19293213,-18.461487,-4.0523376,1.5432739,-10.622498
1981-05-01,-3.775177,0.30041504,-9.321045,-9.793701,-6.624481,-1.9593506,-6.7947083,-0.45266724,-16.924194,-2.9252014,1.5748901,-11.315796
1981-06-01,-4.6843567,0.80358887,-10.097473,-7.4911194,-3.3817139,-2.597351,-7.792053,-0.6246643,-14.756958,-0.7010498,1.9442444,-12.313141
1981-07-01,-5.175812,1.4122925,-10.677612,-4.8846436,-2.0516968,-3.0575256,-8.670563,-0.8541565,-8.9704895,0.6063843,1.9475098,-13.020447
1981-08-01,-5.280884,1.9203491,-11.092316,-2.7535095,-1.0571289,-3.5081177,-9.119629,-0.9351196,-3.9669495,1.3861694,2.1546326,-13.506409
1981-09-01,-5.5462036,2.4799194,-11.539612,-3.7534485,-0.74160767,-3.7580566,-9.072723,-1.1383972,-5.7825317,1.8196106,2.045166,-13.887054
1981-10-01,-5.1473083,1.9437256,-10.993103,-5.3134155,-1.6325684,-3.6185913,-8.875824,-0.8630676,-9.620728,0.8291931,2.0508423,-13.693237
1981-11-01,-4.709381,1.303009,-10.800201,-7.324951,-3.946045,-2.5844421,-8.53479,-0.43896484,-12.294586,-0.7163391,1.9694519,-13.499329
1981-12-01,-3.7797852,0.7494812,-8.5971985,-8.378296,-5.17984,-2.1116333,-6.9064636,0.19274902,-15.717957,-2.0608826,1.5456543,-11.21994
1982-01-01,-2.3959656,-0.24249268,-6.4645386,-10.098022,-6.49057,-1.6714478,-4.3381042,0.51904297,-16.105774,-3.2486267,1.4127808,-8.974976
1982-02-01,-1.8953857,-1.1824341,-6.1211853,-10.761566,-7.389435,-1.4147339,-4.1064453,0.2901001,-18.170746,-3.8155212,1.3310242,-8.844421
1982-03-01,-2.4286804,-1.8213501,-6.519287,-11.398499,-7.743988,-1.3582153,-5.11438,0.20141602,-18.950867,-4.2391663,1.347992,-9.365204
1982-04-01,-3.2118835,-1.4189148,-7.9879456,-11.7751465,-7.818207,-1.4274292,-6.333679,0.3164673,-18.044739,-4.40802,1.5050964,-10.542938
1982-05-01,-3.91391,-0.5933533,-9.188141,-10.168488,-5.8816223,-1.7314148,-7.2955627,-0.4156189,-15.899353,-3.3786926,1.6116638,-11.988983
1982-06-01,-4.5627747,0.16571045,-10.330688,-8.320923,-3.2154236,-2.2200623,-8.294403,-0.4310913,-12.060059,-1.1871338,1.8900757,-13.681274
1982-07-01,-4.522339,1.2646179,-11.003723,-5.5202026,-1.6794434,-2.599701,-8.802704,-0.39715576,-8.380615,0.20614624,1.7287598,-13.521179
1982-08-01,-5.1209717,1.2667847,-11.408112,-3.2664185,-0.8621216,-3.4872437,-8.873627,-0.90667725,-5.1830444,0.68899536,1.4956055,-13.551544
1982-09-01,-5.2437134,1.4064026,-11.507294,-3.919403,-0.9633484,-3.4978027,-9.447968,-0.61486816,-6.894989,0.7805481,1.5235901,-14.159943
1982-10-01,-5.1326294,1.0834045,-11.661591,-5.5692444,-1.6803894,-3.1989746,-9.045502,-0.8522644,-9.118622,-0.16281128,1.5830688,-14.03186
1982-11-01,-4.9158936,0.46850586,-10.130035,-7.6611633,-3.6130981,-2.946167,-7.6085815,-0.54489136,-11.850403,-1.6964722,1.4413452,-13.540222
1982-12-01,-4.4697266,-0.732605,-9.095581,-9.366455,-5.2507935,-1.8426208,-5.195221,-0.007598877,-14.132996,-2.6592407,2.0176697,-12.336029
1983-01-01,-3.3505554,-1.0653687,-7.833618,-10.530212,-6.4822083,-0.7586365,-3.6698608,0.5305786,-14.803467,-3.7547302,1.5038757,-11.448059
1983-02-01,-2.348999,-1.3014221,-7.5063477,-11.152618,-7.595093,-0.6343994,-3.801239,0.65963745,-15.778931,-4.6829224,0.9866333,-10.823669
1983-03-01,-3.0054321,-0.93536377,-7.66745,-11.319,-7.9216003,-0.510437,-4.703644,0.95529175,-17.85141,-4.816986,0.9601135,-10.521271
1983-04-01,-4.0966187,-1.079773,-8.72052,-11.075134,-7.686432,-0.8280029,-4.9961243,0.6454468,-16.981506,-4.805603,0.65267944,-10.544617
1983-05-01,-5.1341553,-0.19869995,-9.967865,-10.299225,-6.78125,-1.5130005,-6.3095703,0.3173828,-15.0928955,-3.7504272,1.0664062,-12.329254
1983-06-01,-5.522644,0.67163086,-11.067291,-8.559753,-4.8985596,-2.1329956,-7.5174866,-0.28042603,-13.523682,-1.6116028,1.5137634,-13.449402
1983-07-01,-5.80188,1.1148987,-11.101013,-6.0608826,-2.7580261,-2.4262085,-8.23465,-0.17092896,-9.942505,0.28485107,1.3502808,-14.004059
1983-08-01,-6.316223,1.5975037,-11.175018,-4.219635,-1.6300964,-3.1913452,-8.305756,-0.3789978,-4.97348,0.523407,1.8840027,-13.844574
1983-09-01,-6.377411,1.9655762,-11.450836,-3.659607,-0.8540039,-3.407837,-9.177216,-0.59887695,-7.1370544,0.76220703,2.0846863,-14.381348
1983-10-01,-6.004303,1.4107056,-11.001526,-6.0776367,-2.4381104,-3.4606018,-9.242554,-0.276886,-9.820831,0.24157715,2.4066772,-14.657898
1983-11-01,-5.3831177,1.0962219,-10.065857,-8.173279,-4.342285,-2.3648376,-8.573608,0.022125244,-11.785278,-0.60583496,2.3121338,-12.9809265
1983-12-01,-3.6625671,0.35409546,-8.654968,-9.27182,-5.8474426,-1.3171082,-6.2009583,0.39797974,-14.647156,-2.0376892,1.660675,-11.4263
1984-01-01,-1.7874451,-0.4550476,-7.747101,-10.214905,-6.77948,-0.01751709,-4.581421,0.8798218,-16.118134,-3.2015076,1.8622742,-10.796967
1984-02-01,-0.81759644,-0.98931885,-7.1786194,-11.009033,-7.4726257,0.87957764,-3.3556824,1.5116272,-17.49826,-3.9857483,1.3552246,-10.207214
1984-03-01,-1.5297852,-1.6174011,-7.3359985,-11.501465,-8.105652,0.6118469,-4.0693665,1.399292,-18.97168,-4.303955,1.1503601,-10.18689
1984-04-01,-2.5128784,-1.3136292,-8.153778,-11.265015,-7.562805,-0.45339966,-5.2504272,1.1922913,-18.708496,-4.087311,1.6491089,-10.778473
1984-05-01,-3.6255493,-0.6246948,-9.63916,-9.911377,-6.6462097,-1.2201233,-5.865692,0.66363525,-17.03067,-3.0073547,1.6490784,-12.488556
1984-06-01,-4.0996094,0.22769165,-10.109253,-7.005432,-4.8256836,-1.5877686,-6.5787964,0.6810913,-10.783844,-1.2546692,1.6556396,-12.907166
1984-07-01,-4.6427917,1.0401917,-10.498993,-4.9372864,-2.6377563,-2.054718,-7.4951477,0.2848816,-7.060608,-0.8534851,1.556427,-14.245239
1984-08-01,-4.8580017,1.3693848,-10.571686,-3.1880798,-1.440918,-2.3842773,-7.811371,-0.21740723,-2.7713318,0.41067505,2.229126,-14.2283325
1984-09-01,-5.193695,1.2302246,-11.105835,-3.0500793,-0.9406128,-3.0589905,-8.571686,-0.50704956,-6.20932,0.92333984,2.1141968,-15.164368
1984-10-01,-5.140564,1.4971619,-10.77948,-4.419922,-1.851654,-2.881134,-8.915039,0.055358887,-8.984314,0.7819519,2.3553772,-14.613342
1984-11-01,-4.552826,0.28775024,-9.419128,-7.3398438,-2.9076233,-2.2453613,-6.7518616,0.29171753,-12.581329,-0.6669922,2.3680115,-12.80011
1984-12-01,-3.3537292,-0.39840698,-7.3632812,-8.864471,-3.9981384,-1.5654907,-5.365204,0.91122437,-15.094849,-1.7550659,1.7753906,-11.131805
1985-01-01,-1.5377502,-0.8041687,-5.9211426,-10.098297,-5.3070374,-0.48199463,-4.5139465,1.5619812,-17.501251,-2.665619,1.4797974,-10.923157
1985-02-01,-1.25,-1.2782288,-6.0059814,-11.205139,-6.774353,0.4274292,-4.5009766,1.7352905,-19.650726,-3.5198364,1.7342834,-9.966858
1985-03-01,-2.4015503,-1.6679688,-6.6775513,-11.453186,-7.141388,-0.1876831,-4.5821533,1.3798523,-18.87027,-3.4179993,1.8865356,-10.201294
1985-04-01,-3.4961853,-1.6065063,-7.8916626,-11.769867,-6.937744,-0.8310547,-5.418152,1.0308838,-17.396576,-3.7316284,1.7281799,-10.993408
1985-05-01,-4.099701,-0.79629517,-9.076538,-9.758179,-6.1406555,-1.2747498,-6.610565,0.7087097,-15.932953,-2.5609436,1.9918518,-12.067352
1985-06-01,-4.40213,0.47384644,-9.883636,-7.3728027,-3.703827,-1.3916321,-6.568115,0.6719971,-12.891602,-0.0036315918,2.3877258,-12.673798
1985-07-01,-5.0784607,1.2183228,-10.281647,-4.811737,-1.872345,-2.5383606,-7.568634,-0.059783936,-8.7065735,0.9329529,2.1399841,-13.386932
1985-08-01,-5.3817444,1.741394,-10.990295,-2.5653381,-0.7528076,-3.2399597,-8.122986,-0.6600342,-5.048462,0.8918457,2.2395325,-13.9776
1985-09-01,-5.8423767,1.7072754,-10.932648,-2.9725647,-0.39215088,-3.0613098,-9.22345,-0.60894775,-6.3511047,1.4632568,2.3168335,-15.16983
1985-10-01,-5.7453613,1.0878601,-10.656128,-5.710083,-2.3078308,-2.2498474,-9.561554,0.061340332,-9.699188,0.21008301,2.348816,-15.182709
1985-11-01,-5.468048,0.32403564,-9.855957,-8.022736,-4.594269,-1.4844666,-8.232483,0.30236816,-11.687653,-1.8177185,2.3266602,-14.338165
1985-12-01,-4.5109253,-0.38113403,-8.411285,-10.022675,-5.855591,-1.0597839,-5.466858,0.5904236,-14.515961,-2.3681335,2.0243225,-11.412201
1986-01-01,-2.2451477,-0.7348633,-5.842224,-10.397736,-6.1769104,-0.762146,-3.1820679,1.2485962,-16.251068,-2.763977,1.9499512,-9.54895
1986-02-01,-2.5978088,-1.1326294,-5.4656982,-11.017395,-6.8133545,-0.06613159,-3.084076,1.26474,-17.622986,-3.7009888,1.427887,-9.005615
1986-03-01,-2.2950745,-1.4914246,-6.3480225,-11.358887,-7.221985,-0.0031738281,-3.331665,0.93637085,-18.055206,-3.8216248,1.1860657,-9.267883
1986-04-01,-3.0876465,-1.0260315,-7.805237,-11.474213,-7.643158,-0.5869446,-4.713867,0.6505432,-17.456055,-3.995697,1.6535645,-10.951721
1986-05-01,-4.0914,-0.35794067,-8.718262,-9.340942,-5.87027,-0.9250183,-5.4810486,0.3387146,-15.296051,-3.1167297,1.6218567,-11.987488
1986-06-01,-4.6629333,0.29022217,-9.979065,-6.8677673,-4.054413,-1.7441406,-7.4217224,-0.14047241,-12.355988,-1.3894958,2.4053345,-13.345337
1986-07-01,-5.2186584,0.9530945,-10.915131,-3.4093628,-1.4353333,-2.3848267,-8.539795,-0.3321228,-9.478302,0.40649414,2.054718,-14.097778
1986-08-01,-5.6848755,1.2816162,-11.4039,-2.7131042,-0.08441162,-2.7026062,-8.739532,-0.57751465,-5.171295,0.9936218,2.133545,-14.249268
1986-09-01,-6.076355,1.2647095,-11.599731,-4.481598,-0.2849121,-2.8438416,-8.369324,-0.5975647,-5.1541443,1.5107422,1.8086853,-14.469727
1986-10-01,-5.928314,1.3398132,-11.022034,-5.8076477,-1.7819824,-2.5332031,-8.728546,-0.4185791,-10.103485,0.5471802,2.2337036,-14.614929
1986-11-01,-5.69104,0.8300781,-10.445343,-7.309387,-3.1362915,-2.235077,-8.364838,-0.22644043,-13.324799,-0.659729,2.1525574,-13.341583
1986-12-01,-4.8365173,-0.060180664,-9.043701,-8.821289,-4.890564,-1.7750549,-6.491089,0.10662842,-16.295593,-1.9403076,2.053894,-11.297852
1987-01-01,-3.3271484,-0.7536926,-7.2781982,-9.554871,-6.107361,-1.1717834,-4.3981934,0.5107727,-16.7052,-2.8865662,1.6534729,-10.674011
1987-02-01,-2.131134,-0.9818115,-6.724884,-10.457428,-7.084137,-0.28533936,-4.126343,0.6352539,-16.870361,-3.4846497,1.4059143,-11.0208435
1987-03-01,-2.4180298,-1.2584534,-8.063385,-11.370148,-7.364868,0.10684204,-4.2489624,0.8626404,-17.405945,-4.232086,1.4864502,-10.682373
1987-04-01,-3.185608,-0.52053833,-9.318634,-11.432068,-7.0737,-0.27285767,-4.972046,0.70196533,-17.304108,-3.808899,1.5780334,-11.197693
1987-05-01,-4.75589,0.17919922,-10.485687,-10.704193,-6.675873,-1.2295837,-5.836151,0.4145813,-14.883972,-3.2590942,1.7348328,-12.887207
1987-06-01,-5.3926697,0.8836365,-10.863525,-7.7542725,-4.1819153,-1.3705139,-6.650482,0.021392822,-11.67514,-1.4360046,1.7771301,-13.468201
1987-07-01,-5.796417,1.0356445,-11.501648,-4.5406494,-1.5465393,-2.0101624,-7.596161,-0.0942688,-9.375427,0.52749634,1.8656616,-14.06897
1987-08-01,-5.989807,1.464508,-11.531799,-3.185028,-0.77786255,-2.571991,-8.327881,-0.3060608,-5.7815247,1.2680054,1.8355103,-14.353943
1987-09-01,-6.154297,1.657196,-12.01355,-3.9195862,-0.49871826,-2.8874512,-8.627991,-0.32009888,-5.9726257,1.7539062,1.7938232,-14.505646
1987-10-01,-5.9262085,1.4487915,-11.527039,-6.4486694,-2.4029846,-2.4362183,-8.47818,-0.39239502,-7.90094,0.37161255,2.6917725,-14.392181
1987-11-01,-4.8331604,0.8367615,-10.609528,-8.454651,-4.333191,-1.6497192,-7.7172546,0.07888794,-11.227173,-1.1477051,2.0152588,-13.520721
1987-12-01,-4.0235596,0.044128418,-9.338867,-9.564545,-5.5505676,-1.1875916,-6.0674133,0.58914185,-13.708984,-2.0897522,1.9590149,-11.977325
1988-01-01,-2.5531921,-0.5661926,-7.7351685,-10.958466,-6.5681458,-0.39419556,-4.847229,1.131958,-15.135284,-2.945221,2.2433167,-10.360046
1988-02-01,-1.9795837,-1.3320923,-6.877289,-11.624207,-7.334076,0.023590088,-3.357544,1.4723511,-17.140564,-3.6200867,1.461731,-9.781372
1988-03-01,-1.9691162,-1.6575317,-7.916443,-11.651672,-8.078827,0.18884277,-4.4017944,1.3538208,-17.42044,-4.2297974,1.2131958,-10.377441
1988-04-01,-2.787506,-1.3903503,-9.138519,-11.116913,-7.3816833,-0.17526245,-6.2161865,1.2416382,-17.351044,-4.353119,1.6488342,-11.651093
1988-05-01,-3.9002075,-0.02029419,-9.825775,-9.847015,-6.020233,-0.94854736,-6.440094,0.73291016,-14.549438,-3.0104065,1.3824463,-11.737915
1988-06-01,-4.2495728,1.0568237,-10.341583,-6.502655,-3.99411,-1.4031372,-7.352478,0.50341797,-11.273376,-1.407196,2.1469421,-12.947754
1988-07-01,-5.254059,1.5152893,-10.457275,-3.788086,-2.5538025,-2.1885986,-7.678131,-0.048828125,-7.756012,-0.3548584,2.452118,-13.058899
1988-08-01,-5.528839,1.8627014,-10.743683,-2.1785583,-0.37469482,-2.868042,-8.015106,-0.7029724,-4.8079834,0.85705566,2.3432617,-13.046326
1988-09-01,-5.870514,1.886261,-10.851135,-3.1115723,-0.6253052,-3.2218628,-8.435699,-0.46798706,-4.0023804,1.018219,2.6890564,-14.013245
1988-10-01,-6.0064087,1.8080139,-10.412415,-4.4913635,-1.339386,-2.7628784,-8.064728,0.020324707,-8.421356,0.3142395,2.6431885,-13.473816
1988-11-01,-5.1815796,1.4364929,-9.238037,-7.8064575,-3.377716,-2.353363,-6.742157,0.3468933,-11.243256,-0.69314575,2.4031982,-12.239258
1988-12-01,-3.6681824,0.117126465,-7.2020874,-8.55777,-4.8397217,-1.4646606,-5.793762,0.69329834,-13.8914795,-1.9295654,2.131958,-9.749054
1989-01-01,-1.7032471,-0.59783936,-5.962921,-9.412415,-6.344208,-0.28463745,-3.9991455,1.3474731,-16.36438,-2.8431702,1.9811401,-9.157562
1989-02-01,-0.70861816,-1.4283752,-5.936096,-10.092682,-6.9909363,0.2727661,-2.902893,1.3635864,-17.036865,-3.4208374,1.2707214,-8.031158
1989-03-01,-1.6798706,-1.8909302,-6.2167664,-10.96814,-7.4345093,0.52804565,-3.3839417,1.4919128,-18.023682,-4.018585,1.5566101,-8.664429
1989-04-01,-2.8226013,-1.7288513,-7.571533,-11.083252,-7.575409,-0.022857666,-5.1214294,1.182251,-18.099915,-4.12204,1.8699036,-9.948669
1989-05-01,-3.8699036,-0.77737427,-8.707825,-9.8428955,-6.639496,-0.7224121,-6.34964,0.80755615,-16.8367,-3.0008545,2.3623047,-11.320343
1989-06-01,-4.8513184,-0.175354,-9.6649475,-6.5933228,-3.4351501,-1.4451294,-7.461426,0.38879395,-12.296417,-0.71661377,2.0870361,-12.458862
1989-07-01,-5.5171814,1.2339172,-10.451904,-3.8335571,-1.4880066,-2.066742,-8.279968,0.109069824,-9.1033325,0.3765564,2.3004456,-13.463196
1989-08-01,-5.4906006,2.0541992,-10.573639,-2.3061523,-0.07052612,-2.4340515,-8.430908,-0.17510986,-3.134369,1.2075195,2.340149,-13.126343
1989-09-01,-5.6654053,1.713562,-10.722656,-3.6680603,-0.7112427,-2.8466797,-8.677185,-0.056640625,-3.4613953,1.188324,2.5223083,-13.726654
1989-10-01,-5.7565613,1.5475159,-10.54245,-6.1587524,-2.1538696,-2.636322,-8.529083,0.18582153,-7.215515,0.3647766,2.6125488,-13.603851
1989-11-01,-5.0912476,0.89974976,-9.556183,-8.139526,-3.8559875,-2.3581238,-7.909973,0.4212036,-9.787659,-1.0397034,2.4034424,-12.349121
1989-12-01,-3.4440002,0.08959961,-8.600952,-9.954376,-5.516205,-1.8824158,-6.2661133,0.41836548,-12.599976,-1.7258301,2.1462708,-10.850189
1990-01-01,-2.1367493,-0.51934814,-7.2058716,-10.461853,-6.086029,-1.553894,-3.6328125,1.0166626,-15.654236,-2.4168396,1.5028687,-9.362213
1990-02-01,-1.9064331,-1.3305054,-5.592407,-11.141815,-7.285736,-0.46902466,-3.465149,1.0221252,-16.979706,-3.7141724,1.641449,-8.961304
1990-03-01,-1.9880371,-1.627594,-5.9802246,-11.610016,-7.7721863,-0.27401733,-4.0877075,0.96810913,-17.551453,-4.1902466,1.2220764,-9.269257
1990-04-01,-2.8858032,-1.4577637,-7.69458,-11.648285,-8.11026,-0.5124817,-4.8582153,0.8114929,-17.419098,-4.3271484,1.5018616,-10.326263
1990-05-01,-4.130951,-0.5081177,-9.02356,-10.364807,-6.854889,-1.5391846,-6.1635437,0.25769043,-15.4418335,-3.130951,1.7162781,-11.564545
1990-06-01,-4.6670837,0.41238403,-9.706146,-7.1641846,-4.095581,-1.9219666,-7.129669,-0.019592285,-12.188446,-1.2705994,2.0608215,-12.519318
1990-07-01,-5.2711487,0.8487854,-10.411774,-3.143402,-1.7597351,-2.3085632,-7.9842224,-0.11227417,-8.454163,-0.17242432,2.341919,-13.558289
1990-08-01,-5.611145,1.8939209,-10.922394,-3.6382446,-0.48382568,-2.8709717,-8.43811,-0.19784546,-5.283722,1.247467,2.396881,-13.473236
1990-09-01,-5.6593018,2.3640137,-10.975494,-3.2327576,0.03604126,-3.4709167,-8.609558,-0.4866333,-5.2189636,1.8299866,2.5602722,-13.355713
1990-10-01,-5.5000916,1.4872131,-11.119995,-5.6914062,-1.844696,-3.1775513,-8.274292,-0.2869568,-8.415802,0.49212646,2.4423828,-13.404083
1990-11-01,-5.508972,1.0414429,-9.981934,-7.316681,-3.5306396,-1.9857178,-7.426178,-0.15185547,-11.042114,-0.6572876,2.5271606,-12.763062
1990-12-01,-4.074829,0.29312134,-8.28595,-9.033997,-5.1024475,-1.5535583,-5.666565,0.38433838,-14.178558,-1.8494263,1.7152405,-11.127716
1991-01-01,-2.857727,-0.7690735,-6.8287354,-10.389893,-5.9866943,-1.3804626,-4.644745,0.81018066,-15.795288,-2.8267517,1.6107788,-9.8776245
1991-02-01,-2.3902893,-1.1393738,-6.1325684,-10.865051,-6.3327026,-0.92160034,-3.908081,1.1146545,-17.284027,-3.08844,1.5783081,-9.2977295
1991-03-01,-2.8707275,-1.316742,-7.22583,-11.645721,-6.9680176,-0.9545593,-3.807129,0.7123718,-18.007507,-3.4449463,1.1927185,-9.0052185
1991-04-01,-3.295105,-1.3284302,-8.316864,-11.180878,-7.3614197,-1.1359253,-5.0101624,0.6482544,-17.425903,-3.9141235,1.4674072,-10.046234
1991-05-01,-4.4916077,-0.28234863,-10.163391,-9.549133,-6.216217,-1.670044,-6.4044495,0.12936401,-14.158691,-2.627411,1.5346985,-11.952301
1991-06-01,-5.0343018,0.32580566,-10.904327,-6.020752,-3.195343,-2.3108826,-7.7658386,-0.46810913,-11.388947,-1.2138977,1.5791016,-12.658447
1991-07-01,-5.136322,0.66171265,-11.476196,-3.1129456,-0.6225586,-3.0552979,-8.58551,-0.6373291,-9.210266,0.70077515,2.1647034,-13.647797
1991-08-01,-5.473175,1.7621155,-11.462799,-1.8062134,1.349884,-3.87677,-8.713654,-1.0037231,-6.1141357,1.8135681,2.028473,-13.633423
1991-09-01,-6.007599,2.039215,-11.619812,-3.0945435,0.7130127,-3.8536682,-9.249023,-1.0673523,-6.842499,2.0234985,1.7971497,-14.527161
1991-10-01,-6.054016,1.416687,-11.606659,-4.9541626,-2.0029602,-3.4502258,-9.070496,-0.9197998,-8.548706,0.8858032,1.8269653,-14.39679
1991-11-01,-5.0520325,0.7517395,-11.064026,-6.814728,-3.8049316,-2.6636047,-8.093292,-0.93377686,-10.479797,-0.7045593,1.9468994,-13.373352
1991-12-01,-3.9233093,-0.31591797,-9.280548,-8.4513855,-5.5687866,-1.7846069,-5.9781494,0.18493652,-13.100952,-2.3130798,2.1148987,-12.123596
1992-01-01,-2.591095,-0.9747009,-7.7318115,-9.53952,-6.4075317,-1.0333252,-4.9074097,0.6629944,-14.607605,-3.577301,1.8192139,-10.887085
1992-02-01,-2.1093445,-1.3847046,-7.148346,-10.072571,-6.929901,-1.1555786,-4.484253,0.40603638,-16.07257,-3.9228516,1.6998291,-11.148376
1992-03-01,-2.3902283,-1.4970093,-8.466766,-10.173737,-7.334778,-1.1773376,-5.2664795,0.5499878,-17.70102,-4.309326,1.4504395,-12.0289
1992-04-01,-3.1723938,-1.0033264,-9.359863,-9.872345,-7.0861816,-1.8863525,-6.062683,0.1519165,-17.196655,-4.6696167,1.5406494,-12.750519
1992-05-01,-4.3441467,-0.52285767,-10.508362,-9.547363,-6.423584,-2.106781,-7.2688293,-0.06802368,-15.510101,-3.635498,1.7711487,-13.762451
1992-06-01,-5.139374,0.6644592,-11.136993,-7.63443,-4.429291,-2.6109314,-8.068909,-0.38809204,-11.302155,-1.1703796,1.8284302,-13.9653015
1992-07-01,-5.4599915,1.2443237,-11.322937,-4.6719055,-1.3936157,-2.9411926,-8.626862,-0.65930176,-8.29361,0.98760986,2.055664,-14.452026
1992-08-01,-5.6152954,1.635376,-11.989258,-2.9143982,-0.49829102,-3.4622192,-9.143524,-0.6760864,-5.025818,1.0643005,1.9657288,-14.805939
1992-09-01,-5.772339,1.4715576,-12.100769,-3.5916748,-0.6112671,-3.795105,-9.503998,-0.7609558,-6.325012,0.9871826,2.2499695,-14.550781
1992-10-01,-5.542389,1.7915955,-12.002594,-5.627655,-2.0844116,-3.3636475,-9.025085,-0.5765381,-9.17041,0.32876587,2.399994,-14.318909
1992-11-01,-4.5601807,0.9612732,-10.324768,-6.995636,-3.86557,-2.9612122,-7.410736,-0.323761,-11.4964905,-1.0435791,2.2817078,-12.916718
1992-12-01,-3.5049438,0.23205566,-8.804077,-7.798004,-4.763855,-2.1026611,-4.3351746,0.17779541,-14.190369,-2.2043762,1.7205505,-10.970703
1993-01-01,-1.7804565,-0.9737854,-6.9060974,-9.503998,-5.9035034,-1.1365967,-2.4423828,0.27642822,-15.514801,-3.3533325,1.6114502,-10.07428
1993-02-01,-1.398529,-1.2688599,-6.9594116,-10.028656,-6.9613647,-0.33059692,-3.313568,0.6052246,-16.718903,-3.89505,1.486969,-10.014038
1993-03-01,-1.8461914,-1.559082,-7.6244507,-10.72345,-7.7643433,0.20144653,-3.649109,0.5621338,-16.96231,-4.4197083,1.473114,-9.512207
1993-04-01,-2.9575195,-0.9732666,-8.615906,-10.663513,-6.957733,-0.5828552,-5.311249,0.27694702,-17.62085,-4.0873413,1.7240906,-11.673462
1993-05-01,-3.4697266,-0.15823364,-10.26767,-10.257904,-6.88501,-1.3236389,-7.0960693,0.08792114,-15.906555,-3.8313599,1.75,-12.86264
1993-06-01,-4.4589844,0.51556396,-11.177002,-7.7470703,-3.4456482,-1.9180908,-8.742371,-0.23162842,-12.444275,-1.3341675,1.8612976,-13.698395
1993-07-01,-5.3201904,1.1112366,-11.496185,-4.694336,-1.6806641,-2.3308716,-8.700378,-0.37194824,-8.959198,0.8465576,1.9500732,-13.451202
1993-08-01,-5.429535,1.5049133,-11.412018,-2.3788147,-0.48324585,-2.844757,-9.039307,-0.5432129,-6.989258,1.147644,2.0352173,-13.322205
1993-09-01,-5.7286987,1.7306824,-11.757019,-3.2146301,0.13684082,-2.6531067,-8.952942,-0.50216675,-5.864197,1.8417969,1.7316589,-13.577026
1993-10-01,-5.5937195,1.289032,-11.272583,-6.0304565,-1.8684082,-2.6565552,-8.4592285,-0.3164978,-9.430634,0.41705322,1.9899292,-13.855377
1993-11-01,-5.2728577,0.66625977,-10.879578,-7.8678284,-4.0143433,-2.2387085,-8.413757,-0.009277344,-11.561951,-0.65997314,1.9135742,-13.45166
1993-12-01,-3.8242798,-0.07022095,-9.145386,-9.031342,-5.578003,-1.2068787,-6.260376,0.64382935,-14.201813,-1.9492188,1.850647,-11.568329
1994-01-01,-2.1775818,-0.65545654,-6.81662,-9.7039795,-6.3428955,-0.63974,-3.6541443,1.040802,-16.586975,-2.8572693,1.8249207,-9.512726
1994-02-01,-2.2949219,-1.3984985,-6.4970093,-10.799622,-7.2546387,-0.3005371,-3.9283752,1.2481079,-18.288727,-3.7057495,2.1886597,-8.834656
1994-03-01,-2.618225,-1.5918579,-7.392578,-10.844879,-7.4328003,-0.20898438,-5.2373657,0.99786377,-17.84607,-3.6906738,1.4009705,-9.916077
1994-04-01,-3.069275,-1.7211914,-8.66452,-10.176361,-7.2934265,-0.50064087,-5.545685,0.9239197,-17.917542,-3.6949768,1.7796326,-10.841339
1994-05-01,-4.2198486,-0.5802307,-9.701355,-9.777863,-6.4761047,-1.4016418,-6.882141,0.47409058,-15.810059,-3.1066895,1.7436829,-12.03949
1994-06-01,-4.7109985,0.23352051,-10.571075,-7.896515,-4.1289062,-1.9952698,-7.8269043,0.4159546,-11.73819,-0.8624878,1.8194275,-13.522186
1994-07-01,-5.2025757,0.66729736,-11.101379,-5.183441,-2.2048645,-2.8453064,-8.157135,-0.07858276,-7.0346375,0.19161987,1.8108826,-13.788666
1994-08-01,-5.5933228,1.4367981,-11.320038,-3.5768738,-0.7056885,-3.0560913,-8.251709,-0.5522156,-2.2857056,0.8071289,2.1527405,-13.566956
1994-09-01,-6.071747,1.4977722,-11.647888,-2.7141113,-0.33428955,-3.29422,-9.26709,-0.7055054,-3.4281006,1.06427,2.0288696,-13.771759
1994-10-01,-6.0427246,1.2492371,-11.980286,-4.373474,-1.1040955,-3.3902588,-8.936005,-0.557312,-7.9449463,0.8118286,2.287384,-13.636322
1994-11-01,-5.147888,0.8558655,-10.841248,-6.6401367,-2.8156433,-2.7514038,-8.02594,-0.20141602,-10.918213,-0.5932312,2.1235046,-13.641815
1994-12-01,-3.5333862,0.09448242,-8.809906,-8.439667,-4.961853,-1.8518677,-5.7685547,0.1003418,-14.145752,-2.083313,1.8456116,-12.420105
1995-01-01,-2.492859,-0.6216736,-7.2662964,-8.928406,-5.928467,-1.142334,-4.747925,0.66534424,-16.939148,-3.4369812,1.6593018,-10.448883
1995-02-01,-1.7628174,-1.1004944,-6.713043,-10.090057,-6.849823,-0.38885498,-4.7304993,1.0837708,-17.840942,-4.150757,1.1286926,-10.027527
1995-03-01,-1.7590637,-1.2085876,-7.3960266,-10.196686,-7.1860046,0.28845215,-4.835205,1.183258,-19.164276,-4.452759,1.119751,-10.000336
1995-04-01,-2.6061707,-1.2312317,-8.225555,-9.588776,-6.7656555,-0.46099854,-5.825897,0.7757263,-18.91681,-4.2575684,1.553772,-10.759552
1995-05-01,-3.674652,0.03741455,-9.779053,-8.030975,-4.367737,-1.1958618,-7.3530273,0.6245117,-16.688873,-2.5307617,1.6067505,-11.779175
1995-06-01,-4.624481,0.5958557,-11.0121765,-5.923706,-2.3747559,-1.8794861,-7.999542,0.10107422,-14.062897,-0.23983765,1.8569946,-13.05722
1995-07-01,-5.120819,1.520874,-11.699005,-4.106842,-0.8919983,-3.0005493,-8.823608,-0.39035034,-8.690247,1.0988464,1.8031616,-13.452942
1995-08-01,-6.0249634,2.3189087,-11.850952,-2.7280579,0.2875061,-3.4372559,-9.1909485,-0.87835693,-4.880554,1.8128967,1.7532959,-14.360992
1995-09-01,-6.1275635,1.9163818,-11.442169,-3.2409363,0.0569458,-3.6776123,-9.016632,-0.9775696,-5.91803,1.4445801,2.3769836,-14.249664
1995-10-01,-5.581482,1.649231,-11.005981,-4.9308777,-1.8195801,-3.2668152,-8.690826,-0.6263428,-9.187073,0.9263611,2.511322,-14.244263
1995-11-01,-5.278015,1.1321411,-10.440247,-7.8359375,-3.9363098,-3.0527344,-7.5223694,-0.5299988,-11.762421,-0.97250366,2.3292847,-13.406006
1995-12-01,-3.6672363,0.6543884,-8.045044,-8.797699,-5.3713684,-1.8790894,-6.022461,0.025299072,-15.649414,-1.9865417,1.7020874,-10.679626
1996-01-01,-2.616211,-0.03024292,-6.845703,-10.381866,-6.582672,-0.84658813,-4.953064,0.857666,-17.15976,-2.9976196,1.5705566,-9.559326
1996-02-01,-2.697235,-0.68930054,-5.9513245,-11.337921,-7.411072,-0.1678772,-3.5918274,1.1750488,-17.928436,-3.7585754,1.0216675,-9.615112
1996-03-01,-2.6257324,-0.99972534,-7.0482483,-11.765198,-7.7240906,-0.0042419434,-5.0063477,1.2496033,-19.220459,-4.3109436,1.3052063,-9.71814
1996-04-01,-3.1407166,-1.0746155,-7.9132385,-11.006226,-7.51947,-0.29223633,-6.777771,1.0331726,-17.464996,-4.249939,1.8366699,-11.478729
1996-05-01,-4.051941,-0.49209595,-9.584198,-10.835999,-7.153656,-1.1272583,-7.313751,0.3330078,-15.593079,-3.442505,2.048584,-12.6427
1996-06-01,-4.9848022,0.13824463,-10.499542,-8.075714,-4.7243347,-2.1332092,-7.841522,-0.20968628,-12.843109,-1.7425537,2.090088,-13.786591
1996-07-01,-5.3782654,0.6362915,-10.746826,-4.193878,-2.8432312,-2.4273376,-8.520142,-0.5161743,-9.379211,-0.24645996,2.2798157,-14.301544
1996-08-01,-5.951996,1.597992,-11.129608,-2.0153809,-1.1141052,-2.7478333,-9.328064,-0.6637268,-5.341522,0.272583,2.5013123,-14.186554
1996-09-01,-6.311371,1.6164246,-11.211029,-2.2187805,-0.42651367,-3.0361633,-9.694122,-0.73431396,-6.250122,1.053833,2.5305786,-14.8758545
1996-10-01,-5.695801,1.4094543,-10.7395935,-3.9421387,-1.1965942,-2.657898,-9.46463,-0.3411255,-8.72702,0.57662964,2.6247253,-14.8862
1996-11-01,-4.3318787,1.1308899,-10.167816,-6.204956,-2.931305,-1.9831848,-8.613861,0.20697021,-11.818024,-0.4215088,2.3858032,-13.783752
1996-12-01,-3.0543518,0.09472656,-8.7456665,-8.097626,-4.66803,-1.3660583,-7.127899,0.82925415,-15.05722,-1.8571167,1.9122314,-12.284912
1997-01-01,-1.9267273,-0.110321045,-7.853546,-10.18927,-6.2655334,-1.1749268,-5.4435425,1.1328125,-15.588104,-2.852478,1.6414795,-10.606354
1997-02-01,-1.7270813,-0.7260437,-7.319214,-10.937256,-7.39447,-1.2860718,-4.600464,0.9916687,-17.355408,-3.824768,1.7668457,-10.126465
1997-03-01,-1.7951965,-1.4101562,-7.1477356,-11.1874695,-7.71286,-1.6171875,-4.8984985,0.70584106,-18.31369,-4.3069153,1.2261963,-9.619293
1997-04-01,-2.7060852,-1.470581,-8.320587,-11.173126,-7.5764465,-1.7920532,-5.4217834,0.29086304,-19.011963,-4.3566895,1.2598572,-10.559692
1997-05-01,-4.2349243,-0.5690613,-9.548309,-10.201935,-6.0213013,-2.4353027,-6.5416565,-0.29440308,-16.947144,-3.3717346,1.895874,-12.016296
1997-06-01,-5.0926514,0.42977905,-10.552521,-8.400421,-4.350525,-2.6495972,-7.8220825,-0.594635,-14.380646,-0.9628906,1.8789368,-13.281952
1997-07-01,-5.981903,0.87472534,-11.264252,-5.1584167,-2.2280579,-2.8959045,-8.754059,-0.942688,-9.237793,0.7684021,1.5385132,-13.792267
1997-08-01,-6.2766113,1.2626343,-11.657135,-3.1214294,-0.8574219,-3.4993591,-9.003998,-1.2841797,-6.194214,0.9686279,1.6365051,-14.004028
1997-09-01,-6.644043,1.3997803,-11.893341,-4.038727,-0.2904663,-3.4334412,-9.172577,-1.0941467,-7.2513733,1.5101624,1.6556091,-14.380646
1997-10-01,-6.3098145,1.2680969,-11.715271,-5.4115295,-2.0589905,-2.276703,-9.474121,-0.7660217,-10.819519,0.384552,1.642456,-14.104889
1997-11-01,-5.500305,0.53585815,-10.568024,-7.968292,-4.497772,-1.2815552,-8.661591,-0.21899414,-13.930206,-1.223053,1.7428894,-13.792358
1997-12-01,-5.263031,0.09051514,-8.625244,-9.821594,-5.7172546,-0.7619629,-7.4731445,0.21057129,-15.467102,-2.0412292,1.4420166,-12.79718
1998-01-01,-4.653656,-0.5977173,-7.1163025,-11.065643,-6.7121277,-0.59506226,-5.1644287,0.89642334,-17.708862,-3.2990112,1.156311,-11.231659
1998-02-01,-4.0304565,-0.82263184,-5.3378906,-11.517548,-7.533203,-0.84594727,-3.6347961,0.86776733,-18.446655,-4.3927307,0.77227783,-9.602814
1998-03-01,-3.8390503,-1.2730103,-6.5748596,-11.668274,-7.827667,-0.6985779,-3.690033,0.7631836,-18.806885,-5.2780457,0.7711487,-10.030914
1998-04-01,-4.5481873,-0.6465759,-7.4786377,-11.278381,-7.565613,-1.0947571,-4.467041,0.62213135,-17.074585,-4.7619324,0.8767395,-10.907654
1998-05-01,-5.497467,0.22286987,-8.908997,-9.430359,-6.081421,-1.4049072,-6.485077,0.15551758,-15.733093,-3.337677,1.1203003,-12.689117
1998-06-01,-5.812439,1.1760864,-9.609558,-6.769287,-3.524292,-1.545929,-7.21109,-0.09051514,-11.808594,-0.9932556,1.6025085,-13.860168
1998-07-01,-6.263031,1.5269165,-10.04422,-3.3283386,-2.285553,-2.1657104,-8.188904,-0.17510986,-7.64682,-0.006439209,2.1130066,-14.331421
1998-08-01,-7.0191345,2.30896,-10.525055,-1.7915344,-1.2192383,-2.887329,-9.219208,-0.4602356,-4.92511,0.4446411,2.5466003,-14.336487
1998-09-01,-6.844269,2.1645508,-10.39209,-2.6928406,-0.63223267,-3.1579895,-8.835358,-0.44500732,-4.1286316,0.9610901,2.9728699,-14.486237
1998-10-01,-6.403717,1.8970032,-10.293121,-3.4780273,-1.2885437,-2.7514038,-8.4600525,-0.3157959,-7.3891907,0.7927246,2.674591,-13.96347
1998-11-01,-5.348938,1.1240234,-9.637726,-4.7755737,-2.3781738,-2.24823,-7.8174133,0.19317627,-10.536224,-0.022705078,2.3190002,-13.128296
1998-12-01,-3.8908386,0.6578369,-8.135071,-6.9061584,-3.938568,-1.7130127,-5.5791016,0.9559326,-13.555756,-1.333252,2.1620483,-11.009827
1999-01-01,-2.5630493,-0.19882202,-6.033844,-8.677216,-5.591522,-1.2486572,-3.2799988,1.0744019,-16.587769,-2.4410706,2.0725098,-9.448883
1999-02-01,-2.6955566,-1.105011,-5.6441956,-9.3941345,-6.425415,-0.845459,-2.785431,1.3274841,-16.926117,-3.6459656,1.879242,-7.5169067
1999-03-01,-3.0911255,-1.1742554,-6.140167,-9.719391,-6.805908,-0.39904785,-3.8688354,1.1031189,-17.294556,-4.136444,1.3225098,-9.410645
1999-04-01,-3.7435608,-0.52633667,-7.1239624,-9.721649,-6.16803,-0.3897705,-4.600586,0.99694824,-16.961945,-3.8665771,1.8112793,-10.342712
1999-05-01,-4.658661,0.5708618,-8.558197,-8.775085,-4.79422,-0.9996033,-5.9996643,0.60198975,-15.204529,-2.6880493,1.857666,-11.309021
1999-06-01,-4.779846,1.5541992,-9.242706,-6.8363037,-3.3313904,-1.4546814,-6.893036,0.37435913,-11.850952,-1.4260559,2.4057007,-12.451904
1999-07-01,-5.1249695,1.8612671,-9.884064,-3.639862,-1.0351562,-2.0056458,-8.300049,0.047790527,-7.023285,0.24612427,2.5059204,-13.330231
1999-08-01,-5.6384277,2.5457458,-10.633453,-1.8678894,0.41046143,-2.5291138,-8.981171,-0.52337646,-2.3067017,1.3242188,2.63562,-13.651367
1999-09-01,-5.457123,2.640686,-10.346741,-2.7324219,0.40802002,-2.8624573,-9.126221,-0.52633667,-3.514618,1.2088013,2.9198303,-13.479614
1999-10-01,-5.5079956,1.8613281,-9.846832,-4.922058,-0.8538208,-2.846527,-8.719696,-0.47277832,-6.086853,0.62023926,2.7254028,-13.704193
1999-11-01,-4.8244934,1.0476685,-9.202484,-7.426697,-3.029602,-2.2649536,-7.1455383,0.23632812,-9.013702,-0.25115967,2.670868,-12.778717
1999-12-01,-2.999237,0.29281616,-8.957245,-8.3758545,-4.6093445,-1.2666016,-5.851471,0.7326355,-12.465668,-1.592926,2.6445007,-10.472473
2000-01-01,-1.1367493,-0.63687134,-7.8146973,-9.160431,-5.424988,-1.1722412,-5.0959473,1.03302,-14.525909,-2.626007,1.9508972,-8.351135
2000-02-01,-0.52890015,-1.223053,-6.618561,-9.793549,-6.5307007,-0.24951172,-3.4370422,1.2719421,-15.63327,-3.4353943,1.5775452,-8.086548
2000-03-01,-0.90856934,-1.6567688,-7.2956543,-9.963104,-6.891815,-0.48510742,-4.4759216,1.2972107,-16.476776,-4.2270813,1.6371765,-9.526001
2000-04-01,-2.9449463,-1.6139526,-8.220398,-10.706146,-7.2839355,-0.836853,-5.676819,1.1965027,-15.710907,-4.5400696,1.7989502,-10.815277
2000-05-01,-3.8263855,-0.27157593,-9.352844,-9.427063,-5.864624,-1.3564758,-6.5107727,0.5377197,-12.930023,-3.2861328,1.837616,-11.575562
2000-06-01,-4.727173,0.38128662,-9.842163,-6.4379883,-3.712677,-1.8687134,-7.438843,0.22793579,-9.4383545,-1.3147888,2.1526794,-13.065186
2000-07-01,-5.049347,1.3191528,-10.154541,-5.0881042,-1.5840454,-2.7453308,-8.276733,-0.20065308,-5.2130737,0.4574585,2.516449,-14.326538
2000-08-01,-5.4969482,1.8112793,-10.456421,-3.1514587,-0.6815491,-3.0226746,-8.790344,-0.48236084,-2.8382263,1.1187744,2.229309,-14.323364
2000-09-01,-5.646698,2.375885,-10.662384,-3.4873047,-0.14749146,-3.3710632,-9.155121,-0.27957153,-3.323578,1.1327515,2.6891174,-14.434906
2000-10-01,-5.6392517,1.9751282,-10.751007,-4.774292,-1.0825195,-3.10495,-8.628693,-0.18045044,-6.64447,0.12731934,2.2626953,-13.8124695
2000-11-01,-4.331726,1.3579102,-10.197662,-5.756592,-2.7955322,-2.3491516,-7.9050903,0.14477539,-11.095337,-0.5406494,1.7033386,-12.407806
2000-12-01,-3.0082092,0.35830688,-8.088287,-8.547241,-4.255188,-1.693573,-4.800354,0.63552856,-13.67807,-1.4016113,2.253601,-10.052338
2001-01-01,-1.34021,-0.23651123,-6.9878235,-9.828644,-5.411255,-1.1445618,-3.5032349,1.1304626,-15.550049,-2.1341858,2.092743,-8.875153
2001-02-01,-1.4754639,-0.9814453,-6.6393433,-10.665955,-6.1473694,-0.19882202,-3.9570007,1.1087952,-17.351196,-2.91214,1.716919,-7.9918823
2001-03-01,-2.0747986,-1.5270691,-6.643982,-11.640076,-6.974365,-0.7253723,-4.555298,0.80319214,-18.812134,-3.9926147,1.5904541,-9.03775
2001-04-01,-3.0361328,-1.509613,-7.976471,-10.747101,-7.088043,-0.969635,-6.0343933,0.6657715,-17.421997,-3.717041,1.6492004,-10.54422
2001-05-01,-4.2358093,-0.37542725,-8.815857,-9.554047,-5.4572144,-1.4610596,-7.0245056,0.5068054,-15.66214,-2.4837341,1.8738098,-12.261688
2001-06-01,-4.9022217,0.7335205,-9.774414,-7.9567566,-3.4650269,-2.2781982,-8.230377,0.021606445,-11.569366,-0.23339844,1.7489319,-14.183563
2001-07-01,-5.0475464,1.2680664,-10.462311,-4.5942993,-1.729187,-2.6568604,-8.909485,-0.3100586,-7.5677795,0.20050049,2.1353455,-14.8637085
2001-08-01,-5.2725525,1.7822876,-10.769409,-2.0646667,-0.2635498,-3.5457458,-9.492249,-0.8112488,-8.058655,0.85720825,2.1328125,-15.56366
2001-09-01,-5.4678345,2.2999268,-10.826324,-3.656372,-0.43249512,-3.6992188,-9.625061,-0.7277527,-5.9969482,1.4208069,2.7185974,-15.226685
2001-10-01,-5.2897644,1.703125,-10.285889,-5.7058716,-1.9265137,-3.2589111,-9.773254,-0.25598145,-8.757843,0.7227783,3.0066223,-15.1493225
2001-11-01,-5.123749,1.1799622,-9.667633,-7.51651,-3.344818,-2.705719,-7.539734,0.06283569,-10.860138,-0.4451294,2.4524841,-12.737183
2001-12-01,-4.367279,0.5116272,-8.179169,-8.627258,-4.9144897,-2.2729187,-5.0440674,0.48892212,-13.933105,-1.831543,1.7098083,-10.493439
2002-01-01,-2.8369446,-0.3163147,-7.209778,-9.93338,-6.188629,-1.8586426,-4.557617,0.47729492,-15.908173,-3.04187,1.650177,-10.106293
2002-02-01,-2.2043457,-0.89352417,-6.440735,-10.772675,-6.7032776,-1.1260376,-4.062439,0.83551025,-16.539093,-3.7383118,1.4029846,-9.114563
2002-03-01,-2.1116943,-1.5363464,-7.12146,-11.766724,-7.3919067,-0.83535767,-4.385071,0.813385,-17.455292,-4.4466248,1.7709961,-9.821411
2002-04-01,-3.2920532,-1.0127869,-8.749115,-11.294891,-7.5782166,-1.1162415,-5.453125,0.5684509,-16.615997,-4.469879,1.6398621,-11.747101
2002-05-01,-4.271637,-0.6446228,-9.490265,-9.266632,-6.4770203,-1.7179871,-6.724823,0.36227417,-14.927124,-3.5238647,1.89328,-13.201538
2002-06-01,-5.2398376,0.38912964,-10.634338,-7.484131,-4.424591,-2.4664917,-7.823059,-0.107421875,-11.517578,-1.9507446,1.817688,-14.062347
2002-07-01,-5.4778137,0.89450073,-10.880188,-4.120178,-2.6123352,-3.007904,-7.655609,-0.4650879,-8.8984375,-0.57836914,1.9294739,-14.024445
2002-08-01,-5.392578,2.1388245,-11.280151,-2.2088928,-0.92663574,-3.367981,-8.70285,-0.52319336,-6.548706,0.81866455,1.9102783,-13.857452
2002-09-01,-5.62027,2.2431335,-11.453186,-3.4725342,-0.2967224,-3.797638,-9.201019,-0.5996704,-6.839966,0.80670166,1.9229431,-14.494019
2002-10-01,-5.67099,1.793396,-11.293091,-6.175934,-1.6759949,-4.001068,-9.320709,-0.9124756,-8.45816,0.3697815,2.2584229,-15.152618
2002-11-01,-5.3232117,1.0480957,-10.996033,-8.117279,-3.2316284,-3.3301697,-7.813324,-0.22576904,-11.940369,-0.34646606,2.5234375,-13.703888
2002-12-01,-4.59256,0.17437744,-8.950592,-9.395905,-4.9408264,-2.2280579,-6.089569,0.23199463,-15.523895,-1.5896301,2.2240906,-12.126404
2003-01-01,-3.2974548,-0.30316162,-7.3638916,-10.16037,-5.676483,-0.62716675,-3.005127,0.87075806,-16.615723,-2.5658875,1.7897644,-10.526947
2003-02-01,-2.7686462,-0.75097656,-6.7312317,-10.555756,-6.7052917,0.074035645,-3.3439026,1.0538025,-17.628937,-3.1492004,1.6472473,-10.482544
2003-03-01,-2.775299,-1.1922302,-7.486084,-11.24411,-6.9253235,0.022735596,-3.9274292,1.1592712,-19.689087,-3.2358398,1.4983215,-10.7430725
2003-04-01,-3.354126,-0.9081421,-8.121521,-11.638123,-7.5472717,-0.31726074,-5.4527893,1.1905212,-19.266357,-3.6620178,1.9174194,-11.619965
2003-05-01,-4.21344,-0.11010742,-9.362976,-9.469391,-6.070648,-0.9974365,-6.3562317,0.6645508,-16.565948,-2.725891,2.0357666,-12.767426
2003-06-01,-4.785614,0.39193726,-10.082611,-6.9959106,-2.7721252,-1.5857239,-7.1002502,0.34106445,-12.711365,-1.3796082,2.0414734,-13.085724
2003-07-01,-5.3312073,0.8536377,-10.828064,-3.872223,-0.6582947,-2.008789,-7.8436584,-0.23828125,-9.702942,0.1272583,1.7264099,-13.42569
2003-08-01,-5.6361084,1.7512207,-11.075867,-2.837555,0.8208008,-2.749817,-8.88739,-0.39416504,-5.3910217,1.010315,2.036255,-14.288727
2003-09-01,-5.7055054,2.2591858,-11.356079,-3.2522278,0.046295166,-2.958374,-9.284424,-0.5923157,-5.45578,1.6117249,1.9398499,-14.623474
2003-10-01,-5.8719788,2.1155396,-11.403137,-5.67157,-1.8143616,-2.5043945,-9.307068,-0.305542,-9.172607,1.2993469,2.0812683,-14.688171
2003-11-01,-4.843506,1.3340759,-10.518463,-7.753662,-3.7926025,-2.4390259,-7.924469,-0.06417847,-10.4878235,-0.268219,2.2198486,-13.529877
2003-12-01,-3.731964,0.3147583,-8.37735,-8.687317,-5.2231445,-1.5222168,-6.019104,0.3703003,-12.572052,-1.5180664,1.263855,-11.673279
2004-01-01,-2.597412,-0.32281494,-6.706787,-9.077026,-5.7939453,-1.2185669,-5.5700073,0.6348572,-15.2300415,-2.9360962,1.450592,-9.881683
2004-02-01,-1.5033264,-0.8782959,-6.816437,-9.626984,-6.5451965,-1.0101318,-4.589142,0.83670044,-17.884003,-3.9112854,1.3701477,-9.602814
2004-03-01,-1.7735596,-1.2446594,-7.727783,-10.312897,-6.9789734,-1.2134705,-4.650543,0.90515137,-17.982635,-4.02652,1.5789795,-9.632019
2004-04-01,-2.969757,-0.5914917,-9.076965,-10.511688,-7.473175,-1.8309326,-6.0867615,0.6358948,-17.202148,-3.752777,2.154663,-11.2438965
2004-05-01,-3.7971497,-0.10696411,-9.611481,-9.17218,-6.3978577,-2.073578,-6.883972,0.3650818,-15.317627,-3.0483398,1.9255981,-12.304779
2004-06-01,-4.5236206,0.8317566,-10.42804,-6.651306,-2.8654785,-2.180603,-7.5148315,0.29077148,-10.619293,-0.6271057,2.000763,-13.390564
2004-07-01,-4.992401,1.4122314,-10.8107605,-4.1102295,-1.2493591,-2.5869446,-8.20401,-0.1543274,-7.1894836,0.5995178,2.407135,-13.794922
2004-08-01,-5.6810303,2.098938,-11.379639,-3.0934143,-0.04736328,-3.0602112,-8.709473,-0.7272339,-4.045532,1.53479,1.6862793,-14.138336
2004-09-01,-5.799591,1.9174805,-11.615936,-2.9935608,-0.06427002,-3.4937744,-8.876343,-0.8296814,-6.057251,1.2572327,2.0402527,-14.243805
2004-10-01,-5.926605,2.0460815,-11.376099,-4.8436584,-1.3894653,-3.346527,-9.123138,-0.38653564,-7.334137,0.091552734,1.8367615,-14.269684
2004-11-01,-5.275482,0.8417969,-10.148804,-6.735382,-3.021515,-2.7024841,-6.732361,-0.019744873,-10.154327,-0.9758911,2.1471558,-13.471619
2004-12-01,-4.2568054,-0.13180542,-10.15921,-8.329956,-4.8893433,-1.9293518,-6.4745483,0.2989502,-13.715546,-1.8005371,2.0471802,-12.660767
2005-01-01,-3.0821533,-0.6263733,-8.046143,-9.494202,-6.3905945,-1.0873413,-5.217224,0.81695557,-15.552704,-2.8312988,1.6383667,-11.024841
2005-02-01,-2.5592651,-1.3075562,-6.193207,-9.839844,-7.3369446,-0.3427124,-4.8192444,1.2921753,-17.839691,-3.7321167,1.7775269,-10.231506
2005-03-01,-2.833191,-0.9225464,-6.7333374,-10.639832,-7.9977417,-0.19638062,-4.841736,1.2432251,-17.95111,-4.1748657,1.288208,-10.095764
2005-04-01,-3.7486572,-0.0035705566,-8.171722,-10.3845825,-7.5635986,-1.0134277,-5.663025,0.8866577,-17.963654,-3.8349304,1.3947449,-11.662231
2005-05-01,-4.6965637,0.60827637,-9.350922,-9.882843,-7.0703125,-1.6977539,-6.887726,0.26635742,-16.138733,-3.3411255,1.5122375,-12.329102
2005-06-01,-4.5512695,1.4251709,-10.249359,-7.66864,-4.501526,-2.3902893,-7.9809265,0.10202026,-12.816803,-0.9215698,1.872406,-13.091492
2005-07-01,-5.1605225,2.0835266,-10.797211,-4.350769,-2.2559204,-2.8000183,-8.220215,-0.19180298,-7.430023,0.7010803,2.1089172,-13.078339
2005-08-01,-5.627472,2.5930786,-10.887299,-2.5963745,-0.83813477,-3.3256836,-8.45639,-0.6195679,-3.270111,1.7182007,1.8997498,-13.362671
2005-09-01,-5.449768,3.2142944,-10.807007,-2.9309998,-0.84887695,-3.4338074,-9.324524,-0.5075073,-4.5394287,1.5592957,2.2282715,-13.719025
2005-10-01,-5.415039,2.4641418,-10.645233,-5.308655,-2.0213928,-3.017456,-9.193451,-0.17266846,-7.1462708,0.6984863,2.677948,-14.217773
2005-11-01,-4.3779907,1.2920227,-9.159363,-7.476837,-3.4179077,-2.2630615,-7.749939,0.17367554,-9.997192,-0.14758301,2.3706665,-13.124084
2005-12-01,-2.6619873,0.57077026,-7.783142,-8.475433,-4.6509705,-1.8140869,-4.8896484,0.6528015,-14.862061,-1.5537109,1.810852,-10.491943
2006-01-01,-0.9302063,-0.08514404,-6.526642,-9.552124,-6.2015076,-1.1802063,-3.8692932,0.85040283,-16.618347,-2.606018,1.8856506,-9.939636
2006-02-01,-1.1330261,-0.90911865,-5.7591553,-10.177704,-6.9932556,-0.44543457,-2.9709167,0.9440918,-17.38861,-3.4739685,1.4921265,-9.368439
2006-03-01,-1.9374084,-0.99420166,-6.842682,-10.905426,-7.1330566,-0.20129395,-3.927124,1.0732117,-17.38269,-3.7246704,1.3232117,-10.7152405
2006-04-01,-2.911499,-0.64419556,-7.789673,-10.867798,-7.063202,-1.1462402,-5.8597717,1.0745544,-18.501465,-4.3864136,1.4518433,-11.57074
2006-05-01,-3.92984,0.38034058,-9.360657,-9.623413,-5.8781433,-1.8772583,-6.776886,0.534729,-15.974945,-3.3087158,1.6849976,-12.063019
2006-06-01,-4.816803,1.0572205,-10.330444,-7.6526184,-4.4170227,-2.5265198,-7.587158,-0.092041016,-12.91214,-1.2658081,2.1098328,-12.88504
2006-07-01,-5.1429443,1.5117493,-11.079346,-4.425171,-2.2509155,-2.9502869,-8.424011,-0.5694885,-9.809967,-0.43450928,2.4273376,-13.299103
2006-08-01,-5.7708435,1.8321838,-11.464905,-2.6896362,-0.28225708,-3.310791,-8.994141,-0.7229309,-6.466095,1.7452698,1.9098816,-14.2552185
2006-09-01,-5.9077454,2.6773376,-11.407562,-3.4533386,-0.95544434,-3.6721191,-9.085022,-0.82559204,-7.629059,1.0337524,1.8414917,-13.713196
2006-10-01,-5.4826965,1.9204407,-11.292297,-6.218872,-2.1213684,-3.172943,-9.0383,-0.34024048,-9.74942,0.076934814,1.7236023,-13.88324
2006-11-01,-5.400543,1.057312,-10.549133,-7.815613,-3.7774048,-2.9942017,-8.168335,-0.10574341,-11.198395,-0.7355652,2.3563538,-13.315918
2006-12-01,-4.3256226,0.28671265,-9.774811,-9.630127,-5.503479,-2.1661682,-5.889984,0.68496704,-13.889191,-1.9729309,2.3034973,-11.65564
2007-01-01,-2.9611816,-0.39715576,-7.486969,-9.87735,-6.1476746,-1.5764465,-3.8022156,0.87957764,-15.719238,-2.839508,1.5843201,-10.004578
2007-02-01,-2.0561523,-0.844574,-6.777832,-10.389374,-6.823761,-1.0379028,-3.5524597,1.083374,-16.30246,-3.2369385,1.1752625,-9.723511
2007-03-01,-2.3223572,-0.8578186,-7.0041504,-10.672241,-6.932953,-1.1264038,-4.318451,0.7525635,-16.835205,-3.3799744,1.3543396,-9.423798
2007-04-01,-3.3182678,-0.62701416,-7.9753113,-10.611023,-7.0,-1.1601257,-5.145233,0.88394165,-18.438416,-3.5408936,1.716919,-10.4823
2007-05-01,-4.6957397,0.3843689,-8.802521,-8.982239,-5.270233,-1.9868164,-6.579773,0.29248047,-16.783875,-2.337677,1.6898499,-11.910767
2007-06-01,-5.4190063,1.3517456,-9.919067,-7.74527,-3.4961243,-2.6474915,-7.4978943,-0.16021729,-13.305481,-0.52319336,2.0155945,-12.98642
2007-07-01,-6.017273,1.9115906,-10.35022,-4.109009,-1.9124756,-3.0978394,-7.714508,-0.088531494,-10.180084,0.71917725,2.2740784,-13.386261
2007-08-01,-6.1769714,2.2052307,-10.903198,-2.6194458,-0.8994751,-3.594757,-8.239197,-0.61325073,-4.644806,1.3242798,2.023468,-14.039185
2007-09-01,-6.4878845,2.2431335,-10.82135,-2.8026428,-0.009399414,-4.030884,-8.961548,-1.0028992,-3.4558716,1.6878357,2.053833,-14.3541565
2007-10-01,-6.01532,2.126068,-10.576965,-4.683563,-0.8317261,-3.469452,-8.228485,-0.796875,-7.531311,1.0891724,2.4522095,-13.548889
2007-11-01,-5.5971375,1.5315552,-9.608032,-6.399811,-2.9255981,-3.0083923,-6.9606934,-0.3539734,-10.943787,-0.15002441,2.3645325,-12.668793
2007-12-01,-4.402832,0.43041992,-8.160278,-8.039124,-4.4124146,-2.3850098,-5.551819,0.26330566,-14.733643,-1.2425842,2.105957,-10.193726
2008-01-01,-2.6190186,-0.1543274,-6.6575317,-9.082001,-5.4862366,-1.3866882,-4.2881165,0.5489502,-15.687439,-2.4492798,2.047821,-8.733612
2008-02-01,-1.3067017,-0.87490845,-5.8573914,-9.530121,-6.4728394,-0.2654419,-3.266632,1.0105896,-16.647247,-3.5460815,2.2667542,-7.636688
2008-03-01,-1.6045837,-1.5350952,-6.2148438,-9.858276,-7.0302734,0.14144897,-3.8007507,1.0382996,-16.628967,-4.1650696,1.8621826,-9.471649
2008-04-01,-2.75885,-1.5657349,-7.2753296,-10.268585,-7.0589294,-0.25497437,-4.9193115,1.0582886,-16.55191,-4.111328,1.6568298,-10.0383
2008-05-01,-4.169922,-0.3671875,-9.001038,-8.663055,-5.0528564,-0.9290161,-6.1700745,0.7401123,-13.720001,-2.5608826,1.6141052,-12.419159
2008-06-01,-4.634247,0.77059937,-9.76712,-5.49881,-3.1170044,-1.7625732,-7.4830933,0.0152282715,-11.051575,-0.745636,1.66745,-13.484009
2008-07-01,-5.312439,1.2746277,-10.735168,-3.2487793,-1.3886108,-2.5663452,-8.573242,-0.5954895,-7.366211,0.3211975,1.8215637,-13.974609
2008-08-01,-5.680664,2.2112122,-11.401184,-1.7627869,-0.06539917,-3.3321228,-9.140472,-0.88778687,-4.567444,1.0548096,1.8300476,-14.206848
2008-09-01,-6.194031,2.20755,-11.322937,-2.418579,-0.33654785,-3.7104797,-9.629517,-0.9246826,-3.1168823,0.79901123,1.8323364,-14.987732
2008-10-01,-6.0844116,1.7191467,-10.838593,-3.7611694,-1.3187866,-3.4117432,-8.904938,-0.64779663,-7.454712,0.28875732,1.988617,-14.93515
2008-11-01,-5.2589417,1.1385193,-10.004211,-5.5175476,-2.9406738,-2.1897583,-8.04129,-0.1131897,-11.930908,-0.7737732,2.0879822,-13.604462
2008-12-01,-2.9833374,-0.12905884,-8.416992,-7.2531433,-4.268799,-1.5852356,-6.258026,0.42285156,-14.177704,-2.2284546,2.045807,-11.157135
2009-01-01,-2.3843994,-0.783905,-7.162903,-8.6493225,-5.6069336,-0.91952515,-5.320038,0.7113342,-16.203857,-3.1178284,1.6474609,-9.874786
2009-02-01,-1.5861511,-1.3869019,-5.7139893,-9.8897705,-6.088043,-0.54037476,-4.323517,1.007721,-17.772827,-3.6243591,2.055481,-8.449371
2009-03-01,-2.461975,-1.9327087,-6.4502563,-10.864471,-7.128845,-0.40808105,-4.1721497,1.0421143,-17.902496,-4.29895,1.3799133,-9.175842
2009-04-01,-3.2540283,-1.6202393,-7.365204,-10.597565,-6.7644653,-0.5734863,-5.723572,1.1709595,-17.377045,-3.983551,1.3437805,-10.320435
2009-05-01,-4.0124207,-0.65182495,-9.307465,-9.337311,-5.8229675,-1.4009094,-6.9265137,0.52371216,-15.108246,-3.456726,1.4789429,-12.473206
2009-06-01,-4.8362427,0.40689087,-10.334961,-8.145447,-3.7659912,-2.0891113,-8.315338,-0.0048828125,-12.930817,-1.146637,1.820343,-13.523712
2009-07-01,-5.417145,1.157196,-10.913879,-5.57724,-1.523346,-2.6004639,-9.060272,-0.19018555,-8.537842,0.50112915,1.8269653,-13.487213
2009-08-01,-5.390167,1.7555542,-11.23941,-3.1624756,-0.5362549,-3.1056824,-9.062653,-0.25424194,-4.5783997,0.792511,1.9871216,-13.941498
2009-09-01,-5.441223,1.910614,-11.010437,-3.3129578,-0.18341064,-3.2771912,-9.425598,-0.30044556,-5.198883,1.0528259,2.1186829,-14.220245
2009-10-01,-5.6460266,1.830658,-11.248535,-5.5520325,-1.5715637,-2.5473633,-8.933197,-0.24475098,-8.570892,0.6996765,1.9662781,-14.090149
2009-11-01,-5.520752,1.4310913,-10.481873,-8.053955,-3.2357788,-2.215454,-8.307068,-0.09207153,-11.258362,-0.5287781,1.9177551,-14.110779
2009-12-01,-3.7753296,0.48028564,-8.258087,-9.961914,-5.2999268,-0.883728,-6.3075256,0.42544556,-13.425812,-1.6680908,1.4354858,-12.440765
2010-01-01,-3.118225,-0.2166748,-7.17984,-11.330444,-6.705353,-0.37045288,-4.581085,0.8854675,-15.231445,-3.0028992,1.5663757,-10.745392
2010-02-01,-3.1564026,-0.7440491,-6.204834,-11.652466,-7.2780457,-0.116363525,-4.4196777,1.0305481,-17.26648,-4.0036926,1.3702087,-10.490265
2010-03-01,-3.4290771,-0.51123047,-7.0836487,-12.286407,-7.7624207,0.4039917,-4.711334,1.2328491,-17.407013,-4.1168213,1.3639526,-10.251648
2010-04-01,-3.9785767,-0.46514893,-8.215027,-11.9053955,-7.817444,-0.35769653,-5.4561768,0.81396484,-17.522552,-4.227661,1.6022644,-11.271881
2010-05-01,-4.7388306,0.43389893,-9.239105,-10.61087,-6.9773865,-0.8114929,-7.0848083,0.8462219,-15.479248,-3.041626,1.9942017,-11.735138
2010-06-01,-5.455475,1.4234314,-10.410736,-7.7582703,-4.661377,-1.3938599,-7.8872986,0.54348755,-11.063171,-1.1100159,2.1880493,-12.400726
2010-07-01,-5.846344,1.9740906,-10.999603,-4.0922546,-2.0496216,-2.1881104,-8.731018,0.17419434,-7.0496216,0.44171143,2.6497192,-13.435089
2010-08-01,-6.285797,2.95224,-11.166809,-2.5964966,-0.5522461,-2.7802734,-8.847168,-0.5190735,-2.7807922,1.4161377,2.4904175,-13.543854
2010-09-01,-6.2668457,2.5946655,-11.224731,-3.3205566,-0.13781738,-3.1594238,-9.177856,-0.7481384,-4.1388855,1.806366,2.8458557,-14.088867
2010-10-01,-6.0521545,2.1774597,-11.101654,-5.3070374,-1.1759033,-2.8546753,-8.723572,-0.47183228,-9.065857,1.0068359,2.869934,-13.973724
2010-11-01,-5.2933044,1.2075195,-9.572388,-6.8936157,-2.4944458,-2.208496,-8.170074,0.12695312,-10.557648,-0.3838501,2.890503,-12.735657
2010-12-01,-4.5718994,0.5697632,-7.4734497,-9.03479,-4.790985,-1.5424194,-5.8631287,0.64190674,-12.3160095,-2.0390015,2.835144,-9.830994
2011-01-01,-3.5565186,-0.21206665,-6.1101074,-9.847656,-5.894409,-0.8973999,-4.69339,1.149292,-15.01535,-2.480133,2.2861938,-8.893341
2011-02-01,-2.7086792,-1.0473022,-5.196045,-10.561859,-6.3893127,-0.64489746,-3.864685,1.2114563,-17.92212,-3.3598633,2.012146,-7.938965
2011-03-01,-2.4695435,-1.4490356,-6.1367493,-11.098602,-7.0155334,-0.30181885,-3.7900696,1.2529907,-18.129883,-4.395233,1.8162537,-9.146545
2011-04-01,-3.4413452,-0.9048157,-7.7489014,-11.303345,-7.440094,-0.85827637,-5.363922,0.9691162,-17.652924,-4.0289307,1.4961853,-11.148163
2011-05-01,-4.510681,0.16824341,-9.219574,-10.385437,-6.4585876,-1.8168945,-6.4647827,0.27737427,-16.243652,-3.1255188,1.7991028,-11.821289
2011-06-01,-5.1760254,1.6825256,-9.805786,-7.357727,-3.969818,-2.348816,-7.441498,-0.023834229,-11.677155,-0.7044983,1.9664917,-12.854889
2011-07-01,-5.748474,1.8150635,-10.7873535,-4.163147,-2.469696,-2.730896,-8.29895,-0.065582275,-7.588257,0.40301514,2.0524902,-13.243195
2011-08-01,-6.0766296,2.312439,-11.290344,-1.6134033,-1.1675415,-3.1878662,-8.883148,-0.366333,-4.089905,1.1931152,2.4236145,-13.646881
2011-09-01,-6.09671,2.3254395,-11.223541,-2.3110657,-0.044525146,-3.2793274,-9.090454,-0.5260925,-3.1541443,1.411499,2.2395935,-13.909027
2011-10-01,-5.843872,2.1737976,-10.675903,-4.773712,-1.4815063,-2.9856262,-8.581085,-0.39065552,-7.229553,0.6081238,2.2270508,-13.944305
2011-11-01,-5.466217,1.3881836,-9.840973,-7.8139343,-3.1908875,-2.731598,-8.792023,0.008728027,-9.870483,-0.5571289,2.4216309,-13.534576
2011-12-01,-3.8050842,0.6503906,-8.521759,-8.912262,-4.7562866,-2.2347412,-7.343994,0.40316772,-13.843079,-1.8519897,2.19693,-11.690857
2012-01-01,-2.0947876,-0.070129395,-7.285187,-9.135895,-5.491272,-1.6834106,-4.243286,0.6482544,-16.318176,-2.8418274,2.1464233,-9.833801
2012-02-01,-1.3310242,-0.9109497,-6.3428345,-9.755646,-6.1647644,-1.5750732,-3.936432,0.4465332,-17.21939,-3.5020447,2.0812988,-8.882751
2012-03-01,-1.7026367,-1.1828003,-7.5034485,-10.429169,-6.5957336,-1.2795105,-3.9580994,0.34658813,-18.085297,-3.788208,1.6932983,-9.327545
2012-04-01,-3.720398,-0.84020996,-8.386322,-9.73407,-6.6379395,-1.7438354,-5.752228,0.20974731,-17.986786,-3.7388306,1.738617,-10.272858
2012-05-01,-4.692444,-0.28900146,-9.484222,-9.013489,-6.2335815,-1.9765015,-7.006714,-0.16210938,-14.046783,-3.1436157,1.5320129,-11.819489
2012-06-01,-5.252899,1.015564,-10.018585,-6.800171,-3.2333374,-2.449463,-7.815857,-0.24926758,-12.2100525,-0.6340332,2.3172607,-12.402466
2012-07-01,-6.009491,1.6420288,-10.541351,-3.7279358,-1.6070862,-2.754242,-8.155945,-0.6753235,-7.462616,0.42321777,2.0764465,-12.978943
2012-08-01,-6.290436,1.9126282,-10.645782,-2.6755066,0.094177246,-3.6568909,-8.787384,-1.0796204,-3.1733704,1.3912354,1.5324707,-13.554108
2012-09-01,-6.142578,2.288208,-11.187622,-3.6348877,-0.53723145,-3.7965698,-8.787903,-0.9317322,-1.8757629,1.7197266,1.7069397,-13.854462
2012-10-01,-5.8965454,1.9294434,-11.190277,-6.170807,-2.649475,-3.9051208,-8.41394,-1.1272583,-8.347961,0.27059937,1.6464844,-13.624298
2012-11-01,-5.12854,1.4888916,-10.730286,-8.129486,-4.270996,-3.168335,-7.5717773,-0.6033325,-10.415619,-0.917511,1.6868896,-12.882385
2012-12-01,-3.9654236,0.35253906,-8.937317,-9.449005,-5.6324463,-2.3833618,-5.693329,-0.1734314,-13.9470825,-2.2001648,1.9300232,-11.161041
2013-01-01,-2.4941406,-0.586792,-7.155945,-9.918671,-5.996063,-1.5671997,-4.0653687,0.50668335,-16.970764,-3.0720215,1.4403687,-9.684723
2013-02-01,-1.553009,-1.2645874,-6.3439636,-10.589722,-6.5675354,-1.0519104,-3.5889893,0.73043823,-17.832184,-3.8400574,1.5469055,-8.698456
2013-03-01,-1.7042236,-1.3478394,-6.7773438,-11.475433,-6.9931335,-0.9032898,-3.9980164,0.61035156,-17.178833,-4.207062,1.6815186,-9.329987
2013-04-01,-2.8270874,-1.296875,-7.557892,-11.8124695,-6.6931763,-0.5997009,-5.7080994,0.6296997,-17.276215,-4.200165,1.8839722,-11.059784
2013-05-01,-3.920166,-0.4260254,-9.041534,-10.130341,-6.143921,-0.94940186,-6.6782227,0.46255493,-16.227966,-3.7826843,1.8423767,-12.39975
2013-06-01,-4.131195,0.19186401,-10.122498,-7.247711,-4.1809998,-1.573883,-7.5355835,0.4543457,-12.094147,-1.5806274,2.6594238,-13.496796
2013-07-01,-4.7856445,1.2896423,-10.597473,-4.207794,-1.497467,-2.1645508,-8.030792,0.12719727,-7.69104,0.42129517,2.5413513,-14.240997
2013-08-01,-5.3565674,1.9569397,-11.018982,-2.9035034,-0.7679138,-2.758789,-8.341309,-0.3041687,-5.272522,1.0699158,2.292572,-14.512085
2013-09-01,-5.5592346,2.1547546,-11.235657,-3.1144714,-1.0395813,-3.216156,-8.778961,-0.5317383,-4.2447815,1.2827759,1.9928894,-14.6623535
2013-10-01,-5.533661,2.0952454,-10.5746155,-5.4008484,-1.5404968,-3.0966797,-8.505951,-0.4885254,-7.2485657,1.0593567,2.221283,-14.02002
2013-11-01,-5.29776,1.2278137,-9.551819,-7.1511536,-2.6512146,-2.8104553,-7.3435974,-0.24380493,-9.968353,-0.06121826,2.1065369,-12.693207
2013-12-01,-4.222107,0.2026062,-7.6228943,-9.032776,-4.4674683,-2.1041565,-5.33374,0.18807983,-12.425262,-1.7669983,2.0119324,-10.369537
2014-01-01,-2.9327698,-0.63430786,-7.022888,-10.162445,-5.486603,-1.2110596,-3.2286377,0.67459106,-14.988739,-2.5804138,1.0748901,-9.716156
2014-02-01,-2.368805,-1.0409241,-6.6493225,-11.002838,-6.310486,-0.5651245,-2.4312744,0.9006958,-16.700714,-3.3513489,1.2305603,-9.491028
2014-03-01,-2.6444092,-1.1990662,-7.238312,-11.241974,-6.8065186,-0.5623779,-4.0672607,0.7020569,-17.86444,-3.8063965,1.3582458,-10.307404
2014-04-01,-3.523346,-1.1804504,-7.803406,-11.660126,-7.030243,-0.8935547,-5.395508,0.8106384,-18.376038,-3.976654,1.4823303,-10.854492
2014-05-01,-4.1128845,-0.77490234,-9.104095,-9.647339,-5.70166,-1.541565,-6.668701,0.17214966,-15.93045,-3.1303406,1.7709045,-13.190216
2014-06-01,-5.0042725,-0.09802246,-9.6996155,-6.951355,-3.7503357,-2.1410828,-8.078339,-0.06451416,-11.487274,-1.513855,2.0475159,-14.536377
2014-07-01,-5.2753296,0.8838501,-10.199066,-4.1363525,-1.5740356,-2.7155151,-8.759735,-0.21966553,-7.917633,0.14068604,2.2981873,-14.188232
2014-08-01,-5.5082397,1.4595642,-11.038208,-2.6485596,0.26712036,-3.0843506,-9.112579,-0.52453613,-3.8050232,1.5405273,2.0328064,-14.39566
2014-09-01,-5.976593,1.8368225,-11.107239,-4.0664673,0.44744873,-3.6071777,-9.475494,-0.78048706,-6.027069,1.6604004,2.1141968,-14.766571
2014-10-01,-6.379547,1.8206787,-11.04892,-6.2655945,-1.4763184,-3.483368,-8.927368,-0.6746826,-8.840424,0.8731079,1.9406433,-14.355377
2014-11-01,-5.6404724,1.0294495,-10.203888,-7.9379272,-3.5884094,-3.0941467,-7.419647,-0.4388733,-11.331848,-0.28494263,1.9340515,-12.6197815
2014-12-01,-4.7377014,0.33746338,-8.195618,-9.340088,-5.3344116,-2.5401917,-5.3439026,0.018127441,-14.147888,-1.7905579,1.7683105,-10.688965
2015-01-01,-3.2911377,-0.40039062,-6.0976257,-9.600555,-6.4024353,-1.2341003,-2.5119019,0.49246216,-16.345856,-2.776123,1.53125,-9.048004
2015-02-01,-1.8484192,-0.6944885,-5.6911316,-9.748169,-7.1354675,-0.40045166,-3.713745,0.82647705,-17.224396,-3.446991,1.2597656,-9.212067
2015-03-01,-2.2120361,-1.3330688,-6.071167,-10.292725,-7.422516,-0.3076477,-4.3914185,0.88690186,-17.603424,-3.9092712,1.1819458,-9.4939575
2015-04-01,-2.7204285,-1.4169312,-7.4205017,-10.630463,-7.1460266,-0.39608765,-5.6286926,0.9182129,-17.450806,-3.8563843,1.5967102,-10.664917
2015-05-01,-4.1695557,-0.6152344,-8.838806,-9.681763,-6.1063538,-1.1862793,-6.569977,0.59576416,-15.503906,-3.0058594,1.5117188,-11.877075
2015-06-01,-5.2800903,0.038330078,-9.922089,-6.265442,-3.743225,-2.0917053,-7.7745667,0.17196655,-12.447388,-1.5078125,1.5870056,-13.254883
2015-07-01,-5.543518,0.5217285,-10.779175,-3.5034485,-1.0084534,-3.079895,-8.703644,-0.34024048,-8.223541,0.2765503,1.8077698,-13.667908
2015-08-01,-5.885742,1.3370667,-11.3984375,-2.6757812,-0.22140503,-3.6842346,-8.727142,-0.67578125,-5.240143,1.3519897,1.405426,-14.605316
2015-09-01,-6.422821,1.7668457,-11.7586975,-3.6435852,-0.011627197,-3.9082947,-9.443115,-0.82888794,-6.1884155,1.842926,1.3037109,-14.924988
2015-10-01,-6.1136475,1.7768555,-11.209991,-6.795227,-1.958435,-3.5687866,-9.105652,-0.6425781,-8.783386,0.47128296,1.2633667,-14.796234
2015-11-01,-5.8072205,0.71551514,-10.556122,-8.860931,-4.001526,-2.747345,-7.8236694,-0.48779297,-11.255157,-0.99768066,1.5836487,-13.465393
2015-12-01,-4.803833,-0.16442871,-8.701538,-10.274414,-5.438629,-1.5404358,-5.790222,0.044769287,-13.852905,-2.2970276,1.7070618,-11.281342
2016-01-01,-2.327057,-0.91470337,-7.0846252,-11.278198,-6.1992188,-1.2372131,-4.2507935,0.31680298,-15.253937,-3.1834717,1.6036072,-9.554626
2016-02-01,-2.3584595,-1.1881104,-6.008484,-11.129852,-6.8048096,-0.51467896,-3.8056946,0.7001953,-16.797516,-3.717682,1.2969055,-9.682617
2016-03-01,-2.636261,-1.7095337,-6.3474426,-11.459717,-7.407776,-0.9604492,-4.32605,0.51898193,-17.184235,-4.316925,1.5889893,-10.480408
2016-04-01,-3.5834656,-1.1880493,-7.3703003,-11.306305,-7.4067993,-1.361908,-5.5082703,0.15185547,-17.541168,-4.2053833,1.5229187,-11.629364
2016-05-01,-4.376526,-0.6079407,-8.377472,-10.25238,-5.9219666,-2.0433655,-6.402771,-0.1078186,-14.829651,-3.2941895,1.6812439,-12.188995
2016-06-01,-5.1388855,0.22558594,-9.624939,-8.1927185,-4.07428,-2.1682434,-7.140991,-0.25308228,-13.027557,-1.0188293,2.232483,-13.207855
2016-07-01,-5.365204,1.0687256,-10.131348,-4.7319946,-2.236786,-2.5941467,-7.887268,-0.48797607,-8.33371,-0.23202515,2.2707214,-14.497742
2016-08-01,-5.4701843,1.8765259,-10.859863,-2.7517395,-0.83065796,-2.7673035,-8.358215,-0.72817993,-3.4734802,1.0909119,2.1781006,-14.523834
2016-09-01,-5.5212708,2.0218506,-11.135254,-3.2175903,-0.7400818,-3.2084656,-9.032806,-0.8592224,-3.5213318,0.94647217,2.360962,-14.482086
2016-10-01,-4.515106,1.9998474,-11.064941,-5.0763855,-1.7510376,-2.8859558,-9.04245,-0.53237915,-7.3526917,0.2692871,2.012207,-14.327515
2016-11-01,-3.8504333,1.5805664,-10.421722,-7.440338,-3.8364868,-2.4284363,-8.005402,-0.4225769,-10.664825,-0.6479492,2.4525757,-12.960419
2016-12-01,-2.945282,0.5614624,-8.715973,-8.917175,-5.3369446,-1.6660156,-5.09494,0.13754272,-12.023621,-2.0920715,2.2920227,-11.423676
2017-01-01,-1.4146729,-0.46810913,-7.590271,-9.906555,-6.455475,-1.1236572,-3.43396,0.38809204,-14.629517,-3.2571716,1.7816467,-9.994446
2017-02-01,-1.0455017,-0.94317627,-6.818817,-10.52417,-6.621643,-0.96154785,-3.6080933,0.48461914,-16.360077,-3.6264648,1.5931091,-9.295502
2017-03-01,-1.5029602,-1.4776306,-6.93161,-11.092377,-6.9802856,-1.0152588,-4.104309,0.45129395,-16.798645,-4.24881,1.4797974,-10.315155
2017-04-01,-2.5751648,-1.2099304,-8.081299,-10.899689,-6.944519,-1.0653992,-5.0697327,0.43341064,-16.939697,-4.5150146,1.5135803,-12.010132
2017-05-01,-3.611908,-0.6644287,-9.607239,-10.351196,-6.5758057,-1.6576843,-6.5777893,-0.017303467,-14.738922,-3.5552979,1.7581482,-12.779694
2017-06-01,-4.6317444,0.49545288,-10.325104,-7.8062134,-4.075012,-2.2176208,-7.212738,-0.24798584,-11.927734,-1.3435669,1.7891846,-13.272125
2017-07-01,-5.4396973,1.3864746,-10.88623,-4.4966125,-2.5334167,-3.269928,-7.8756714,-0.8364258,-6.7944946,-0.2767334,2.0708313,-14.259338
2017-08-01,-6.0971375,2.0033875,-11.180145,-2.7364502,-0.47180176,-3.7550354,-8.610596,-1.0384521,-4.2178955,0.48916626,2.1747437,-14.725098
2017-09-01,-6.29245,1.8756409,-11.553253,-2.815033,-0.6149597,-3.9215393,-9.032837,-1.1111145,-6.0923157,0.9310303,2.3970947,-14.938263
2017-10-01,-6.220825,1.5226135,-11.151367,-4.0128174,-1.4934082,-3.852417,-8.8927,-0.9053955,-8.183533,0.43649292,2.555603,-14.210114
2017-11-01,-5.548706,1.1468506,-9.815277,-6.4312134,-3.3784485,-2.9652405,-7.9166565,-0.41952515,-8.805115,-0.72146606,2.4142456,-12.740906
2017-12-01,-4.835724,0.6768799,-6.7576904,-7.697296,-4.703125,-1.9860535,-6.1776123,0.34960938,-11.867004,-1.9373779,2.2725525,-10.428772
2018-01-01,-2.8535156,-0.0413208,-5.730652,-8.734558,-5.535248,-1.3107605,-4.0823975,0.8300781,-14.76474,-2.6279907,2.0740662,-8.672211
2018-02-01,-2.3470154,-1.0297852,-5.3327637,-9.344238,-6.444763,-0.94976807,-3.470459,0.8590393,-16.855865,-3.5884094,1.9263306,-7.855011
2018-03-01,-2.4840393,-1.2878723,-6.0278625,-10.526215,-7.192322,-0.7958069,-3.309204,0.9329834,-16.815155,-3.9987488,1.7092896,-8.504364
2018-04-01,-3.5609436,-1.0506592,-6.986786,-10.4079895,-6.8875427,-1.1743164,-4.738922,0.42141724,-15.700836,-3.784912,1.7209778,-10.714539
2018-05-01,-4.4262085,-0.8361511,-8.673035,-8.584198,-5.849945,-1.5646362,-6.900635,-0.0317688,-13.787659,-3.2648315,1.6928406,-12.651764
2018-06-01,-4.8819885,0.12402344,-9.635986,-5.2052,-3.2332458,-2.1150208,-7.4276123,-0.2246399,-11.252014,-1.342865,2.1053467,-13.544037
2018-07-01,-5.4466553,0.824646,-10.611664,-4.135132,-1.6321106,-2.5715942,-8.300903,-0.35281372,-6.6360474,-0.216156,2.3502502,-14.28537
2018-08-01,-5.5288086,1.5292053,-10.968201,-1.7387085,-0.4562683,-2.999298,-8.9427185,-0.6007385,-3.5314026,0.76535034,2.301361,-14.801941
2018-09-01,-5.7270813,1.8733826,-11.030853,-1.990509,-0.62857056,-3.4126892,-9.638275,-0.809906,-4.1900635,0.78167725,2.206482,-14.606873
2018-10-01,-5.8381042,1.5732422,-10.648743,-4.137909,-2.1602478,-3.3792725,-9.284241,-0.6164551,-7.2421265,0.08294678,2.2087097,-14.328186
2018-11-01,-4.654999,0.8041382,-10.21283,-6.7116394,-3.9820862,-2.5240173,-7.7420654,-0.3140869,-10.277283,-1.4333496,2.0138245,-13.134674
2018-12-01,-3.3632202,-0.120269775,-8.369232,-8.762573,-4.8934937,-1.9950562,-6.3307495,0.076171875,-12.548523,-2.1670532,1.8085632,-12.451874
2019-01-01,-3.223297,-0.94610596,-5.6875,-9.454926,-5.7031555,-1.0817261,-3.5898132,0.48562622,-15.3003845,-2.807373,1.5342407,-11.017242
2019-02-01,-2.2558594,-1.3927612,-5.3084106,-10.158203,-6.547058,0.113098145,-2.5996704,0.7704773,-16.55066,-3.5020752,1.313446,-9.007751
2019-03-01,-2.789032,-1.7197571,-6.413269,-11.079071,-7.1896667,0.51556396,-3.0960693,1.1784973,-16.592804,-3.9924316,1.030304,-9.617584
2019-04-01,-3.5795898,-1.6593323,-7.5950317,-11.294403,-7.194763,-0.32739258,-4.25058,1.0151062,-16.8414,-3.9183655,1.1451721,-11.712311
2019-05-01,-4.287262,-1.123291,-8.948486,-9.905853,-5.590454,-0.8626404,-6.324463,0.85998535,-15.071747,-3.0813599,1.7250977,-12.992676
2019-06-01,-5.0829163,0.071380615,-10.00177,-7.207855,-3.477234,-1.5837097,-6.952759,0.3496704,-11.168854,-1.0180664,1.7189026,-13.978424
2019-07-01,-5.5827637,1.1681519,-10.457764,-4.0763855,-1.1004639,-2.3406372,-7.1506042,-0.21368408,-7.5186462,1.1056213,1.7832031,-13.944366
2019-08-01,-5.8272095,1.9450684,-11.079315,-2.3320312,0.6413574,-2.7933044,-7.8704834,-0.44555664,-3.6357422,1.925415,1.7676086,-13.782501
2019-09-01,-6.2184753,2.4930115,-11.218506,-2.6854858,0.23144531,-3.015686,-8.265778,-0.7833557,-4.283081,1.9571228,1.7463989,-13.813293
2019-10-01,-6.4847717,2.159668,-11.13089,-5.676117,-1.3178711,-3.1388245,-8.653564,-0.76986694,-7.4053345,0.805542,2.0613708,-13.895569
2019-11-01,-5.413727,1.1113281,-10.107239,-7.407074,-3.4501038,-2.1806946,-8.241913,-0.23422241,-10.020508,-1.1739197,2.1221313,-13.665924
2019-12-01,-4.4988403,0.58135986,-8.643341,-8.754761,-4.378845,-1.5632324,-6.401947,0.2814026,-13.6716,-2.432373,1.9954529,-12.588715
2020-01-01,-3.2583618,-0.2515564,-7.038574,-9.993927,-5.4421997,-0.7215271,-4.5202026,0.569458,-16.197876,-3.4321594,1.6342163,-10.695007
2020-02-01,-2.5991821,-0.85180664,-5.6948547,-10.021759,-6.3580627,-0.046325684,-4.635437,1.1228027,-16.144135,-3.997467,1.5641174,-10.602936
2020-03-01,-2.9332886,-1.3208923,-6.7348633,-10.290802,-6.9606323,-0.2876892,-4.787964,1.1557312,-17.250702,-4.2368774,1.475708,-10.397125
2020-04-01,-3.7731323,-0.8736267,-8.02771,-10.470337,-6.878479,-0.4987793,-5.477295,0.9781494,-17.419556,-3.9605408,1.4262695,-11.701599
2020-05-01,-4.3573,-0.32315063,-9.160034,-9.95578,-5.179779,-0.9824829,-6.138672,0.62020874,-15.46106,-2.3554993,1.7286682,-11.693451
2020-06-01,-5.5367737,0.9720764,-10.231232,-7.9585266,-3.8971863,-1.861908,-7.0690613,0.25836182,-12.1762085,-1.2418823,1.9848633,-12.5563965
2020-07-01,-5.59256,1.5304565,-10.705048,-4.542877,-2.3561096,-2.8163757,-7.6880493,-0.097473145,-8.617828,-0.14263916,1.927124,-12.898132
2020-08-01,-5.714447,2.028595,-10.756531,-2.6187744,-0.11495972,-3.0003967,-8.10318,-0.61798096,-4.9050903,1.0861816,2.2543335,-13.043793
2020-09-01,-6.0168457,2.3894043,-11.117676,-3.39505,-0.2668457,-3.3363037,-8.572601,-0.7276001,-4.6889343,1.033844,2.2515259,-13.13208
2020-10-01,-6.3130493,2.041748,-10.410797,-4.946808,-1.2379456,-3.0348206,-8.540588,-0.54751587,-6.8276978,0.70462036,2.4850159,-13.240875
2020-11-01,-5.481903,1.247345,-9.009186,-7.4069824,-2.9193726,-2.558136,-7.824524,0.07095337,-9.993835,-0.43399048,2.355774,-13.358948
2020-12-01,-4.2283936,0.45391846,-7.77948,-9.0155945,-4.5488586,-2.0576477,-5.687378,0.30099487,-12.343811,-1.6668091,2.2139282,-11.501923
2021-01-01,-3.0582886,-0.25274658,-6.293152,-9.655273,-5.9382935,-1.5908203,-3.8641052,0.46173096,-15.200378,-2.552948,1.9064636,-9.794678
2021-02-01,-2.0048523,-0.74386597,-6.179657,-10.329102,-6.6422424,-1.1451721,-3.0308533,0.842926,-17.422455,-3.1861267,1.802948,-8.480377
2021-03-01,-2.3088074,-1.3567505,-6.4065247,-10.866455,-6.988434,-0.95648193,-4.1744385,0.5954895,-15.718231,-3.4811096,1.743988,-9.120728
2021-04-01,-3.1889038,-1.0687561,-7.3605347,-10.73056,-6.604889,-0.66796875,-4.8147583,0.42248535,-15.175201,-3.4180603,1.6296082,-11.242249
2021-05-01,-4.281952,-0.47998047,-8.577698,-9.302185,-4.681183,-0.9927063,-6.1438904,0.14419556,-13.888336,-2.2780151,1.895752,-11.562775
2021-06-01,-4.9359436,0.31027222,-9.471924,-6.6653137,-3.690796,-1.7375183,-7.276825,-0.08999634,-11.272064,-1.2569885,2.1626892,-12.085266
2021-07-01,-5.755615,0.9944763,-10.485931,-4.579651,-1.5211487,-2.4711304,-9.135162,-0.21951294,-6.7341003,0.0012207031,2.1260986,-14.111023
2021-08-01,-6.0706787,1.6938171,-11.069794,-2.3795776,-0.8461304,-3.1246643,-9.464508,-0.46539307,-3.2962952,0.917572,2.3052979,-14.639435
2021-09-01,-6.771179,2.396881,-11.111786,-3.0162048,-0.6029968,-3.322998,-9.320099,-0.54174805,-4.9900513,1.3159485,2.1323242,-14.855164
2021-10-01,-6.883667,2.1270447,-10.337677,-3.6767883,-1.1326294,-3.1735535,-9.116821,-0.10714722,-7.4069824,1.0186768,2.5674438,-14.078949
2021-11-01,-5.6422424,1.364502,-9.008606,-5.865631,-2.504547,-2.4274597,-8.222321,0.50219727,-9.321716,-0.0063171387,2.5853577,-13.569916
2021-12-01,-4.472046,0.5555725,-6.7210083,-8.299896,-4.6948853,-1.5207214,-5.9806824,0.8618469,-10.528809,-1.0423279,2.0436401,-10.42691
2022-01-01,-3.6660767,-0.46090698,-6.0417175,-9.774292,-6.3101807,-0.85632324,-4.1628723,1.1474609,-13.99115,-2.321167,1.6924438,-9.698029
2022-02-01,-2.9195862,-0.92633057,-5.773987,-9.947174,-6.8203125,-0.43606567,-2.9371643,1.4282227,-16.776031,-3.1002502,1.7197876,-9.501556
2022-03-01,-3.3058167,-1.2749329,-6.0543213,-10.505035,-7.4233093,-0.41229248,-4.2738647,1.3179932,-18.086151,-3.7619934,1.578949,-9.279572
2022-04-01,-4.265503,-1.3037109,-6.9638367,-10.899139,-7.4501038,-0.5866089,-5.622925,1.0488586,-14.825958,-3.8866272,1.6982117,-10.75061
2022-05-01,-4.9511414,-0.24801636,-7.912903,-9.5503845,-6.037079,-1.3856506,-7.116028,0.8213806,-13.147461,-3.1033936,1.9454651,-11.69519
2022-06-01,-5.61557,0.6517639,-9.185059,-7.6088257,-3.9811096,-2.128357,-8.137238,0.29144287,-12.575897,-1.0951233,2.2806702,-12.876495
2022-07-01,-6.070282,1.3818665,-9.772247,-3.7322693,-2.7978516,-3.0066223,-8.588928,-0.2937317,-7.931549,-0.45281982,2.5350647,-13.668945
2022-08-01,-6.504303,2.0935059,-10.144043,-1.1743774,-0.9435425,-3.2072754,-8.465942,-0.4201355,-4.346924,0.7019348,2.5310974,-14.338318
2022-09-01,-6.875885,2.4309998,-10.696289,-2.203888,-0.11779785,-3.3365173,-9.050812,-0.50772095,-3.205017,1.26474,2.6282043,-13.818176
2022-10-01,-6.416046,1.9649658,-10.348877,-4.6496277,-0.9416199,-2.7236023,-8.911133,-0.23052979,-7.131653,0.7003784,2.6052856,-13.888763
2022-11-01,-5.109955,1.1538391,-8.8741455,-6.97876,-2.4994507,-2.2726135,-7.514221,0.1000061,-9.62439,-0.1293335,2.5554504,-12.316681
2022-12-01,-3.3014526,0.23040771,-7.475647,-8.999695,-4.139496,-1.8591919,-6.0680237,0.44918823,-13.014313,-1.9063721,2.1298218,-10.20108
