,r900_cluster1,r900_cluster2,r900_cluster3,r900_cluster4,r900_cluster5,r900_cluster6,r900_cluster7,r900_cluster8,r900_cluster9,r900_cluster10,r900_cluster11,r900_cluster12
1965-01-01,81.03481,26.085531,69.26722,26.763676,84.99884,61.997654,73.101845,81.96521,69.737335,86.68273,40.824505,67.61445
1965-02-01,77.562195,22.298412,68.19923,28.214968,87.40838,61.60289,74.515465,81.68347,73.90939,87.25113,36.249496,50.200577
1965-03-01,82.68103,44.16117,69.06738,31.281355,88.28473,73.80783,80.52048,80.01596,69.69311,86.95465,43.15542,62.969006
1965-04-01,78.50897,29.87429,72.95442,37.099632,85.10695,45.943344,78.864426,73.93887,64.8511,84.96444,63.92725,77.50323
1965-05-01,83.292015,35.24702,66.93467,46.457684,87.7065,51.87464,76.499115,76.96595,56.941063,89.49195,66.78069,73.639114
1965-06-01,82.243675,44.822933,70.259865,52.918064,87.13811,47.684566,74.75789,80.30261,49.424152,71.74228,52.128536,67.0264
1965-07-01,82.50904,37.42232,52.19078,54.23668,89.74748,35.957924,74.25993,81.26578,40.328182,70.00269,68.85444,72.80373
1965-08-01,81.17568,36.853928,66.17462,47.211178,88.98088,43.293015,73.36066,78.82511,48.195633,79.76207,70.52522,69.26558
1965-09-01,80.16502,25.045383,56.685528,36.804787,87.76219,33.138878,75.242744,73.0609,50.796818,60.785515,63.52921,66.63655
1965-10-01,84.78754,26.18709,69.59155,35.569714,82.74,37.163513,75.22473,74.48926,52.967205,82.05203,46.696835,61.8273
1965-11-01,83.44599,20.611244,53.8026,26.214935,79.039696,37.717167,73.33281,65.24095,44.103836,78.10766,48.32176,67.82903
1965-12-01,77.20838,45.553493,74.562965,53.052383,86.87274,72.01583,70.89214,80.294426,73.974915,84.92349,47.501106,64.307274
1966-01-01,80.173965,58.30625,75.36572,48.95572,87.011215,79.37779,77.76903,80.59093,71.51289,88.733246,41.79015,60.089027
1966-02-01,80.38901,35.16959,67.73723,38.75976,88.43612,62.02611,74.37584,75.06039,67.52382,86.30861,47.704823,79.783264
1966-03-01,78.85904,27.339174,69.2081,33.75289,87.58905,47.606327,76.751236,77.45876,72.2943,88.536255,51.1768,67.32355
1966-04-01,80.18381,26.784313,67.79961,38.0194,81.925545,40.286446,74.431656,77.66232,58.23238,88.5576,55.976826,67.98018
1966-05-01,85.87359,39.309696,61.612427,53.801712,87.649796,43.6747,75.093216,78.888596,43.671417,87.58905,67.399055,69.22615
1966-06-01,83.67713,41.345276,69.16705,52.186382,86.70424,47.23204,79.60761,83.73459,57.67752,86.03938,59.760708,71.3077
1966-07-01,84.90997,43.661568,55.402267,52.926743,88.784134,38.155655,72.79991,80.36439,38.98466,57.51172,70.6724,77.452194
1966-08-01,81.55454,51.29335,71.32904,59.68191,89.595085,51.772697,66.112045,85.60272,40.49657,55.924297,67.384285,76.751236
1966-09-01,80.32827,29.6686,55.96862,41.497944,86.53515,35.24346,72.542175,66.361565,45.26541,72.57501,63.779335,71.071304
1966-10-01,79.87683,23.873762,64.36867,34.86918,86.809296,37.321724,75.61032,81.57917,50.7467,60.243336,51.858063,66.63571
1966-11-01,84.79998,27.700325,67.24146,31.915945,85.68152,50.224674,75.3608,75.61525,56.19352,73.68965,47.402767,65.896996
1966-12-01,86.02954,34.585182,66.555275,36.253044,82.62651,51.94999,73.778305,81.98464,65.98564,87.270584,53.772163,64.80205
1967-01-01,81.147095,26.75541,71.28794,33.856293,88.1044,61.705807,75.78764,78.77563,79.888725,90.10765,41.904747,61.68047
1967-02-01,76.33153,60.391705,71.57002,37.32228,88.71754,84.49484,76.82812,79.06953,85.41877,85.868065,43.62761,61.042
1967-03-01,77.650696,46.681458,78.2993,54.50527,86.651794,73.21687,81.44775,84.0827,75.86197,87.41188,52.861794,71.16464
1967-04-01,83.33444,31.849669,68.06856,43.391136,84.182365,48.485394,76.101814,77.02743,68.652985,90.820435,50.632214,65.516365
1967-05-01,83.885086,39.332283,70.99067,56.6656,84.49484,48.100285,77.405785,81.346405,57.02706,92.911514,60.150166,69.1293
1967-06-01,83.853,61.33252,78.48511,81.38694,86.6822,56.324406,76.62543,86.322426,65.082275,92.02138,66.85411,75.713326
1967-07-01,80.63868,40.073788,69.97215,53.591476,88.95401,50.133934,76.13728,83.19087,54.23839,71.250786,69.62758,75.75725
1967-08-01,80.08635,31.072693,57.37163,47.130753,85.38161,33.099586,71.453476,78.02736,42.144596,49.72011,64.68703,75.99033
1967-09-01,74.13404,22.98201,50.392365,34.697453,86.6045,27.681025,73.122284,74.66103,44.61065,59.229618,61.246376,70.83696
1967-10-01,86.00995,22.39421,58.153675,36.690567,82.64868,38.01818,78.32633,69.2222,47.00914,58.526962,46.396004,65.484276
1967-11-01,82.88008,23.470154,64.4286,28.005327,86.1873,45.27446,73.89757,66.42678,53.576275,82.7686,45.772736,64.99275
1967-12-01,81.62341,26.4632,73.43645,37.055405,85.63666,56.40548,74.44145,71.90277,72.027756,82.09973,44.2779,69.5009
1968-01-01,79.115,50.506332,79.34839,58.203342,87.312584,73.4026,71.95881,82.16354,77.34929,89.13624,47.57046,57.528927
1968-02-01,81.34587,50.05565,79.68962,43.08939,83.00857,82.010635,70.80957,80.76482,77.12073,82.07823,38.675926,59.04193
1968-03-01,77.4861,37.8824,73.94181,48.734184,83.63953,62.893654,76.42217,80.50407,80.6779,86.57701,48.317307,67.07534
1968-04-01,84.23024,33.18082,62.090477,40.787693,84.167465,57.126534,77.53278,67.265274,72.28877,88.83525,58.9357,66.15949
1968-05-01,81.47464,61.791092,65.27744,68.750916,86.036194,62.821224,75.47413,73.91766,52.062798,80.47187,79.72181,76.80203
1968-06-01,85.56297,47.404675,53.65628,50.145786,85.54527,45.904545,75.92642,80.58132,46.35362,85.24267,69.26598,73.24808
1968-07-01,82.25851,53.302174,66.29791,56.136642,87.6007,52.77745,70.55525,83.47374,48.465385,70.79508,69.496155,75.72684
1968-08-01,82.74138,36.50943,54.253433,50.697872,88.26224,36.797546,72.514114,70.78381,39.862183,39.094414,67.10271,72.92777
1968-09-01,86.044235,27.264006,65.761925,40.75711,86.184265,36.028168,73.09517,75.61095,41.312416,33.37719,62.631294,69.014885
1968-10-01,84.09987,23.95149,55.650547,27.767803,85.400406,35.218548,72.37247,70.60837,52.761353,82.89751,52.54406,61.090927
1968-11-01,82.44522,24.524502,53.208817,27.642258,83.6347,35.50344,74.95746,72.93743,47.401455,65.70076,53.83816,66.79045
1968-12-01,81.6694,26.489798,65.34988,33.926056,86.32108,49.2235,72.34511,83.25484,66.494286,82.46614,47.13909,74.07379
1969-01-01,82.14812,27.225777,69.72646,30.10684,85.56395,68.32604,72.19141,74.04973,71.013245,85.64751,39.31153,59.614334
1969-02-01,79.88037,44.411884,71.335785,40.579937,86.431274,69.756546,73.40299,81.67686,85.82465,85.48206,55.633656,72.83647
1969-03-01,84.16687,43.23038,76.1136,55.18913,85.90988,64.89851,73.33949,84.964005,82.71631,87.78825,63.49809,72.27664
1969-04-01,84.130104,33.183426,68.25919,48.444366,86.90087,36.465565,76.0267,85.963356,73.67539,90.85648,60.095627,68.466415
1969-05-01,85.50212,40.225655,70.834435,54.408703,85.93829,43.106716,73.12391,81.1705,53.54472,89.10512,70.923004,76.83052
1969-06-01,77.900055,49.614174,64.52083,66.44432,87.05295,44.856407,71.49454,77.4572,49.281616,66.83036,70.951416,79.22194
1969-07-01,80.91481,52.249577,68.97445,55.078835,89.46776,47.3013,71.335785,77.199844,45.68697,40.158806,75.4819,69.6028
1969-08-01,82.326935,28.43569,65.68228,44.283203,87.68631,39.38005,76.78373,74.94881,42.394806,56.432465,62.492054,72.328445
1969-09-01,84.556244,28.332079,46.65958,43.32062,87.50583,26.201363,71.33411,70.7325,44.84137,58.39774,73.45647,75.82616
1969-10-01,83.42822,30.200424,69.12819,44.040886,83.43992,40.168835,78.15575,77.27338,44.154526,66.03656,53.46116,67.73445
1969-11-01,80.67584,15.758347,50.39627,30.197083,86.02017,25.26886,74.23689,69.890236,57.408417,73.01027,51.796696,70.384895
1969-12-01,79.278755,34.32148,69.14156,28.81337,86.62848,53.73523,76.34923,72.94343,64.467354,80.884735,47.812675,65.33301
1970-01-01,80.38911,19.144657,71.04696,35.773518,85.82063,48.71682,74.58853,78.73747,79.21576,84.43213,47.43755,69.00476
1970-02-01,75.20252,41.070988,77.32581,37.684975,85.70975,69.15867,73.15205,80.28816,66.22611,84.09453,37.6767,60.480152
1970-03-01,80.07798,31.447498,63.60965,43.57988,88.89717,54.75074,76.97331,81.58398,72.79127,86.3949,56.97664,74.95759
1970-04-01,80.9882,37.635326,69.441666,46.072224,87.2323,46.563744,82.27243,79.3167,61.833893,91.85289,63.88768,67.05358
1970-05-01,80.18224,36.730072,55.856243,52.326252,87.70892,42.44128,81.07426,81.16031,60.989876,89.09741,71.50041,76.122665
1970-06-01,81.33739,28.77642,54.09704,40.06478,87.34483,38.778893,73.49131,80.14418,51.56167,87.25877,67.22073,70.94104
1970-07-01,85.02957,31.667604,53.262947,40.736687,84.02667,36.058167,76.1839,83.91414,51.477264,80.46689,69.28941,71.6113
1970-08-01,83.17438,28.572863,51.119797,43.90094,81.944756,32.011833,69.30762,81.757744,45.191795,54.869896,68.564545,74.28734
1970-09-01,81.09246,27.025492,53.820663,43.98534,83.13466,30.595201,79.296844,78.975784,47.11815,71.49545,70.601776,77.67997
1970-10-01,82.16983,23.195955,67.84299,32.2187,84.21037,36.9899,71.212456,76.96007,51.526913,75.87277,49.24144,61.545937
1970-11-01,82.14169,28.05983,72.68039,34.682907,77.60881,49.022987,74.36843,78.01261,58.93278,84.63569,49.587322,69.31093
1970-12-01,80.941864,28.104513,73.98448,45.358944,79.111496,53.83721,72.18556,79.703964,75.20914,89.01466,46.618355,62.836792
1971-01-01,76.95222,20.328072,73.312515,39.24167,86.28899,53.29839,77.72648,77.477974,78.43312,86.010056,46.96399,69.84018
1971-02-01,80.69504,32.851486,84.86218,53.85119,82.9874,78.5971,75.56091,85.06336,71.45294,88.15195,54.473305,70.56372
1971-03-01,78.00542,58.535637,78.38917,54.93482,84.95517,78.48553,75.232956,83.932396,76.795,92.14497,57.90338,69.05578
1971-04-01,78.82532,50.7271,71.314316,47.493126,86.18925,70.12757,72.99977,79.126236,71.13343,92.46617,58.2212,70.4961
1971-05-01,78.88787,38.555317,57.996357,55.84094,86.736984,46.22692,73.58807,72.80029,59.194942,94.78388,71.7995,76.35039
1971-06-01,78.86589,54.089554,62.685875,59.693645,86.06246,52.522438,70.63135,81.61976,66.511536,86.80122,77.18552,76.03595
1971-07-01,79.77878,37.202896,61.19821,54.39385,86.45635,43.560963,69.55617,82.76594,43.23976,76.29799,71.81471,72.21537
1971-08-01,76.35884,43.20595,67.59854,53.2071,87.255974,40.78681,72.44697,72.15112,51.156494,89.845856,71.429276,76.07315
1971-09-01,80.47697,25.397959,62.427227,45.06553,84.62044,31.373966,77.97499,72.60419,50.159084,83.88506,63.067936,68.109085
1971-10-01,73.03865,21.896881,50.742313,28.339474,85.78352,36.7566,74.15778,60.557503,44.78321,64.14142,55.193466,68.81403
1971-11-01,78.18123,30.892166,51.983162,40.032837,86.56624,43.13495,71.41575,65.86237,53.181744,78.53963,62.43737,73.77403
1971-12-01,82.21483,26.23646,71.944885,34.357742,85.95427,47.339287,69.6221,78.21166,60.175446,77.843124,50.7626,70.39298
1972-01-01,78.1222,31.99466,80.14244,53.586723,83.03223,55.56146,70.727104,78.453766,75.04552,84.181305,52.977238,78.92998
1972-02-01,80.68042,39.690437,83.07123,41.88134,86.214554,78.51715,68.27128,83.45805,71.326836,84.5405,51.23817,64.88904
1972-03-01,79.9084,40.66887,65.415634,32.72117,84.44623,70.17775,80.88683,81.91727,79.63535,89.02957,52.491276,75.607864
1972-04-01,76.55542,32.54076,70.3224,42.598095,86.82242,47.818546,81.9319,81.80025,66.27379,91.56015,57.620712,66.41357
1972-05-01,83.08586,44.712605,73.01389,60.347958,86.26169,49.510483,71.08467,80.49513,53.799637,84.0399,58.57801,62.56161
1972-06-01,78.97223,41.99186,64.33481,52.991867,85.71233,52.622925,58.514626,71.206566,37.790466,60.343082,55.086872,74.57743
1972-07-01,79.86127,35.28751,47.75841,45.70241,85.9025,37.044456,70.863625,79.23065,55.19089,80.72918,70.681595,74.57418
1972-08-01,81.62472,34.72841,48.891243,51.571358,86.253555,39.113457,71.87131,68.44356,48.48329,52.85209,70.5857,73.330826
1972-09-01,82.69416,26.315874,62.14554,36.170048,82.803055,37.488163,71.6974,76.18973,56.55939,63.637558,56.8617,63.804962
1972-10-01,84.21869,21.607391,53.570473,36.847794,79.78326,30.852077,70.554825,73.02202,56.695915,78.17746,53.879276,67.07506
1972-11-01,80.004295,25.537357,67.23759,35.86449,83.37516,51.37632,68.33629,67.54802,64.611115,84.09192,48.79535,70.50119
1972-12-01,78.66017,24.531298,61.518173,29.694866,84.745285,55.694733,72.47105,81.09975,70.862,90.89866,40.98905,60.107414
1973-01-01,76.890656,42.33471,76.36678,43.916183,86.717804,71.51069,73.51914,79.81712,77.851364,91.50163,43.39231,61.537384
1973-02-01,77.912125,64.78244,79.997765,74.573456,87.2039,82.37244,76.04655,77.728195,82.27883,88.90033,64.5164,75.19915
1973-03-01,80.32786,41.23277,69.339645,43.479347,88.29599,70.56804,76.3832,75.826485,76.61804,91.57718,55.797768,78.75295
1973-04-01,76.91036,48.757496,72.99198,52.0354,86.724365,66.62832,78.138756,76.422615,60.19896,88.53247,59.66195,69.1393
1973-05-01,81.96681,45.070675,70.7569,51.82355,86.23991,49.718204,72.15608,78.802216,53.799164,91.3719,56.229675,75.44056
1973-06-01,84.285645,53.134056,64.335754,60.313915,89.11382,51.738155,73.205475,80.06674,45.59619,88.333755,74.13498,78.431076
1973-07-01,83.866875,58.61913,74.49135,74.95774,86.0182,49.698498,72.308815,81.51519,50.623077,78.84656,73.23503,73.97076
1973-08-01,80.80411,42.03911,61.171165,59.576553,85.87041,43.31184,73.96583,77.46708,51.252056,78.0435,72.25626,78.64456
1973-09-01,81.538185,30.49911,65.174934,47.612858,84.73398,48.153152,74.05615,78.88761,51.56408,85.165886,67.853424,67.010956
1973-10-01,84.15755,28.746843,66.716995,48.28782,77.082794,38.892582,76.34215,70.5549,57.295486,78.621574,66.43453,72.24641
1973-11-01,77.963036,31.796476,70.822586,41.965206,81.539825,62.51123,72.30553,78.56081,54.452774,80.3607,56.815952,78.322685
1973-12-01,80.590614,49.03668,78.64292,52.10109,83.76834,70.464584,70.36112,82.21478,68.34938,89.034996,49.938263,58.198715
1974-01-01,81.306015,87.48165,86.40087,76.41938,79.14116,89.82994,76.10043,86.35791,70.48833,87.65021,64.62503,68.1169
1974-02-01,78.97424,74.16528,80.04181,56.367165,85.45891,86.95944,79.01225,78.64043,75.814545,84.174866,53.977554,76.70528
1974-03-01,79.09158,51.597862,77.64724,50.2692,86.5182,80.5541,78.7842,85.65226,76.502014,84.65411,57.991634,76.999435
1974-04-01,76.872185,52.990974,73.590195,64.75889,83.23456,54.625362,73.84469,81.34898,68.48212,90.30423,79.36095,83.23952
1974-05-01,82.90074,62.050335,70.10989,70.6007,87.8039,52.128334,72.60692,79.119675,55.266556,91.42632,75.68895,77.009346
1974-06-01,84.87556,51.79617,67.07744,61.866898,88.75578,44.073734,73.676125,80.94741,56.289494,87.59898,75.56005,79.048615
1974-07-01,77.754654,38.63845,50.68895,51.708584,86.95613,35.741505,72.504456,81.2647,49.793262,72.884544,74.67923,79.509674
1974-08-01,81.24652,48.125824,51.4607,58.077568,84.01622,41.953495,69.189415,70.66185,48.309258,65.072876,75.50717,78.70984
1974-09-01,82.83464,39.831604,64.90431,49.287575,84.90861,44.293526,69.92645,78.49004,50.054367,70.76761,71.08821,77.521645
1974-10-01,82.71069,35.47544,59.107117,44.399292,86.38269,40.428177,76.05417,67.7963,49.461098,78.02237,66.77171,69.05556
1974-11-01,79.347725,27.328299,61.63058,36.47359,85.25234,42.20964,76.24421,70.02396,60.092045,76.94159,52.90008,74.41978
1974-12-01,82.00671,26.56316,61.934654,24.690805,81.16555,60.839005,74.614784,77.25227,67.6327,89.80846,47.86472,65.67441
1975-01-01,79.11203,29.691637,79.1252,35.51771,86.97451,70.96474,72.133575,79.38695,77.609,89.29572,43.72097,63.638935
1975-02-01,75.74051,64.38798,77.93661,52.363777,91.35024,79.1005,74.80544,79.842964,82.16417,87.336685,41.52981,65.525536
1975-03-01,81.334465,45.540073,76.95215,48.898422,87.903,71.51953,74.868,76.15866,88.74094,90.696686,55.13441,72.74104
1975-04-01,80.20349,36.780384,72.93695,47.184677,89.639786,56.928825,78.86674,81.68347,76.21628,91.03087,58.277103,76.34633
1975-05-01,82.71567,36.758984,62.09146,42.8073,87.02061,44.078205,72.12864,80.59694,75.27462,90.22092,62.186943,74.99311
1975-06-01,84.88872,48.017677,61.43461,55.21014,85.377655,47.96006,73.71727,73.44893,65.00203,87.55728,64.72546,73.62179
1975-07-01,78.66096,44.437088,69.13082,59.97603,85.34473,50.01458,70.20088,79.92528,59.12986,93.93979,69.399155,72.01011
1975-08-01,82.11972,39.900024,59.24839,51.7168,85.616356,41.52158,70.5005,74.034996,61.816536,94.374405,72.53526,80.834
1975-09-01,82.45062,45.316185,69.074844,53.883263,80.93113,51.59827,70.240395,78.25927,68.68963,90.52547,67.17837,65.34939
1975-10-01,82.90993,47.974876,68.20069,50.56772,82.50659,53.315308,72.70483,75.322365,59.012974,78.14239,72.80031,75.681244
1975-11-01,81.34928,32.119854,66.63675,35.721848,82.9659,44.657684,71.257774,77.53327,71.1129,92.925705,54.895706,66.60054
1975-12-01,78.56383,55.239773,77.35054,59.845978,83.30667,76.20969,73.62508,78.4239,70.77213,81.41019,53.50792,61.187668
1976-01-01,79.59771,60.023735,79.19098,65.59006,85.72657,81.82326,73.90018,79.31398,75.24338,87.932434,50.798466,65.20628
1976-02-01,81.15247,69.7771,80.81626,75.93712,85.75281,84.34401,74.64313,80.752304,85.18207,86.01849,53.36022,68.96856
1976-03-01,78.83836,49.9604,83.66667,63.671204,89.81521,75.115456,81.49361,84.767136,85.93485,88.096436,48.044823,77.43941
1976-04-01,78.61204,38.458744,71.874725,50.22773,85.42972,53.453705,76.570175,78.397194,76.340576,90.659836,64.70279,75.32703
1976-05-01,78.730125,43.787262,75.78787,60.79456,89.08211,50.342533,71.21214,79.59771,64.045135,89.37567,65.10461,75.189255
1976-06-01,83.3157,48.23999,63.18739,59.92697,87.26166,48.087467,74.664444,79.80927,68.991516,88.32768,74.39712,79.30414
1976-07-01,82.67116,44.866413,66.77417,57.824432,89.19527,45.035336,73.13592,73.67221,56.968327,70.19695,68.332214,74.300354
1976-08-01,80.19469,31.77883,50.750904,49.407703,88.14728,34.074898,71.49915,78.964645,58.296764,70.96777,63.799126,77.34264
1976-09-01,79.48618,26.69304,55.71041,45.281345,86.595795,24.847986,71.996086,68.69139,64.086136,60.52723,65.460495,72.82431
1976-10-01,81.849495,44.85165,56.942085,50.823067,88.56877,38.171738,72.5045,62.388683,57.85231,65.24729,69.37529,80.31933
1976-11-01,84.96066,31.354057,62.482166,32.297085,86.80408,48.84517,71.38763,74.77432,62.677334,84.00288,52.431953,78.08395
1976-12-01,79.2943,30.268345,66.50192,29.40896,87.09273,66.716774,79.12373,74.21507,76.79651,85.173874,44.06607,62.177116
1977-01-01,83.09572,54.208717,76.79912,42.390423,87.71257,72.97503,74.349365,79.93767,81.96831,82.159996,41.136303,64.89473
1977-02-01,78.51623,62.14119,83.308525,50.733894,90.9892,85.72742,77.13215,84.07692,81.46796,89.89428,49.41967,71.21244
1977-03-01,75.20223,57.054855,75.10476,60.44033,81.54431,75.29483,85.012634,79.79796,86.09781,89.95601,58.814198,77.88429
1977-04-01,76.61393,49.716953,76.103836,56.247475,89.865036,63.52527,83.22568,77.137024,73.41527,84.83069,66.22358,81.69051
1977-05-01,80.64596,53.688873,76.087585,68.03328,89.67497,59.800274,71.837875,84.42131,65.65175,89.32408,71.00938,77.215
1977-06-01,80.343796,48.418972,59.04975,65.36421,89.002426,37.965263,81.47446,81.529686,67.25676,88.07808,78.58121,80.995224
1977-07-01,81.0001,47.619713,62.49208,56.398552,90.004745,46.441948,78.12309,83.14932,71.772896,85.490234,62.950195,74.68889
1977-08-01,80.14236,25.62063,63.180874,35.341682,91.3937,39.612514,74.1398,80.77917,55.677273,75.70096,51.91329,64.76152
1977-09-01,83.52458,30.947392,50.95483,35.21335,85.46425,33.23957,72.18227,70.97363,57.175068,73.2447,54.156734,75.85366
1977-10-01,83.8966,24.197561,52.853878,34.18666,89.78219,39.929295,75.099884,76.81699,59.69143,78.111725,49.497646,59.42014
1977-11-01,80.06926,38.07411,63.01355,29.421978,84.236115,48.690266,75.27858,78.69655,72.1644,85.53735,49.21173,66.334045
1977-12-01,80.09363,45.148838,60.994286,29.14094,84.76083,60.825336,76.040474,74.219406,71.391136,81.0927,41.87708,68.16811
1978-01-01,79.687,48.10613,73.57738,52.63963,85.65088,68.9916,74.2997,77.01473,81.473785,87.23174,46.53635,66.77079
1978-02-01,81.155396,34.318703,71.02075,39.919846,84.923805,61.250435,76.65357,77.17471,85.494064,89.11516,44.57215,72.104225
1978-03-01,78.20276,33.26532,69.175354,48.852207,88.654205,47.779816,79.796295,74.08427,77.570724,85.04895,59.24663,67.34896
1978-04-01,77.79724,30.55029,58.85379,38.866463,86.428635,48.902897,81.71614,74.05417,86.065895,90.45367,51.52447,77.2064
1978-05-01,79.20228,57.740215,71.22034,64.30445,87.95564,56.286076,76.754944,74.76382,67.13828,88.1885,68.71123,68.552826
1978-06-01,83.30968,53.97022,58.773006,72.530334,86.428635,37.51687,75.83621,81.6512,65.33407,87.532715,81.70981,84.86044
1978-07-01,79.7852,49.61413,60.905113,60.09726,88.81102,48.9916,70.852844,79.57611,53.20196,76.398544,77.07651,77.53905
1978-08-01,84.88262,48.139393,67.85744,60.928875,87.03215,43.75954,70.7578,80.76414,58.481544,70.92888,75.162994,73.211464
1978-09-01,83.34294,32.932674,63.450653,51.096783,87.29986,44.801834,73.97972,76.80881,50.597813,61.361317,71.21875,69.17377
1978-10-01,82.85823,32.704575,67.520035,48.096622,84.603836,47.94297,74.46919,75.85997,53.426895,70.642166,54.372562,58.87597
1978-11-01,83.390465,32.246788,63.463326,45.0632,87.50261,49.298904,72.42579,73.655,73.29542,76.74861,54.16822,66.21004
1978-12-01,79.94836,25.11072,68.02059,35.316643,84.15872,54.51671,73.0689,80.5297,70.065575,82.91842,51.942654,70.89878
1979-01-01,80.63587,52.666267,78.87877,38.696835,81.85743,79.67319,73.76765,83.66792,74.295105,87.3779,38.433105,55.18057
1979-02-01,79.04057,67.36378,81.776535,49.461094,86.59157,86.8553,69.9428,79.3949,67.94301,83.91385,50.658382,64.89639
1979-03-01,81.15362,40.18859,73.45862,40.56072,86.018814,68.04817,70.012375,77.37407,78.8901,89.59288,53.536728,73.631744
1979-04-01,82.40268,40.87137,67.87829,46.506706,87.18213,57.72885,68.57078,73.21431,71.12876,87.238754,67.03048,75.09599
1979-05-01,80.85268,60.260952,66.01602,63.58909,87.65457,56.09148,74.379234,73.75956,57.037983,88.436035,71.99437,81.528984
1979-06-01,83.37508,46.61349,68.9785,60.456726,86.8553,48.88834,74.20935,74.964935,72.26133,86.38286,65.48209,70.2583
1979-07-01,79.0616,38.988068,60.08783,48.576073,87.131966,44.54251,71.62547,79.87058,44.807854,66.65673,70.499374,72.27266
1979-08-01,77.91286,36.216507,54.533386,46.24298,86.136925,41.052578,76.82883,75.08952,46.120018,60.736633,71.05434,73.39066
1979-09-01,82.642136,35.70523,67.68252,45.210724,88.72727,44.4697,71.68372,79.1425,57.98449,67.77798,71.47662,75.02157
1979-10-01,81.57914,27.335546,57.63501,35.855705,86.10295,39.01719,77.58441,68.917015,56.71601,57.43762,64.27025,67.78445
1979-11-01,80.485405,25.416649,61.1751,27.50543,86.50905,43.151066,75.84349,66.789406,60.15902,66.27975,52.088657,69.79071
1979-12-01,79.519485,29.76248,60.447018,26.010439,80.61322,53.818253,75.681694,69.57876,72.87454,71.83581,46.20253,62.370766
1980-01-01,76.18318,42.643085,66.77025,33.893425,85.86337,68.61502,77.63194,69.13,79.522354,86.65213,48.42187,72.902664
1980-02-01,79.65925,44.279266,79.50606,37.3695,83.73015,75.33249,73.7615,80.78535,78.64723,83.43355,42.418194,61.110428
1980-03-01,77.996994,35.883247,69.84379,40.954758,82.589386,65.00043,76.27607,79.37732,76.80408,87.70978,48.270313,73.603424
1980-04-01,83.17117,38.311443,68.39013,42.789757,84.91491,55.510902,79.18013,73.68816,64.12204,87.69023,59.236313,63.02039
1980-05-01,85.41196,40.29637,71.077446,57.07375,88.0129,51.9175,73.99943,78.89657,62.127335,89.70123,67.485664,76.55311
1980-06-01,79.52888,42.206337,62.754757,58.57793,88.43498,44.98165,73.28726,81.56432,57.90814,85.519516,73.38016,76.45859
1980-07-01,84.450455,46.04745,60.293964,62.67327,89.51219,40.94824,76.0414,80.685936,55.064377,76.93934,77.20172,77.77047
1980-08-01,82.247154,34.643074,68.11146,42.617012,87.66579,44.786095,74.86804,81.45351,48.030754,66.71973,66.238976,68.94585
1980-09-01,83.651924,17.862434,44.13912,27.640411,88.16446,28.883844,70.62114,70.443504,52.209206,70.31639,57.041157,65.49585
1980-10-01,81.592026,31.60375,63.31862,37.45913,83.40747,41.622917,70.52662,72.288284,59.702396,82.359604,57.42576,65.73378
1980-11-01,81.63114,21.369469,59.97129,27.764265,84.509125,38.604782,80.12696,66.64802,57.099827,84.14408,46.629242,67.20537
1980-12-01,84.04956,26.691948,73.603424,35.41716,84.79758,57.47139,74.496475,78.05403,64.25404,81.99944,41.393135,65.10962
1981-01-01,78.4965,67.01183,78.84007,49.584686,85.598114,86.80896,74.37529,79.73069,83.62674,84.790886,41.582443,55.68227
1981-02-01,80.7831,48.31714,81.44522,47.384823,82.72278,80.16766,78.945145,80.1243,81.24675,87.1125,47.22304,62.438644
1981-03-01,75.18419,30.027727,64.348305,34.590904,77.68761,45.653614,79.75237,76.735275,81.825485,87.51445,57.335087,72.00697
1981-04-01,81.86885,35.214676,71.73512,50.103382,86.7706,46.987877,75.91136,76.55014,83.256485,88.22328,55.587204,69.43352
1981-05-01,81.66704,50.898937,67.07521,61.843227,86.56545,54.588173,74.974045,75.20421,61.631416,92.074295,69.81545,72.26048
1981-06-01,83.3799,39.906277,51.28087,67.54387,90.219666,40.828587,76.67523,79.89081,49.249454,91.3638,80.95321,76.83868
1981-07-01,83.8519,45.870434,61.29618,65.24059,88.638565,57.34843,73.674805,82.10401,50.8956,78.07287,75.387665,75.30761
1981-08-01,82.18073,27.092348,49.37621,49.771484,87.45941,34.190628,74.540405,68.27104,48.759113,82.60436,72.032,74.83061
1981-09-01,84.06871,33.736977,57.553574,39.514336,88.8804,44.88141,74.91734,77.560844,47.886837,44.68961,59.062958,64.64685
1981-10-01,84.17545,26.21507,64.55012,41.724213,86.86233,37.19939,75.10413,77.29733,61.337875,80.4612,55.92744,65.150536
1981-11-01,80.53292,41.61747,74.10344,45.636936,86.07344,52.8553,75.227554,75.01907,68.112595,88.92543,56.86309,70.210724
1981-12-01,80.17934,25.806452,70.60267,30.111118,84.60075,59.67672,76.21991,71.18974,67.71899,90.74837,45.870434,68.57959
1982-01-01,85.27452,35.21068,75.70508,46.62677,86.29919,71.426254,73.38872,81.71956,80.717415,87.428406,47.723824,62.781742
1982-02-01,78.30293,47.189774,76.35333,39.098614,84.354416,71.941,73.54797,82.301865,86.89114,86.02251,44.94098,63.039116
1982-03-01,81.28846,54.38978,79.27452,62.879868,86.39409,68.59837,77.00642,78.587654,81.00374,86.67882,61.308285,78.692215
1982-04-01,79.496506,34.884132,65.6225,46.85358,85.89383,54.484684,81.598915,78.20159,74.450386,90.709915,61.884155,72.83537
1982-05-01,84.14691,38.39084,64.7603,49.56082,85.72493,44.65304,72.47344,79.50776,58.99193,91.52707,67.97424,71.260574
1982-06-01,76.98229,43.504517,48.61176,56.508278,88.319565,39.479847,77.355484,81.77586,51.845005,88.330826,58.83911,82.16835
1982-07-01,82.97908,37.017113,53.20265,48.64393,86.102936,37.194054,76.813385,79.88256,43.070198,61.20051,65.75279,79.17479
1982-08-01,83.66434,35.484135,70.71526,42.542587,84.85951,45.195133,74.2284,79.744225,52.03321,59.8863,47.831596,59.683617
1982-09-01,85.667015,32.84445,56.115788,41.58709,81.0134,39.132393,76.724915,72.12116,55.453053,68.55172,59.738308,69.467
1982-10-01,84.85629,20.548466,49.84554,30.539358,84.12117,30.1533,77.727066,67.99998,62.46646,90.269165,50.723824,64.19247
1982-11-01,81.73082,25.786003,61.721687,26.059462,69.4284,52.761894,76.913124,80.4343,73.634834,84.55549,37.9517,49.18602
1982-12-01,80.21393,27.074476,66.302925,29.271797,85.911514,57.227314,80.51473,71.517944,79.05414,82.89221,43.903442,60.396217
1983-01-01,82.6487,27.391115,69.482605,33.351852,87.10565,54.753544,84.42444,84.734795,92.49046,88.21748,42.203365,62.739586
1983-02-01,82.34314,24.46834,68.35317,41.921806,86.67691,57.18679,87.74556,79.75632,89.65088,85.46748,37.27928,58.489002
1983-03-01,80.00268,58.43141,76.58078,46.897083,88.28468,72.69974,88.991776,78.38692,87.93113,87.82874,57.969078,73.84197
1983-04-01,78.39331,51.726784,75.27057,63.838627,87.22083,68.78031,87.4832,83.96371,86.7489,89.72287,66.69261,77.67022
1983-05-01,80.784966,60.747875,77.91178,73.40364,87.85274,67.91324,80.916145,85.79064,79.09081,93.44233,77.99337,72.44058
1983-06-01,81.372086,55.775795,68.42836,62.35884,89.402916,50.063026,79.054016,80.34503,67.866844,85.17313,77.700615,77.065506
1983-07-01,84.027695,45.034954,65.527985,59.47766,88.060715,40.03728,76.76795,80.07147,72.77653,90.27319,75.27537,73.16687
1983-08-01,85.65466,43.441586,64.99206,60.79107,89.17255,42.971252,72.19741,75.44814,62.080482,82.86946,70.578445,72.534966
1983-09-01,82.467926,25.4378,58.284233,39.84211,86.25458,36.980125,76.55998,67.959625,68.797905,96.12194,69.505005,74.42749
1983-10-01,80.29224,31.718487,60.30474,38.495102,86.67052,41.13312,74.665855,77.37426,57.90349,83.49338,61.776527,75.16658
1983-11-01,83.3286,36.613777,75.372955,52.214714,86.548935,56.65247,74.72825,76.324814,59.149708,91.05867,62.662796,70.95279
1983-12-01,85.49468,32.036842,72.37339,44.223873,83.015045,53.62091,76.72795,79.62034,78.4973,85.157135,45.462093,68.63153
1984-01-01,82.684326,65.40231,81.20203,66.96669,81.18233,79.70331,79.42589,83.29005,86.599365,86.12497,58.519386,75.63232
1984-02-01,82.818924,43.51582,75.24327,52.75598,83.99426,84.07798,81.98339,81.12979,86.83575,88.602036,45.951847,69.52255
1984-03-01,81.21023,45.799187,67.62166,41.137245,82.830414,74.534134,84.78384,80.72598,83.936806,85.26973,56.099773,76.252815
1984-04-01,78.572296,41.25051,73.65099,53.113834,85.16139,50.328163,82.461075,79.02536,81.09532,87.23956,58.14676,68.273346
1984-05-01,84.12066,37.084312,68.75924,52.255318,87.57279,47.29626,75.59621,78.47873,67.28843,91.358154,63.27982,70.74549
1984-06-01,84.1026,48.002117,69.40108,55.7846,86.5452,46.905575,78.917015,76.91763,64.09894,87.167336,65.883286,68.45392
1984-07-01,81.77164,55.840412,65.68958,62.490242,88.85155,51.77763,84.40628,80.02176,50.935528,75.366394,79.5014,79.207565
1984-08-01,82.31005,35.35907,57.40315,48.93943,83.81698,40.350952,75.81945,65.344864,52.66898,67.97459,75.59128,79.540794
1984-09-01,84.13051,38.322025,55.109932,44.937386,85.29764,31.15183,75.399216,63.071342,44.410454,37.161465,71.76652,75.652016
1984-10-01,83.29005,29.405245,70.942474,41.115906,87.04422,41.665817,73.56892,79.182945,55.3972,61.71216,55.231407,63.606483
1984-11-01,81.44661,23.55812,70.21856,37.76719,86.74382,45.69741,74.06466,79.91835,67.24083,87.08362,56.858162,67.20635
1984-12-01,80.29754,37.230408,72.24092,28.495838,85.995285,64.57827,76.23804,77.756454,86.602646,92.89462,49.13313,76.485916
1985-01-01,80.10972,21.14286,67.549545,26.489464,84.535965,57.929268,75.13552,75.01904,85.32671,86.18637,44.033676,62.48348
1985-02-01,81.48287,35.571636,74.13149,44.973717,86.30286,69.93657,76.56773,80.629776,86.75729,88.102554,43.31839,70.110466
1985-03-01,82.570564,38.378647,80.1983,45.69721,85.26109,69.25737,83.87646,80.69868,81.11702,86.13059,57.609356,66.45364
1985-04-01,82.69197,34.47574,69.496895,47.7069,86.90987,47.5855,84.806656,78.209946,83.54178,89.113144,64.12733,72.43023
1985-05-01,77.30927,40.07499,72.62382,55.43889,85.38085,52.064243,80.17862,78.64633,68.161476,91.97429,65.42665,75.37997
1985-06-01,80.4001,48.86514,64.775345,59.176098,87.3725,45.336285,70.92419,81.963554,47.5855,56.713608,72.54835,79.62083
1985-07-01,83.025,39.764923,63.58922,55.44217,86.63917,45.928528,74.3661,80.80039,52.274235,88.048416,66.60622,78.08854
1985-08-01,82.67064,33.655457,57.69795,51.284977,87.45289,40.504818,75.575195,73.07825,51.780426,77.186226,75.08138,75.77042
1985-09-01,84.24886,25.63637,49.56238,44.780132,86.425896,26.079323,74.2611,69.87259,54.210106,59.228596,65.30197,70.81263
1985-10-01,82.4951,33.693188,67.04261,45.921967,85.671234,42.491543,75.27005,74.3743,49.690346,59.865135,61.223522,71.45245
1985-11-01,86.12239,39.021744,74.0954,57.812786,86.58339,53.93941,78.30837,77.28302,68.752075,85.55804,61.026657,77.77355
1985-12-01,80.20651,24.5093,65.82531,33.780136,87.700615,50.8371,75.73761,67.94656,84.2341,86.13387,61.325237,79.76356
1986-01-01,81.54504,28.291536,71.85125,33.107265,86.97257,68.00982,74.88076,79.34712,79.976974,87.133316,45.37294,75.14812
1986-02-01,80.36899,25.186571,76.24544,33.445152,85.2979,59.890656,70.56039,80.72,81.32033,87.648346,47.997314,75.70744
1986-03-01,77.42805,26.334736,72.15305,33.509125,83.957825,52.555527,75.994484,82.627594,79.881836,87.50401,42.72724,66.07926
1986-04-01,83.75115,32.173973,74.98738,40.862293,86.11473,51.24498,83.06554,77.613396,79.63416,90.49908,61.99672,68.73972
1986-05-01,83.54448,40.048737,71.14923,57.778034,81.97642,49.320984,79.69977,76.95894,59.575733,85.87854,68.05083,79.74898
1986-06-01,81.110374,54.17772,64.79824,60.18262,87.5401,54.80265,74.250916,78.80421,59.81849,82.416,80.62978,80.47068
1986-07-01,81.912445,57.38602,72.75994,66.002174,87.123474,57.819042,76.22083,83.009766,39.03015,47.652866,81.83864,74.98082
1986-08-01,79.8884,40.727795,65.723335,54.025177,82.61283,36.681335,79.7457,79.00595,44.912033,39.415607,72.021835,77.72165
1986-09-01,80.64455,31.635975,54.38603,38.17231,88.19947,40.732716,72.01199,70.84907,54.44508,50.53148,74.04588,74.859436
1986-10-01,78.794365,38.2412,63.694363,38.09686,83.91518,54.72556,72.781265,68.62983,49.84914,66.2236,66.095665,74.9677
1986-11-01,81.32689,27.243425,61.940952,38.433105,80.52645,43.134018,80.168884,71.94638,72.62216,74.057365,54.986355,69.33349
1986-12-01,79.985176,26.383944,71.41167,36.89129,80.13116,47.46588,76.20443,73.97864,68.00982,81.51059,61.1602,73.02566
1987-01-01,84.85365,40.571857,71.46871,41.447372,86.8103,68.99156,74.5788,79.489716,89.232834,85.38699,50.7439,68.41485
1987-02-01,81.656815,65.401146,77.698524,54.69416,85.42876,81.012634,74.99165,74.66073,83.907455,89.141266,49.121384,62.588257
1987-03-01,85.02072,34.468956,73.19083,48.061127,84.7171,54.260418,76.47923,78.35396,82.57892,86.59505,58.846832,74.25911
1987-04-01,81.35962,38.07704,75.29367,49.081223,84.37011,52.139904,78.66239,78.12424,73.83823,85.87214,57.772118,64.904755
1987-05-01,82.382935,44.575134,72.366714,59.48781,86.23841,51.190495,77.9909,82.15964,73.9073,88.06334,77.1941,73.29524
1987-06-01,85.10265,59.229168,73.8318,70.93697,86.227165,54.91103,79.277664,80.29455,55.908638,76.2993,77.22623,71.648636
1987-07-01,74.12257,41.129295,54.234715,53.156788,86.78461,44.107655,73.12335,79.886505,55.19055,65.70959,70.01648,73.777176
1987-08-01,84.17894,39.410397,61.013935,64.43728,85.846436,35.995083,72.24141,75.178,46.674763,54.42267,78.077644,72.4117
1987-09-01,80.51463,28.425491,54.20098,38.75818,84.86008,38.292305,70.864685,74.387634,55.176094,73.15388,59.841225,64.30234
1987-10-01,82.65764,21.794065,52.909393,39.053764,86.63681,28.560432,74.73462,60.65409,60.57377,74.30249,60.88863,65.2646
1987-11-01,77.3194,33.440826,68.50481,46.006477,83.674515,53.52145,73.56352,70.90967,63.804337,89.10753,51.0684,70.538574
1987-12-01,79.89454,46.58159,61.96656,37.93246,88.53885,66.353775,78.47604,72.255875,67.48632,90.92603,50.70695,71.738594
1988-01-01,76.76236,28.572601,69.74643,34.71399,84.57468,61.489517,74.45955,82.45589,85.506226,87.26509,42.211983,54.701584
1988-02-01,81.38103,25.70141,74.43349,41.44329,83.78644,61.349457,72.96288,86.10066,85.22937,89.10865,44.710228,73.15017
1988-03-01,80.164474,35.32959,74.24946,45.943066,85.50948,58.567837,76.14676,76.55879,76.68908,88.32856,52.022564,70.55583
1988-04-01,82.32072,55.786217,71.39781,74.511665,83.10895,54.21789,78.22809,80.11236,66.38015,90.43431,63.326557,74.584946
1988-05-01,80.59116,49.19697,67.210724,64.961655,87.102234,42.417183,79.667755,73.751114,66.30035,91.63784,78.8616,78.145035
1988-06-01,85.33197,44.32914,63.430786,61.18497,84.69031,39.39942,75.049095,72.2235,56.045162,84.980194,70.570496,68.098305
1988-07-01,81.182335,44.05554,68.60805,63.492672,82.16112,48.885914,70.66332,80.60094,60.354393,72.58505,77.16625,76.48876
1988-08-01,82.39237,42.109383,66.324776,56.010963,82.166,45.267204,72.41405,82.64806,53.994778,84.94762,68.43705,70.17312
1988-09-01,84.126816,25.940811,56.556538,47.52116,81.254,33.28572,73.88629,71.19098,68.95331,86.33843,59.56127,68.06899
1988-10-01,78.30789,22.237415,37.573776,24.878977,86.26189,39.88311,71.15515,63.377045,58.548294,70.78221,49.3012,64.751564
1988-11-01,83.41024,27.45865,59.222527,33.101692,86.30911,41.61918,75.94156,71.60627,54.253723,80.35502,58.662296,68.08691
1988-12-01,80.69376,40.87166,81.211655,45.76392,83.20992,64.124565,79.610756,81.433136,71.27078,88.16081,55.16736,63.01224
1989-01-01,76.48317,24.651262,71.524086,36.470375,85.74217,60.416203,76.92911,83.094185,75.760544,86.18649,49.944683,66.706604
1989-02-01,78.14162,29.143242,78.11395,41.566166,85.914696,64.4541,79.08884,82.77031,87.281815,87.45433,46.53013,72.73822
1989-03-01,80.00351,61.848427,80.55361,62.536873,82.43829,77.73799,88.03862,80.578026,87.92143,87.14999,62.935616,71.60058
1989-04-01,76.738686,56.668007,75.309715,71.82843,86.406204,60.876793,83.81355,78.33855,81.21764,89.692184,74.26485,79.372025
1989-05-01,79.67312,67.61639,81.89307,77.44504,85.90167,58.09535,73.57314,83.116974,67.98421,91.773796,76.279724,78.53548
1989-06-01,78.46549,54.01676,67.45852,74.75798,82.34878,47.90539,72.62104,84.07233,58.578724,85.379234,77.04792,79.3704
1989-07-01,75.0721,48.548264,64.72264,66.50479,83.11534,50.46712,71.721016,79.44202,57.54036,71.898415,77.37994,74.97282
1989-08-01,80.41202,35.37668,57.472004,52.35668,78.56641,32.626152,73.74567,77.30181,47.758915,48.91283,78.29298,75.88423
1989-09-01,79.31018,23.813086,47.692184,36.707993,80.372955,28.233454,75.44806,60.328316,58.68126,68.3504,65.728455,66.67731
1989-10-01,83.04699,27.317154,46.422714,35.181374,83.83797,39.77751,74.074425,55.976307,50.73892,76.54013,59.210205,70.39133
1989-11-01,82.355286,44.700787,76.19183,42.147194,81.94353,57.994442,76.19347,79.00746,58.15394,81.707535,52.986534,64.735664
1989-12-01,83.22439,33.625458,64.04071,36.476883,84.45805,58.500603,75.968864,75.252754,61.008625,84.663124,44.899345,67.34622
1990-01-01,79.05908,32.614845,65.68209,35.857502,81.55293,60.047176,72.7835,83.556854,78.26604,87.86948,45.698536,61.79713
1990-02-01,84.79231,31.48917,60.673096,44.032146,79.7784,45.013626,75.392044,72.15922,79.64404,86.13919,59.90626,75.66896
1990-03-01,80.7435,40.973003,75.29537,56.693096,83.878006,62.904778,79.37532,83.36842,79.31961,88.32172,49.809616,68.62162
1990-04-01,83.578156,54.56628,76.52919,77.37467,87.980896,56.92577,77.75645,80.70908,66.96834,90.27649,65.688644,77.81871
1990-05-01,77.7843,59.581833,72.19035,73.183304,88.05136,59.475327,78.538025,82.52294,59.755516,77.61389,63.858406,72.18052
1990-06-01,82.03139,65.10041,72.00847,65.749275,84.79067,56.702927,76.30471,81.33665,52.249393,63.16203,75.85083,74.81856
1990-07-01,78.803474,41.028713,59.85219,57.57299,87.24519,45.50683,75.67715,79.798065,51.0336,57.876118,76.54721,76.270294
1990-08-01,83.635506,33.085102,43.80603,52.065876,87.01416,29.903069,78.10709,67.44843,43.31119,37.17488,73.55361,79.35074
1990-09-01,80.28798,33.29811,57.902336,46.176987,85.79346,35.179146,76.94373,78.71991,41.467842,29.026453,63.653587,72.508224
1990-10-01,84.274536,28.066273,53.29314,36.36872,86.66351,38.62826,76.3342,56.650494,62.68358,81.90358,56.25233,67.527084
1990-11-01,82.27389,19.629463,54.235294,27.681217,80.622246,49.72933,75.55262,75.12005,67.3321,91.187515,46.871727,60.8943
1990-12-01,80.53377,25.705147,75.64766,34.766235,82.77036,51.27938,79.25079,76.11791,75.939316,85.74594,48.30708,63.289833
1991-01-01,83.585945,60.157276,76.428604,52.52355,85.789856,84.668945,75.43297,82.37602,85.90524,88.39761,51.87078,69.01741
1991-02-01,78.70504,68.554214,84.25355,54.964825,83.963425,84.12167,74.523056,84.56839,85.71403,88.404205,32.52849,67.21077
1991-03-01,79.9842,31.308674,69.80205,35.86814,81.403465,55.508793,74.275795,78.73306,77.58083,90.781204,49.935562,68.39761
1991-04-01,79.79793,36.138477,64.97389,40.704536,85.88381,55.383514,73.48127,73.51259,67.3822,91.241104,62.873833,78.5402
1991-05-01,80.58421,43.970013,74.84944,61.093563,84.46454,50.106995,74.61867,77.714355,59.097355,83.421104,71.468575,71.35319
1991-06-01,82.10898,49.28939,60.904,52.399918,87.46133,44.337605,76.39399,74.97142,54.346676,81.59468,74.03513,74.75383
1991-07-01,82.4535,39.0446,47.18109,55.06373,86.927246,40.163864,75.12637,76.44839,54.427444,88.59378,76.947845,77.22807
1991-08-01,81.06884,31.227901,51.2345,41.17598,88.77345,32.418045,75.75606,68.27399,60.712784,91.247696,73.853806,74.08623
1991-09-01,85.23764,24.72003,34.429092,30.817451,81.161156,28.621786,73.12027,49.510277,51.549343,62.094143,64.2453,70.08557
1991-10-01,80.749054,19.448456,56.913227,31.295486,86.32063,33.65764,74.30382,73.21918,56.14013,75.54341,47.89979,56.682453
1991-11-01,80.65344,35.73462,66.20195,41.540276,74.90549,58.594593,75.58792,75.42638,66.17722,81.59798,50.40371,62.5969
1991-12-01,83.30572,27.195923,69.79216,34.300514,83.96178,42.341396,76.840706,72.19222,68.73883,71.92354,54.343376,70.50921
1992-01-01,78.79098,27.132584,66.39536,34.51004,83.10961,49.70378,74.93708,71.60945,71.9155,81.81418,53.0557,74.76544
1992-02-01,77.241325,48.879566,82.14775,60.939995,85.83972,73.10243,78.76831,80.21271,82.19795,85.77171,51.574055,70.40794
1992-03-01,79.19418,33.72145,71.27103,38.932304,86.09233,50.879383,78.72297,79.49537,80.521996,89.23374,53.93821,62.813503
1992-04-01,80.15118,40.22935,75.52812,46.29033,83.08856,48.830986,74.81888,77.673676,81.13246,89.83125,58.73291,75.87303
1992-05-01,79.59252,55.24983,76.14831,57.201065,86.8712,59.95385,77.93438,79.21847,63.134125,90.802826,73.486206,78.75211
1992-06-01,84.874626,45.31876,59.54093,63.25881,88.84187,38.77038,80.677444,79.29944,64.73398,92.31686,81.01425,77.84046
1992-07-01,82.01335,31.266615,63.106594,49.862473,88.22169,38.457855,79.846756,82.36798,53.832954,78.82175,67.95959,73.60279
1992-08-01,75.96047,34.82418,51.135227,45.81588,88.71395,36.50014,75.54917,68.100464,51.410507,67.55801,69.48171,75.04395
1992-09-01,82.7307,31.73135,61.817642,42.73762,80.3293,42.161156,78.0704,54.239395,50.77089,81.74617,73.95256,80.12689
1992-10-01,81.09036,34.837135,62.73254,42.191925,86.25102,43.383717,73.88617,80.51066,59.18307,73.37123,64.06521,76.45111
1992-11-01,83.01245,27.540642,53.28078,39.81967,77.46155,37.725937,79.67511,59.126396,59.63647,87.39423,67.41389,77.5587
1992-12-01,81.57615,34.459843,69.274445,47.98734,83.561386,57.272316,79.17637,75.22531,68.85829,88.505066,68.625114,65.25862
1993-01-01,78.98151,44.800797,75.58921,46.678333,82.85591,74.47382,75.7531,73.09909,82.64906,78.76988,56.379467,64.252396
1993-02-01,81.71188,52.44778,74.877975,43.099876,81.39366,86.71759,73.835785,79.290184,79.95369,87.258575,54.035732,68.125206
1993-03-01,80.56946,30.622217,59.44876,40.947075,79.38565,53.65545,80.47717,78.512115,85.171005,85.74063,58.46067,76.67914
1993-04-01,81.85986,31.35414,69.468124,42.318634,83.11845,47.76508,81.363434,78.87331,75.2503,90.708145,50.11041,62.42418
1993-05-01,82.72385,49.505775,71.92324,55.04292,83.55442,53.13674,73.92966,78.96877,71.9837,88.62058,63.246796,73.28366
1993-06-01,81.89487,52.87102,63.644577,56.498802,89.48616,51.18442,73.71804,77.8693,49.725353,81.42548,74.19379,75.75628
1993-07-01,82.27515,46.79767,72.74745,52.920345,88.38987,56.0692,74.68704,79.92823,52.202747,70.89537,70.2271,71.69571
1993-08-01,82.92592,31.23003,56.50517,47.308422,82.76999,44.412563,76.047455,76.796875,47.49936,55.728695,61.67794,68.64869
1993-09-01,80.440575,35.656563,64.27944,51.921116,84.52183,43.64882,76.45319,67.74016,54.41601,74.58998,68.34001,73.82783
1993-10-01,83.77081,31.965134,61.48064,46.134167,83.223465,39.50869,74.38313,74.03786,55.3866,70.206406,65.73851,70.99402
1993-11-01,85.069176,27.984121,63.2818,34.103615,85.17737,48.54314,75.66559,76.45319,64.3765,92.00333,54.79311,69.35356
1993-12-01,79.810486,43.36878,66.65819,44.838985,86.31503,60.90783,78.16207,75.1071,78.952866,92.16563,61.739994,72.83178
1994-01-01,79.09189,28.396025,63.58617,32.257137,82.34038,56.323406,73.15593,77.18793,84.91177,88.605225,49.71679,61.372677
1994-02-01,82.26461,51.06133,79.743195,68.69993,84.42329,75.64188,75.45164,81.76646,88.86961,89.64184,57.377754,74.03616
1994-03-01,86.26759,31.364004,75.23561,52.56708,82.12758,60.286087,77.63289,81.424675,80.65084,87.72498,55.78172,73.90074
1994-04-01,81.53753,33.653267,68.45327,44.72878,86.20795,47.05351,79.793175,79.59004,69.59951,89.18398,58.94316,67.229645
1994-05-01,83.83163,30.427341,63.24278,45.09796,86.68837,47.29533,73.88139,77.49101,54.396877,79.41432,66.96041,73.351
1994-06-01,84.72637,45.90565,58.86094,61.690273,85.604996,44.383778,74.985725,79.38046,54.109917,84.63931,73.631516,79.40303
1994-07-01,80.37355,35.10582,60.681065,51.188686,87.23328,43.09405,77.18309,75.56933,50.61637,68.635445,60.705246,69.80909
1994-08-01,84.25885,30.040424,58.246708,40.76126,87.85396,38.347862,75.53224,78.282585,52.32687,85.97418,66.7202,70.561966
1994-09-01,79.34499,22.12796,46.66014,33.41144,82.74987,29.460047,74.61977,63.834442,42.723255,33.9499,63.560375,71.239075
1994-10-01,83.85742,21.16389,48.875244,33.608124,83.643005,34.438385,74.71972,57.953297,59.541267,78.887146,53.81328,64.54863
1994-11-01,84.129875,33.21637,55.30291,47.0793,82.58865,44.80455,74.830956,59.77664,67.681046,83.82518,54.725758,62.65918
1994-12-01,83.001366,29.855026,66.95074,36.26657,82.30169,60.576275,73.805626,75.72087,71.99195,84.42651,38.794434,51.337006
1995-01-01,81.63817,45.610794,72.04085,55.781277,85.70507,67.59076,74.1693,78.624214,86.74515,84.816345,57.486286,75.05802
1995-02-01,74.64908,44.22457,77.0786,52.08146,83.94049,77.02386,79.68361,79.601494,80.73173,85.76947,49.399166,67.320274
1995-03-01,78.78522,33.572693,60.48897,38.026,85.54085,68.32493,77.038345,79.74962,86.10597,88.836555,62.22135,82.49148
1995-04-01,80.66572,32.69201,63.649437,45.23888,85.790405,39.578056,76.80972,76.66965,71.35498,90.26143,69.73048,78.675735
1995-05-01,84.65051,59.40221,78.685394,69.11867,87.9108,60.767506,75.70686,77.98021,55.29827,81.39667,78.40686,81.298454
1995-06-01,79.776985,50.062496,62.404892,63.370903,83.34962,47.277164,78.983246,76.373405,48.660168,63.13262,69.34729,77.762856
1995-07-01,80.18432,39.91455,51.51956,53.546574,83.422066,34.107216,73.82958,73.35301,54.333874,65.85033,82.509186,78.88826
1995-08-01,82.700775,41.788612,70.06053,48.283424,86.43763,50.785393,76.677704,82.145325,54.2099,61.33584,51.25713,62.507935
1995-09-01,81.91831,30.101492,53.952297,45.387,85.17538,38.96786,74.188614,72.33388,57.315624,53.21008,64.40292,73.332085
1995-10-01,83.188614,36.07949,67.05624,43.224747,84.665,45.768578,79.24085,81.07466,53.541744,36.715446,59.44246,71.15695
1995-11-01,81.82493,40.79201,59.774124,48.66983,81.89899,48.570007,76.012764,67.11742,66.06124,61.580563,53.81867,70.50811
1995-12-01,78.44711,30.790579,67.50865,33.45999,83.3464,55.9294,77.90131,69.43262,66.55552,70.17001,50.869114,74.05176
1996-01-01,78.617805,31.492096,75.76253,46.1957,81.050674,70.44215,77.52793,74.817764,82.76448,86.25014,53.092857,75.81896
1996-02-01,77.37477,27.137442,65.25558,38.329597,85.25378,59.00171,74.82905,81.471466,88.01393,90.52096,49.811954,65.802124
1996-03-01,79.01926,42.071598,69.66988,42.92286,77.65047,62.945244,80.221985,81.645584,84.615326,89.110245,53.961853,72.51871
1996-04-01,80.97812,33.552536,69.32164,46.340805,85.663284,50.516502,81.90677,80.43802,77.15873,90.91434,71.79159,77.199036
1996-05-01,80.33806,48.581818,72.13983,64.684845,84.51537,48.42704,79.63674,81.60367,56.18674,81.72298,64.89766,72.133385
1996-06-01,80.71855,48.169083,60.354378,62.202,84.057495,49.5943,77.74397,72.775055,54.11824,55.35805,75.72061,79.211105
1996-07-01,79.64158,41.799133,56.006172,59.883602,85.01033,36.470688,71.67067,72.71379,46.4327,46.92605,80.98457,80.731445
1996-08-01,81.58755,35.822563,56.821964,49.77165,84.07039,42.374702,74.54529,76.289734,58.821136,79.920494,70.60176,73.33611
1996-09-01,81.90516,22.68444,37.926537,35.737118,81.269936,30.929424,71.62392,57.304024,49.387936,71.98667,66.41962,69.01209
1996-10-01,82.32595,36.42393,68.61387,46.34242,81.606895,53.702282,74.23413,78.366295,54.901787,77.095856,60.730026,64.91217
1996-11-01,84.26709,20.008125,48.87363,33.81694,80.712105,36.686726,74.39052,69.445786,58.32618,78.62103,55.274216,72.76861
1996-12-01,80.88783,31.022934,68.9734,41.5847,86.28722,65.16207,73.81334,76.97655,74.08258,88.281555,47.475822,68.351074
1997-01-01,78.72676,50.283375,73.82017,52.96839,81.685555,72.39849,80.051125,79.95217,80.58879,84.41345,49.054665,66.07188
1997-02-01,76.734436,68.5227,77.75534,62.199383,85.42281,74.54255,74.893845,80.97307,76.37819,84.66084,43.78029,66.19557
1997-03-01,78.05715,41.647774,77.78997,46.666515,79.622314,57.29279,77.60855,86.19797,77.37601,86.38599,61.074577,81.00441
1997-04-01,75.84218,32.695515,64.22469,39.97211,84.12648,44.75006,73.89274,76.61569,71.156586,86.49649,54.843616,68.369316
1997-05-01,83.407394,51.779266,70.74592,68.17635,77.08738,48.93757,73.386406,79.01868,64.69144,84.96431,67.70631,75.85867
1997-06-01,79.10445,49.508217,69.1956,61.97508,82.160545,49.92878,71.31987,78.11158,61.653473,85.94563,64.83657,70.08126
1997-07-01,80.31006,45.670357,71.87897,55.325207,86.674614,46.462006,75.751465,76.23636,57.1559,64.99985,72.36716,72.47271
1997-08-01,81.76967,32.847248,60.411568,44.695633,79.574486,36.574608,73.30229,77.12202,50.374084,51.126152,64.754105,74.933426
1997-09-01,75.31771,30.82029,53.42854,40.806644,81.932945,37.75054,74.64316,57.010765,59.105343,60.330753,68.55403,77.68277
1997-10-01,81.75482,28.77024,62.003117,34.755455,77.38425,42.665375,72.28964,77.68112,73.139015,89.11059,54.459335,62.441826
1997-11-01,81.88842,31.150145,63.306046,39.7676,83.1798,49.437298,72.67557,73.11098,72.81246,76.01041,48.396606,65.93993
1997-12-01,81.44641,44.263523,73.787186,42.683517,86.037994,74.672844,70.57604,76.74103,81.19737,87.6015,43.874294,64.68319
1998-01-01,80.516426,37.232185,76.3352,49.21915,85.0644,78.24326,84.19214,83.47352,88.69717,92.584335,50.43668,66.14397
1998-02-01,80.70145,41.215176,72.47776,46.21415,88.07271,74.222275,87.634926,76.38971,83.1712,92.87179,38.998184,57.181824
1998-03-01,82.42449,32.784985,66.76677,34.450207,86.34966,61.272194,87.16576,76.710205,88.45597,91.19005,48.31385,63.024975
1998-04-01,84.623314,46.907993,75.48276,57.365196,87.854645,65.00078,86.06882,78.34569,78.856155,91.46097,59.783737,67.80258
1998-05-01,84.62662,44.249916,69.61318,57.613,86.03082,56.167492,81.444855,81.519196,60.05797,71.76409,58.70167,73.42105
1998-06-01,80.217415,44.539017,54.389935,59.129543,88.3965,50.48459,77.149635,81.99332,58.810703,88.92018,59.045288,75.378685
1998-07-01,82.711945,49.66189,65.8466,62.506245,85.50218,54.713726,75.57031,77.18102,63.39998,89.146515,76.92331,73.03284
1998-08-01,82.561615,41.0285,74.44199,66.35377,83.88322,40.468468,76.591255,74.59398,60.755116,89.53143,64.503525,71.44195
1998-09-01,80.29506,41.67939,77.478386,64.23094,83.803925,52.311707,76.64908,75.59014,60.698948,69.742035,62.357563,65.8879
1998-10-01,71.95407,33.427616,71.67654,43.815437,83.524734,49.344704,76.25425,71.33457,56.780388,79.77467,58.24076,70.82575
1998-11-01,81.42172,35.401764,76.958,44.340775,80.17446,58.668633,73.39627,76.5797,68.818565,70.4144,53.593666,67.282196
1998-12-01,81.37382,31.780563,71.27014,35.813114,84.62497,63.35868,77.51638,75.48607,73.52017,87.78691,48.9284,67.99917
1999-01-01,77.89648,41.657604,78.49249,43.597923,79.27189,77.054855,77.19076,85.09775,82.39604,87.29022,42.80706,68.76308
1999-02-01,78.05203,34.12558,79.75001,49.70705,83.35392,71.4042,77.6918,78.986984,80.79467,87.12157,54.678185,72.50125
1999-03-01,79.15236,43.19021,77.45602,51.154507,84.29051,76.49814,84.81775,81.32519,88.88995,86.735146,60.138905,76.21814
1999-04-01,78.61857,41.11235,65.30653,54.080536,83.35228,64.35684,80.608,78.32547,72.18196,92.336685,59.6133,81.79348
1999-05-01,81.48565,37.95381,71.35671,60.572815,84.48863,45.367947,75.01957,79.587906,62.50003,93.867645,63.03055,69.66037
1999-06-01,82.46973,45.14526,63.543053,63.852524,84.961845,46.491203,73.639244,72.185234,54.155857,85.651184,68.82038,73.07107
1999-07-01,78.880554,45.0945,64.84151,61.692795,85.05845,38.82491,71.22244,79.00172,59.96043,80.0955,68.94155,74.48741
1999-08-01,81.17782,35.90052,67.426956,50.53721,84.0056,39.224434,78.46629,79.29973,46.263603,40.431194,72.8844,69.36564
1999-09-01,80.44427,27.490847,62.129982,38.721752,78.197754,37.004124,76.86,75.47149,52.403843,61.358765,59.136818,69.6047
1999-10-01,76.278725,35.335617,63.47428,43.337574,81.90646,47.753635,70.89169,75.73675,64.050644,75.41582,59.483948,71.86267
1999-11-01,74.62987,43.727276,74.708466,52.93272,82.21593,63.773926,77.1269,79.3423,64.51567,56.469498,57.075336,75.55663
1999-12-01,82.0833,49.01443,68.921906,50.414406,79.51259,61.68133,71.98219,81.66904,80.13316,80.16591,56.68891,70.42503
2000-01-01,81.34762,27.77149,66.69959,39.30085,84.89125,60.21966,74.04452,72.58223,90.588165,85.98212,46.113724,76.09073
2000-02-01,80.25508,68.91144,82.165764,61.265354,76.55919,82.61583,80.48764,85.7713,85.77632,85.312874,45.58335,58.488
2000-03-01,77.76215,54.328667,73.612854,59.200745,84.079796,69.31298,87.81918,81.417885,81.76087,86.60451,60.010525,75.13371
2000-04-01,81.10334,69.627525,81.10334,65.08003,85.59563,72.04349,83.15791,82.057014,83.01904,89.76333,62.235752,72.07025
2000-05-01,81.52998,64.18826,75.250824,68.25893,87.16165,56.373196,76.70643,84.39266,70.10101,90.210045,73.83705,80.12959
2000-06-01,78.32432,50.408585,70.47411,60.676422,86.42883,55.816055,77.13474,79.194336,61.63678,87.707085,73.55095,72.6776
2000-07-01,83.24994,35.876007,52.650543,49.374603,86.581085,35.327225,76.125854,77.33384,44.80034,63.007053,70.81041,79.023674
2000-08-01,82.21763,32.00277,54.96779,48.608322,86.37195,35.179993,76.775024,66.329834,46.960316,55.988384,68.93988,79.49382
2000-09-01,82.78314,22.052822,44.263275,28.961067,82.823296,32.168407,76.918915,67.91092,52.565212,61.7104,67.57295,71.03963
2000-10-01,80.942726,40.150784,60.937424,46.62235,82.77644,54.311935,76.281456,73.38197,53.072163,45.99159,64.35223,70.249916
2000-11-01,78.72586,53.11399,78.76936,60.888905,80.430756,59.87835,79.36666,80.07773,60.087486,76.68468,60.478992,70.03075
2000-12-01,75.024956,67.93769,70.273346,42.742424,86.18121,82.033585,77.82573,78.73088,79.09729,75.12869,38.343834,59.821465
2001-01-01,76.43006,48.210194,70.5872,40.944283,79.74325,70.87348,72.358475,81.31362,84.4008,85.6196,39.889553,64.60872
2001-02-01,80.58034,49.03556,80.5502,46.897644,86.23067,80.92354,74.735794,86.55881,87.96176,84.08103,47.272655,60.0918
2001-03-01,78.8777,46.246387,71.38243,45.089535,87.26364,73.39311,80.89006,75.93115,83.975555,86.99577,55.85782,78.417305
2001-04-01,81.33037,36.00714,75.12588,39.753944,87.06441,53.75171,79.83366,78.757164,84.18149,87.45952,57.130188,66.53905
2001-05-01,81.4057,36.003796,55.51796,48.176712,87.01083,34.771606,79.34982,75.400444,69.88069,91.08745,73.64926,81.459274
2001-06-01,75.392075,48.555073,74.17328,58.375774,86.86853,54.525177,77.62375,80.69418,63.48033,78.10925,69.79866,76.17056
2001-07-01,81.092636,44.016388,57.32607,57.508553,86.66763,34.769928,71.97843,80.1417,44.59733,51.37773,77.06792,80.50333
2001-08-01,81.88786,31.592348,48.198475,39.782406,84.08103,33.74031,79.60764,68.81425,51.464787,44.642532,68.82764,73.27425
2001-09-01,80.31917,28.74458,59.616337,38.911835,84.300354,38.329224,77.061226,71.101166,62.901066,81.41073,60.301075,64.60705
2001-10-01,82.13062,42.17982,58.8864,39.437523,85.11902,40.107193,79.31801,65.6149,53.77347,41.06315,67.67748,75.36529
2001-11-01,71.48623,31.455067,68.63009,41.72612,84.25012,51.315784,77.67899,73.17714,70.595566,71.29704,57.65253,80.56527
2001-12-01,80.93526,35.5953,58.128,29.317146,85.33164,55.25679,77.23199,74.65376,69.927574,66.80524,53.567547,78.509384
2002-01-01,74.87638,34.96222,72.03962,31.573866,84.166275,69.244774,75.06081,76.67535,73.201485,83.87622,45.63025,73.323875
2002-02-01,77.93613,45.343555,75.882324,49.9491,82.88034,73.325554,73.340645,82.67412,83.23913,87.26793,50.447044,78.27312
2002-03-01,79.09631,25.811485,66.38119,37.40834,85.308014,53.860546,75.0256,82.9189,81.53573,87.57139,49.37739,73.058975
2002-04-01,80.81983,27.75128,68.02423,42.67948,84.76481,46.62278,76.68876,75.35756,85.82943,87.184105,49.581932,75.206665
2002-05-01,78.59502,36.974106,61.653255,47.46442,88.248726,35.726738,72.85444,73.164604,58.05868,78.58999,64.44307,73.51165
2002-06-01,81.012634,36.866806,61.60128,48.661495,89.29994,40.682686,76.998924,84.65751,62.592136,83.136856,63.145405,70.29934
2002-07-01,80.283325,28.170424,56.410614,36.13079,87.85138,39.549324,77.21688,81.98505,52.9334,48.559223,58.102276,67.44414
2002-08-01,83.10835,24.267363,62.66255,39.963436,83.71192,36.687412,76.85306,77.404655,47.340355,36.925484,61.346443,71.483
2002-09-01,78.61849,23.125618,46.99666,30.99042,85.43208,30.770788,79.31427,64.094345,47.192818,39.577824,57.08627,65.071785
2002-10-01,84.99115,14.571743,47.04025,20.161438,83.53253,29.45803,76.54289,62.094193,60.052128,44.215225,52.906574,67.871666
2002-11-01,79.074524,27.27681,65.105316,25.556646,86.332405,46.884327,76.95869,82.38911,78.57993,77.24203,40.8319,61.638165
2002-12-01,83.61301,20.003838,62.816795,26.301044,82.01187,43.9235,75.79682,78.01828,81.30604,88.57565,40.649155,68.25392
2003-01-01,76.63222,41.08434,67.08936,26.185728,82.13826,69.1901,77.85205,79.45558,87.61713,89.87134,34.470375,61.757584
2003-02-01,76.68178,51.269882,82.30293,59.500168,83.9736,74.45634,78.60985,80.41162,90.79221,88.44847,45.301804,71.367584
2003-03-01,79.12464,25.547832,73.19973,36.743774,85.18545,54.702366,76.5251,82.8433,83.93843,88.73624,55.142017,72.91515
2003-04-01,79.38524,36.84929,71.04463,48.283443,83.69702,47.119564,75.39479,82.11907,65.09894,90.649925,58.79033,82.26296
2003-05-01,81.04472,38.572727,64.337944,55.09725,86.89769,43.1595,78.33007,72.373184,52.47213,67.37874,66.95187,70.262856
2003-06-01,81.36607,40.016384,64.56816,59.41224,83.05753,42.013206,80.98877,73.30045,54.400204,85.67466,78.87843,73.70333
2003-07-01,74.425964,40.017982,66.478645,50.115593,87.842545,42.19226,78.579475,79.07349,55.69518,72.526665,69.226875,73.59302
2003-08-01,82.219795,34.489555,65.56737,45.9365,87.53079,43.72705,79.35646,82.274155,49.010868,52.703945,69.082985,73.47951
2003-09-01,83.92404,23.827593,40.866913,25.619776,85.91607,32.611046,81.2014,55.31788,48.54244,50.147568,62.52018,70.336395
2003-10-01,82.84969,22.473465,58.59049,37.248974,86.442055,29.803665,80.024734,61.59771,52.747112,42.101135,64.31556,76.08545
2003-11-01,82.93762,26.7245,65.6553,31.407196,89.09755,40.900486,77.25092,70.099785,67.68889,75.535484,41.65509,67.83917
2003-12-01,78.46117,39.93485,70.97429,36.374466,84.16386,60.96621,77.62663,79.03032,86.723434,89.30539,44.53281,59.041332
2004-01-01,80.32903,40.685707,74.61308,40.368423,86.38777,76.27286,75.49957,80.6511,81.31596,89.10624,48.040707,72.90547
2004-02-01,77.5436,56.71428,72.347435,45.344566,85.97323,80.93969,79.12525,81.062454,87.164246,87.62184,36.906967,70.194984
2004-03-01,82.77644,30.481508,72.83532,43.57637,83.63104,56.704712,82.33001,81.803856,83.87818,87.081345,43.589123,74.606705
2004-04-01,79.61155,31.946768,70.96189,40.680927,83.576836,48.924007,83.827156,79.8539,76.36852,88.82722,55.09436,76.8867
2004-05-01,82.86095,46.66633,59.549133,47.863728,89.27365,55.598194,77.6297,79.48718,59.496517,94.0489,63.844463,75.45334
2004-06-01,81.91387,44.392704,61.118027,51.117912,86.73535,38.836197,76.22662,78.897255,50.247364,77.05412,69.31328,74.71991
2004-07-01,85.12182,35.94873,62.785778,48.27987,88.62154,40.79413,79.825195,78.723465,53.61794,78.04744,75.83599,77.35227
2004-08-01,85.405624,30.853004,43.603474,40.231304,86.510544,31.865454,80.70212,75.19345,59.169662,71.62836,65.73383,71.11336
2004-09-01,83.42218,27.254429,53.345295,39.24277,87.47038,34.395775,81.692245,75.58886,61.653748,82.20883,66.69845,74.64816
2004-10-01,84.55261,17.268661,50.85324,28.979578,84.657845,34.76568,80.01493,59.592182,63.99115,74.37871,47.479477,67.966
2004-11-01,81.71776,26.514626,69.353134,39.81357,85.659134,44.386326,79.84433,73.549614,72.989975,86.01149,49.43103,67.010956
2004-12-01,79.90492,29.585451,68.69943,31.203773,80.461365,60.53129,82.38901,77.39692,83.8734,88.75069,48.637016,68.06645
2005-01-01,80.32262,32.470104,71.52004,32.29402,85.147,70.53201,77.99928,81.770424,91.01974,88.93607,45.102516,62.1941
2005-02-01,80.08947,24.01317,62.6392,27.27236,87.11491,58.473503,80.68294,79.991646,82.58237,88.66054,50.983402,68.96356
2005-03-01,83.11551,23.484919,69.654854,32.32663,84.76222,54.007812,78.66449,75.071075,76.77485,88.21543,46.633472,74.11728
2005-04-01,77.56886,31.475555,70.86951,39.598255,83.76441,43.91558,77.93733,76.408005,74.61293,88.16815,47.820408,65.9473
2005-05-01,82.160095,32.52391,58.48655,45.208492,87.27795,37.716763,78.55852,79.895454,66.16415,91.3768,58.40992,71.36026
2005-06-01,82.99323,53.102936,70.71788,65.27231,87.20132,52.99207,77.487335,81.88455,45.99598,68.101074,65.09134,69.43638
2005-07-01,82.32476,46.51282,68.326065,58.316986,87.75892,45.581856,78.538956,81.2063,54.935516,67.59564,69.53094,71.54613
2005-08-01,84.768745,36.464607,67.703255,47.000313,87.14099,45.11882,77.996025,80.36012,45.79218,47.59215,61.24194,60.399017
2005-09-01,84.80788,27.260946,53.72412,38.993374,88.443695,34.876587,79.334595,65.477745,59.070232,81.372604,64.09515,70.16028
2005-10-01,83.93234,40.24553,59.903374,31.625553,86.41546,42.61288,79.41774,57.78221,60.459343,84.38397,57.81482,70.00539
2005-11-01,77.16289,27.55279,71.20211,31.553814,84.274734,53.31326,81.11337,77.511795,61.540306,82.14868,50.722538,70.41463
2005-12-01,76.667244,32.587494,59.1436,22.607758,86.20351,54.39259,81.066086,67.93477,78.01722,89.76106,42.37484,54.845844
2006-01-01,76.864624,51.72316,76.916626,40.562363,84.152374,80.02904,79.33667,78.62642,87.10388,84.90488,38.906204,67.766304
2006-02-01,76.33153,34.136005,74.90941,38.69979,87.46144,70.62354,86.38226,80.05667,82.8359,88.24971,41.0597,69.88079
2006-03-01,80.98633,48.106915,77.04665,45.56985,84.01098,79.03437,84.24502,87.264786,89.143616,89.16637,46.488136,71.48169
2006-04-01,81.00258,42.359924,74.13902,40.100784,88.24321,77.082405,81.603935,84.048355,77.09703,89.86036,63.95177,76.62733
2006-05-01,80.15419,34.945396,61.413082,40.542862,85.57124,58.38031,80.85143,79.270035,62.453262,90.47797,73.8676,76.35591
2006-06-01,81.428406,47.903755,73.06309,56.23494,86.874725,50.102757,75.35149,81.2545,57.951237,83.788315,66.96016,79.05062
2006-07-01,82.1094,47.38204,67.434746,60.33227,86.655304,50.15314,77.72277,84.83499,51.324966,71.2639,74.72738,77.257935
2006-08-01,82.89766,28.64906,51.315216,40.615997,88.75517,32.190544,77.28394,74.19916,51.27296,62.799446,58.164146,61.58861
2006-09-01,83.18208,26.29078,64.455605,36.88598,86.06858,34.183136,79.38543,74.706245,47.61933,46.75793,51.41436,60.207123
2006-10-01,80.168816,21.850513,65.98012,25.72193,84.25964,39.215004,79.57559,80.59301,58.658234,73.99925,38.030178,60.77272
2006-11-01,82.63274,17.699547,55.87575,22.695658,85.66226,36.232616,80.207825,75.715546,76.77848,87.45169,40.87279,62.934345
2006-12-01,79.71699,33.31524,73.58806,37.996048,81.824974,55.39467,77.150665,82.349945,81.649445,90.533226,37.71325,66.21253
2007-01-01,79.499084,59.978714,75.53548,48.531162,85.0983,75.41252,79.88251,81.56178,90.35129,90.77515,50.18779,64.37913
2007-02-01,79.09625,33.9289,79.44247,38.19342,84.883125,68.39936,76.934875,83.57756,83.20547,86.994354,41.385338,70.759735
2007-03-01,82.14905,42.412643,71.34699,45.014065,83.58565,72.442245,83.605064,80.23357,87.37778,88.59598,52.483448,72.35488
2007-04-01,80.553894,28.915339,61.889336,35.632446,86.07544,45.463814,81.22528,79.15126,72.859634,89.80771,55.034718,71.785416
2007-05-01,82.59394,42.236305,72.20281,52.829655,85.98808,49.285057,81.46633,79.101105,63.22564,90.703964,65.0036,61.827858
2007-06-01,82.422455,47.278984,66.352844,69.247086,83.328415,51.61307,79.06552,78.11587,51.926926,70.51544,73.39513,80.6817
2007-07-01,80.55066,37.85692,46.37625,52.45918,86.85684,37.046402,79.17229,79.23053,43.934994,52.92187,70.28734,73.97592
2007-08-01,84.323364,34.836487,67.5306,46.494354,84.22954,44.599907,78.91668,85.674225,56.023193,65.93222,61.059402,70.06893
2007-09-01,84.89769,22.463552,52.95908,30.507254,87.46675,29.795422,79.92133,56.39367,54.300236,66.65699,55.662422,71.50392
2007-10-01,82.43054,22.06072,52.881428,30.177223,84.33631,38.457123,77.62729,74.60524,51.080814,58.44342,45.978275,63.85496
2007-11-01,82.69263,35.037094,76.95914,58.757275,82.33994,41.925686,77.33771,82.21375,64.58135,58.52431,45.95239,64.65416
2007-12-01,79.9003,33.35782,75.1828,57.68791,84.436615,65.68631,77.1193,85.58525,73.86105,84.53692,44.441364,66.0762
2008-01-01,74.81175,28.817621,84.53901,57.53138,81.915085,68.46687,77.845604,86.22854,82.40137,88.65994,41.839306,61.005047
2008-02-01,76.95437,38.26108,84.00294,55.77546,85.73563,80.995636,79.64301,83.43865,78.52109,85.138145,49.4671,76.278885
2008-03-01,75.38599,27.192816,74.86154,40.373825,82.862755,60.673115,76.7884,88.54376,71.86253,86.200325,41.172123,63.207413
2008-04-01,79.93843,23.72247,61.556053,41.806114,86.27501,36.27115,78.076294,71.98535,79.33764,89.29393,58.867405,78.36508
2008-05-01,79.99984,31.99421,65.225555,44.79184,85.903244,39.246918,77.12697,75.351135,46.079735,68.48015,67.666916,77.82403
2008-06-01,78.55096,49.228107,71.270035,59.48314,87.8185,49.586594,77.82735,79.201546,56.635162,92.679634,70.22113,74.60097
2008-07-01,79.16503,33.05639,62.098763,52.32835,85.20619,42.39695,78.50615,78.59411,49.07708,82.35988,71.628525,75.22666
2008-08-01,82.40137,35.617245,50.13428,49.735962,85.380455,33.35347,78.45636,77.23153,45.62499,59.27568,75.31131,77.43899
2008-09-01,82.661934,30.928709,59.56778,45.37438,80.05461,37.97894,79.28121,79.92349,47.712837,51.199783,54.052734,65.487785
2008-10-01,78.708626,20.31353,66.7707,35.24382,77.13693,40.6875,78.88455,78.51777,59.884777,66.64457,46.519543,58.980263
2008-11-01,81.462006,40.20288,62.772583,44.267387,83.62288,54.064354,78.311966,74.27402,71.76959,85.23607,53.423725,71.812744
2008-12-01,78.970856,34.33931,64.04056,35.446297,86.06424,57.474953,77.3975,74.839966,76.7884,80.074524,55.19956,70.846825
2009-01-01,78.239586,74.6985,82.52292,44.877213,84.64919,87.29731,75.72598,84.35586,83.1258,87.386444,28.087444,50.306335
2009-02-01,79.57985,42.734734,79.808365,45.220787,84.21487,76.29969,77.01115,82.05618,82.66554,88.21297,37.5325,74.63206
2009-03-01,83.801605,27.776281,71.69708,36.02855,83.32352,48.14279,79.98015,84.43203,80.63812,85.206696,50.429504,67.198204
2009-04-01,80.34479,38.117546,68.48661,51.696842,81.50678,52.20734,84.0917,79.76136,76.51523,91.447754,59.73681,77.15538
2009-05-01,79.181175,45.776665,67.843216,55.387024,84.28617,55.06938,77.90574,82.451614,69.54002,91.115524,76.34183,72.481476
2009-06-01,79.92667,44.517433,58.5424,59.673603,85.085144,39.713875,74.905945,76.89122,46.40547,76.28348,71.2822,78.803566
2009-07-01,81.90222,41.023346,56.90556,54.45354,87.19359,36.98797,75.983665,82.08211,50.170204,67.57257,70.03432,76.57195
2009-08-01,80.25728,23.19637,49.47171,32.02072,86.70254,36.221405,78.319,67.16741,39.572876,43.15448,61.80636,70.86408
2009-09-01,81.56999,23.68256,50.244755,35.020515,85.61023,31.038618,77.61078,70.09266,57.26048,68.248375,57.202137,66.682846
2009-10-01,80.44041,22.078133,58.181,36.621704,82.479164,31.472948,85.51948,68.48661,52.03393,52.841007,56.37561,73.35824
2009-11-01,80.84232,29.351538,63.16121,35.08696,85.752846,45.92414,81.22966,78.96887,67.921005,53.341785,43.27765,60.0269
2009-12-01,82.54237,40.533913,72.44906,43.765457,85.30231,55.972073,78.30927,77.7064,75.847534,73.83957,43.36516,62.83384
2010-01-01,83.24469,47.948776,77.58776,48.523335,83.61076,68.440796,79.57573,80.756035,85.17028,85.84334,36.149002,62.969364
2010-02-01,82.32047,55.493546,85.85155,72.525085,84.37083,77.24138,78.84522,81.48983,90.80095,90.51531,52.118427,70.07254
2010-03-01,83.103516,52.757008,82.40748,63.91492,84.08519,65.97676,77.922646,82.81952,85.71365,88.100525,52.845654,65.78962
2010-04-01,75.86409,57.79342,77.078865,58.38439,87.393005,74.268456,78.597336,81.20419,80.63292,88.960724,65.34147,76.9344
2010-05-01,82.84086,47.490772,62.98742,55.769333,86.45894,53.34798,78.64823,79.31471,68.900444,93.291245,73.821945,75.0909
2010-06-01,85.01105,49.790646,66.58251,68.55899,83.591064,49.345776,77.41867,81.65399,57.422417,87.71147,78.01293,77.59104
2010-07-01,84.08191,51.231964,76.30567,63.86075,84.229645,58.51736,79.19488,83.374374,55.248947,95.69783,79.74974,73.846565
2010-08-01,83.72404,47.430035,63.56526,56.68534,83.558235,41.873238,79.460815,73.802246,48.687496,76.75876,77.98831,77.26929
2010-09-01,81.45535,54.84183,74.046844,57.591503,83.351395,54.86974,80.15028,71.97679,55.399975,67.84982,72.814,73.444374
2010-10-01,82.282715,45.959167,67.41644,57.05306,82.35987,52.43033,78.636734,83.080536,61.68892,84.198456,65.192085,68.00249
2010-11-01,82.74072,40.678158,82.28928,61.097946,82.18915,57.882065,76.438644,81.3109,68.31768,86.59683,62.95295,69.06296
2010-12-01,81.1057,42.23931,81.54893,55.769333,82.73416,69.9051,75.975716,81.04003,82.70625,88.757164,55.268646,69.21071
2011-01-01,77.410194,47.28171,77.60719,49.07265,80.17475,75.11128,80.1194,81.70682,79.80517,87.30757,47.53244,68.38874
2011-02-01,79.82145,60.835865,81.77032,54.541527,81.41376,79.38837,79.10833,81.701935,75.27246,86.50491,63.2227,76.82244
2011-03-01,80.05264,78.04679,82.56322,66.22984,84.440445,82.74068,79.875175,81.82404,76.605896,87.58924,67.301155,76.93967
2011-04-01,79.640724,46.050846,74.44701,54.37383,82.46553,56.45132,82.80906,77.35972,82.13664,89.60974,64.614746,71.59778
2011-05-01,81.20861,49.76786,66.11425,58.470196,81.068596,43.356297,82.7944,77.200165,56.40899,87.27501,68.68832,74.47468
2011-06-01,83.96666,54.497566,66.78015,61.9088,81.45446,45.05606,82.10083,79.87355,63.98629,88.18025,68.066376,78.75503
2011-07-01,82.99629,47.94273,57.343533,56.80625,84.49417,43.712856,80.16824,81.78822,65.795135,91.55861,72.757,75.17152
2011-08-01,79.7547,33.33029,64.661964,46.417175,86.76378,33.82036,77.10736,75.0315,52.66918,52.506367,67.903564,73.55153
2011-09-01,83.128174,25.258041,58.62324,35.75132,82.38412,34.43742,81.65961,76.04908,44.04988,34.362526,57.428196,69.33143
2011-10-01,82.85302,30.103346,65.21064,43.63145,81.07999,44.69136,80.64854,72.56326,58.37902,74.359085,58.72744,75.98233
2011-11-01,83.97806,39.500893,71.62383,44.419464,81.89568,63.60205,79.6277,76.69382,72.87749,76.36656,52.525906,61.133812
2011-12-01,74.25488,36.60283,75.896034,58.73558,80.28546,59.60663,77.2832,80.95625,81.14837,89.599976,44.763,79.5756
2012-01-01,79.176346,32.55761,79.168236,53.27957,87.548515,67.470566,75.471245,83.43948,77.63526,84.315475,49.063477,68.74723
2012-02-01,80.947784,38.444565,76.98476,51.318333,82.09955,58.67176,77.134,80.69148,77.7115,83.494644,51.81635,73.49866
2012-03-01,79.985825,59.583435,77.9305,56.76081,84.527985,77.18266,82.6803,82.3445,82.71599,89.07338,61.873978,76.15744
2012-04-01,82.60243,39.085335,70.21695,49.533916,84.26843,57.27667,79.34992,77.69528,83.20751,87.22894,59.78945,67.35701
2012-05-01,81.78647,41.461853,66.281494,52.588516,86.79744,55.27163,79.71979,81.82053,63.03385,82.617035,67.074745,72.15872
2012-06-01,81.82539,49.31816,74.61635,62.904076,84.287895,43.570713,78.426895,78.33767,52.484695,76.17041,73.12879,77.62877
2012-07-01,84.892975,49.681534,68.73101,62.23735,86.258865,48.77148,74.569305,81.84649,49.061855,45.86937,76.191505,73.37537
2012-08-01,81.142456,25.06954,54.01118,38.048748,84.11757,32.49434,75.60589,76.477005,58.331097,83.27402,69.68162,74.429794
2012-09-01,79.81225,22.037651,58.366787,31.989838,85.29204,33.865097,76.32614,69.72867,55.16132,80.46437,57.463223,65.351974
2012-10-01,81.55774,22.438334,58.670135,30.868898,82.50835,37.291183,77.65311,73.87338,63.449135,92.15718,47.313126,59.17464
2012-11-01,78.759445,29.167213,66.008965,29.833937,83.92452,51.496777,77.085335,74.41519,59.81703,70.25101,40.879486,63.66326
2012-12-01,84.17272,31.898994,64.034744,35.35428,83.053406,58.3603,78.97682,76.99449,77.08047,87.23705,43.220318,68.460106
2013-01-01,82.79069,28.226381,73.92724,35.72709,80.784294,55.00132,77.07808,82.12938,77.559616,88.45675,35.77203,60.2356
2013-02-01,77.74902,34.719074,77.054,46.396294,82.60129,55.49088,74.30765,82.68796,81.43918,87.09721,44.210125,72.124695
2013-03-01,79.80196,36.322586,80.32362,54.736473,85.27862,60.614407,80.57242,83.00738,79.13905,91.487206,53.447567,62.458687
2013-04-01,83.296295,33.025677,76.95609,41.25029,85.822754,49.462063,78.81963,74.05244,71.4987,79.95766,57.96757,75.607796
2013-05-01,83.8918,49.738144,72.17124,52.63056,83.51138,55.26295,82.05394,78.3702,68.35909,82.493744,60.425003,71.49549
2013-06-01,82.22087,48.72371,63.274086,64.062195,84.917465,41.0031,79.64627,77.57567,56.99166,86.63815,73.92564,77.0829
2013-07-01,84.97846,41.741455,76.44566,54.269386,87.17265,45.54879,79.45686,81.55315,51.393017,62.60154,66.18416,70.6207
2013-08-01,80.05076,26.348394,48.51665,34.781673,84.71683,28.618029,76.34454,77.379845,48.54233,68.83099,70.0236,74.612625
2013-09-01,80.158295,22.942339,47.791138,25.325937,84.95278,32.626003,80.60773,54.039852,51.399437,68.85507,54.966003,65.06539
2013-10-01,79.51625,16.502613,62.5566,26.025766,82.1984,35.865128,77.28193,73.55967,56.559887,70.51155,50.739735,65.33987
2013-11-01,84.15985,25.033806,66.35591,27.756083,81.33646,52.754154,78.03313,77.07808,68.19537,91.997635,48.98695,71.03001
2013-12-01,80.57402,29.401325,65.16972,26.069105,85.79225,53.092834,76.20329,74.97217,81.310776,88.91581,40.813698,62.137665
2014-01-01,78.88086,36.00842,71.52233,34.67432,81.054016,62.742443,78.39924,82.681786,87.60537,85.62688,38.033905,57.020077
2014-02-01,76.76979,55.279873,80.43647,51.3598,81.75043,85.4792,77.93944,83.47889,82.35791,84.91032,41.333073,66.45443
2014-03-01,83.049286,37.25022,78.15759,52.29954,79.95653,66.66419,78.6476,80.60428,84.9657,89.03177,55.706112,74.039505
2014-04-01,84.90025,37.825817,76.84531,51.029213,84.37668,59.708412,80.42472,78.99664,82.530754,90.535355,64.444046,76.95774
2014-05-01,81.11275,40.832996,73.04606,51.935394,85.29628,48.80739,77.850494,80.36431,67.51668,92.2487,69.50524,72.05429
2014-06-01,83.34128,47.761925,66.11545,59.9702,85.94068,48.382828,81.54906,77.306786,60.587746,84.734116,76.279785,75.23599
2014-07-01,83.80612,28.587803,56.40924,43.865345,83.79437,36.894463,81.282234,82.458595,45.52836,56.52671,68.26008,76.7614
2014-08-01,80.97514,35.390877,62.391716,51.393364,83.02076,34.55014,79.96828,77.03996,44.133842,46.783585,62.666927,78.51839
2014-09-01,86.19072,21.984428,56.35219,40.228874,85.71078,24.102207,77.18093,70.01203,59.92153,74.69061,59.592625,62.534355
2014-10-01,81.39467,16.02209,52.863388,26.584135,85.66882,31.168741,77.331955,78.8087,57.296963,63.43718,42.45573,68.82057
2014-11-01,83.49063,28.445164,60.30079,27.20336,82.894905,50.60465,80.110916,75.38367,73.155136,89.89432,39.32773,65.39218
2014-12-01,80.03204,44.357033,69.337425,42.115074,83.86821,61.18012,79.99177,76.82852,77.6659,93.91507,45.466267,71.482056
2015-01-01,81.71894,49.328663,77.606995,46.87512,80.33932,66.76641,75.32452,73.99083,72.3752,84.83299,55.246315,74.57689
2015-02-01,80.93488,28.022896,77.60066,37.572556,82.28758,55.01664,75.42272,79.727905,88.88158,89.22213,39.98175,73.29864
2015-03-01,79.88472,22.810102,68.82239,33.625343,79.03097,49.2954,76.87679,80.57057,89.611786,92.30134,52.298576,76.02937
2015-04-01,82.29708,35.60687,67.786476,50.115887,85.01831,41.549866,81.51778,82.37311,85.7802,90.12181,62.348766,81.64925
2015-05-01,82.00563,42.840786,63.326065,58.3968,84.261185,38.50075,80.27913,79.47289,68.358284,89.75592,69.96125,70.7168
2015-06-01,84.508286,52.849792,75.932755,67.729454,85.9877,49.621693,80.14607,82.91641,46.205105,78.660324,74.87309,69.63337
2015-07-01,84.65401,39.021873,63.45278,57.105877,83.887375,39.66496,79.0674,79.404785,47.34872,54.4084,76.86412,77.08112
2015-08-01,79.9956,34.376137,56.899963,47.54513,84.32455,32.719322,80.0051,77.71312,49.01979,64.51878,77.12547,78.52252
2015-09-01,81.007744,24.01866,56.336075,36.335487,84.269104,30.036102,79.208374,71.983955,46.222527,67.24318,60.417923,72.42905
2015-10-01,81.834564,19.293724,63.112232,30.634836,82.50458,39.46221,78.996124,75.98661,58.073673,74.57372,36.707718,52.17503
2015-11-01,84.03943,22.639036,66.03621,32.532413,82.50141,44.5372,81.10753,81.109116,71.02883,92.130264,47.502365,69.12492
2015-12-01,81.38948,50.2331,72.657135,37.224083,84.17565,73.55682,80.21419,79.59328,65.86514,84.55739,33.33548,58.943264
2016-01-01,81.946724,40.53379,71.39988,46.898266,83.73105,61.96519,79.613625,78.82943,71.9243,86.122604,45.3315,68.91254
2016-02-01,81.15604,33.80725,72.995865,38.3322,82.23085,56.474205,79.31001,81.76001,88.67813,87.94914,43.58127,69.62042
2016-03-01,81.60902,46.27968,78.32124,41.855392,85.27022,64.033646,82.250336,80.78098,82.196754,89.411995,48.814102,72.40488
2016-04-01,83.77814,27.786978,73.125755,39.080677,85.66637,45.65622,83.35438,80.5894,77.81144,89.98675,53.19293,65.67023
2016-05-01,79.66233,43.219208,61.74276,47.19538,87.389,58.766716,78.845665,76.718765,52.223644,86.12747,71.1466,70.77642
2016-06-01,81.92237,55.180202,66.08262,70.42897,88.19592,49.772022,78.48848,78.95932,50.21851,89.91044,79.374954,75.10491
2016-07-01,80.508224,48.16142,69.25999,65.0971,83.92264,48.896908,74.06906,80.49848,50.690975,80.65759,79.175255,73.11926
2016-08-01,80.787476,46.466393,70.485794,57.057076,84.1678,43.410793,77.62959,79.87015,45.570168,62.9913,67.75491,70.321815
2016-09-01,82.09934,48.971592,70.86085,66.261215,84.39023,47.52497,77.132774,75.24941,43.433525,53.12961,77.277275,75.26727
2016-10-01,81.65448,26.07409,61.219963,37.854866,84.083374,39.387535,77.118164,76.6116,53.692993,76.54829,55.730602,65.76439
2016-11-01,81.7665,24.13877,57.079803,25.651955,85.76866,45.443527,85.71832,69.77953,56.185207,73.65991,50.918278,69.07814
2016-12-01,82.58804,52.986732,65.85693,40.45099,85.71995,63.43454,83.68397,75.285126,76.171616,84.507126,45.46626,61.098194
2017-01-01,82.1008,59.874874,75.545235,45.685913,85.0554,78.85255,78.373505,82.64053,82.07783,86.12338,41.233513,59.071014
2017-02-01,79.55469,36.589165,65.843124,28.831093,82.09752,81.12796,83.96936,75.551796,77.96994,86.94037,48.37967,70.84183
2017-03-01,76.71657,24.84296,76.61158,41.683018,84.16787,61.86812,85.285065,80.69486,81.029526,87.64743,49.849586,68.03488
2017-04-01,80.325745,29.99587,67.06368,44.44239,84.99306,41.62232,85.21452,79.30369,76.54432,87.31769,64.22064,74.34108
2017-05-01,85.65747,34.75669,70.749954,51.07342,84.51402,44.11757,80.8261,79.66789,76.846176,88.972984,64.83584,76.5558
2017-06-01,83.68227,40.04577,67.2868,51.086544,85.36874,42.20799,79.78273,79.6482,57.658516,89.06322,59.687855,76.10301
2017-07-01,82.527336,39.109024,61.882885,40.259037,86.63194,46.169872,79.5022,71.38156,51.493397,86.56468,66.500984,71.21915
2017-08-01,81.62833,27.239777,53.01417,35.578598,83.427986,28.08629,78.66553,71.146965,47.634865,78.701614,70.65973,75.277824
2017-09-01,81.83011,22.372318,37.86386,28.089573,84.48777,29.895798,78.73935,66.564964,54.318394,73.084435,60.22923,67.43116
2017-10-01,81.96956,31.720068,68.68453,49.300007,82.94895,48.086014,80.01076,71.63748,49.322975,58.603462,55.673473,61.305416
2017-11-01,81.59715,32.122,71.291336,40.101547,85.362175,52.59091,79.21346,84.43527,61.289013,75.38774,46.35033,54.392216
2017-12-01,80.93438,27.40219,63.833477,31.357512,85.92159,46.115734,78.94605,76.703445,78.455536,88.47098,46.47665,67.278595
2018-01-01,77.8914,37.26062,68.080185,27.487123,80.68945,68.94125,77.07134,80.143295,78.04886,84.360054,38.54976,57.1176
2018-02-01,72.995636,28.979637,71.94104,40.06359,81.84082,62.293827,76.63179,76.438255,83.27593,87.91748,43.778473,76.434975
2018-03-01,79.16742,47.127605,78.78363,48.039513,83.889336,71.139015,78.92468,82.6166,83.69252,89.63961,48.00343,70.89464
2018-04-01,79.98256,28.489239,70.358315,41.62499,84.58147,47.36378,77.986534,81.06996,70.08934,88.834305,47.46875,60.84888
2018-05-01,85.445816,36.2257,63.89623,46.015602,83.31529,40.647476,79.87103,78.51137,57.37018,92.90837,69.415245,66.96654
2018-06-01,79.94976,42.118668,59.81724,51.3214,83.59904,40.19152,81.11917,76.19716,50.24712,66.11532,67.90141,77.13859
2018-07-01,81.29138,29.82266,58.76264,40.99026,87.82564,36.84403,77.338684,80.26466,46.845505,70.71915,66.103836,69.822
2018-08-01,82.682205,25.492733,47.42119,34.20179,85.02594,29.97355,78.326035,78.62126,39.322258,50.670273,63.89787,65.236206
2018-09-01,81.09457,19.958958,58.933216,27.795467,84.80453,27.533047,79.31503,74.971985,39.179565,66.24981,54.90179,69.38408
2018-10-01,82.208206,24.302004,60.87348,37.291782,86.985886,34.401886,79.72998,57.092995,52.74503,67.16499,49.822327,70.840515
2018-11-01,81.14377,35.809113,53.340393,34.51013,83.722046,51.362404,79.11658,71.77046,55.385628,73.60248,52.22347,73.63036
2018-12-01,82.04912,22.781609,76.59079,28.37607,81.5538,49.263046,77.28292,83.94182,74.63248,86.06414,45.259506,64.155365
2019-01-01,82.803024,29.046812,77.38739,31.53632,82.55217,63.428368,77.30007,80.294464,87.1295,85.678345,31.36326,52.670143
2019-02-01,81.07243,36.104122,69.62833,32.91444,80.42624,58.19691,78.467026,81.06926,78.80997,88.24088,42.766094,64.38892
2019-03-01,79.43234,39.816154,69.56005,40.48616,84.51456,66.43706,82.29337,80.01979,76.78566,87.82332,48.940643,67.60877
2019-04-01,82.28067,46.749622,74.96774,49.45982,86.61191,51.800083,82.526764,80.90732,72.5735,88.93471,50.898273,71.14934
2019-05-01,81.93138,52.351013,69.801384,59.03204,85.57991,50.56327,75.33768,75.25671,61.191307,91.968796,70.93976,71.07313
2019-06-01,83.923935,48.658035,68.42961,59.9275,87.84714,42.44538,77.53346,82.85542,55.139008,89.7222,66.930824,66.72284
2019-07-01,83.84614,37.140884,59.443253,54.81353,86.12607,37.728333,77.90181,82.763336,49.301052,72.30835,77.393745,72.10989
2019-08-01,82.602974,33.020813,52.612984,39.12233,85.50528,31.066362,80.4453,77.18576,37.491768,51.193584,69.83631,73.53247
2019-09-01,84.62093,20.135075,38.445972,28.065617,84.95435,27.60836,79.41965,64.63343,52.65744,65.90359,53.576717,68.33911
2019-10-01,83.857254,20.279556,59.340054,26.3255,85.85775,29.735872,77.60967,68.76938,56.75052,64.45084,47.025883,56.899765
2019-11-01,81.90915,17.151794,49.586838,28.329174,84.85115,36.348625,75.948944,66.65616,66.69902,69.344124,52.36848,63.320408
2019-12-01,83.038,18.120289,54.64206,20.63361,82.306076,40.649696,79.040184,76.23949,73.16412,84.23671,31.855446,60.686417
2020-01-01,81.21869,41.922886,73.911026,38.748108,85.24642,68.28757,79.60126,80.14708,86.82213,88.84183,42.83092,63.346794
2020-02-01,83.250084,36.24434,77.1459,51.635838,80.91657,66.04085,78.44452,80.522644,87.55489,87.68676,57.86521,82.98635
2020-03-01,82.70593,40.704384,75.22634,55.424873,84.53869,57.56309,82.13173,80.22052,83.40532,88.876884,55.7537,78.15241
2020-04-01,86.359764,32.63057,71.57584,46.214344,85.04779,42.373566,79.89169,83.03142,68.73657,91.2805,71.10681,75.74045
2020-05-01,82.17012,39.14704,65.08608,49.507633,81.686066,45.121033,83.98285,80.460884,49.908237,80.819756,67.988785,72.081604
2020-06-01,82.59409,43.243206,71.80286,55.015923,81.20033,47.319344,82.98635,78.31432,60.235447,91.12193,71.40893,75.70873
2020-07-01,86.64185,38.773148,58.407696,53.568745,81.93477,33.70385,81.819595,79.52113,42.29845,73.2467,66.61171,76.833755
2020-08-01,84.47693,31.764265,50.135246,47.86516,83.06981,29.68113,83.0381,69.148865,55.81713,75.17459,68.98194,75.823906
2020-09-01,82.54903,23.672087,68.961914,39.82473,81.49077,36.87362,79.018715,77.9037,47.786713,74.02954,57.5464,63.02965
2020-10-01,81.66436,30.49402,61.809483,35.51825,83.95781,39.265556,79.684715,77.68504,51.796078,57.34443,60.65775,73.88766
2020-11-01,83.52717,20.45224,64.69883,27.706491,82.794395,40.535797,80.89821,70.41577,64.88077,88.322716,42.622272,58.607998
2020-12-01,79.99686,42.28009,74.36171,39.949917,83.33187,63.964394,79.43935,81.06012,73.810875,91.14363,46.805233,74.779
2021-01-01,79.00313,36.980244,76.59188,41.158367,77.51902,66.3248,77.82578,80.619194,80.58835,90.39615,47.874557,70.040215
2021-02-01,79.90114,38.38209,70.95707,48.673164,85.40056,79.46927,79.363014,77.92518,71.536316,87.04748,47.65691,73.75734
2021-03-01,81.97478,42.596207,73.97156,54.278847,79.69377,59.684013,79.582375,81.35439,81.4041,85.09723,57.19565,79.33731
2021-04-01,80.08622,29.676237,72.54057,44.171143,83.58913,49.85394,82.51289,76.97576,72.422325,89.63524,57.43386,70.81483
2021-05-01,79.70062,36.68376,63.449127,50.95074,84.82988,39.86277,82.37408,78.99284,55.432198,81.8908,60.4175,70.85938
2021-06-01,80.055374,47.321014,68.91085,60.506615,81.208725,50.357784,81.6663,82.627716,51.577972,85.39885,76.66728,74.543945
2021-07-01,82.69112,32.452515,60.854507,48.62004,82.74596,40.909874,80.8557,71.64428,45.807774,85.59593,73.20037,70.343544
2021-08-01,83.09728,28.378927,55.20941,42.143776,81.53948,36.370148,81.290985,74.45312,44.186565,55.183704,68.99483,73.459145
2021-09-01,83.50344,26.096212,59.529778,33.066036,83.218956,36.760883,79.237915,78.70837,51.925865,78.42388,59.692585,67.03087
2021-10-01,85.04753,29.600832,50.1727,32.644455,77.55844,39.60228,81.195015,52.9147,51.862457,75.50708,56.20167,74.63992
2021-11-01,83.22924,39.576576,70.93479,54.767265,79.57552,48.349266,78.62953,77.261955,61.21611,89.52556,60.45863,73.37517
2021-12-01,81.68001,23.859768,74.37429,40.5517,84.792175,49.754543,77.99887,81.17616,72.98786,87.69013,37.770283,63.863853
2022-01-01,83.45338,48.86196,70.39735,43.174747,80.96003,62.535515,77.05235,77.40594,80.14165,83.471634,48.856983,67.816025
2022-02-01,81.71368,34.579185,71.3751,45.56185,82.03904,56.703876,77.732956,83.68246,72.74461,87.77606,50.478817,76.199104
2022-03-01,83.81692,26.514826,68.52153,45.878914,81.298676,49.373245,78.128044,78.43182,71.302055,87.575195,60.584995,80.78241
2022-04-01,81.89628,38.50512,70.84555,55.538548,82.81261,51.471508,80.943436,81.32025,70.37909,89.28999,64.38477,78.95639
2022-05-01,82.49389,48.95492,79.40958,70.500275,83.16619,53.55483,81.25385,80.09018,51.79853,87.10043,78.2376,75.875404
2022-06-01,83.18611,43.50177,63.16134,55.91205,80.135,42.49082,81.4514,81.6506,53.87023,86.2173,79.3631,75.966705
2022-07-01,84.4859,37.12233,69.42126,63.961468,78.99955,40.799263,81.01149,84.47429,49.77497,88.84843,70.88042,77.45906
2022-08-01,81.47464,36.09478,64.62879,56.202553,81.479614,40.23818,80.33254,82.48891,43.241146,72.34123,76.29207,73.73232
2022-09-01,80.88035,35.762775,65.41896,54.066113,79.78142,36.557922,80.835526,70.03049,47.787933,67.12878,79.175514,77.60182
2022-10-01,84.19707,38.008778,70.98499,55.677986,77.872406,42.6203,80.51681,75.073616,40.7312,69.94914,74.30835,76.376724
2022-11-01,81.13765,33.767433,65.068695,42.60038,83.654236,48.242775,80.62803,74.78975,52.557156,77.61344,69.28348,70.87377
2022-12-01,82.61673,40.56852,68.44849,38.813885,80.211365,53.81379,77.6234,76.48297,66.67559,84.859406,47.905792,65.54512
