,vo850_cluster1,vo850_cluster2,vo850_cluster3,vo850_cluster4,vo850_cluster5
1965-01-01,1.555880929863399e-06,-0.008069542673183605,-1.260661179003364e-05,8.19244493099037e-06,-6.451453115050193e-06
1965-02-01,5.629296475790827e-07,-0.001785383210517466,-1.4973655879657599e-05,-1.7094047367348907e-05,-6.245027404396369e-06
1965-03-01,1.7787286493494555e-07,0.0027623987989500165,-8.548593655177683e-06,4.781789077521982e-06,-4.780764324556161e-06
1965-04-01,2.3745856645802843e-06,-0.004123883991269395,-2.1052976251212385e-06,-6.476613652221903e-06,-5.9960080568123015e-06
1965-05-01,4.209448287889058e-06,0.021030698553659022,-2.1612281670968514e-05,6.600957865780051e-07,-3.7288702127692956e-06
1965-06-01,-2.5275828735690557e-07,0.03770620096474886,-2.3267141386895673e-05,-9.651960051717022e-06,-2.8944601513945533e-07
1965-07-01,3.610407968013072e-06,0.035823555663228035,-7.793467489136674e-06,-2.2120285883339908e-05,-4.493655787995028e-06
1965-08-01,1.510436641378503e-06,0.03250245354138315,-6.523456619333956e-07,-1.7561282780102025e-05,-4.0487373695090535e-06
1965-09-01,7.548683067277081e-07,0.023785571102052927,-1.4093968729866901e-05,5.237429635284431e-07,-4.3688977189891305e-06
1965-10-01,-1.5214967117392529e-06,0.005474197678267956,-9.194097287945624e-06,-1.3829567426280566e-05,-3.077162871727243e-06
1965-11-01,5.265415940359295e-06,-0.0007973983883857727,1.3762622756985365e-05,-1.725825488672574e-05,-4.424234787250127e-06
1965-12-01,2.139115632171173e-06,0.006960213795537129,-6.755211074960243e-06,-1.5944125992134035e-05,-6.314746657647638e-06
1966-01-01,-1.2063320109167519e-06,0.015879508282523602,-2.0822837996092858e-05,-6.014815531111358e-06,-2.9633314552259515e-06
1966-02-01,2.224561659153738e-06,0.005737554238294251,-5.442739166028332e-06,-1.1551509697500687e-05,-6.101422836707817e-06
1966-03-01,1.0195851564081211e-06,0.00782720890128985,-6.019089369146968e-06,3.4591898576344156e-06,-4.136957636266159e-06
1966-04-01,7.001025758170555e-07,0.005302514909999445,2.2827427414995327e-06,-1.662138843655087e-06,-3.4804435455481765e-06
1966-05-01,6.372666407924629e-07,0.013683130964636803,-1.456701397728466e-05,-5.163711263706388e-06,-9.774315068159607e-07
1966-06-01,-2.0998302427327356e-06,0.012452964438125491,-1.8711077700572787e-05,-8.043011453432533e-06,-1.952870658818556e-06
1966-07-01,3.235921450871115e-06,0.03106025978922844,-6.188769816617423e-06,-2.1206343402669656e-05,-3.970564892841611e-06
1966-08-01,2.304467703357628e-06,0.028348190244287252,-1.5634092278560274e-05,-2.0823932363083048e-05,-3.3623291107721378e-06
1966-09-01,-1.866378151693183e-06,0.01801315665943548,-1.6320054783136584e-05,-1.0043643564691032e-05,-2.594034654459482e-06
1966-10-01,-3.9187223537659665e-07,0.00120304393931292,-2.6879561119130813e-05,-1.0238856108256956e-05,-4.0512032896520305e-06
1966-11-01,3.4693222852484244e-06,-0.01461478677811101,-8.521555372453804e-07,-5.198188983530809e-06,-4.61596177226539e-06
1966-12-01,-1.4576305690358389e-06,-0.014940659457352012,-1.0784505093397456e-05,-1.0575768363616169e-06,-5.082849179135663e-06
1967-01-01,9.079028908742887e-07,0.0029197466574260034,-1.0746525731519796e-05,-2.9943982746352467e-06,-6.657499027453553e-06
1967-02-01,9.109839749507642e-07,-0.010297957487637177,-3.330367462694994e-05,-6.5402441752946916e-06,-4.816470321617808e-06
1967-03-01,4.449294885407536e-06,-0.01375798019580543,-1.3723784775265813e-06,3.60502492814983e-06,-5.617778607515509e-06
1967-04-01,5.182619816944644e-06,0.008149883069563657,-4.564116906635718e-07,-1.1630599006961207e-05,-3.514374715630339e-06
1967-05-01,2.5527230831779452e-06,0.020891171880066395,-1.4085233033256372e-05,-1.2229059474468437e-07,-3.498918049669477e-06
1967-06-01,4.0322056042213195e-07,0.022209735470823944,-1.5881647641435848e-05,4.114180613284519e-06,-3.250789733202611e-06
1967-07-01,5.409025934451388e-06,0.02808070566970855,-1.1234538987991982e-05,-6.549308951574718e-06,-5.550067498038965e-06
1967-08-01,1.8780911406886847e-06,0.0250513810897246,-7.793474310346937e-06,-2.4532591151700424e-05,-4.746339697456638e-06
1967-09-01,-1.6577086690463556e-06,0.015713971515651792,-1.7971206034417264e-05,-2.0959686690520564e-05,-2.9937413088461014e-06
1967-10-01,-1.2488895319909348e-06,0.013422527990769595,-2.4994299110403517e-05,-7.629508812757334e-06,-4.042903866281258e-06
1967-11-01,3.2084101144098997e-06,-0.014049926539883018,-8.220216614063247e-06,-2.1383110694072315e-05,-6.734495389222794e-06
1967-12-01,2.6425789152519366e-06,0.0012458782293833792,-3.260353878431488e-05,3.3072087017689437e-06,-7.244114211645843e-06
1968-01-01,4.834891107217399e-06,0.0022985306713962927,-7.487666948691185e-06,1.439772002133675e-05,-8.697793924107424e-06
1968-02-01,-3.1304290433101506e-06,-0.011703656491590664,9.302887065132381e-06,3.0629850628499226e-05,-6.138344440808363e-06
1968-03-01,3.087868448300012e-07,0.0005853631591890007,-4.685803673964983e-06,-7.963801461021201e-06,-4.191284870664535e-06
1968-04-01,3.821379560331128e-06,-3.532259142957628e-05,-3.2374164220527746e-05,-1.194852337413557e-05,-9.937542770021987e-07
1968-05-01,-1.998060069614236e-06,0.02145417674910277,-8.868639866932426e-07,5.096556011407161e-06,2.9605039232176945e-07
1968-06-01,-3.7847028446846937e-06,0.022143725072965026,-2.4121036403812468e-05,7.564663589549197e-06,2.0285955105026478e-07
1968-07-01,4.4086300184164055e-06,0.03366968303453177,-1.4706625961480313e-05,-2.153291321659568e-05,-3.6263246676001327e-06
1968-08-01,3.872167691304234e-06,0.027766189305111766,-2.335849131895884e-06,-1.9656720094364853e-05,-6.1681176972612135e-06
1968-09-01,-7.67083786666676e-07,0.01532176393084228,-1.3419784181678551e-05,-6.3246720681211e-06,-3.481109301284039e-06
1968-10-01,-5.007017175694468e-07,0.005415917985374108,-1.1872801906065433e-05,-9.558956347833513e-06,-4.750159147124017e-06
1968-11-01,-1.7918782154778407e-06,-0.005485631845658645,-2.3100901671568863e-05,-3.1898444227898346e-07,-4.553108400594818e-06
1968-12-01,1.9211106426217764e-06,-0.00698290896252729,-3.4373729818071297e-06,-7.658127397182677e-07,-8.205650396749987e-06
1969-01-01,2.7181883029583752e-06,-0.004332559910835698,1.587401015967771e-05,-4.142346527330049e-06,-7.690568402464169e-06
1969-02-01,2.081444982989879e-08,-0.0014383229427039623,7.0462812118421425e-06,-2.715363419925919e-05,-5.154559902969337e-06
1969-03-01,-2.058129520315373e-06,0.0070855021476745605,-6.864683541607519e-06,-4.818408482466251e-06,-3.37899040457081e-06
1969-04-01,-9.348700613833387e-07,0.0033715627068886533,-9.724029723656713e-06,-1.7088572908855545e-05,-3.871017708189794e-06
1969-05-01,2.791316820029519e-07,0.022360139701049775,-3.018512018115871e-06,3.1913696301007104e-07,-2.9820639161855834e-06
1969-06-01,-2.6167503147632208e-06,0.026431569131091237,-1.1097938568127574e-05,1.7908472106962738e-06,-3.3716153043146567e-06
1969-07-01,3.8708320539333824e-06,0.03625988028943539,-1.651514367040363e-05,-1.518799833250411e-05,-3.601776216098109e-06
1969-08-01,-4.6028943784749026e-07,0.025671449839137495,-1.4454773236138863e-05,-2.039889400643565e-05,-3.0286534559836807e-06
1969-09-01,5.198074798445227e-07,0.018350096070207655,-1.8771155509966775e-05,-2.6385994435538752e-05,-3.6391099349853948e-06
1969-10-01,-2.180054335623678e-06,0.001940693982760422,-1.6140471643666388e-05,-5.728708721072998e-07,-2.6543021664829326e-06
1969-11-01,1.091682201766263e-06,0.0018224331142846495,-1.8275401316714124e-05,-1.6113398478759896e-06,-4.061572680156031e-06
1969-12-01,-1.980089702884029e-06,-0.0005996625986881554,-8.7365685885743e-06,-1.6067552075163312e-06,-4.263243361627381e-06
1970-01-01,-2.746849457666881e-06,-0.0007133850886020809,1.838346065596852e-05,1.9770389441803742e-05,-6.790634174256321e-06
1970-02-01,-5.914789497479597e-09,-0.0007668651960557327,7.430617188219912e-06,3.3120189667757723e-07,-6.2038042763302705e-06
1970-03-01,-2.5774363572374506e-06,0.007235660450533032,-2.3877955754869618e-05,2.850733748206179e-06,-4.116730151284252e-06
1970-04-01,2.2974920827042773e-06,0.016637574299238622,-2.516882432246348e-05,-1.0880137324420502e-05,-6.1494130685237056e-06
1970-05-01,2.2575421375878276e-06,0.009289771696785465,-2.4469659365422558e-05,-6.127133754209633e-06,-5.5332593771630474e-06
1970-06-01,1.1901691580771331e-06,0.02424953563604504,-1.483235564592178e-05,-1.1490560434769857e-05,-3.903739250318599e-06
1970-07-01,1.042844544147755e-06,0.028390169609338045,-6.723300884914352e-06,-3.4928916647913866e-05,-3.2243797369276618e-06
1970-08-01,1.5944435052185712e-06,0.024899395066313446,-1.180324375127384e-05,-1.747326643033795e-05,-2.925852252274912e-06
1970-09-01,-5.289935166112526e-08,0.01280323340324685,-1.863839202087547e-05,-9.60733009728406e-06,-3.820769557528871e-06
1970-10-01,-1.1825109589665073e-07,-0.0008284478099085391,2.0427668800948595e-06,-1.8566475563812463e-05,-5.079985070843566e-06
1970-11-01,-2.0693590474947528e-08,-0.019325982430018485,1.4693507637275616e-05,-9.236635798095869e-06,-5.386847404247138e-06
1970-12-01,3.741760349726552e-06,0.004962768070981838,-1.4397983250091784e-05,-1.557252219824407e-05,-7.674099249947805e-06
1971-01-01,4.831312850594586e-06,-0.005139385029906407,-3.344200649735285e-05,1.580288321397697e-05,-7.918932304299369e-06
1971-02-01,-1.5747380631717516e-06,-0.0024834764190018177,-3.619902145146625e-05,2.3129064175009262e-05,-5.560380017930494e-06
1971-03-01,8.142644586253915e-07,-0.00047351022658403963,-9.856585165834986e-06,-6.0054298081433026e-06,-5.683649603416138e-06
1971-04-01,1.1830173289243934e-06,0.0036782643292099237,-1.4627327118432731e-05,-1.656212239490392e-05,-3.93646315039663e-06
1971-05-01,9.847052295166648e-07,0.011830071161966771,-2.4076218778645853e-05,-2.410409321712975e-06,-1.8720400330045025e-06
1971-06-01,1.6193953264667553e-06,0.017862458480522037,-1.4079894299356965e-05,-1.1615808349373625e-05,-6.534088245722541e-06
1971-07-01,2.8778902740145796e-06,0.030380801763385534,-1.0753514061434544e-05,-1.0383911768048374e-05,-4.226482343693971e-06
1971-08-01,4.615627548262894e-07,0.020465298439376056,-4.745665194150206e-06,-2.1646990087622096e-05,-2.6853211183892943e-06
1971-09-01,-5.945412730565795e-07,0.0141733733471483,-1.2110444913560059e-05,-1.51516885055641e-05,-3.7134675410386454e-06
1971-10-01,1.1281784090624178e-07,0.0010099178325617686,-2.8458550787036074e-05,-6.79607935056153e-06,-3.7297876094080608e-06
1971-11-01,7.268571385215916e-07,-0.011672604887280613,-2.475183009664761e-05,-9.379671330232388e-06,-4.564710201925159e-06
1971-12-01,5.076266365767684e-06,0.002056360972346738,-2.203782059950754e-05,-1.319174141546962e-05,-8.00295080729102e-06
1972-01-01,4.42584547475395e-06,-0.0002278233296237886,-2.8427457436919212e-05,-3.7802753747830416e-06,-7.874738946190553e-06
1972-02-01,1.5867170696089953e-06,-0.0020541127014439553,-5.876373734281515e-06,4.015060120274518e-06,-6.557620845679021e-06
1972-03-01,-1.1051785371460164e-07,-0.0037056204746477306,-5.353195433599467e-06,2.016124129183411e-05,-3.879188732102148e-06
1972-04-01,4.4414749021200106e-06,0.007028288382571191,-8.39408755837212e-06,-7.466578958533668e-06,-3.105308925664702e-06
1972-05-01,9.96981114736791e-07,0.02430134918540716,-1.0509139656278421e-05,-4.929423242244341e-06,-2.798985222252219e-06
1972-06-01,1.523729102835267e-07,0.028846561326645315,-1.588246277606231e-05,-1.495998276368482e-05,-3.234149825863072e-06
1972-07-01,5.035378190137447e-06,0.03247952263336629,-9.026674092638132e-06,-1.555154260411375e-05,-6.050516972602144e-06
1972-08-01,1.7044166379647934e-06,0.02511818311177194,-6.153979370537854e-06,-1.357584901248069e-05,-4.023404106888331e-06
1972-09-01,2.6112877353996487e-06,0.02914083597715944,-9.047544722307066e-06,-7.530409745343674e-06,-3.4414097733391782e-06
1972-10-01,2.5482150829101605e-06,0.012933410471305251,-1.748476393004239e-05,-2.8108661791310833e-06,-3.878156034553274e-06
1972-11-01,-1.661787965031766e-06,-0.0007566268322989345,-2.5250249109376455e-05,-8.557331581799259e-06,-2.1064199615836884e-06
1972-12-01,1.3464459639746854e-06,0.0028647413273574784,-1.4066163203096949e-05,1.629171038075583e-05,-5.80590537599984e-06
1973-01-01,-2.391184333228714e-06,0.015653131413273513,4.039278849177208e-06,6.223441044557358e-07,-4.216036572477516e-06
1973-02-01,-9.30217128694697e-07,-0.0027304871764499694,2.199602704422432e-05,-1.2037763169176356e-05,-4.479386195080337e-06
1973-03-01,-1.976106955323572e-06,0.008934797369875014,-2.5199110496032517e-05,-1.7873991544967372e-05,-3.949702573891045e-06
1973-04-01,-5.786320687259289e-07,0.01087075361283496,-2.5178019313898403e-05,-1.4651609839907346e-06,-3.409310533310485e-06
1973-05-01,9.503709262573208e-07,0.016965297982096672,-1.2854426358899218e-05,-1.6322341112894577e-05,-4.077087143943774e-06
1973-06-01,-5.452063087119907e-07,0.01620348048163578,-2.1463447410496883e-05,-9.139006788945362e-06,-5.186659044750146e-06
1973-07-01,1.4714276866092124e-06,0.019817028078250587,-9.70232122199377e-06,-2.0487090506111807e-05,-4.346774470899686e-06
1973-08-01,4.4331075653490126e-07,0.01833232381613925,-9.430656291442574e-06,-1.641116376469234e-05,-3.341800327599444e-06
1973-09-01,-1.5730687695699783e-06,0.012846525351051241,-1.6694413034201716e-05,-1.4028233426170817e-05,-1.6226356168727414e-06
1973-10-01,-1.0596028013045444e-06,-0.006945703353267163,-1.4771026144444477e-05,-9.63728570450957e-06,-4.722348399180775e-06
1973-11-01,2.7739669399847106e-06,-0.00645817635813728,1.1360181417785498e-06,-8.620408537423757e-06,-6.602537139792449e-06
1973-12-01,-1.0842744552470642e-06,-0.01757753489073366,-6.931477400939912e-06,5.090182224438859e-07,-4.743903002550432e-06
1974-01-01,3.2971033887847605e-06,-0.009748320007929578,-5.964298566141224e-06,1.4330018634959392e-05,-8.316184487930402e-06
1974-02-01,1.1290164225550654e-08,-0.011546174209797755,-2.1651480892614927e-05,-5.608096496591595e-06,-4.939642711874905e-06
1974-03-01,-7.226087638604667e-07,-0.018794124480336905,3.3285488143519615e-06,7.069770792720821e-06,-5.310264694142259e-06
1974-04-01,2.8037930965983675e-06,0.008407901623286307,-1.6668395801389124e-05,-1.4759474162509341e-05,-4.933743543971767e-06
1974-05-01,-1.0113445714650412e-06,0.019658621749840677,-1.9898889149772003e-05,-9.34485779697962e-06,-2.1112752457145374e-06
1974-06-01,-2.150807902594371e-06,0.01928629062604159,-2.0034174212923972e-05,-1.2472192933133696e-05,-3.256525837688385e-06
1974-07-01,2.8327666751180634e-06,0.029141371487639844,-8.812643841338286e-06,-2.3298202205086662e-05,-3.1761686263232634e-06
1974-08-01,1.7451250645801196e-06,0.0279524945653975,-9.727531278258539e-06,-3.3559299612744115e-07,-3.2116318318093152e-06
1974-09-01,-2.8891123359209243e-06,0.013127873535268009,-3.518904918564658e-06,-3.4967924350964422e-06,-1.3935487790329291e-06
1974-10-01,2.364362534274229e-06,0.0031572970328852534,-2.2817871467850637e-05,-8.075185703021885e-06,-3.8024732189283156e-06
1974-11-01,9.030946695281776e-07,-0.0028597787604667246,-7.845608251955127e-06,-2.017973551678901e-05,-3.8407859358779175e-06
1974-12-01,-9.776775288253686e-09,-0.005332029104465619,-4.031918251712341e-05,-1.736626896987358e-06,-5.3840386165316935e-06
1975-01-01,1.2868746953128033e-06,0.005599800715572201,-3.3920193800440757e-05,4.284518039499884e-06,-6.168733627284248e-06
1975-02-01,-2.589766841415264e-06,-0.009538294398225844,2.5560854766126795e-07,5.242642832679569e-07,-5.244811392104667e-06
1975-03-01,-3.263651475918883e-07,0.008416209311690181,-1.0826222478499403e-05,-9.180836549113827e-06,-3.637295998330192e-06
1975-04-01,2.89403809872286e-06,0.004797504880116321,-2.1407297481346177e-05,-1.0733002070012914e-05,-5.282868131209039e-06
1975-05-01,-3.747897389672882e-07,0.014825361722614616,-2.6461414108780446e-05,-6.296883944182459e-06,-2.99407853418292e-06
1975-06-01,1.814193490141726e-06,0.028018016018904746,-2.278430883961846e-05,-6.435522856498629e-06,-4.697358312911587e-06
1975-07-01,1.3667316480275932e-06,0.023292176774702966,-9.668657412476023e-06,-2.0339141953557442e-05,-2.8916266262653447e-06
1975-08-01,1.6903069547766368e-06,0.02534983796067536,-1.8156447367800865e-05,-1.760473738753577e-05,-3.823677414200372e-06
1975-09-01,-2.1389804765743964e-06,0.015693818568252027,-7.297703632502817e-06,-2.4755171177905418e-06,-2.493232367119219e-06
1975-10-01,-7.840266385568604e-08,0.005529453119379468,-1.6163040754690883e-05,-2.017235636650674e-05,-4.188835607046825e-06
1975-11-01,1.1941903542333517e-06,-0.007515806646551937,-2.3416534986608895e-05,-2.0953201566971284e-08,-5.049145509047653e-06
1975-12-01,8.101689512872631e-07,-0.01470045535825193,-2.6891557354247198e-05,7.538827818419892e-06,-5.093619484167577e-06
1976-01-01,2.9758110893906497e-06,0.002022214903263375,-3.221198994651786e-05,1.1975041266291205e-06,-7.154724300315498e-06
1976-02-01,3.752900000873707e-06,-0.011525269655976444,-1.5878026715654414e-05,-1.0528992788749747e-05,-7.847645885007813e-06
1976-03-01,2.0901710089003064e-06,-0.0006975213182158768,-2.6138127395824995e-05,-9.723678081522498e-06,-3.939612275801519e-06
1976-04-01,1.0513991005433915e-06,0.010601039684843272,-1.0106883792104782e-05,-1.6621923420573763e-05,-5.139794565265119e-07
1976-05-01,8.247835162579623e-07,0.024118355941027403,-2.1172290871618316e-05,-1.1105531974373242e-05,-2.179974830665394e-06
1976-06-01,-1.5935548693679253e-07,0.03178206970915198,-2.0578529529302614e-05,-2.6876436392670326e-06,-2.0134858981759022e-06
1976-07-01,4.331352341931504e-06,0.03947869408875704,-1.237484298144409e-05,-2.7153971761715813e-05,-3.4952793129501335e-06
1976-08-01,2.603247709529971e-06,0.02746888785623014,-2.9416861480058287e-06,-2.2130148653769327e-05,-3.8297151116205865e-06
1976-09-01,8.596807889308822e-07,0.01596006186446175,-1.21993161883438e-05,-1.6708484578815e-05,-4.249024113735765e-06
1976-10-01,-6.662623711680926e-07,-0.006077571015339345,-1.1748127235478023e-05,-7.606767947156465e-06,-2.0845098306998817e-06
1976-11-01,-5.043270834805939e-07,0.001009284460451454,-1.0702302688514465e-05,-1.6689182958683746e-06,-4.1094213086996016e-06
1976-12-01,2.767990891334974e-07,0.0006655463948845863,-1.516333668405423e-05,-4.075052227283148e-06,-5.9253585855733465e-06
1977-01-01,-1.875927675287579e-06,-0.0034006799978669733,-1.57933254740783e-05,1.9523830675237918e-05,-6.226445711833134e-06
1977-02-01,-2.9865805508220136e-06,0.0054141335567692295,-2.0148270323261386e-05,6.654258955817428e-06,-4.050759279391374e-06
1977-03-01,1.8626656177410103e-06,0.014587114856112748,-3.14969793180353e-05,-1.426878428062012e-05,-3.687873910997569e-06
1977-04-01,3.584517986390514e-06,0.004654040458262898,-7.222232625281322e-06,-1.0933263183687814e-05,-4.951222797023581e-06
1977-05-01,7.601309216781077e-07,0.0189669692190364,-1.1488862128317123e-05,-6.742329088200886e-06,-1.5492181728966248e-06
1977-06-01,-3.637944408284591e-07,0.024785168352536857,-1.8827386156772263e-05,-3.6729777373413804e-06,-2.1119323556365683e-06
1977-07-01,5.75903416286022e-06,0.029165024170652032,-1.737504476295726e-05,-2.094700973360047e-05,-6.361787772793495e-06
1977-08-01,1.2325703963439246e-06,0.023743888596072793,-1.6292791542582563e-05,-6.703481858494342e-06,-4.2398501754189375e-06
1977-09-01,1.3536098205117592e-06,0.015361793339252472,-2.2127312604425242e-06,-9.770492572267987e-06,-3.1221725644902537e-06
1977-10-01,-3.522500791768054e-07,0.005328238330548629,-1.742963718243118e-05,-1.2360861161981189e-05,-3.5912212353403807e-06
1977-11-01,-1.0578913752631261e-06,-0.004470320709515363,-2.867483544832794e-05,3.6916118845580895e-06,-2.6830817789209785e-06
1977-12-01,-8.984525627052524e-07,0.0017117174138547853,5.092578589938057e-06,5.410292330382687e-06,-5.184379174520641e-06
1978-01-01,-2.472011869023314e-06,0.0006296169885899872,1.4910631307429867e-05,3.0245943732482442e-06,-6.1081827402912174e-06
1978-02-01,-3.2413596827102135e-06,-0.000515483770868741,-5.457834628685987e-08,9.407438903088825e-06,-4.794401783564589e-06
1978-03-01,-1.2375539296247712e-06,-0.0003334247594466433,7.485789979000401e-06,-8.085581052560323e-06,-4.259218089659785e-06
1978-04-01,2.829558047095749e-08,0.004737005656352267,-5.05526372762688e-06,-1.1988085519148555e-05,-2.8300956604832693e-06
1978-05-01,9.855096736769722e-07,0.015371297195088118,-2.7862547540280502e-05,-7.016925652491269e-06,-3.0258873218854994e-06
1978-06-01,5.404839136094642e-07,0.02679252647794783,-1.6986814443953335e-06,-1.580226580699673e-05,-3.9273179987099465e-06
1978-07-01,1.9905536492362535e-06,0.023857461928855628,-1.181049242404697e-05,-1.4791918636966819e-05,-3.295079384764747e-06
1978-08-01,2.433662273516492e-06,0.03381711430847645,-1.4378094874700764e-05,-1.7837036326594756e-05,-2.9573929460627964e-06
1978-09-01,-9.675706225740143e-07,0.012617440370377153,-1.8443563476466807e-05,-1.896672494275173e-05,-3.5527525293556473e-06
1978-10-01,4.1867729845754563e-07,-0.0007553931936854497,-2.0443494577193633e-05,-1.2317805332993605e-05,-3.4769179342500722e-06
1978-11-01,3.5857305321433976e-06,0.001257465555681847,-2.7633159334072843e-05,-3.313503181236508e-07,-6.391287935216104e-06
1978-12-01,2.008117119037339e-06,-0.0031893698178464547,-2.1895232293900335e-05,-8.982660277139914e-06,-5.5427808463180015e-06
1979-01-01,-8.096572629322474e-07,-0.0024656776076881215,-4.8979944722304936e-06,-6.423784690503872e-06,-4.821946135877995e-06
1979-02-01,1.3093686851976608e-06,0.0016213594790315256,-1.1241910442549852e-05,-1.1772669950005366e-05,-5.834421171815017e-06
1979-03-01,1.0639051894117456e-06,0.0004941924999002367,-6.9018244630569825e-06,-1.0369177516622585e-06,-4.724750700309718e-06
1979-04-01,1.133614201269806e-06,0.015274106408469379,-1.9780223681209463e-06,-1.1044068497330254e-05,-1.8580530150409036e-06
1979-05-01,-7.847194009517585e-07,0.016353957471437752,-2.3016571049083723e-05,-5.038060635342845e-06,-2.6302968327950056e-06
1979-06-01,1.417138836608142e-06,0.03136707819066942,-1.2850612165493658e-05,-1.680542621985436e-05,-1.1372375215437487e-06
1979-07-01,1.1243733154831388e-06,0.02903247659560293,-1.316241423410247e-05,-1.1237244297472687e-05,-2.2761900462132926e-06
1979-08-01,1.0703473175016654e-06,0.018615051521919668,-4.5401542081435764e-07,-6.245953115397312e-06,-4.006675608027842e-06
1979-09-01,-3.4081738434781674e-06,0.014514494978357106,-1.0327078143745894e-05,-1.4444591355501101e-05,-1.7675579764177258e-06
1979-10-01,-1.4710694510888038e-06,0.00353433279087767,-8.382701253140112e-06,-7.948284956700472e-06,-1.882233896645226e-06
1979-11-01,-2.5521524045281633e-08,-0.008401471131946892,4.789467311638873e-06,-1.3682477646608066e-05,-3.3910076121016722e-06
1979-12-01,1.3203159195422482e-06,-0.0008720966434339061,1.990349289826554e-06,-3.9874910621270265e-06,-6.49799527129716e-06
1980-01-01,3.6497113314381386e-07,0.0034564560337457806,9.627849522075849e-06,2.3389545206625302e-05,-7.55923955705244e-06
1980-02-01,-7.908029108040451e-07,-0.010787822975544259,1.8903356249211356e-05,1.490274756249094e-05,-8.138317528470379e-06
1980-03-01,1.6498271704452434e-08,0.013623840641230345,-3.1661784305470064e-05,-1.3176324605760432e-05,-2.8423482383655982e-06
1980-04-01,-5.898657188828996e-07,0.009486480848863721,-1.2096855925847194e-05,-2.135905455921042e-05,-2.266114866016986e-06
1980-05-01,-3.423274383085651e-07,0.022868497762829065,-1.8291426613359363e-05,-1.1590250673739669e-05,-2.9514740829676786e-06
1980-06-01,2.7123909527571423e-06,0.0331120885675773,-2.0670464095928764e-06,-1.3755857253272552e-05,-3.7546313554533603e-06
1980-07-01,3.55523871286884e-06,0.031025600037537515,-8.289645734294027e-06,-1.9229670355203918e-05,-2.7601061132664644e-06
1980-08-01,2.301250054797063e-06,0.021838920656591654,-1.3277547168399906e-05,-1.5345386390645916e-05,-4.317170151684147e-06
1980-09-01,4.812921754032862e-07,0.013027465320192277,-8.535853908142599e-06,-1.493885800020787e-05,-3.088147388726937e-06
1980-10-01,-5.070574095078542e-07,0.011712952255038545,-1.629030634830997e-05,-1.460537690106251e-05,-3.825197505468595e-06
1980-11-01,-1.2306963444526667e-06,-0.004680764686781913,-2.1925386590737617e-05,-2.29163893331693e-06,-4.129834580431005e-06
1980-12-01,1.5095986766784897e-06,-0.007647736492799595,-5.102334625917138e-06,2.483615424772814e-05,-6.7558179872310264e-06
1981-01-01,-2.4808199153518574e-06,-0.009573366696713492,1.35822347147041e-05,1.411117147234528e-05,-7.9943670580515e-06
1981-02-01,1.0797400825604863e-06,0.0010649637260939926,1.3854466374141339e-06,1.5722527826675594e-06,-6.783234199741137e-06
1981-03-01,-2.9925997077640795e-06,-0.006586101517314091,-5.46193405170925e-06,-6.7337374240686095e-06,-4.456109587004499e-06
1981-04-01,4.28118077908066e-06,0.0026015091862063855,-2.2746417016605847e-05,-6.471781961618734e-06,-4.469210984502247e-06
1981-05-01,-1.7885390061682078e-06,0.006687854329356924,-1.9742442418646533e-05,3.0912544319177796e-06,-3.19015032486569e-06
1981-06-01,-3.843390248500694e-06,0.021306704729795456,-3.407213171158219e-05,1.3352014058490077e-06,-2.1778268327815802e-06
1981-07-01,2.804277705041394e-06,0.033639068715274334,-1.0218222996627446e-05,-1.5367457378418363e-05,-2.7933106139244046e-06
1981-08-01,-1.218456614574494e-06,0.019764326862059534,-9.460974865760363e-06,-1.3276095300030787e-05,-2.141430202216186e-06
1981-09-01,-3.800608072415656e-07,0.021305869449861348,-1.3853231166649493e-05,-1.1983121776910803e-05,-2.7192006627170306e-06
1981-10-01,-1.0561864386420585e-06,0.0011524567526066676,-5.518314196706342e-06,-7.436132748877683e-06,-3.5678685834019784e-06
1981-11-01,5.3546603031413e-07,-0.009545035572955385,1.4331723718896683e-06,-1.6578370867556747e-05,-4.668184944005779e-06
1981-12-01,-1.615079434998035e-06,0.002603175744297914,-6.100235623307526e-06,1.0857240795303369e-05,-5.227088961503426e-06
1982-01-01,3.3701305193363144e-06,-0.009630042768549174,-2.8505126010713866e-05,7.077205037393678e-06,-7.155519069559056e-06
1982-02-01,1.6789666195249543e-06,-0.00423284072894603,2.3696988193933066e-06,1.3653877536293852e-05,-7.032341963403505e-06
1982-03-01,2.6219429488779973e-06,-0.0023220840375870466,1.0589508292468963e-05,-2.3249056259653746e-05,-6.992411693284306e-06
1982-04-01,3.0359418143964443e-06,0.009103796764975414,-6.501104987677309e-08,-1.2794649907076606e-05,-3.247875434276971e-06
1982-05-01,8.094866838830307e-07,0.01793417613953352,-2.9889276902395068e-05,-4.357460389096209e-06,-1.3094389476149737e-06
1982-06-01,-3.6474083495985734e-07,0.03113162820227444,-3.9797436102162465e-06,-4.648648235580857e-06,-4.871037701916606e-06
1982-07-01,3.844156230342312e-06,0.033836247166618705,-7.468559601875313e-06,-1.9772904544459798e-05,-4.5921069052125e-06
1982-08-01,4.3707836701388795e-06,0.03402955480851233,-7.022856607363792e-06,-1.974248719377031e-05,-5.204182242677133e-06
1982-09-01,7.719368240473139e-07,0.01673050137469545,-1.421090132680547e-05,-1.3355603501762604e-05,-2.947526612798008e-06
1982-10-01,1.198283324354501e-06,0.008452558540739119,-1.9236824755353155e-06,-9.181644600175787e-06,-4.074865478568101e-06
1982-11-01,2.2571170073659097e-06,0.004671424539992586,-3.77288472463988e-06,-1.0039339206112065e-05,-4.630450584281115e-06
1982-12-01,-1.2396802638312392e-06,0.002488316022208892,-9.54787992668571e-06,1.2923105320903862e-06,-2.997948353435344e-06
1983-01-01,-3.1723038578463935e-06,0.006582489731954411,-5.9076836578242364e-06,1.660159096690432e-05,-3.4120951029224135e-06
1983-02-01,-7.956678779837486e-06,0.007660392293473706,2.6932350465358468e-05,2.3369712975041832e-05,-1.1685567726629045e-06
1983-03-01,-6.9860558852374994e-06,0.0022317606635624543,2.4249227408290608e-05,1.104081355571487e-05,6.41857330961495e-07
1983-04-01,-1.2542415472453753e-06,0.007702986476942897,6.542199457726383e-06,-1.4564532718325678e-05,6.898784827901609e-07
1983-05-01,1.3400270733768106e-06,0.020586533355526626,-1.0086878319270909e-05,-9.061563315089397e-06,-3.404864128803896e-06
1983-06-01,-1.532977667362744e-06,0.030073817470110953,-2.3600227905262727e-05,-1.4849741511660304e-05,-2.5392374723589545e-06
1983-07-01,2.468420438389264e-06,0.030351986060850322,-1.7983171574087464e-05,-2.8082658550724424e-05,-4.6285367856690745e-06
1983-08-01,2.4931188916861263e-06,0.030865726876072586,-1.8438076665461267e-06,-2.2954467427692947e-05,-3.837238906541003e-06
1983-09-01,1.3230631918612795e-06,0.01526830019429326,-1.458392489439575e-05,-1.9789525560134698e-05,-5.0352348437256836e-06
1983-10-01,7.265496473407668e-07,0.00552284145669546,-2.1402360061983927e-06,-1.420014454057449e-05,-4.435360742606048e-06
1983-11-01,-4.84569280838182e-06,0.005386365228332579,-4.747190303078241e-06,5.723663102449231e-06,-4.95663558175704e-06
1983-12-01,7.917039155874645e-08,-0.0012714237527688965,8.047325081861345e-06,1.56921277476403e-05,-6.4839114651319655e-06
1984-01-01,-1.0126660437242712e-06,-0.009802265412872657,-2.8384706638462376e-05,1.4681712365507756e-05,-5.815861388530014e-06
1984-02-01,-2.4622153815108376e-06,0.004115780757274479,-1.4381149640030344e-05,3.700597517308779e-06,-3.273172032892529e-06
1984-03-01,-2.872165629412637e-06,-0.00403744779760018,-2.0123891317780362e-05,1.2893336203817922e-05,-3.541423088061066e-06
1984-04-01,-3.4903811861757418e-06,0.000996826565824449,-2.1737287170253694e-05,-6.090748281796829e-06,-9.58337711190437e-07
1984-05-01,-2.2640927439017666e-06,0.0044945812987862155,-2.0623606360459235e-05,4.4984731700354205e-06,-4.303325396657233e-06
1984-06-01,-1.2633522054913219e-06,0.024277475313283503,-2.0090544694539858e-05,-1.2478156245029262e-05,-4.0421615649168496e-06
1984-07-01,2.327035736064907e-06,0.025730361812748015,-1.4616434782510623e-05,-1.3287812040429204e-05,-2.115409432479754e-06
1984-08-01,1.924295502532149e-06,0.021108504734002054,-1.0733612043622998e-05,-1.7837351151683833e-05,-4.084223393066269e-06
1984-09-01,-1.451115117814852e-06,0.009631344437366351,-1.8203778608949506e-05,-2.1683062046717027e-05,-3.1911854645762634e-06
1984-10-01,6.609672725214643e-07,0.0014600780559703708,-3.474145614745794e-05,6.3220266628587315e-06,-5.592013463861793e-06
1984-11-01,-1.4859376645684712e-06,-0.007924660894786939,-3.044476102331828e-06,-1.190969669551123e-05,-4.344457519111507e-06
1984-12-01,5.866192033801171e-06,0.0033532603993080556,-1.6489352674398106e-05,-2.0246880274918603e-06,-8.772230395141064e-06
1985-01-01,-1.2999047682799954e-06,-0.014902152179274708,-1.5045943655422889e-05,1.04853431646636e-05,-7.958091637304694e-06
1985-02-01,2.4264518444100594e-06,0.004560828165267594,-3.59427326657169e-05,1.722653910117235e-06,-8.104356350677223e-06
1985-03-01,3.0644403234331033e-06,-0.004638422979041934,-2.330996494492865e-05,-2.004058282741775e-05,-6.148330994395189e-06
1985-04-01,1.1879533869721486e-06,-0.0034538483305368572,-9.095194855035516e-06,-1.3097487156371173e-05,-4.2165445421109505e-06
1985-05-01,1.797008565795041e-07,0.013653805945068598,-1.0749909762353127e-06,-1.9105438626026556e-05,-3.0330402661306444e-06
1985-06-01,-9.686067463597345e-07,0.0360510079190135,-1.1256524885538965e-05,-2.944975764106717e-06,-3.940730154266212e-07
1985-07-01,2.872553384476746e-07,0.02950257621705532,1.9276981788607372e-07,-1.9445068434064382e-05,-2.2756890802504785e-06
1985-08-01,1.8867332798627376e-06,0.024964730255305767,1.8171365923080884e-06,-1.581328293608609e-05,-3.8348426125684244e-06
1985-09-01,2.1908115013112198e-06,0.009849512571236119,-4.251441225733288e-06,-8.973548714353596e-06,-5.092036605483485e-06
1985-10-01,1.291835344848203e-06,-0.002241624315502122,-2.5918573101080256e-05,-1.8291825654159766e-05,-4.762429325413074e-06
1985-11-01,2.7225577763633133e-06,-0.007235676457639784,-5.0885415703305625e-06,5.673264852773103e-06,-4.463508172013889e-06
1985-12-01,9.86331085475828e-08,-0.01203100400744006,-3.104915720086865e-06,4.912190066674017e-06,-6.8488538775533404e-06
1986-01-01,-1.5150150982100945e-06,0.0017496386135462672,1.8214967667518067e-05,9.262362254958134e-06,-8.070864685488446e-06
1986-02-01,-3.8617828134157545e-06,-0.013396833674050868,1.455113988413359e-05,2.8433452406226512e-05,-6.7128978515276326e-06
1986-03-01,-1.782018443918787e-06,-0.003846752952085808,1.5322043633858584e-08,7.749262701613938e-07,-4.054636814611581e-06
1986-04-01,4.410315462380104e-06,0.011177259148098528,-2.4494886474712985e-05,-1.0853826692115175e-05,-3.7634905496546438e-06
1986-05-01,1.6775095494857004e-07,0.014462668332271278,-1.587237647981965e-05,-3.901372845295835e-06,-3.975431573727056e-06
1986-06-01,6.869084620136315e-07,0.03060980816371739,-4.9927132295124466e-06,-2.2617419185385537e-05,-3.1235214026781724e-06
1986-07-01,5.711239703959394e-06,0.03719637170433998,-2.556895196903497e-05,-1.6377918235285994e-05,-2.4907978266487644e-06
1986-08-01,3.9303143370286146e-06,0.02386842097621411,-7.858276376282447e-06,-1.4153818028717069e-05,-5.13413722751185e-06
1986-09-01,2.1588210467721356e-06,0.020858546486124396,-1.1929297443202813e-05,-1.9773988941988837e-06,-3.979317193344612e-06
1986-10-01,-9.921668675003544e-07,0.0020033046894241124,-8.2453226468715e-06,-4.961022936046133e-06,-1.8743541215686201e-06
1986-11-01,2.1660998130123264e-06,0.0014671073586214334,-3.538218606990995e-05,-1.030323608994457e-05,-3.7133664860717815e-06
1986-12-01,-6.001839460330403e-07,0.006498437141999602,-9.936901506080176e-06,-4.964340842679331e-06,-6.205047126103985e-06
1987-01-01,-4.080277205284489e-06,0.007239435217343271,-1.5558100585622014e-05,6.48016942670018e-07,-4.402044562174311e-06
1987-02-01,-1.4197341107229738e-06,0.016298018454108387,-1.3688163562619593e-05,1.1049626909180704e-05,-1.9047583750593563e-06
1987-03-01,-4.582498618239205e-06,0.0007439397450070828,3.3414087852179364e-06,-2.8109453226604205e-07,-8.4795971309087e-07
1987-04-01,3.658727996773349e-07,0.014193126116879284,-1.3753558505413821e-05,-1.612173281710756e-05,-1.2057453092477964e-06
1987-05-01,3.6336976681767123e-06,0.015422003343701363,-1.1373687129889731e-05,-2.5019933393475814e-05,-3.349265159753778e-06
1987-06-01,4.375800528788895e-07,0.035093698534183204,-1.4165208312988398e-05,-1.9249939843855547e-05,-2.161904752556663e-06
1987-07-01,2.064474514468729e-06,0.025589211145415902,-1.0757407835626509e-05,-1.3953010343706968e-05,-4.286370155714844e-06
1987-08-01,2.72324574030759e-06,0.024266410036943853,-1.1017544920832734e-05,-7.745721247304642e-06,-3.6482925892931145e-06
1987-09-01,-3.4649040146349616e-07,0.012203223013784736,-6.527488380925206e-06,-1.260372248277865e-05,-3.5905496970147476e-06
1987-10-01,3.6313235405773822e-06,0.00022605527192354202,-9.805841472143584e-08,-1.6746403511765842e-05,-3.5928115598105735e-06
1987-11-01,1.9858104440752343e-07,-0.0030155482818372548,-1.643570158194052e-05,-7.88436322042029e-06,-3.816681406915226e-06
1987-12-01,1.2597602625346123e-06,0.005756004247814417,-9.977687795981183e-06,-7.534217379893212e-06,-5.9531046443023824e-06
1988-01-01,5.653037873765715e-07,-0.0027316844352753833,-7.107252599780622e-06,2.6445515179427903e-06,-7.152049796404978e-06
1988-02-01,1.0457474375240765e-06,-0.003416557956370525,-3.217295216018101e-05,1.613220381211879e-06,-5.177425329613335e-06
1988-03-01,-1.2667804979528735e-06,-0.0010381507308920845,-3.663378947749152e-05,2.9127846801202395e-07,-5.5792041862725545e-06
1988-04-01,-8.900428350461255e-07,0.0008672734111314639,-6.275749910855666e-06,-1.1752316507996651e-05,-2.904139090855164e-06
1988-05-01,2.841226805568335e-07,0.015561498003080487,-9.458655085836654e-06,-1.8235309303585942e-05,-2.6714017335675805e-06
1988-06-01,-3.2170240148469003e-06,0.021228566765785217,-1.196754396914912e-05,-1.298826996040029e-05,-1.1132818953127653e-06
1988-07-01,2.11295873044314e-06,0.03077711444348097,-2.711988599912729e-05,-2.4469355034503118e-05,-7.942304451425127e-07
1988-08-01,-1.0511449885043983e-06,0.017699445015750825,-8.985588237919728e-06,-1.70901995051491e-05,-1.6677412486949184e-06
1988-09-01,-1.3224263412508827e-06,0.014652036770712584,-1.9053542246183497e-05,-1.2910586869670973e-05,-3.3964227021515623e-06
1988-10-01,1.0804431112305773e-07,-0.0016587426216574386,-9.183531801681966e-06,-1.4563506913243775e-05,-4.120909321545134e-06
1988-11-01,4.4481980635848517e-07,-0.0047942408855305985,-2.192492729591322e-05,-7.631999429017575e-06,-4.364627992249608e-06
1988-12-01,4.322950982209145e-06,-0.013577762001659721,-2.9891880330978893e-05,3.1693992661110733e-06,-7.431218240706158e-06
1989-01-01,4.997786389983083e-06,0.0018655890016816556,-4.161649485467933e-05,-6.411857192198602e-06,-8.047949629627386e-06
1989-02-01,5.3127754373224095e-06,-0.0026979585527442396,5.046183559898054e-06,-2.5234096658375793e-06,-7.65118795557718e-06
1989-03-01,-2.3191300058218272e-06,-0.014690741954836994,1.4918259694240987e-05,4.215711704511285e-06,-4.411755762029551e-06
1989-04-01,2.756480928490442e-06,0.007276565884239972,7.710548288741848e-06,-1.2650176673699976e-05,-5.236113927956602e-06
1989-05-01,1.0829006498380986e-06,0.02081249258480966,-4.262061565896147e-06,-3.2578869789946252e-06,-7.50927304097e-07
1989-06-01,-1.6462060982859074e-06,0.024086429039016366,-9.654953601057059e-06,-1.2672392830819052e-05,-3.0517135678284246e-06
1989-07-01,2.5849055824757608e-06,0.029772892594337463,-1.2358750609564595e-05,-2.2553695089300163e-05,-1.3898564130040878e-06
1989-08-01,1.7053959305298113e-06,0.02199430309701711,-1.8488148043616093e-05,-1.499315833196026e-05,-3.6442626856395366e-06
1989-09-01,-2.226825491003425e-06,0.00902931933524087,1.199556276532121e-07,-1.280742480957997e-05,-2.313588117464894e-06
1989-10-01,3.8440829925983546e-06,0.007914384332252666,-1.4597417248296551e-05,-1.092247692633044e-05,-5.01773553407003e-06
1989-11-01,1.9608309574034506e-06,-0.00464035983895883,-2.0695708826679038e-05,-1.7117304633547274e-06,-5.6595682609541755e-06
1989-12-01,-1.172971120710003e-06,-0.01337019057245925,-2.131087740053772e-05,1.0291570945880196e-05,-6.046356651899664e-06
1990-01-01,3.3648944353807693e-06,0.007565622217953205,-2.550835233705584e-05,-1.5080392866086466e-05,-7.643307015561372e-06
1990-02-01,2.0729834619495328e-06,-0.012182481441413984,-1.4901958138580085e-05,-1.3499134664785881e-06,-6.8400070766209094e-06
1990-03-01,1.8287320239901595e-06,0.005916056761634536,-6.079380909795873e-06,-7.133943514558128e-06,-5.7045828871645275e-06
1990-04-01,1.6391097951509046e-06,0.005879381205886602,-1.3558183127315715e-05,6.707348085491013e-06,-5.725929205019148e-06
1990-05-01,7.364266914923329e-07,0.02161318261642009,1.2785631042788737e-06,-1.9822792077880316e-05,-3.554479902072391e-06
1990-06-01,1.4083134140027388e-06,0.032960090902633965,-1.2614561910595512e-05,-1.827778620421528e-05,-2.5855303105637166e-06
1990-07-01,2.870243416141869e-06,0.029101656400598586,-4.405783045058342e-06,-2.0883782361544523e-05,-1.987258934200832e-06
1990-08-01,3.5119884675190044e-06,0.03003438177984208,-4.7795344926271355e-06,-2.1050099209018157e-05,-3.8929682084275514e-06
1990-09-01,-1.1055047159057456e-06,0.014093864592723548,-3.167973829931725e-06,-9.259980952964934e-06,-3.234281113107522e-06
1990-10-01,-9.39581264675392e-07,-0.001267345214728266,-2.3171269276645035e-05,-1.3117565126426947e-05,-3.471979237665325e-06
1990-11-01,4.157176665665271e-06,0.006524537457153201,-3.491443294478813e-05,-1.81393197898125e-06,-5.7214154726408865e-06
1990-12-01,3.728929936218569e-06,0.000778149114921689,-2.5125802949332865e-05,6.644367107792976e-08,-6.028652888396468e-06
1991-01-01,8.076384676915899e-07,-0.0036535115214064717,-2.0063216652488336e-05,1.0796767268262696e-05,-7.910129771056589e-06
1991-02-01,-7.793583056930444e-07,0.005446896466310136,2.2778627339903323e-06,1.5363980310212355e-05,-6.408116759202029e-06
1991-03-01,-2.849028015889846e-07,-0.007199090759968385,3.7698248434026027e-06,-1.7815119253310302e-05,-4.260518414445903e-06
1991-04-01,8.514163901327655e-07,0.008700712351128459,-1.826480570343847e-05,-7.697969277405018e-06,-3.6295724935315115e-06
1991-05-01,3.779669201368508e-07,0.01612544001545757,-2.525741365388967e-05,-9.272629050918533e-06,-3.737721698020503e-06
1991-06-01,1.5596468296156674e-06,0.025401776656508446,-1.636798742765677e-05,-1.6327478008931324e-05,-2.3827442278779027e-06
1991-07-01,5.236789619017308e-06,0.0330816867062822,-2.1088344510644674e-05,-1.929657243566068e-05,-3.321101533480414e-06
1991-08-01,3.83232152812076e-06,0.03543321508914232,-8.473697299393734e-08,-2.3207056843742834e-05,-2.544379654347812e-06
1991-09-01,7.761291847643597e-07,0.016649742610752583,-1.6626698879917967e-05,-1.2903226084185566e-05,-2.760052168160195e-06
1991-10-01,1.4910624403272126e-06,0.013035359734203666,-2.0473112272156868e-05,6.553164247144685e-06,-2.7460317178450583e-06
1991-11-01,1.777096926076028e-06,-0.001833255373639986,-3.863561687467154e-05,-3.4629557341339444e-07,-3.454425919744047e-06
1991-12-01,3.7229827972046046e-06,-0.007381987961707637,-1.1778558928199345e-05,-2.3631169964434004e-05,-5.310666563078193e-06
1992-01-01,-3.002413565454337e-06,0.0029506103601306677,-9.229715374203806e-06,1.3538844821316441e-05,-4.507774991469449e-06
1992-02-01,-1.6910440894980443e-06,-0.0015567864465992898,2.297744913448696e-05,2.393973265777906e-06,-5.715092584200353e-06
1992-03-01,6.164887366455913e-07,0.005808207060908899,7.593854434162495e-06,-3.673099294806329e-06,-2.8534352314176276e-06
1992-04-01,-2.171293691339275e-07,0.006270768062677234,6.44787292003457e-06,8.114698000729102e-06,-3.670044390202276e-06
1992-05-01,2.53432473481096e-06,0.01488210546085611,1.8434006321399465e-07,1.024244336524414e-05,-4.222698284318113e-06
1992-06-01,-1.66732281696e-06,0.03169190313201398,-1.3707049220101908e-05,-6.7916683012579315e-06,-1.7688694242679048e-06
1992-07-01,3.6567918806513692e-06,0.033238911419175565,-1.8266167955971468e-06,-1.822755236319678e-05,-1.9112745396768457e-06
1992-08-01,2.9691466010684526e-06,0.026976355002261698,-9.590077070242842e-06,-1.772535037721704e-05,-3.7618617385494477e-06
1992-09-01,1.6171664057468497e-06,0.011002592509612441,-9.191494996230176e-06,-1.3705831546618496e-05,-3.4937091433316654e-06
1992-10-01,1.5280105284069937e-06,0.011908868327736855,-7.63564571570896e-06,-1.3762912833324383e-05,-5.3452538395504234e-06
1992-11-01,-6.731269336868899e-07,-0.008466072176815942,-2.581962462500087e-05,-1.018383517685624e-06,-2.696713560605228e-06
1992-12-01,4.224334237491262e-06,-0.006633817247347906,-2.038480261035147e-05,-1.1350430038594193e-05,-5.882561708858702e-06
1993-01-01,2.335270244800257e-06,0.0007684102456551045,1.307878619627445e-05,1.0524671814402189e-05,-7.451350467346385e-06
1993-02-01,-5.469882645061671e-07,-0.005983131268294528,2.08230903808726e-05,-3.5628372730710766e-07,-5.69342173099515e-06
1993-03-01,-2.5904343246513287e-06,0.0038635458622593433,8.124292776301445e-06,-2.703942833739767e-06,-3.0398447461827605e-06
1993-04-01,-3.8032114522068466e-06,0.01148433584603481,-1.8506715377952787e-05,9.242579214794835e-07,-4.5721894484476824e-07
1993-05-01,-2.825947349470263e-06,0.012764221173711121,1.5240553921103128e-05,-1.0338519237288541e-05,-2.1501727621432145e-06
1993-06-01,6.9527552051413725e-09,0.036307788104750216,-2.5834165171545465e-05,3.6720241889899904e-07,-2.2512957516314435e-06
1993-07-01,6.027495017741874e-06,0.02967042091768235,-2.3263457933353493e-05,-1.287388526039789e-05,-4.497810894541926e-06
1993-08-01,3.2737869502575702e-06,0.028916302835568786,-1.0933634939647163e-05,-8.599619587375155e-06,-1.9801767354501977e-06
1993-09-01,6.129145420095775e-07,0.013012715498916805,-3.006116742199083e-06,-4.408309013552543e-06,-2.9107562402624568e-06
1993-10-01,1.0703340581033175e-06,0.010952808952424675,-6.9727423124277266e-06,-1.0905954730752945e-05,-4.393618276222741e-06
1993-11-01,3.3424166446504715e-06,-0.006379378464771435,-8.604490631114459e-06,-1.3691237654711585e-05,-4.577918615931044e-06
1993-12-01,1.4293012728546386e-06,0.0005391048034653068,-1.3277524431032361e-05,-1.2054191791741267e-05,-6.250655604634193e-06
1994-01-01,1.0092212593523548e-06,-0.0043289270251989365,-1.0761771136458265e-05,6.790565648246298e-07,-7.440752482086091e-06
1994-02-01,2.689314256838169e-06,0.0003705961717059836,-7.890028541623906e-07,-1.0663119645379573e-05,-6.295118779504534e-06
1994-03-01,-2.6966878973060515e-07,0.001261764919036068,-7.035904445729102e-06,-9.441182031038736e-06,-3.5072454140368166e-06
1994-04-01,1.5761161867288453e-06,0.012284757394809276,-1.3122114523866912e-05,-8.259052300183192e-06,-4.459462548698799e-06
1994-05-01,1.3886114362329484e-06,0.02156109403586015,-1.661952637732611e-05,-1.1756999531196645e-05,-3.8027816892146667e-06
1994-06-01,1.098149665431499e-06,0.02841456444002688,-1.0124543905476457e-05,-1.3360702793691486e-05,-3.1822154607967314e-06
1994-07-01,5.772736482444392e-06,0.030806101858615875,-1.1881197679031175e-05,-1.553889712970256e-05,-3.4931246666670676e-06
1994-08-01,2.495878981220258e-06,0.03166506648994982,-9.06145260159974e-06,-9.872831714556713e-06,-3.483471068142939e-06
1994-09-01,2.1385246557855575e-06,0.022350439394358546,-1.4449291256823926e-05,-1.3096513822137449e-05,-3.588286276288183e-06
1994-10-01,6.853999416663674e-07,0.0018518159777158871,-2.9424311378534185e-05,-7.649508951054975e-06,-2.8349128103995393e-06
1994-11-01,3.2101903624618783e-06,0.0024027045583352447,-2.1862642824999057e-05,-2.5264678417722908e-06,-4.0413932664604445e-06
1994-12-01,6.873127089881052e-07,0.0019388444343348965,-9.065290669241222e-06,-1.3165050369514995e-05,-5.448697198449669e-06
1995-01-01,-2.964236256738929e-06,0.006469722575275227,3.97290341425105e-05,6.089741278768857e-06,-6.2591867087974855e-06
1995-02-01,8.042276185967704e-07,-0.0066601533035282046,8.522940930788536e-07,1.494275308617104e-05,-7.019451967282271e-06
1995-03-01,-1.5141539082161945e-06,-0.0025442881451454014,1.4698250652145362e-05,8.763121373843975e-06,-5.2999071214552164e-06
1995-04-01,-2.5267158772516846e-06,0.008309941040351987,1.2858966158546536e-06,-1.0353838101414462e-05,-2.2842946247305078e-06
1995-05-01,-1.0740261967343881e-06,0.020073933410458267,-1.2807994380636956e-05,-5.807248289084572e-06,-2.500216819751384e-06
1995-06-01,-3.3041303087939093e-06,0.02493813808541745,-2.1123930764588295e-05,-3.0015988054051727e-06,-3.4457180834264655e-07
1995-07-01,4.057084846426108e-07,0.023015965416561812,-1.937233946591732e-06,-2.1607950027548493e-05,-3.2654266468864395e-06
1995-08-01,-2.0348688029764565e-06,0.018007721519097686,-7.0726781586927245e-06,-2.632977192171473e-05,-1.3817739034179177e-06
1995-09-01,-3.1756512033277815e-06,0.015363699640147388,-1.2086645710951416e-05,-7.635827177392246e-06,-1.4533874460584579e-06
1995-10-01,-3.173622356804476e-06,0.0023364729713648558,-3.129767037535203e-05,-1.3072105258078618e-05,-2.7893318272415654e-06
1995-11-01,4.6500653894920433e-07,-0.008781827636994421,-2.069868514809059e-05,8.578674973810288e-06,-5.7880734621667895e-06
1995-12-01,-3.5848241113775805e-06,-0.004250401980243623,-1.0370272320869844e-05,1.1450089669569234e-05,-4.412926315395722e-06
1996-01-01,-1.6270506956045967e-06,-0.0074272320489399135,-5.887720249120321e-06,9.410646620940846e-06,-6.121502518274128e-06
1996-02-01,4.0548420929944025e-07,0.00621611179667525,1.5228949905576883e-05,-3.2501667681991908e-06,-6.776536501104007e-06
1996-03-01,-1.8748942472948992e-06,-0.0033972261007875204,7.203340715022932e-06,2.5957949499290685e-06,-4.564558317713504e-06
1996-04-01,-3.817017523228598e-06,0.00972864290815778,-1.4430580677071703e-05,7.818633863420333e-06,-2.625249803882239e-06
1996-05-01,-2.221552910157487e-06,0.0155882618855685,1.3276893469083006e-05,9.95630846143915e-06,-2.402517639208703e-06
1996-06-01,-1.6263534488616603e-06,0.02511160564608872,-2.2508825168188196e-05,-1.2518380397243443e-05,7.74272068133822e-07
1996-07-01,3.0250983040435797e-06,0.031373504316434264,-1.3251470818431699e-05,-2.0215228547525698e-05,4.778882645984629e-07
1996-08-01,1.3016067041540587e-06,0.02564437745604664,-1.1961010386585258e-05,-4.1164259283295205e-06,-3.607322853047573e-06
1996-09-01,-3.2428277554884834e-07,0.02009704476222396,-2.2372544208337786e-05,-7.081681565943235e-07,-3.426083966542699e-06
1996-10-01,-1.4574646008905556e-06,-4.3888576328754425e-06,-2.7256539851805428e-05,-3.3833323151646673e-06,-3.90278841431059e-06
1996-11-01,2.000306735700596e-06,-0.0032622323487885296,-1.7291466747337836e-05,-2.536641501977171e-06,-5.106304921175678e-06
1996-12-01,3.367013255521568e-06,0.004533192986855283,-7.146897473830904e-06,8.669270265762372e-06,-7.510034153295428e-06
1997-01-01,-1.9210659363706767e-06,-0.017196746193803847,1.1822240821857122e-05,1.4319269981709882e-05,-6.553488230879956e-06
1997-02-01,-5.242168884957959e-07,0.013845280045643449,-3.1962997582013486e-05,5.536204875730058e-06,-6.287733991305203e-06
1997-03-01,1.1992342440027228e-06,-0.001731529482640326,-2.6917730338027468e-05,-1.271124880566696e-06,-4.944569843280112e-06
1997-04-01,-3.7907736242337593e-06,0.012609941768459976,-1.97275744540093e-05,1.0563287735119677e-05,-1.106284944146157e-06
1997-05-01,1.6467655546298198e-07,0.03286576538812369,2.3737272840662627e-05,-1.9517911526306234e-06,-1.4746633622861636e-06
1997-06-01,-3.152901320472782e-06,0.018972618272528052,-2.305355565113132e-05,-6.110107401232548e-06,-1.4769897388535435e-06
1997-07-01,3.824477087525334e-06,0.04052545118611306,-2.0055269942531595e-05,-2.1676650109069528e-05,-1.6572608801877245e-06
1997-08-01,2.517376332758634e-06,0.03514066920615733,2.6125206886717933e-07,-1.519778239666126e-05,-1.2606820454504801e-06
1997-09-01,-2.229367855605529e-06,0.015716886264272034,-1.1608242402871838e-05,-1.7315831148432782e-05,-2.301640669440845e-06
1997-10-01,-1.6146456806780195e-06,0.005331041029421613,-3.0813432658760576e-05,-2.181692173927821e-06,-2.2317699179517533e-06
1997-11-01,-2.2916852652072366e-06,0.0041172381315846,6.290078999882098e-06,-1.7733896129357163e-05,-1.7038924069210125e-06
1997-12-01,-3.1136568680544517e-06,0.014495252980850637,-1.1520940006448654e-05,-1.2929147557700231e-05,-2.587241107993364e-06
1998-01-01,-3.894116325916466e-06,0.012050448276568204,1.4139425275061512e-05,2.197962902965418e-05,-2.283588687364331e-06
1998-02-01,-7.589927480979263e-06,0.0059722391597460955,1.1681053138090647e-05,2.3556520563243584e-06,1.209569818681224e-06
1998-03-01,-3.019596184349055e-06,0.008517091919202358,7.967518200757695e-07,2.4571503532710126e-06,-1.2268890715443568e-07
1998-04-01,-1.1581248883120495e-06,0.011925905710086226,-3.094877740750235e-06,-1.765006170619297e-05,9.398342397330621e-07
1998-05-01,7.505121003449674e-07,0.023354226141236722,2.7650102651932684e-06,-2.6903481179593095e-05,-4.415158310834675e-07
1998-06-01,7.74949793606425e-07,0.03463448956608772,-2.0937691260769498e-05,-1.1848004970278662e-05,-8.663309955285693e-07
1998-07-01,7.213616973188753e-07,0.03226207918487489,-1.4771378573641414e-05,-2.1279986238089175e-05,-2.5410329524472927e-06
1998-08-01,1.0754432080209513e-07,0.019349699141457677,-2.0054105789313326e-05,-1.777358158086337e-05,-3.222566793277863e-06
1998-09-01,-5.123929304122983e-06,0.009921898890752345,-1.784721462172456e-05,-9.826789419793595e-06,-1.7390640477745444e-06
1998-10-01,-3.901452274074418e-06,0.005784118911833502,-2.1676057713193586e-05,-1.3516687256644498e-05,-3.5084150270303786e-06
1998-11-01,-2.201225532798642e-06,-0.009935266280081123,-1.1914706874449621e-05,-1.3188035224559895e-05,-5.732552908963875e-06
1998-12-01,9.448098345652678e-08,-0.009085239435080439,-3.4751667499222094e-05,-8.731736154634116e-07,-4.240272865888669e-06
1999-01-01,-1.555018080919936e-07,-0.00649897992843762,-1.8345335774938576e-05,-1.5833690597971256e-06,-6.373697549771564e-06
1999-02-01,-1.0138194040118521e-06,-4.422981874085963e-05,-8.63324430611101e-06,-7.54516629687994e-06,-4.750147441590354e-06
1999-03-01,1.9525257435668127e-06,0.003928541991626844,-2.2749451034087542e-06,-2.7905448755168785e-05,-4.672389041158489e-06
1999-04-01,2.1954399461965646e-06,0.020428479183465242,-3.0603409868490417e-05,-8.704979848062067e-07,-4.4129133466749746e-07
1999-05-01,-1.4116526355105302e-07,0.020642940944526345,-3.209266424164525e-05,5.512067848310555e-06,-1.8755384577094379e-06
1999-06-01,-9.207675080188568e-07,0.019121624063700438,-2.3315353701036656e-05,-2.1516157525743787e-05,-2.3116833716936346e-06
1999-07-01,2.900780728448753e-06,0.03222711384296417,-2.7249018330621766e-06,-2.359174511814042e-05,-1.7976384820760786e-06
1999-08-01,-2.2214918949684008e-06,0.028761179419234395,-7.123255159058317e-06,-1.9101760419569193e-05,7.723228020354945e-07
1999-09-01,-3.409164245516088e-06,0.002853018304449506,-2.438812089167186e-05,-1.1529680950144e-05,-1.4157566466217109e-06
1999-10-01,-4.4326288013487035e-06,0.005191218588151969,-6.728802190991701e-06,-1.0452160600275069e-05,-9.96523856794042e-07
1999-11-01,-1.0616007132977576e-06,-0.01381479378324002,3.9286828723561484e-06,-2.518258077963345e-05,-3.048108558204272e-06
1999-12-01,1.1726346467044543e-06,-0.015907204942777753,-3.773138814722188e-05,2.9049510011156176e-06,-4.512391884126384e-06
2000-01-01,1.6891303204025352e-06,-0.014171565999276936,6.110902859290945e-06,-6.5328847015804895e-06,-8.406775605966866e-06
2000-02-01,-3.8695232769076673e-07,-0.004334704135544598,2.6138256998819998e-05,-9.598097851546929e-06,-6.997499024882815e-06
2000-03-01,1.470766024944317e-07,0.00037383942981250584,-2.5320184704469284e-05,-2.4678152717919706e-06,-2.7343911751589155e-06
2000-04-01,8.289708269373669e-07,0.012292643077671528,8.832377034195815e-06,-1.367168789119415e-05,-2.539406079764084e-06
2000-05-01,-2.0829393549979906e-06,0.020504393614828587,-1.1088651490354096e-05,1.1358204469266078e-05,-2.8549977096302842e-06
2000-06-01,9.668720370831766e-07,0.02433069166727364,-2.382549837420811e-05,-1.6643259816471702e-05,-4.468365691284109e-06
2000-07-01,3.001565872722877e-06,0.02701288613025099,-7.889194080235029e-06,-2.1417008611024357e-05,-2.072159913726033e-06
2000-08-01,1.6696225373169218e-06,0.029380852356553078,-7.518553388763394e-06,-1.3527771723322356e-05,-3.228362106149431e-06
2000-09-01,-3.340580986463262e-06,0.008458289812551811,-1.530032363916689e-05,-5.806995991756244e-06,-2.1757547568276894e-06
2000-10-01,2.614827519030382e-06,0.013687319005839527,-2.1647033463523258e-05,-1.5362969371870768e-05,-4.225512721286914e-06
2000-11-01,-1.4339361339713827e-06,-0.009894073446048424,-2.6532109131949255e-05,-8.199610699823377e-06,-3.399565746714174e-06
2000-12-01,4.198318053720306e-07,0.005220964521868154,-1.078975969903695e-05,3.508620020161638e-06,-5.247022208106815e-06
2001-01-01,-2.1669333863752603e-06,0.003663983807200566,-9.310293194175756e-06,3.1817004005810863e-06,-5.9613526103436735e-06
2001-02-01,3.220098780277245e-06,0.009711059828987345,-3.156344163812719e-07,-1.4916584125155798e-05,-8.144949485237401e-06
2001-03-01,-1.1751576162344585e-06,0.006397243123501539,-1.855741857070825e-05,-2.4383515787681413e-06,-2.8691427522983164e-06
2001-04-01,3.266101451668101e-06,0.015981645265128464,-1.4520757076752489e-05,-1.2696274937367818e-05,-3.7792267729530047e-06
2001-05-01,4.4121661669958895e-07,0.01821200712583959,-2.8373301574902143e-05,2.0162642700737565e-06,-4.256313124283168e-06
2001-06-01,2.7124116652303666e-06,0.032055407064035535,-2.0217817109369207e-05,-1.6254760409468032e-05,-1.3113754274529106e-06
2001-07-01,2.3289925097683973e-06,0.02754448796622455,-1.7402386447429308e-05,-1.0512992678111634e-05,-3.2087151047573885e-06
2001-08-01,1.7094926820801122e-06,0.03648961428552866,-1.3830366469846922e-05,-2.2298249510081056e-05,-1.1110998097991134e-06
2001-09-01,-3.746093184437504e-06,0.012474624963942915,-6.910455567776808e-06,-1.5247820346513225e-05,-2.1778661319353607e-06
2001-10-01,7.178357707962589e-08,0.004929276474285871,-1.7197916122313472e-05,-1.8094934043452107e-05,-3.5435935803243525e-06
2001-11-01,-4.975057024430772e-07,-0.005705432704417035,1.7887722947307338e-06,-1.0290315143580441e-05,-5.466718155247814e-06
2001-12-01,-2.4356607222286813e-07,-0.0030166855140123516,-1.3106327969580889e-05,-7.583062492463236e-06,-3.906635429527263e-06
2002-01-01,7.847373032742059e-07,0.0033171731047332287,-2.0072061488463078e-05,-5.04294304776592e-06,-7.194774769703616e-06
2002-02-01,-1.1028052146251507e-06,-0.0018098326108884066,-6.935605938451772e-06,-3.6829161532435906e-06,-5.742261329807526e-06
2002-03-01,1.7195531621400107e-06,0.007841997285140678,-1.0399486427559168e-05,-2.0522900985479982e-06,-4.52354587170905e-06
2002-04-01,3.8621354621795455e-06,0.006251965533010662,-1.6940066416282207e-05,1.60856626070409e-05,-4.740369194571682e-06
2002-05-01,1.4772657008967541e-06,0.021652437862940133,-6.959847951293341e-06,-2.612419682289048e-06,-3.7110101930235866e-06
2002-06-01,-6.251828033806078e-07,0.03448771312832832,-2.6272573450114578e-05,-7.780188472959428e-06,5.426029337774741e-07
2002-07-01,1.3620312827994149e-06,0.029401303618215024,-1.8098216969519854e-05,-2.1151081105367317e-05,-3.6016327040097505e-08
2002-08-01,1.7866907289859743e-06,0.03090168465860188,-1.0246683359582676e-05,-9.960681906634887e-06,-1.9855191396098594e-06
2002-09-01,-4.2813897091403695e-06,0.01896714384201914,-1.4156638599160942e-05,-8.245473719188549e-06,-1.5495308257357712e-06
2002-10-01,-7.903419911849303e-07,0.009521679749013856,-1.856135099842504e-05,-1.3608938659742237e-06,-3.664125488509775e-06
2002-11-01,-2.225781792161243e-06,0.010177145304623991,-9.727835958983633e-06,-2.301905947905862e-06,-3.4014070734760205e-06
2002-12-01,-2.7097882316665133e-06,0.006375447264872491,1.0630010365275666e-05,-1.0328964295835109e-05,-4.5365951662483614e-06
2003-01-01,-2.027961522506404e-06,0.0032608189940219745,4.542023077647173e-06,1.9678642414734124e-05,-6.069692071860904e-06
2003-02-01,-7.955170111587549e-07,0.004077969788340852,-2.0216994016664103e-05,3.468403082689082e-06,-4.833563278023374e-06
2003-03-01,-4.326700159429613e-06,0.0030072504159761593,-1.3427612657324062e-05,1.284235902578355e-05,-3.5684576636817333e-06
2003-04-01,1.0394690087219488e-06,0.016949180280789733,3.2228524560196092e-06,-1.2763922978382861e-05,-2.9221988555676674e-06
2003-05-01,-1.3591460035640451e-06,0.028902507619932294,-8.24429776002944e-06,-8.435655182928223e-06,-2.621824700169928e-06
2003-06-01,-3.1499342281879924e-06,0.022974907187744975,-1.5743383983135573e-05,-5.309970254949383e-06,-1.0609237450145524e-06
2003-07-01,2.4383368518374873e-06,0.03462343302089721,-1.0137807748833438e-05,-1.5146848944333704e-05,-3.1123697484827624e-07
2003-08-01,3.5503207660369974e-07,0.03206082619726658,-7.777608175274509e-06,-2.1290599341647554e-05,-1.454086655198976e-07
2003-09-01,-3.09713648718762e-06,0.01769425580278039,-2.588804136394174e-05,-1.0592183431211966e-05,-1.140117162818839e-06
2003-10-01,-4.209367828835237e-06,0.0029186750907683745,-2.1868027033633552e-05,-9.019724591151037e-07,-1.2493743876499745e-06
2003-11-01,2.588152000393275e-06,9.208015399053693e-05,-1.953306849600267e-06,-1.348800494200147e-05,-4.961840473967001e-06
2003-12-01,-4.0912229102849477e-07,0.002119760392815806,4.321609594626352e-06,-1.2821136316723334e-05,-5.301131458520418e-06
2004-01-01,-1.4780617039313423e-06,-0.009917910938384011,-4.408669553868094e-06,1.8834372475304495e-05,-6.270892086315233e-06
2004-02-01,-2.561071112551107e-06,-0.0010055147868115455,7.993121897698074e-07,1.7130092216505614e-06,-5.38291908013395e-06
2004-03-01,3.812639848086803e-06,0.005190561932977289,-2.0648708414228167e-05,-1.0402895720919612e-05,-6.020280231754396e-06
2004-04-01,-4.980186350102653e-07,0.0038036185287637636,-1.3121999700160814e-05,-4.773858108819695e-06,-3.3770747287224052e-06
2004-05-01,-8.645549779184524e-08,0.02301092608831823,-8.780349389780895e-06,4.770502488764367e-07,-1.7308852342084944e-06
2004-06-01,-8.078422318311523e-07,0.036802422255277634,-1.1625445495155873e-05,-1.4770082018982905e-05,-1.438482280561548e-06
2004-07-01,6.720775748991389e-07,0.025078054750338197,-1.099949599847605e-05,-1.5613073418745233e-05,-2.3166774239435644e-06
2004-08-01,-6.69054920002136e-07,0.034365971805527806,-1.1311094567645341e-05,-1.8070185293394247e-05,-1.6737183271704263e-06
2004-09-01,-2.2199694915919324e-06,0.018315156921744347,-2.4406858756265137e-05,-1.4062602706242335e-05,-6.317005558971518e-07
2004-10-01,-1.8358810719627488e-06,-0.000512202677782625,-1.5928691254885052e-05,-1.6582351655905277e-05,-3.2743830924579175e-06
2004-11-01,2.339125715249594e-06,-0.0019088882254436612,-2.694341674214229e-05,-6.339481527762613e-06,-4.729321725240026e-06
2004-12-01,3.0822013302138096e-06,-0.007598367665195838,-8.801796411717078e-06,-2.3796152740592684e-06,-5.822781323881771e-06
2005-01-01,1.7329863842474066e-06,-0.008448441076325253,5.908082130190451e-06,1.8070692511593312e-05,-7.094869976787811e-06
2005-02-01,4.640609620944292e-07,-0.0034347132896073163,8.721088420315937e-06,-1.1724574296050167e-05,-4.534571652820213e-06
2005-03-01,-3.530077214423735e-06,-0.0017849924915935844,4.868986636097361e-07,4.673020070045963e-06,-3.6627608955718138e-06
2005-04-01,-3.287763575932222e-07,0.01587770093465224,-8.934255788517476e-06,-1.1211784567422e-05,-1.9164628069412164e-06
2005-05-01,-2.501474563205622e-06,0.014099676627665758,-1.6325130047789571e-06,4.162372026537643e-06,-2.055660964029857e-06
2005-06-01,-2.4391338551210768e-06,0.03202642546966672,-2.0336033230705652e-05,-1.1724817410980064e-05,-1.2288403552331686e-06
2005-07-01,2.8847391009088424e-07,0.03314886707812548,-1.4069476037548156e-05,-2.110155387177096e-05,-2.390951814038685e-07
2005-08-01,3.351097634959518e-07,0.02792902523651719,-7.192644488895894e-06,-1.0833092836457161e-05,-2.245570742138906e-06
2005-09-01,-8.424559644075678e-07,0.01915313769131899,-1.6661804238538025e-05,-1.7472998829012235e-05,-2.7008620073491014e-06
2005-10-01,-3.8440657687984765e-06,-0.0006344089342746884,-2.445070549583761e-05,-1.8313118324350886e-05,-2.1498776395337365e-06
2005-11-01,-5.983659324821788e-07,-0.007847489177947864,-1.8306564015801996e-05,6.710379588744567e-06,-3.9878532783247614e-06
2005-12-01,-2.475497614811654e-06,-0.012441544095054269,6.150876856736431e-06,8.04817371037923e-06,-5.213260262987913e-06
2006-01-01,-1.3569727796360965e-06,-0.0014844561519566923,-1.2740616739392863e-05,-6.3511969563898256e-06,-5.759616215073038e-06
2006-02-01,3.1729720241793373e-06,-0.0027064248570241034,-5.354372092369886e-06,-9.269966155373437e-06,-6.272027045876409e-06
2006-03-01,4.417079249812009e-06,0.005560875797527842,1.6070326580575056e-06,-1.663130171017166e-05,-6.28888099324993e-06
2006-04-01,2.0083691329930614e-06,0.008029571472434327,8.975928977861258e-07,-2.4953178231393955e-05,-2.9774982598003894e-06
2006-05-01,-5.388891507564547e-07,0.028933904832229018,-2.598776802642533e-06,-5.046141145962442e-06,1.4726595194880237e-06
2006-06-01,-1.5038510263495145e-06,0.03002412850037217,-1.60761624101724e-05,-3.2449247118375542e-06,-1.0919888190393842e-06
2006-07-01,1.7118758607130895e-06,0.03514012787491083,-1.3863979120287695e-05,-2.086457453305439e-05,-1.3072337177068278e-06
2006-08-01,2.498730398367482e-06,0.030685513047501445,-1.6534247606614372e-05,-1.6615317340788002e-05,-2.5908737673792834e-06
2006-09-01,-4.4611022515557686e-07,0.017458715592510998,-2.6099328351847362e-05,-9.118125140398311e-06,-3.0517993943731988e-06
2006-10-01,7.857170105766147e-07,-0.0007293463568203151,-2.0429879441508092e-05,-6.852879043715522e-06,-4.060415825352036e-06
2006-11-01,-1.1550947193493776e-06,0.001065586184267886,-2.096212028845912e-05,8.07129236608699e-06,-3.5591729999991297e-06
2006-12-01,-1.8842620915157945e-06,0.0011000702215824276,-1.6289546920233988e-05,-1.0355426874971622e-06,-4.199936214448557e-06
2007-01-01,1.7906859186681561e-06,0.01083055540220812,-3.968333658121992e-05,2.853333897361993e-06,-6.101078449801994e-06
2007-02-01,-2.1255451319874123e-06,-0.003535544965416193,-1.1024470722986734e-05,3.643842424375739e-07,-5.936685373640496e-06
2007-03-01,1.8523402912625912e-06,0.004334468758315779,-2.2468689166998956e-05,1.2273307430195227e-05,-5.512496848237833e-06
2007-04-01,-1.9819636876854147e-06,0.011011463357135653,-1.8416471903037746e-05,-6.497554330473156e-06,-2.8532444620968482e-06
2007-05-01,-1.1080374439625926e-06,0.018373955390416086,-2.100332949339645e-05,9.452853952587667e-07,-1.3495561308254877e-06
2007-06-01,-1.0397461142898159e-06,0.03357419045642018,-2.0616871552192606e-05,-1.0561667260425076e-05,-8.149505941409985e-07
2007-07-01,-1.0373057323923006e-06,0.027302041416987777,-8.123305974550021e-06,-2.8553150654121193e-05,-2.624043712852721e-06
2007-08-01,-4.910933500581871e-07,0.02646790526341647,-1.5669993445044383e-05,-2.3053236803277217e-05,-2.577916920590387e-06
2007-09-01,-1.7821044836301463e-06,0.025705154985189438,-8.732156970836513e-06,-1.6934831574662196e-05,-2.4940688917136688e-06
2007-10-01,-4.233338722965156e-06,0.0008962269930634648,-1.5689721521994215e-05,-1.987906881158079e-05,-2.710309818661542e-06
2007-11-01,1.284803350405096e-06,-0.0015836878446862102,-1.9404458271310432e-05,-2.778722537536501e-06,-5.669659778370125e-06
2007-12-01,2.0545087165155253e-06,-0.013202910486143082,-2.7688454338203883e-05,-7.173168971628631e-06,-4.92873217202335e-06
2008-01-01,2.035860415681614e-06,-0.003694927363540046,-5.84986764806672e-06,-1.0421920775955256e-05,-8.42666720950266e-06
2008-02-01,-7.999550427890747e-07,-0.004869480835623108,-2.5124934381892672e-05,6.14695822448014e-07,-5.868199075197436e-06
2008-03-01,-1.1956127327096788e-06,-0.004400486432132311,-2.611219770187745e-05,-5.615438917280139e-07,-3.892049913522414e-06
2008-04-01,1.2684769202592706e-06,0.0014598717825720087,-1.8792326272887294e-05,-7.6268214308164224e-06,-3.941818558365569e-06
2008-05-01,-1.8444199659228021e-06,0.013014330761507154,-2.420036025796435e-05,5.505665530318555e-06,-3.524138281607992e-07
2008-06-01,1.3588447578404e-06,0.029066833667457104,-2.6909265216090716e-05,-8.245416875769688e-06,-1.947959776034454e-06
2008-07-01,3.42946786086207e-07,0.03209337592124939,-1.045356725626334e-05,-2.0733769955628443e-05,-1.9414885431570492e-06
2008-08-01,-1.3605012189793748e-06,0.018245229148305953,-2.5673846266727196e-05,-1.6907062252777483e-05,-2.3714781850741684e-06
2008-09-01,-2.7444922123189895e-06,0.020193993987049907,-1.4601728253182955e-05,-7.514625639697232e-06,-1.3909555120874387e-06
2008-10-01,-5.30859078584157e-07,0.003840409772237763,-2.0402640075189993e-05,-1.6014617078606254e-05,-2.5532597051714234e-06
2008-11-01,-9.40536575660693e-08,-0.011319597251713276,-2.5203542008966906e-05,-8.966332223700681e-06,-3.097457684580823e-06
2008-12-01,4.642619828681328e-06,-0.015850724594201893,-3.15124975713843e-05,7.012742414120182e-06,-7.523361619175297e-06
2009-01-01,2.5049805152436066e-06,-0.003069626836804673,-3.3450253340561176e-05,5.494788323491006e-06,-5.597576428381554e-06
2009-02-01,3.5347402288904214e-06,-0.0026680092560127378,2.1294285943440627e-05,-2.51267692874535e-05,-6.9336331279497065e-06
2009-03-01,3.8093734739818947e-06,-0.0002295051672263071,-2.5337894840049557e-05,-2.0662909824190698e-05,-4.89650731505668e-06
2009-04-01,2.255535784468895e-06,0.010431749979034066,-4.678302332195017e-06,-7.182198767343204e-06,-2.121822885951756e-06
2009-05-01,-3.5697523106316496e-07,0.01811687834560871,-5.480300728777365e-06,2.6170753769222824e-06,-3.7572177450469393e-06
2009-06-01,-1.2979053925077556e-06,0.028723731520585716,-2.0017923816340044e-05,-1.7031156245978377e-06,-1.5587917730808393e-06
2009-07-01,2.7940939015985163e-06,0.031407043570652604,-3.2037283403951733e-06,-1.3861436470436343e-05,-4.001280086851222e-06
2009-08-01,3.4113946940553524e-06,0.025533995358273387,-1.4762998716832954e-05,-1.4306890359596135e-05,-3.714850815110064e-06
2009-09-01,-1.4598015485026138e-06,0.023379502817988396,-1.6298349692078773e-05,-1.9064931131232206e-05,-3.989288069376162e-06
2009-10-01,-2.5888755463660533e-06,0.005408335709944367,-2.7697535642801085e-05,3.897253446456699e-06,-2.584967806336706e-06
2009-11-01,4.450446428169492e-07,-0.002768814010778442,-2.3228194550029002e-05,-2.581241285672429e-05,-3.6849031476091947e-06
2009-12-01,-3.001754962477699e-06,-0.0012607495591510087,4.517495142408734e-06,8.839859114791929e-06,-4.083569606028045e-06
2010-01-01,-4.603836417863697e-06,0.007644906872883439,1.4530023690895177e-05,1.3043775372632528e-05,-5.234317437318595e-06
2010-02-01,-6.40939974742307e-06,0.0029035296392976306,6.4502125951548805e-06,5.583218755698628e-06,-2.6579177026661334e-06
2010-03-01,-4.064144408707547e-06,0.007270392961800098,-1.0698146297727362e-05,-1.811706799624237e-05,-2.6435081486223355e-06
2010-04-01,-1.1431489162997176e-06,0.010346168710384518,-9.410925940755988e-06,-1.8574340943954525e-05,-1.1023197367244898e-06
2010-05-01,-1.7369832847213256e-06,0.012140713806729764,-2.225701564384508e-05,3.9221223875511686e-07,-2.037534889013055e-06
2010-06-01,-3.5976429366349376e-06,0.02692086563911289,-1.825292542889656e-05,-5.126416296591812e-06,-1.3102527348418796e-06
2010-07-01,-4.283654175294301e-07,0.020327452511992306,-1.2338967962932657e-05,-1.4926969855038735e-05,-2.6077203812500007e-06
2010-08-01,-1.8133281649720766e-06,0.02996379043906927,-1.020485910885327e-05,-1.805746810882388e-05,-1.6928035261060606e-06
2010-09-01,-3.938998328084666e-06,0.009262049570679665,-8.906753237170051e-06,-1.6200790644059172e-05,-2.0670529606214576e-06
2010-10-01,-2.2974355320412217e-06,-0.003061587267438881,-8.307376901939278e-06,-1.2729451380157396e-05,-3.4647260875957457e-06
2010-11-01,-8.928814197305511e-07,-0.015993809211067855,-2.844476966856746e-05,1.623448370607478e-06,-3.1633505757242716e-06
2010-12-01,1.1858682825415927e-06,-0.011160445865243673,1.1755490731957252e-05,-6.098776321568249e-06,-5.935124495464814e-06
2011-01-01,-4.356182962276297e-07,-0.004407122469274327,-2.905543396991561e-05,1.3162183712176136e-05,-5.655924078494952e-06
2011-02-01,2.7185005468467267e-06,-0.008112956129480153,-2.0519808003882645e-05,5.77679901862911e-06,-5.593859233708771e-06
2011-03-01,-1.2829511820102838e-06,-0.008189966320060194,7.144568048289557e-08,-1.655245026855622e-05,-4.49486109304147e-06
2011-04-01,-8.471151486524683e-07,0.0005909707397222519,-1.3668352494278224e-05,-4.934078718249041e-07,-2.02166735039942e-06
2011-05-01,-1.4334884615524576e-06,0.017265949281863868,-1.4898776043992257e-05,-1.920182057801867e-05,1.2827681698750154e-06
2011-06-01,-1.0658460140229271e-06,0.022650789469480515,-2.558362439231132e-05,-1.75864268105495e-05,-2.31351398241837e-06
2011-07-01,1.4667259795835932e-06,0.02623137552291155,-1.6579230077695684e-05,-2.2605188230674965e-05,-1.565431656346823e-06
2011-08-01,-1.6829851564826082e-06,0.0236646257690154,-1.418083229509648e-05,-1.532294460887967e-05,-2.172454020901681e-06
2011-09-01,-2.69941553973843e-06,0.02090069610858336,-2.083116442008759e-05,-1.3301987914578953e-05,-2.224159738578933e-06
2011-10-01,-3.095359386260548e-06,-0.010621310502756387,-2.06718095796532e-05,-1.9179436514185418e-05,-2.114622396748243e-06
2011-11-01,9.005619414713305e-07,-0.010771947563625872,-1.8343424699196476e-05,-1.9575346553980264e-05,-3.785818995468471e-06
2011-12-01,3.0947581146291133e-06,-0.00472701431135647,-3.2100520002131816e-05,-9.857971970352362e-06,-5.4552015452502e-06
2012-01-01,5.824186211042061e-07,-0.0062490522395819426,-1.8838910591512104e-05,1.3802528323699684e-05,-6.701423860058752e-06
2012-02-01,1.5941583366679e-06,-0.009422434959560633,-2.358675828872947e-05,-1.9263939503406828e-06,-4.7906234085306176e-06
2012-03-01,2.8351725179296336e-06,0.013931270223110914,-4.628187255661942e-07,-2.6949295226166632e-05,-4.332827173152228e-06
2012-04-01,-2.6369844981907143e-07,0.005645563214784488,-1.123372726397065e-05,-9.780832827415836e-06,-3.131553026877903e-06
2012-05-01,-1.259782609561083e-06,0.027545727789402008,-2.2416415959014557e-05,-5.811012635184362e-06,-2.680161486874388e-06
2012-06-01,-2.268050265670334e-06,0.031424505868926644,-2.1180123894737335e-05,-1.2712763026893998e-05,-1.3228291377513584e-06
2012-07-01,5.165102334201307e-06,0.0360692385584116,-1.7915584749061964e-05,-2.4846366823812085e-05,-2.1408226794049784e-06
2012-08-01,-1.1866714580934104e-06,0.03163113433402032,-7.685752052566386e-06,-1.0522677922171379e-05,-8.644453800239538e-07
2012-09-01,5.214054813086282e-07,0.02862786641344428,-1.7084016690205317e-05,-1.2594014501351361e-05,-3.4541248741906776e-06
2012-10-01,-2.7152121916601043e-06,0.0033040472771972418,-9.644215879234252e-06,1.3113829202036588e-05,-2.627473546498898e-06
2012-11-01,3.0120846558968803e-06,-0.008090914343483746,-8.504382975615954e-07,-1.6483239470779572e-05,-6.102031398139518e-06
2012-12-01,1.7574755537379612e-06,-0.005436780338641256,-1.2327487866059528e-05,-7.596293016831623e-06,-5.710642114906848e-06
2013-01-01,1.8500351808443584e-06,0.006471536471508443,-3.0789326501690084e-05,-1.0862781716871093e-06,-6.910643628263059e-06
2013-02-01,-6.560662353869171e-07,-0.0020892664906568825,-3.991251560364617e-05,-1.4975893673881028e-05,-4.460039404134646e-06
2013-03-01,9.593218191216087e-07,0.008288784010801464,6.441423749947717e-07,7.76742144108329e-06,-4.102481583416833e-06
2013-04-01,6.948189190431505e-07,0.012772668560501188,-3.547988626451115e-05,2.077013575147318e-05,-2.164764692331377e-06
2013-05-01,-1.7012720502748868e-07,0.013294069503899664,-1.9200003862351878e-05,3.1283040431599846e-07,-2.081048736682185e-06
2013-06-01,-1.384652353100086e-06,0.027836073422804475,-2.073311634376296e-05,-1.0793614644801262e-05,-1.9339994157044317e-06
2013-07-01,2.1175276727110592e-06,0.031110341660678387,-9.714236739455373e-06,-6.608295804583647e-06,-1.8488494058629717e-06
2013-08-01,-4.434889598144065e-07,0.027856219094246626,-7.3191347382817185e-06,-2.0961575641055017e-05,-2.0319516442000744e-06
2013-09-01,-3.5471585886024562e-06,0.02225861680926755,-1.0764032367660548e-05,-1.5231545638436308e-05,-2.7315682467658152e-06
2013-10-01,-9.744437725964335e-07,0.008180796430679038,-1.8156556507165078e-05,-5.152278303145207e-06,-5.47920883687811e-06
2013-11-01,-2.739396090034691e-07,-0.012238448834978044,-4.906372623736388e-06,-3.6508138324419492e-06,-4.421644215103753e-06
2013-12-01,2.0458905711193478e-06,-0.0005935638910159469,-3.226742364859092e-05,3.885547637484986e-06,-6.665264764807135e-06
2014-01-01,4.4762320545456226e-07,0.003102135087829083,-1.6135413716256153e-05,8.442386318235478e-06,-5.9777854041250845e-06
2014-02-01,-4.2473075509669525e-08,-0.0021444611775223166,-8.789836414280217e-07,1.0487727964713346e-05,-5.900816165789657e-06
2014-03-01,-1.5071739267211611e-06,-0.004675834497902542,-1.0357041446695803e-05,-6.185067254941364e-06,-4.204044523422779e-06
2014-04-01,-6.362460147671854e-07,0.02037167432717979,-1.9872743450832786e-05,-1.1272196003958994e-05,-3.1552515201417044e-06
2014-05-01,-1.2745941991887436e-06,0.010538426431594416,-2.052505806204863e-05,1.1971472374100882e-05,-3.3182012804933982e-06
2014-06-01,8.917595428901976e-07,0.03139646432828158,-2.2844947125122417e-05,-1.2391820711435195e-05,-3.180710999714269e-06
2014-07-01,4.15437413873753e-06,0.0359969912096858,-1.7857695411294117e-05,-1.1239414841559035e-05,-2.4540457071666034e-06
2014-08-01,1.6765366731520817e-06,0.032020852086134255,-1.776626959326677e-05,-1.0488458184017172e-05,-2.0942312167554284e-06
2014-09-01,-2.7183498263996356e-06,0.017896668578032404,-2.026536378707533e-06,-9.780169071186369e-06,-3.455402405467603e-06
2014-10-01,-2.0907437856333596e-06,0.011204440670553595,-1.255262759514153e-05,-1.153377105275957e-05,-2.836276968239726e-06
2014-11-01,-1.5001294901563291e-06,-0.0058413599617779255,1.4038397466720198e-06,-5.934823723062156e-06,-3.887828679131574e-06
2014-12-01,8.915190622933882e-07,0.0027092908567283303,-1.682412573700276e-06,-8.921544856723183e-06,-5.7407532388166195e-06
2015-01-01,2.132985081645193e-06,0.011229854862904176,-1.8120490494766273e-05,1.5188122513511469e-05,-6.827330797719181e-06
2015-02-01,-9.427541033005093e-07,0.0027506113838171586,-4.26587263291367e-06,2.2110758926338836e-05,-6.246139879227418e-06
2015-03-01,1.1769353758620924e-06,-0.0009856114047579467,-1.1259807024543989e-05,-3.687539709482315e-06,-4.373477291485387e-06
2015-04-01,1.5550895865253784e-06,0.023441029770765454,-2.657404365891125e-05,-1.1431507118686568e-05,-3.408783026383457e-06
2015-05-01,2.2277802896660665e-06,0.024956802371889353,-5.3149102541283355e-06,-9.26107059757879e-06,-4.38944027090106e-06
2015-06-01,1.8371472896132697e-06,0.034865993075072765,-1.3548045671996078e-05,-4.7382417715897855e-06,-9.223372722367964e-07
2015-07-01,4.775763802734241e-06,0.03332618507556617,-5.846459316671826e-06,-1.504958548209218e-05,-2.7735635470620494e-06
2015-08-01,3.962420524646517e-06,0.033640326000750065,3.950216580506094e-06,-1.1716317133575032e-05,-3.76234288804555e-06
2015-09-01,1.107256847202258e-06,0.02518339897505939,-1.143162876360293e-05,-1.1200819034666682e-05,-4.5544447015412585e-06
2015-10-01,-1.5554163629948769e-06,0.012752496695611626,-1.795355274225585e-05,-4.927057681505595e-06,-1.612061849715965e-06
2015-11-01,2.299893509782451e-07,0.006204450619406998,-2.700854565773625e-05,-9.479973729097625e-06,-3.7341705878875308e-06
2015-12-01,-2.3707815224573723e-06,0.02639790764078498,-2.620241275508306e-05,-3.94046450170348e-06,-3.6604566212695822e-06
2016-01-01,-5.38016918989432e-06,-0.006767448940081522,1.0048588592326269e-05,1.061212585157661e-05,-3.4305120061512082e-06
2016-02-01,-2.240473595871905e-06,0.003332502456032671,-1.4780823676119326e-05,5.567843922667984e-06,-3.4942509242727633e-06
2016-03-01,-3.059088552141834e-06,0.0020076009604963474,-4.91431478621962e-06,2.9779202420216348e-06,-1.002686876408579e-06
2016-04-01,-1.308595663493788e-06,0.009027963824337348,-1.9193164462194545e-05,-7.633439753800092e-06,-1.4389799903087638e-06
2016-05-01,6.163864794824346e-07,0.025262049166485667,-1.6128580000440706e-05,-3.9920669573453215e-06,-2.1610799615666985e-06
2016-06-01,4.695723584885339e-07,0.032864880631677806,-8.612810802333115e-06,-2.25154963118257e-05,-1.7451892419535679e-07
2016-07-01,3.618038526096415e-06,0.031001941533759236,-1.535942828922998e-05,-1.647118866598108e-05,-3.390258282504672e-06
2016-08-01,1.1568419225898343e-06,0.03219031204935163,-9.063701327249873e-06,-1.0476657490261669e-05,-4.4224214962238795e-06
2016-09-01,3.2267125242598584e-07,0.02181164745707065,-2.461188614688581e-05,-1.2594062599628858e-05,-3.110745710952791e-06
2016-10-01,-1.9691741563058246e-06,0.00477050562039949,-1.900487802686257e-06,-2.2731656967013034e-05,-2.8695198487319565e-06
2016-11-01,-2.5830586836854437e-06,-0.005168680218048394,-7.273642950167414e-06,-2.090645501504276e-05,-2.3179179017326398e-06
2016-12-01,3.2827321282845755e-06,-0.004074828757438809,-8.877698860487726e-06,-8.420942357098773e-06,-4.496103591929883e-06
2017-01-01,-1.4846842305881146e-06,-0.007279189594555646,1.519269062555395e-05,4.276014264038307e-06,-5.35259454252046e-06
2017-02-01,-1.5014194210270788e-06,-0.01665097806835547,2.879837893488002e-05,7.805407711622627e-06,-5.854176716066259e-06
2017-03-01,4.89278142083793e-07,-0.006439424760174006,-1.2108271221222822e-05,1.2800489037964815e-05,-4.307373546346495e-06
2017-04-01,-1.3218629174559005e-06,0.012808012252207845,-7.269122761499602e-06,-1.382967695917614e-06,-2.7269027600034605e-06
2017-05-01,-2.0372629233576565e-06,0.012161619088146836,-2.2812289444118505e-05,-7.296839699987546e-06,-2.769383043437021e-06
2017-06-01,-4.065805212390967e-06,0.016443972708657384,-1.860535121522844e-05,-9.414960599175314e-06,-1.9003485889428435e-06
2017-07-01,3.349532245272306e-06,0.03675995394587517,-1.825227627705317e-05,-1.8297270379172493e-05,-5.214372569394016e-07
2017-08-01,-1.1810748905349546e-06,0.019717698160093278,-1.49961249462649e-05,-1.688130256437804e-05,-4.29595184512108e-06
2017-09-01,-2.000966016508892e-06,0.019823008915409446,-2.2057661226426717e-05,-5.729800005400858e-06,-2.612418124898133e-06
2017-10-01,1.266665713280882e-06,0.008819805225357413,-1.9918836642318638e-05,-1.2090469261658234e-05,-3.9846395058119035e-06
2017-11-01,8.308462938150169e-07,-0.0094017552328296,6.463667432399234e-06,-1.1606402949837502e-05,-4.935474783979086e-06
2017-12-01,3.0080358431096958e-06,-0.006635520549025387,-1.3331698482943466e-05,-5.1569796911420636e-06,-6.455106195960666e-06
2018-01-01,1.0418085179473032e-06,0.0010045449016615748,-1.3017269111514906e-05,6.095534060407842e-06,-6.355683603661744e-06
2018-02-01,7.004755698894984e-06,-0.015980281750671566,-3.646376626420533e-05,6.494602845263076e-06,-8.082318872990904e-06
2018-03-01,4.330842898037662e-06,0.0018256203475175425,1.325604443991324e-05,-9.716862118344019e-06,-6.87868005452738e-06
2018-04-01,6.691890875480696e-07,0.005315618182066828,-6.386882773767866e-06,-6.284630252104342e-06,-2.14085658194282e-06
2018-05-01,8.477978551904086e-07,0.01667582255322486,-8.11824293123209e-06,-9.853494457974402e-06,-2.750185098036273e-06
2018-06-01,-1.625443661404082e-08,0.031149626011028886,-2.79002006209339e-05,-8.051064854113904e-06,-1.403012857387952e-06
2018-07-01,5.157653211528293e-06,0.030388295999728143,-5.4782282177257e-06,-1.844381446202393e-05,-2.9248203933419088e-06
2018-08-01,3.883103267258783e-06,0.03491786774247885,-5.040415729240522e-07,-1.655254821413949e-05,-4.155224332076434e-06
2018-09-01,1.4734813075925409e-06,0.02192234096582979,-1.007179207590525e-05,-5.288863856269297e-06,-3.2091906554398975e-06
2018-10-01,1.972446873453181e-07,-0.005762927321484312,-2.1234807263681432e-05,-6.702940971501028e-06,-2.4965085059855842e-06
2018-11-01,-3.661271678776577e-07,-0.006547301745740697,-1.826434868235083e-05,-4.739160885947058e-06,-4.256196609309916e-06
2018-12-01,-1.7642964224528187e-06,0.005808092828374356,-1.3098593854010687e-05,-1.1416559923068584e-05,-5.516623862907485e-06
2019-01-01,-1.362798278612962e-06,0.005922417403780855,6.731999633302621e-06,-6.897594263276775e-06,-5.649749984940296e-06
2019-02-01,3.2417453396910515e-06,-0.0030066570616327226,1.6239093270087324e-06,-1.768448258259853e-05,-5.448586683615074e-06
2019-03-01,6.619890146782495e-07,0.004677716788137332,1.248014427801536e-05,-8.202322568160105e-06,-3.256214784886214e-06
2019-04-01,-1.0446939679568927e-06,0.006346859299810603,-1.8793840581565746e-05,-5.888942120271587e-07,-3.7469507569093606e-06
2019-05-01,-4.617680376365917e-07,0.01925877877511084,-9.965997378458269e-06,6.127196719227448e-06,-4.4026311862569545e-06
2019-06-01,2.672710684530001e-06,0.02846818242687732,-2.9366422040766338e-05,8.974946187943435e-07,-1.8093633003939623e-06
2019-07-01,3.374789044880653e-06,0.030342635000124574,-1.5862507325437036e-05,-1.9169960279004252e-05,-3.511404092596085e-06
2019-08-01,1.9746209268559116e-06,0.04127053543925285,-6.43966018287756e-06,-5.8918020001258874e-06,-2.1366162102676304e-06
2019-09-01,7.294916724097288e-07,0.02204232878284529,-2.2656997771264287e-05,-1.1039626840031884e-05,-3.1893042982972724e-06
2019-10-01,-1.1719419578797e-06,0.009572618000674993,-2.7054497877543326e-05,-2.5963983646831293e-06,-3.3742120380069267e-06
2019-11-01,1.4541311613099186e-06,-0.006095212302170694,-1.7996528640651377e-05,-1.526876539733516e-06,-4.782447458188629e-06
2019-12-01,2.6814662543804455e-06,0.00010460134944878519,-4.88269790821505e-06,-2.144415003175919e-05,-5.929230127672602e-06
2020-01-01,-3.6925125046303547e-07,9.46933141676709e-05,-3.499079639368574e-05,-2.424661934478186e-06,-6.227776311003075e-06
2020-02-01,8.777081547017697e-07,0.0009200171916745603,-4.186241312709171e-05,-1.1598216623007409e-05,-4.765837544524672e-06
2020-03-01,4.154843731247377e-06,-0.011194951366633177,-6.112413188930077e-06,-9.767802566784667e-06,-5.152729937873556e-06
2020-04-01,-7.496237694482854e-07,0.009576485172146931,-1.4209216487870435e-05,1.3073936490680073e-05,-2.551858711392273e-06
2020-05-01,-1.6354544705623493e-06,0.0239968576352112,-3.96185498630075e-06,-4.974708645022474e-06,-1.1818454727346514e-06
2020-06-01,-3.257395894267727e-07,0.02055800869129598,-3.1631846013624454e-05,-6.417620240356952e-06,-1.993347657361606e-06
2020-07-01,2.0161878110776215e-06,0.02155547117581591,-9.246381864613795e-06,-2.220859082276897e-05,-2.9861559967146065e-06
2020-08-01,1.8097558854469558e-07,0.018021513824351132,-8.90643946149794e-06,-2.7342581723552518e-05,-1.6948631175609205e-06
2020-09-01,-3.860873154038841e-06,0.015082574100233614,-9.046052440453423e-07,-6.880764675980362e-06,-1.7476550112158653e-06
2020-10-01,4.236262743552093e-07,0.01535532355774194,-2.6444695322425105e-05,-3.540244473644914e-07,-3.3620219808676386e-06
2020-11-01,8.369026795369892e-07,-0.0027475645765662193,-1.905055228235142e-05,-1.2542311476583844e-05,-1.7102665261507042e-06
2020-12-01,-5.178064146273232e-07,-0.008847887511365116,-2.6182788133155555e-05,-1.1597823966160202e-06,-5.1261547233068855e-06
2021-01-01,-6.192627625758709e-07,-0.0036817495129071176,-1.6681092347425874e-05,-4.0127387224996565e-06,-5.649079401022683e-06
2021-02-01,-8.54881594222101e-08,-0.006831160862930119,-3.613122316892259e-05,2.978204896373007e-07,-5.886649887543172e-06
2021-03-01,3.851407889224655e-06,-0.0038252183003351092,-1.162514877250942e-05,-1.05354204676517e-05,-4.684100104772549e-06
2021-04-01,3.0559051255150916e-07,0.014457612996920943,2.7694002824318886e-06,-2.722961329919389e-06,-4.420119267582957e-06
2021-05-01,4.4686163172249227e-07,0.017421203665435314,-2.629544951560092e-05,-3.085171092957003e-06,-2.0948370833880124e-06
2021-06-01,-2.4851689492173684e-06,0.01888441911432892,-1.4177776392898522e-05,-1.3149990361573426e-05,-1.7363416269672373e-06
2021-07-01,2.894394626501071e-06,0.03377670655027032,-1.9445933503448032e-05,-2.1450864551297855e-05,-1.4429912689705323e-06
2021-08-01,7.085587784602725e-07,0.025159906363114715,-1.526802861917531e-05,-2.3727165381177863e-05,-1.8455754495031822e-06
2021-09-01,5.628812696822582e-07,0.01892417494673282,-2.1771618321508868e-05,-2.642481236902173e-05,-4.027829388099763e-06
2021-10-01,-7.089447281969153e-07,0.004727626946987584,-1.5980359648892772e-05,-2.2099603624015937e-05,-4.114052573618491e-06
2021-11-01,7.677137483670296e-07,-0.01029603008646518,-1.4289994396676775e-05,-1.368012711658104e-07,-5.846604634065061e-06
2021-12-01,6.606584834565694e-06,-0.009057526767719537,-5.60112255243439e-06,-1.3373669214790705e-05,-8.49354184964919e-06
2022-01-01,-1.830878216798753e-07,-0.007802768959663808,-2.2270376121014124e-05,1.4086142003249663e-05,-6.52645740271431e-06
2022-02-01,1.0423091791669863e-06,-0.008924964640755206,-3.371654429429327e-05,3.9501392515935895e-06,-6.693685463687871e-06
2022-03-01,-1.7724497692154613e-07,-0.005982717266306281,-1.6823601072246674e-05,-5.987728767510047e-06,-6.281832437382014e-06
2022-04-01,1.0447991160836266e-07,0.008838710346026346,-2.108927674271399e-05,-1.2832225155971872e-05,-3.510713831030758e-06
2022-05-01,-1.4734407731116666e-06,0.021361824474297464,-3.0754756608075695e-05,7.637260506061675e-06,-1.7838708937446944e-06
2022-06-01,-2.6538971474403195e-06,0.017764701624400914,-1.1029411552954116e-05,-3.6053631464920518e-06,-1.148720047588282e-06
2022-07-01,1.9252630787658755e-06,0.02437596704112366,2.878445286569331e-06,-3.0142697281777284e-05,-4.35187033602873e-06
2022-08-01,9.492451826007058e-07,0.025175412883982062,-7.605022460666078e-06,-8.8176079771074e-06,-3.0583027306240612e-06
2022-09-01,-1.8946364179971243e-06,0.012834384688176215,-2.167943620179358e-06,-1.0218583996062918e-05,-2.387355885326138e-06
2022-10-01,-9.372863275213931e-07,-0.000974252907326445,-1.234205797118193e-05,-3.0335367175491856e-06,-3.096090103854519e-06
2022-11-01,-8.762516457778092e-07,-0.0009101720934268087,-1.625006007088814e-05,-7.97860436180669e-06,-1.9399398757898635e-06
2022-12-01,2.8010506577996633e-06,-0.005964742740616202,-1.7028918719574904e-07,4.44695597952187e-06,-7.948936871360746e-06
