,mgu500_cluster1,mgu500_cluster2,mgu500_cluster3,mgu500_cluster4,mgu500_cluster5
1965-01-01,1.2289054,-0.48980254,-0.14273682,0.81894433,-0.32849044
1965-02-01,-0.758004,-0.36042672,-0.28873253,0.6429676,1.1076769
1965-03-01,0.38910446,-0.7042335,-1.5411017,1.688727,-0.27015725
1965-04-01,-0.16620044,-0.21475716,-0.2695055,1.3035328,0.31545505
1965-05-01,0.119925305,0.2610325,-0.18607941,1.6913338,0.34869498
1965-06-01,-0.21312752,-0.14664765,0.49925327,1.2989705,2.4196827
1965-07-01,-0.39268914,-0.24050179,1.5811856,0.08049317,0.88151395
1965-08-01,-0.88477325,-0.14925423,0.87434465,0.28221473,1.1519973
1965-09-01,-0.089292146,-0.053118896,1.1252747,0.19846268,0.21019478
1965-10-01,0.571925,0.5113106,0.23985024,0.4070282,1.5065582
1965-11-01,0.40344334,-0.018575286,0.2046547,1.3054879,0.47676715
1965-12-01,0.038780212,-0.15349083,-0.2176899,1.0535805,1.0398934
1966-01-01,1.1517589,-0.02067833,-0.8195902,0.4736355,0.29114
1966-02-01,-0.61017954,-0.10404892,-1.6972768,0.16903839,-0.5524109
1966-03-01,1.1990238,-0.1920143,-0.19989204,0.6630243,0.8136818
1966-04-01,0.7414713,-0.2159752,-0.10601826,0.51532114,0.36794585
1966-05-01,-0.17724419,0.33216897,0.06269188,1.2823944,0.53403014
1966-06-01,0.09518699,-0.0091903685,0.5668529,1.0634651,2.8286853
1966-07-01,-0.88589287,-0.30492553,1.1688267,0.07024117,1.2370983
1966-08-01,-0.16214561,-0.065317534,0.6206829,0.35022163,1.0920208
1966-09-01,0.13424568,0.023960114,0.40963095,0.5428921,1.595854
1966-10-01,0.5678379,0.32100868,0.22680683,0.69551927,0.98436147
1966-11-01,0.52483976,0.110285185,0.15229873,1.0224361,0.5543804
1966-12-01,1.5174068,-0.10175133,-1.096288,1.1232029,0.7457386
1967-01-01,0.92150724,-0.14008752,-0.07183971,0.36311704,1.1566193
1967-02-01,0.88166887,-0.25111237,-0.5433695,1.6301082,0.9564476
1967-03-01,-0.44475308,-0.15216942,0.28801194,1.0733505,-0.6792118
1967-04-01,-1.3156459,0.19560012,0.3911999,1.5974537,0.5162662
1967-05-01,0.68900794,0.08261566,-0.31642112,1.2846245,0.95938647
1967-06-01,0.365403,-0.062043,0.5779831,0.9090988,0.8085232
1967-07-01,-0.066941455,-0.3941391,1.1876408,0.5913712,0.12245407
1967-08-01,-0.17012978,-0.40556756,0.7611744,0.7043556,1.4413655
1967-09-01,0.56198233,0.012734985,0.20637588,0.3317688,2.799136
1967-10-01,0.5296547,0.0016326904,0.34581012,0.49634704,2.5441048
1967-11-01,0.09567757,-0.19494668,-0.015020942,1.4694481,2.1489866
1967-12-01,-0.122780606,-0.09861641,-0.7389692,1.1585785,0.25176543
1968-01-01,0.44016513,0.088616945,-0.73081285,1.3318008,-1.4463097
1968-02-01,1.6020267,-0.16921082,-0.811042,0.7716568,-2.7565942
1968-03-01,0.68923986,-0.66553575,-1.2767346,1.0892906,0.8066658
1968-04-01,-0.7618103,-0.16373977,-1.3314365,1.7311223,2.1205974
1968-05-01,0.8704842,0.038655855,-0.31982175,1.1910355,0.53498113
1968-06-01,0.5987999,-0.12836608,1.0086972,0.24396858,2.204473
1968-07-01,0.28080177,-0.13310699,0.67538226,0.39385146,1.4794953
1968-08-01,-0.5882244,-0.13675384,0.9095047,0.25892106,1.250843
1968-09-01,-0.14441185,-0.013492584,0.43031922,1.3179429,1.3183079
1968-10-01,0.94852525,-0.03209152,0.43505973,1.1691548,0.9029404
1968-11-01,2.313147,-0.008387375,-0.81724167,0.87668383,0.84021604
1968-12-01,0.5667084,-0.24433365,-0.47262153,0.831464,0.07986412
1969-01-01,-0.76131517,0.24945907,0.37584764,1.0645144,-1.3189495
1969-02-01,0.3313961,-0.035826493,-1.0847498,1.3139734,1.401218
1969-03-01,0.26637727,-0.35163155,-1.4858086,1.2336956,0.99750537
1969-04-01,-0.04146614,0.033835985,-0.74141157,0.5519949,2.7248116
1969-05-01,0.8624924,0.007629776,0.07364388,0.5845043,1.7710946
1969-06-01,1.1086338,-0.23751679,0.32044888,1.198864,0.6299509
1969-07-01,0.011610413,-0.42792892,1.5302601,0.46242866,0.70259935
1969-08-01,-0.1778057,-0.13202743,1.0456059,0.151268,0.41101074
1969-09-01,-0.037485503,-0.0991867,0.20036355,0.6515133,2.1562302
1969-10-01,1.2366813,0.49128875,0.3841408,1.0582116,1.6271244
1969-11-01,1.1242253,0.044451524,-0.8190357,1.5133419,0.39608306
1969-12-01,2.5529766,-0.5019039,-0.48963013,1.5737165,0.4385437
1970-01-01,0.81501234,-0.6323086,-0.30483896,0.38770503,-1.957494
1970-02-01,1.3458188,-0.25891382,0.004326439,0.6256527,-0.30716896
1970-03-01,0.7943794,-0.38737258,-1.1062067,1.0439746,1.3105427
1970-04-01,-0.1411045,-0.04259758,-0.4835495,2.279971,1.6493267
1970-05-01,0.342445,-0.26257437,0.24759865,0.85894126,2.4210758
1970-06-01,0.418322,-0.32647094,-0.006655884,0.5078434,2.81943
1970-07-01,-0.118141554,-0.19934388,1.0210117,-0.19634858,1.9894421
1970-08-01,0.34610596,-0.05657501,0.63130987,0.49053842,0.5258144
1970-09-01,-0.09418068,0.119140625,1.0403137,0.4852131,1.5474918
1970-10-01,0.34311065,0.26091042,-1.20305,1.7558209,0.9877323
1970-11-01,0.80136794,-0.22496872,-0.6848898,1.3261837,-0.2619087
1970-12-01,0.44794083,-0.042930603,-0.07787399,2.031374,2.1325436
1971-01-01,-0.1861744,-0.1688633,-0.13391495,1.603713,-0.55264413
1971-02-01,1.4874353,-0.17408943,-0.97104627,1.242796,-0.53370017
1971-03-01,1.5122589,-0.15155259,-0.49123916,1.7614712,0.7505768
1971-04-01,-0.3841072,-0.19238015,-0.88024557,1.182044,2.399037
1971-05-01,-0.40827712,0.3194359,-0.8668541,1.6131849,2.445417
1971-06-01,0.25672454,-0.30473787,1.0513954,0.64377135,2.0603302
1971-07-01,-0.0039196014,-0.13326187,1.605346,0.062384795,0.8603218
1971-08-01,-0.53729284,-0.09831314,-0.22928849,0.57942694,1.1333774
1971-09-01,-0.19172707,0.0029396056,1.4368093,0.42754784,1.4805768
1971-10-01,-0.2544384,-0.014044953,0.19597301,1.5040932,1.4890686
1971-11-01,0.8720802,0.0029396056,-0.3429529,1.5488403,1.9551579
1971-12-01,0.017964173,0.0032665252,0.21883659,1.5031135,1.3349034
1972-01-01,0.1715765,0.095256425,1.0463867,1.2799374,0.33540612
1972-02-01,0.15407448,-0.47226563,-0.07373772,1.176934,0.4071354
1972-03-01,1.3407638,-0.38676453,0.42119426,0.473987,-1.6580942
1972-04-01,-0.38762513,0.57985955,-0.30757505,2.0161667,0.8234522
1972-05-01,0.27802277,-0.040455244,-0.2662592,1.8543456,1.4495054
1972-06-01,-0.7812754,-0.3701229,0.43267077,0.38590354,1.3769153
1972-07-01,-1.0945889,-0.27084962,1.5077496,0.32106018,0.73823774
1972-08-01,-0.3015499,-0.3483177,0.6596222,0.4871853,1.3215402
1972-09-01,0.021805573,0.07631989,0.9709276,0.47456092,0.55834085
1972-10-01,-0.017214965,0.31847802,0.41287383,1.2960049,0.3933634
1972-11-01,0.58617175,-0.11419296,-1.991779,1.6268202,1.8933661
1972-12-01,0.81312335,-0.16555099,-0.30441934,1.404746,-0.84411013
1973-01-01,1.3108504,-0.31568718,-0.7839619,1.4162915,-0.37302667
1973-02-01,1.203179,-0.5632038,-1.3114872,1.428078,0.5514172
1973-03-01,0.2322258,-0.28638,-2.0123067,1.414699,2.2228706
1973-04-01,0.58709526,-0.08951378,-1.3675528,1.4758612,1.2783577
1973-05-01,-0.65335464,-0.13411102,-0.50108564,1.5985047,2.5936675
1973-06-01,0.54440916,-0.15195008,0.61034966,0.7406384,2.4697502
1973-07-01,-0.36060295,-0.23764153,0.7683525,0.19017677,1.7329346
1973-08-01,0.07932015,-0.20705986,0.89895976,0.4338707,0.28160173
1973-09-01,0.38672486,0.05702095,0.3727085,0.8995968,1.5937262
1973-10-01,0.2726822,0.030262375,0.51319087,0.7979782,1.2984266
1973-11-01,0.09142494,-0.071993254,0.4020155,1.1958523,0.95056534
1973-12-01,1.6851513,-0.22649193,-0.705279,0.9932518,1.2646602
1974-01-01,1.652124,-0.04306183,-0.11603661,1.4585106,-1.3572662
1974-02-01,0.9651089,-0.5072082,-1.0653665,1.9736078,1.8125372
1974-03-01,1.5281985,-0.31721038,0.63705045,1.5212952,0.19361344
1974-04-01,0.5542145,0.20643349,-0.87767065,1.1850193,1.9012903
1974-05-01,-0.060155105,0.25048065,0.77741206,1.1580646,1.7918282
1974-06-01,-0.8638641,0.12129593,0.65874594,0.5584877,2.3680663
1974-07-01,-0.71758574,0.32707137,0.88227236,-0.023339082,1.4529225
1974-08-01,0.3997181,-0.20774765,0.51805574,0.47433624,0.759333
1974-09-01,0.3448227,0.03451538,0.34186402,0.7261326,0.24456444
1974-10-01,0.08941078,0.032542802,0.14529228,1.0663532,2.204366
1974-11-01,0.24785157,0.14003296,-0.6107534,1.1468884,2.467996
1974-12-01,1.2287384,-0.36060104,-1.1426151,1.2629248,2.4614215
1975-01-01,0.8097786,0.23973504,-0.13174286,1.0957502,1.067248
1975-02-01,1.1283696,-0.18304749,-1.138187,1.1160185,0.44368362
1975-03-01,0.25683632,0.04402008,-1.2354107,1.2483956,1.9172462
1975-04-01,-0.5538925,0.02216835,-1.4586776,2.377398,0.717305
1975-05-01,0.45571786,-0.08202286,-0.44463405,1.6189235,1.6439419
1975-06-01,0.16942939,-0.26222,0.8582323,0.88356745,1.4190918
1975-07-01,0.088990405,0.078855895,-0.02058487,0.14092751,1.5888379
1975-08-01,-0.5982292,-0.08677292,1.1875908,0.35216027,0.8990852
1975-09-01,0.3470932,0.11115875,0.69703674,0.6922859,0.52729034
1975-10-01,0.13554382,0.29958916,0.68151873,0.840181,1.897928
1975-11-01,1.1077846,-0.17322998,-0.8075617,1.3088833,1.9270637
1975-12-01,0.85728186,-0.17798042,-0.07505588,1.1524382,0.95703965
1976-01-01,1.3984044,-0.14566001,-0.18871918,0.985981,0.38618392
1976-02-01,0.549337,0.09486427,-0.20251103,0.9721886,1.1198677
1976-03-01,0.06088791,-0.30914918,-0.853104,1.703517,1.0690714
1976-04-01,0.19511032,0.113702394,-0.15642491,1.1033837,2.3914497
1976-05-01,-0.3855114,-0.082753755,-0.7222454,1.1797459,1.6318642
1976-06-01,-0.40535927,-0.12547608,0.77775115,1.003474,0.9711796
1976-07-01,-1.1168396,-0.10361099,0.45850945,0.3747471,2.5885787
1976-08-01,-0.7437744,-0.20318452,0.9671429,0.22807732,1.2867206
1976-09-01,-0.29703903,-0.34749833,0.1927559,0.86588705,2.361847
1976-10-01,0.51435167,0.042049788,-0.6243534,1.526572,1.0031376
1976-11-01,1.332807,-0.13489532,0.29098397,0.9001997,0.5735577
1976-12-01,0.8682419,-0.09587326,-0.09183655,1.5292633,1.3540001
1977-01-01,1.6460301,-0.48828888,-0.9507486,1.587294,-0.8640598
1977-02-01,2.15378,-0.40973815,-0.9174883,0.84353715,0.056259155
1977-03-01,-0.048474886,-0.050952148,-0.9089966,2.4106624,1.7539489
1977-04-01,0.19106941,0.015568542,-0.7543713,0.58240855,1.4294841
1977-05-01,0.29615784,-0.20522308,-0.14577904,1.3905624,1.339257
1977-06-01,0.41539916,-0.14860992,0.8074463,0.43450698,2.2238383
1977-07-01,-0.90298116,-0.36020127,1.3261646,0.3400337,1.0020542
1977-08-01,-0.11039581,-0.18222351,1.5232499,0.30252686,1.5409416
1977-09-01,-0.34604836,0.14294891,0.8247841,0.50385743,0.7678169
1977-10-01,0.44653663,0.12348785,0.48722762,1.0586674,1.8385147
1977-11-01,1.1772015,-0.0346756,0.1358717,0.9574715,0.7848011
1977-12-01,1.3753479,0.23282242,-0.561179,1.7111351,-0.49642715
1978-01-01,1.9591805,-0.032307435,-0.79883957,1.2491004,-0.54412234
1978-02-01,1.6537918,-0.06359406,-0.6332222,0.26389924,-0.44652024
1978-03-01,1.0845039,-0.06699524,-1.2297161,1.1021875,0.8828384
1978-04-01,0.31082955,-0.11596604,0.32579327,1.4058762,1.2820883
1978-05-01,0.04420967,-0.19724426,-0.23125228,1.4657295,1.4375029
1978-06-01,-0.09454117,-0.060193636,1.2946713,0.5764297,0.4468605
1978-07-01,-0.18466148,-0.10576401,1.8796024,0.56588745,0.614518
1978-08-01,-0.6454651,0.099982455,1.0692002,0.3944885,0.9236477
1978-09-01,-0.4869896,0.13296966,0.57268906,0.6505661,1.783701
1978-10-01,0.19486389,-0.40231055,1.0144482,0.923988,1.4592679
1978-11-01,-0.18976288,-0.019044494,-0.19418374,1.7085438,0.34211692
1978-12-01,0.07073593,-0.106444165,-0.01564331,1.7731587,0.6995373
1979-01-01,0.50573444,-0.03300209,-1.1952102,1.9117419,-0.12784615
1979-02-01,-0.6704475,0.05827408,-0.5660898,0.62703955,1.1182054
1979-03-01,0.17482166,-0.24052887,-1.2210767,0.68620527,0.5277359
1979-04-01,-0.4450821,0.3160469,-0.86191905,1.1241518,1.4277111
1979-05-01,0.65439224,-0.16173974,-0.3014784,1.1089885,1.9991528
1979-06-01,-0.2369606,0.03835373,0.6722315,0.63625604,0.47986794
1979-07-01,0.15668564,0.034785844,0.7373436,0.32199326,0.69125974
1979-08-01,0.016649628,-0.05143585,0.71266633,0.23279838,0.030623626
1979-09-01,-0.3344803,0.11089897,0.79502296,0.56608963,1.8002484
1979-10-01,0.86370313,0.29672164,0.064517595,1.0239563,1.5876675
1979-11-01,1.1963997,0.11179085,-1.1283143,1.1262327,1.5478268
1979-12-01,1.276972,0.096925355,-0.45251504,0.7878874,-0.5072212
1980-01-01,0.49666405,-0.053346634,0.3491169,1.0973206,-1.9309466
1980-02-01,1.5713631,-0.36363524,-0.6155125,1.410648,-1.7081063
1980-03-01,0.115471646,-0.35688248,-1.7276891,2.2753367,2.1787724
1980-04-01,0.9342419,-0.24883842,-1.2195454,1.1226435,2.6970453
1980-05-01,-0.20798454,-0.06651459,-1.0250664,1.2789695,1.8151371
1980-06-01,-0.63306963,-0.04423065,1.5791289,0.37005082,0.29745826
1980-07-01,-1.1310844,-0.15497513,1.4788506,0.2198021,0.9173603
1980-08-01,0.4838341,-0.27179796,1.0699723,0.20528336,-0.7019474
1980-09-01,-0.700597,-0.2859787,1.1358112,0.22587891,1.6074902
1980-10-01,1.0983334,0.00405159,-0.33223495,1.4677086,2.3074121
1980-11-01,2.0163689,-0.18063584,0.29340667,0.93019027,0.64488715
1980-12-01,1.8029823,-0.07664375,0.17827263,0.9210743,-2.0187325
1981-01-01,2.3296788,-0.20371398,-0.24702606,0.47239572,-1.7394593
1981-02-01,0.8845951,0.10020523,0.0025693893,1.3368031,-0.4562458
1981-03-01,1.2670631,-0.27859268,-1.787543,1.3804824,1.0648178
1981-04-01,0.8210949,0.03927498,0.15049133,1.0508702,1.0894104
1981-05-01,0.8651417,0.22610398,-0.29694518,0.9811298,0.8897339
1981-06-01,0.62288743,0.0466156,1.1995258,0.43899384,2.8108838
1981-07-01,-0.20371361,0.042945098,0.7128147,0.22280121,0.30942497
1981-08-01,0.31493074,-0.18426056,0.6680344,0.5630577,0.89744186
1981-09-01,-0.49882394,-0.16150284,0.17288132,0.7697083,2.7393088
1981-10-01,-0.6100403,0.08992767,0.12443046,0.856332,1.2112716
1981-11-01,1.2241185,-0.19490471,-0.64123976,1.2428379,1.5430863
1981-12-01,1.9908898,-0.1376442,-0.1336071,0.48304024,0.6327976
1982-01-01,0.5422422,-0.30444488,-0.26626816,1.502166,0.24815026
1982-02-01,-0.09738388,0.068265535,-0.37465173,1.5846668,-0.8832464
1982-03-01,-0.6752144,-0.12585449,-0.8466873,1.4740185,0.9913063
1982-04-01,-0.57880133,0.21838531,-0.5351246,1.8826416,1.0048952
1982-05-01,-0.14235458,-0.033000566,-0.4577999,1.4733713,1.0796314
1982-06-01,0.013264847,-0.106442645,0.06438313,1.4995778,0.9748064
1982-07-01,-0.30315095,-0.069560245,0.8538052,0.38079873,1.4309887
1982-08-01,-0.15497284,-0.17373733,0.9761009,-0.0058235168,0.6904205
1982-09-01,-0.4131523,-0.19541435,1.0747783,0.53415376,1.1880147
1982-10-01,0.22970848,0.40797576,-0.18603173,1.1278378,0.9117174
1982-11-01,0.71921504,0.079912566,-0.21159077,1.2601627,1.3041636
1982-12-01,1.5717258,0.11323662,-0.53674203,0.74153864,1.2714866
1983-01-01,2.3726203,0.072883606,-0.2437046,-0.41940576,-0.79618835
1983-02-01,2.4913814,-0.24175262,-0.8391369,-0.1955494,-1.981197
1983-03-01,2.6342204,-0.36279067,-1.106919,0.20498505,-1.1173317
1983-04-01,-0.41224784,0.02798233,-1.6213341,0.941955,1.2377192
1983-05-01,0.69109267,0.0061820983,-0.8440176,1.5933517,1.3704712
1983-06-01,0.17342377,-0.23589477,-0.17830428,0.7073612,2.8564503
1983-07-01,-0.62634313,-0.1587822,1.0665725,0.10346909,1.8832592
1983-08-01,-0.23947449,-0.11225357,0.61820906,0.17928085,0.09793739
1983-09-01,-1.1488922,-0.052710723,1.2331638,0.6722206,1.4075638
1983-10-01,0.39207458,0.31561202,-0.40541458,1.0688508,1.9672054
1983-11-01,2.0192654,-0.030585099,-0.3048746,1.4046357,2.0976799
1983-12-01,1.305722,0.11322975,-0.48740882,1.824692,-1.0193936
1984-01-01,1.483506,-0.4200035,-0.17367534,0.78084695,-0.44768143
1984-02-01,2.0235603,-0.12939148,-0.7846527,0.55839044,1.1731735
1984-03-01,1.5789931,-0.60025215,-1.6371155,0.6303514,0.46601716
1984-04-01,0.96628535,-0.33212814,-1.293916,1.0908334,2.7130723
1984-05-01,0.65110934,-0.19512482,1.3125985,-0.032175064,2.4674356
1984-06-01,0.31413764,-0.106557466,1.0434364,0.3532322,2.7815738
1984-07-01,-0.02698555,-0.020758057,1.0787251,-0.40028343,0.8697609
1984-08-01,-0.64592016,-0.21034852,0.55596846,0.076804355,0.8524624
1984-09-01,-0.015222549,-0.11382294,1.639883,0.23387375,1.4679371
1984-10-01,0.60578805,0.08199425,-0.56703985,1.2752339,1.3935547
1984-11-01,1.1551834,-0.22107276,-0.0972168,1.7232612,2.5978653
1984-12-01,0.7016209,0.10033035,0.25670737,1.3049873,-0.19028206
1985-01-01,1.3711865,-0.5536804,-0.8083599,1.0243447,-0.7260464
1985-02-01,0.3830738,-0.18362197,-0.22266845,1.2807825,0.13226394
1985-03-01,0.060855865,0.021809768,-0.5255396,1.5069683,2.4894528
1985-04-01,0.046784975,-0.17447624,-0.087589644,0.17553177,1.075351
1985-05-01,-0.20754242,-0.010552978,-0.60750085,1.2199265,0.8664013
1985-06-01,-0.08794174,0.050302126,0.9758011,0.20332107,1.5463663
1985-07-01,-0.20226593,-0.13507767,1.1312816,0.16884765,1.1393722
1985-08-01,0.2902073,0.03658371,1.1063064,0.3471939,-0.07598114
1985-09-01,-0.7267502,0.07387085,0.98846436,0.73659974,0.4337284
1985-10-01,-0.49915695,0.19347191,0.26699066,1.1108792,1.4640529
1985-11-01,0.41543618,-0.10236435,0.5251877,1.1136932,-0.49388045
1985-12-01,1.4330971,-0.30568543,0.21211529,0.7798668,-0.07738838
1986-01-01,2.3132463,-0.0049957274,0.5288559,0.4599182,-0.64741594
1986-02-01,1.506308,-0.2590992,-0.6124474,0.64341927,-1.9162712
1986-03-01,1.3707634,-0.65041316,-0.051287077,0.6527445,-0.37399596
1986-04-01,0.26875764,0.36733514,-0.3786583,1.2821766,1.6365232
1986-05-01,0.42428398,0.022979354,-0.20081863,0.945813,1.2462089
1986-06-01,0.6617363,-0.031304933,-0.13587722,0.4629158,2.2046776
1986-07-01,-0.60545385,-0.053951263,1.5023113,0.19082794,0.82592165
1986-08-01,0.7186848,-0.11123276,0.97178996,0.5818081,0.78196144
1986-09-01,-0.37399596,0.24511185,1.0070912,0.77063787,0.4539238
1986-10-01,1.1273162,0.32803765,-0.12721863,1.1376404,0.94448125
1986-11-01,0.39131355,0.27708322,-0.47124138,1.9429134,1.4969829
1986-12-01,2.0131838,-0.065274045,-0.66273534,1.4197193,0.5311874
1987-01-01,2.0169597,-0.083359145,-0.4598093,1.2120432,0.028009033
1987-02-01,0.4921524,-0.2694172,-0.81658685,1.0466585,-0.8796066
1987-03-01,0.66520655,-0.37544975,-1.0553277,-0.08502655,0.4287998
1987-04-01,0.2567463,-0.15071373,-0.6518692,0.23540649,1.9075925
1987-05-01,-1.1200145,-0.13971023,-0.83959424,0.5401676,1.6965269
1987-06-01,-0.7258919,-0.3050949,0.59985316,0.5838482,1.671519
1987-07-01,-0.79791415,-0.17338791,0.65653723,0.3454407,1.7542114
1987-08-01,0.08169212,-0.1573822,0.8806065,0.39845735,0.31409758
1987-09-01,-0.2814209,-0.07569046,-0.36544687,1.3150753,0.9176186
1987-10-01,-0.08369293,0.20639762,0.47981566,0.9536297,1.7952244
1987-11-01,1.1920369,-0.043013,-0.6858797,1.0293198,1.7075303
1987-12-01,1.1626943,-0.27908668,-0.6632061,1.2810644,1.1376865
1988-01-01,1.7856003,-0.3320263,-0.33736515,1.4081917,0.065070346
1988-02-01,1.0261114,0.076416396,0.07274532,1.2730453,0.5903061
1988-03-01,0.4301327,0.002335739,-0.63668954,0.2409275,2.0472171
1988-04-01,0.8842907,-0.27896842,-0.93134177,0.9360138,2.2113948
1988-05-01,0.21356468,0.04705124,-0.958371,1.0534744,2.3265195
1988-06-01,0.54959524,0.058730315,0.1501625,0.75415003,2.6178353
1988-07-01,-0.15249825,-0.10711594,0.53925055,0.49653777,1.9524475
1988-08-01,0.44281274,0.21122818,0.7047634,0.4584961,0.6036537
1988-09-01,0.10911827,-0.020688629,0.5415863,0.63668936,1.3624756
1988-10-01,0.69642067,0.26061553,0.50855064,1.3701503,1.7011757
1988-11-01,0.56561244,-0.12747154,-0.6500374,1.7128551,2.0562267
1988-12-01,1.1869519,-0.2679569,-0.58096254,1.4192038,0.46617126
1989-01-01,0.54470444,-0.08741798,-0.42051086,2.0416625,1.7396181
1989-02-01,0.8548878,-0.009344864,0.57484895,1.4559618,-0.30716878
1989-03-01,0.8919651,-0.39971122,0.74456024,0.77982867,0.8687542
1989-04-01,0.7309952,-0.2598423,0.73400974,0.43950158,0.66799414
1989-05-01,-0.42141494,0.27521592,0.3430403,0.9404972,1.0547434
1989-06-01,-0.10610733,-0.022909546,0.3879551,0.90884554,1.858386
1989-07-01,-0.26376113,-0.16760139,0.45577925,0.2984268,0.819619
1989-08-01,-0.07083855,0.0030143738,0.89166373,0.0054260255,1.1825546
1989-09-01,0.12570114,-0.012660598,0.83378696,0.2746128,1.1403528
1989-10-01,-0.5254124,-0.044914626,0.20528165,0.80032694,0.8449402
1989-11-01,1.1683868,-0.16066818,-0.0039186478,1.9337463,0.32133657
1989-12-01,0.7942982,-0.32073364,-0.3273653,0.7734987,-0.61674917
1990-01-01,1.1583977,0.2651909,-0.18399048,0.9147959,1.1732199
1990-02-01,0.051878165,0.1224453,-0.7465946,0.9054514,-0.2755022
1990-03-01,0.49719277,0.12663421,-0.6347826,1.1148975,0.8912735
1990-04-01,1.0237077,-0.0051555634,-0.68601626,0.6412271,0.6682938
1990-05-01,0.3776474,0.1392006,-0.5890268,1.7496803,1.2905098
1990-06-01,-0.365403,-0.11181183,1.7848024,0.23167953,2.0474157
1990-07-01,-0.4710926,-0.07217865,0.8252174,0.31030235,1.4857785
1990-08-01,-0.093445204,-0.08248977,0.8290844,0.28678018,0.5948269
1990-09-01,-0.27775764,-0.045755766,0.758839,0.57581556,1.865359
1990-10-01,-0.20106812,0.21170159,0.7910616,0.68311614,1.9449484
1990-11-01,0.1968792,-0.106011964,0.29419118,1.5760009,0.023200225
1990-12-01,0.02191124,-0.3012802,-0.7369278,1.6162794,-0.12341213
1991-01-01,1.1370499,-0.34101868,-0.82300454,1.1771886,-0.41134185
1991-02-01,2.018497,-0.2013359,-0.4360672,1.2902197,-1.5821087
1991-03-01,-0.90263975,-0.2536766,-1.8688595,2.6404862,0.7440113
1991-04-01,0.50189435,0.28032914,-0.7510761,1.3717813,2.405755
1991-05-01,0.23826332,0.27422792,-0.11559944,1.0060371,1.3184773
1991-06-01,-1.0625527,-0.15413284,0.13037033,0.57157594,1.8695018
1991-07-01,-0.20454673,-0.037890624,0.5985489,-0.056193925,1.291825
1991-08-01,-0.45565492,0.1464264,0.583778,0.510886,1.2487965
1991-09-01,-0.42771834,-0.24982338,0.6932762,0.21514359,2.3514874
1991-10-01,0.17885819,0.5189136,0.727956,0.99062383,0.31725636
1991-11-01,1.5737594,0.16505012,-0.6515322,1.3406337,1.484491
1991-12-01,0.64671516,0.24019012,-0.51602364,0.9983305,1.4343977
1992-01-01,2.067595,0.25516242,-0.7054302,0.2558115,-0.41618118
1992-02-01,1.124533,-0.06427727,-0.77165526,0.23535995,-1.1534256
1992-03-01,0.9508535,-0.24120331,-1.1388166,1.5076011,0.6093384
1992-04-01,1.4871492,-0.11070023,0.2431511,0.081158444,-0.46649933
1992-05-01,0.8242462,0.19575462,-0.17043304,0.2356842,-0.9099495
1992-06-01,0.30645484,-0.1941307,-0.33794403,1.530001,1.7903576
1992-07-01,0.5875877,-0.07174454,1.2274418,0.14511147,0.7378933
1992-08-01,-0.57849807,-0.23860589,0.91416967,0.16816063,1.3193134
1992-09-01,-1.0248703,-0.040903855,1.081681,0.371706,1.1310253
1992-10-01,1.0238965,0.21393394,-0.2678234,0.67394066,1.3598925
1992-11-01,0.98851126,0.04869499,-1.5147431,1.6127825,0.64082795
1992-12-01,0.26490173,0.15420112,-0.8197014,1.8653481,1.1505035
1993-01-01,-0.53940886,0.06258507,-0.32717723,1.6284508,-0.2859703
1993-02-01,0.7609352,-0.23360977,-1.1838493,1.8936627,0.09108925
1993-03-01,0.9629423,-0.3649761,-0.9898974,0.63917315,1.0143738
1993-04-01,1.7090057,-0.028813934,-0.33709183,0.4219843,1.6055237
1993-05-01,0.86317825,0.16637687,-0.25653687,-0.14871712,1.9218571
1993-06-01,0.2661415,-0.014252091,1.1934536,0.458234,1.6296899
1993-07-01,-0.481781,-0.17877045,1.3164552,0.21099205,1.0639458
1993-08-01,0.057318114,-0.09790535,1.395771,0.18651581,1.1891161
1993-09-01,-0.026335526,-0.13570404,1.1026745,0.65497434,0.013942337
1993-10-01,0.0021686554,0.15677261,-0.1093689,1.5221802,1.0583693
1993-11-01,0.32717744,-0.06165581,-0.37458077,2.0860653,0.77425784
1993-12-01,1.1578238,-0.05019188,-0.88920385,1.9302223,1.384927
1994-01-01,0.4639969,-0.09494515,-1.0242398,1.315579,-0.1599762
1994-02-01,0.40969563,-0.16517906,-0.85158193,1.9876751,0.5660957
1994-03-01,0.5117947,-0.25752336,-0.5426844,1.4596227,0.755661
1994-04-01,0.70136034,0.022761155,-0.20062084,0.71111524,1.781852
1994-05-01,0.8262199,0.23378678,-0.8967789,1.5399363,1.8101403
1994-06-01,-0.46432227,-0.035441972,1.3747574,0.03414154,1.6248016
1994-07-01,-0.08356476,-0.18403816,1.1803143,0.21948013,0.39083672
1994-08-01,-0.1362404,-0.062429808,1.243069,0.106650926,0.21948013
1994-09-01,-0.44156113,0.08031349,0.80183333,0.41262245,1.2703823
1994-10-01,-0.015607452,0.2731308,-0.20354728,1.3542725,1.9385769
1994-11-01,-0.236063,-0.020809937,-0.46562234,1.8384291,1.5513166
1994-12-01,1.6752008,-0.22143097,-0.36514968,1.8621652,1.5539181
1995-01-01,2.7497096,0.04373474,-0.9562546,1.1672904,-0.4803833
1995-02-01,0.39950943,-0.3738247,-0.0100658415,1.2974517,-2.1957412
1995-03-01,1.2797501,-0.26067084,-0.33633786,0.9211979,-1.7587448
1995-04-01,0.6049919,0.15827636,-0.8778105,0.50849855,1.2162311
1995-05-01,0.6223465,0.2148529,-0.69419557,1.8653038,1.6365665
1995-06-01,0.5845127,0.16903687,0.28635558,1.19124,1.9611031
1995-07-01,-0.15272292,0.0124961855,1.1443818,0.47482985,1.1180023
1995-08-01,0.16938362,0.2585884,1.1475055,-0.01423111,-0.13883896
1995-09-01,0.46511117,0.07601471,0.49773827,0.441856,1.3113358
1995-10-01,-0.12738495,0.31447068,0.9618082,0.62373465,2.223856
1995-11-01,1.1804798,0.019784546,0.45088005,1.2651718,0.36167604
1995-12-01,2.134652,-0.085385896,-0.9100906,0.5272419,-0.5091923
1996-01-01,1.1594439,-0.17608452,-0.47099304,1.6258034,-0.46768302
1996-02-01,0.62754977,-0.26611328,0.13868332,1.1021836,-0.7450495
1996-03-01,0.4643734,-0.51038057,-1.2742962,1.0392959,-0.044351958
1996-04-01,1.5672188,0.026147842,-0.008936691,0.10260544,1.0111622
1996-05-01,1.3318876,0.1234581,0.8370636,0.93602866,0.2283804
1996-06-01,-0.5302399,-0.03409195,1.181289,0.18270417,1.3385074
1996-07-01,-0.17211266,-0.048654936,0.8519581,0.4570919,0.943972
1996-08-01,0.8211762,-0.20256348,0.76590157,0.22970429,-0.43954962
1996-09-01,-0.4418663,0.23169021,-0.09962654,0.73743665,1.2004864
1996-10-01,0.20355645,0.2763733,0.22209167,1.1313102,1.1710287
1996-11-01,0.7420708,-0.5242817,0.09863396,1.0333382,0.20951423
1996-12-01,0.8877045,-0.24526063,0.454113,1.3073946,-0.09896507
1997-01-01,1.0376961,0.07814483,-0.44737816,0.7723301,-1.5788482
1997-02-01,1.3466934,-0.051770784,-0.73455966,1.451863,0.52096444
1997-03-01,0.43988913,0.05893402,0.34481353,0.5313839,0.94717884
1997-04-01,1.6967163,0.14098588,-0.41742286,0.50631255,0.006512451
1997-05-01,0.620599,0.018559266,0.2529934,0.47277528,-0.37509423
1997-06-01,0.7837261,-0.34383622,-0.22173576,1.046162,2.4745812
1997-07-01,-0.5431053,0.021489715,1.1825893,0.20447846,1.0126247
1997-08-01,0.43240052,-0.13186875,0.9240608,0.32950974,0.16866226
1997-09-01,-0.1481491,0.08074951,1.1217015,0.08823852,1.5645218
1997-10-01,0.38030395,0.102565005,-0.21880531,1.2105916,1.4629338
1997-11-01,1.0165322,0.24778366,-1.1181202,1.3043648,0.7902378
1997-12-01,1.0806758,-0.0094421385,-1.4766086,0.6030167,1.1513317
1998-01-01,2.1509514,0.1079731,-0.3644905,-0.18846187,-2.1830165
1998-02-01,2.1100526,-0.16359559,-1.3820537,0.44203454,0.31573945
1998-03-01,1.373874,0.06969185,-1.0175629,0.9900793,0.24244842
1998-04-01,0.6520912,0.11647987,-2.123795,1.6667095,1.5217638
1998-05-01,-0.9881161,0.13938293,-0.25226402,1.66082,1.7282215
1998-06-01,-0.6589619,-0.09521256,1.061734,1.0964161,2.0959833
1998-07-01,0.32849923,-0.006543732,0.8850506,0.54542696,0.7286537
1998-08-01,-0.0081798555,-0.057585906,0.8556038,0.41193312,0.6612526
1998-09-01,-0.05954895,0.032719422,0.9324932,0.15999603,1.2145321
1998-10-01,0.029120255,0.081797406,0.13153057,0.72898066,2.3178184
1998-11-01,1.1477848,-0.25848085,0.07590809,1.4831555,1.9117752
1998-12-01,1.0973976,-0.10306511,0.036318015,1.7894058,1.158582
1999-01-01,1.139067,-0.25105438,0.0036626817,1.2312979,1.2512757
1999-02-01,1.6714752,-0.03629303,0.044284057,1.1607097,1.925526
1999-03-01,0.82441676,-0.24839059,-0.5780241,1.1876796,2.2678123
1999-04-01,-0.08091011,0.13551597,-1.0142059,1.6954485,1.5203098
1999-05-01,0.279023,-0.018978883,-0.8170916,1.4344056,1.0391781
1999-06-01,-0.24872322,0.010321808,0.2753605,1.1870133,2.2714748
1999-07-01,-0.008990097,-0.103551485,0.9099884,0.26703644,0.41187516
1999-08-01,0.5623749,0.1574913,1.3488338,0.10321846,0.6572693
1999-09-01,-0.34261894,0.05727005,0.7711426,0.7764702,1.8439499
1999-10-01,0.6019974,0.19345169,-0.021309663,1.1856819,1.9122074
1999-11-01,1.0674801,-0.018312836,0.1754715,-0.20477219,2.3437278
1999-12-01,0.44650346,-0.16481705,-1.1770246,0.966592,1.1600437
2000-01-01,0.6185745,-0.20196266,-0.33191794,1.3146427,1.2782962
2000-02-01,2.094719,-0.2767128,-0.2945431,1.4271107,1.3239002
2000-03-01,1.6050708,-0.24722442,-1.4243679,0.549654,1.9109294
2000-04-01,1.2628663,-0.24413833,-0.33740443,1.4850594,1.993223
2000-05-01,1.1939453,0.022973632,0.6350334,0.8894585,1.751828
2000-06-01,0.16493034,-0.10732498,0.78659093,0.41489792,2.0820317
2000-07-01,-0.40015334,-0.12892684,0.8633984,0.068920895,0.049719237
2000-08-01,0.17693138,-0.047662355,1.1747433,0.1512146,0.124469
2000-09-01,0.16664505,0.19716263,1.6959369,0.35832062,0.86888504
2000-10-01,-0.15258637,0.025030518,-0.18138924,1.2316631,2.2462764
2000-11-01,0.7859055,0.11761131,-0.9227184,1.9057862,2.0984905
2000-12-01,2.1602108,0.17761688,-0.3168308,0.9906109,0.19921951
2001-01-01,2.4616075,-0.2773407,-1.4818023,1.7578179,0.49735793
2001-02-01,0.56031495,0.26342392,0.1398304,1.4231532,1.1113517
2001-03-01,1.319109,-0.05997467,-0.847596,1.0623119,1.0483949
2001-04-01,0.5454041,-0.13916703,-0.17594758,1.6968495,1.5971124
2001-05-01,0.314452,0.07223435,0.34824982,0.5126003,2.0739267
2001-06-01,-1.097435,-0.08913346,1.0083015,0.30749398,2.071607
2001-07-01,-0.58251536,-0.008615112,1.420834,0.22730713,0.02551422
2001-08-01,0.486092,-0.09642334,0.36514932,0.35785905,0.8485901
2001-09-01,-0.12624474,0.015242005,0.30683136,0.95826757,1.3542324
2001-10-01,-0.7939175,0.43837738,0.720026,1.0652939,2.3154817
2001-11-01,1.8920151,-0.18820763,-0.9967041,1.0218872,1.0838493
2001-12-01,1.4470104,0.18423156,-0.26806298,1.237928,1.0195675
2002-01-01,0.3282709,-0.025180053,-0.04756241,1.3099754,0.27635688
2002-02-01,1.3140166,0.009014892,-0.9235727,1.2459373,0.5368595
2002-03-01,0.51727545,-0.082689665,0.0621727,1.3693501,0.2664093
2002-04-01,0.6528118,0.0705658,0.2589489,1.4467548,-1.1797235
2002-05-01,-0.013367081,-0.062483598,-0.21356258,1.2807541,0.9543484
2002-06-01,0.34630126,0.040101625,0.7529095,0.31459314,2.5646167
2002-07-01,-0.31521493,-0.40723,-0.10818024,0.28692588,2.0492065
2002-08-01,-0.2592594,0.0052848817,1.1797237,0.25055543,1.267387
2002-09-01,-0.16071586,0.007771683,0.42712554,0.71218646,0.4000801
2002-10-01,0.4059864,0.21169738,-0.14765987,1.4846798,0.7314598
2002-11-01,2.3075335,-0.15698548,-0.31614742,1.0476074,0.48867607
2002-12-01,2.0234046,0.2549076,-1.290391,1.5384594,1.1902931
2003-01-01,1.8604119,-0.07713852,-0.14520302,0.31017685,-1.9116223
2003-02-01,0.7000853,0.040513992,-0.8433434,1.7369248,0.24340935
2003-03-01,1.0553141,0.008751297,-0.9399296,1.6131134,-0.3396713
2003-04-01,0.2673935,0.2524845,-0.88807124,1.6597856,0.8977947
2003-05-01,0.60382384,-0.032735445,-0.11732922,1.8646256,1.3781312
2003-06-01,0.09269638,0.26901397,0.5577995,1.0757328,1.1888489
2003-07-01,0.06547089,0.07843552,1.6367733,0.28327522,0.74513704
2003-08-01,-0.40546608,-0.06611862,0.7211525,0.07875977,1.3321072
2003-09-01,-0.19187507,-0.133535,1.1891727,0.92566836,1.4523529
2003-10-01,1.3230317,0.18474464,0.98044395,0.46866837,1.4215622
2003-11-01,-0.35425645,0.10274391,0.4427391,1.3820206,0.3529598
2003-12-01,1.609224,-0.04375534,-0.13774815,0.3179554,1.5301403
2004-01-01,1.0349083,-0.5019928,-0.07895031,0.65101206,-1.3039974
2004-02-01,1.8747432,-0.23093033,-1.2908394,1.2023491,0.13125496
2004-03-01,0.19211273,0.07368698,0.23652229,0.99938047,0.9678005
2004-04-01,1.0217499,-0.06513443,-0.88950765,0.35297433,0.6865398
2004-05-01,0.48949242,0.3236969,0.49015045,0.8056229,0.18454628
2004-06-01,0.17138824,-0.119083405,0.9401676,0.76121366,1.4563061
2004-07-01,-0.444096,-0.18520431,0.8599018,0.42008248,0.7862148
2004-08-01,0.42600328,-0.2477066,0.6526569,0.41021347,0.7967411
2004-09-01,-0.15921669,0.034211732,0.8385193,0.58653605,1.030632
2004-10-01,-0.8858894,0.0805954,-0.6648281,1.4000537,1.7382252
2004-11-01,0.46712342,0.074345015,-1.2882077,1.613549,0.4572546
2004-12-01,0.6651573,-0.36086923,-0.01907978,0.87996787,0.0029605865
2005-01-01,0.5289505,0.13738099,-1.0694077,1.549194,-2.0160794
2005-02-01,1.1300786,0.25837326,-1.2782685,1.1541374,0.68062705
2005-03-01,0.9320272,-0.41074753,-1.1293812,0.29463655,-0.88286287
2005-04-01,0.72944295,-0.18863678,-1.0791708,1.8664949,1.0296581
2005-05-01,0.9121521,0.18863678,0.39401054,0.62971956,1.6415946
2005-06-01,-0.42120782,-0.09553833,0.5763714,1.0383751,1.8263962
2005-07-01,0.04602623,0.086473845,0.69562036,0.24686737,1.1217102
2005-08-01,0.051604845,-0.120643616,0.6900417,0.4686287,0.7165413
2005-09-01,-0.12657166,-0.22803803,1.1715717,-0.028243255,0.65482485
2005-10-01,-0.37030068,0.34414864,-0.41806984,1.0314014,2.432057
2005-11-01,0.59345704,-0.062065125,-0.14714375,0.6684235,-0.19700547
2005-12-01,2.4247348,-0.43341216,-0.2890579,0.9557373,0.09623642
2006-01-01,1.8300114,-0.02560768,-0.6258265,0.9774631,1.7188362
2006-02-01,0.21110706,-0.35632133,-0.22921982,1.7506902,0.4468851
2006-03-01,-0.5196484,0.005308914,-0.65861666,1.2385368,1.3512728
2006-04-01,0.14365272,0.043408204,-0.14271584,1.6382663,1.8237655
2006-05-01,0.028105926,0.108364105,0.43720418,0.78790396,1.5217825
2006-06-01,0.8325615,0.084942244,1.3681366,0.4075367,1.2822573
2006-07-01,0.071201704,-0.2567009,0.8434914,0.33539772,1.3703225
2006-08-01,-0.04996605,0.042471312,0.52901685,0.17738,0.09118843
2006-09-01,0.55681074,0.01967392,-0.18549938,0.9808987,1.4137304
2006-10-01,-0.29854774,-0.16582528,0.13428402,1.3266022,0.78790414
2006-11-01,0.9452976,-0.0071826936,0.042783547,0.8428669,0.33883324
2006-12-01,2.2359867,-0.015302276,-0.57492334,0.9571646,1.2332275
2007-01-01,1.2707914,0.4336624,-0.39929065,1.0109154,0.4188858
2007-02-01,0.02055874,-0.30324212,-0.24188729,1.5444806,0.38322908
2007-03-01,1.1117817,0.044008635,-0.7468632,1.4962957,0.039190292
2007-04-01,1.0786953,0.08865967,-0.49533883,0.9855379,2.567924
2007-05-01,0.6739437,0.17828369,-0.15194245,1.1088905,1.3880408
2007-06-01,0.13845062,0.15322724,-0.084162906,0.81014556,1.9251398
2007-07-01,-0.3790535,-0.121104434,0.50850904,0.8146431,2.6671846
2007-08-01,-0.07484703,-0.11885528,1.156112,0.27015534,0.4583973
2007-09-01,-0.5759678,0.10761261,0.9636944,0.61033976,1.1413352
2007-10-01,0.51621896,0.40667877,0.20173302,0.31962508,2.2534385
2007-11-01,0.9396019,0.09283562,0.45325756,1.3552754,1.6369957
2007-12-01,0.30035132,-0.031801604,-0.67587125,1.4558208,1.8152788
2008-01-01,0.9684181,0.20703888,-0.77831304,1.4748328,1.083759
2008-02-01,1.3630062,-0.14761123,-0.6530674,1.2754616,0.6485939
2008-03-01,1.41189,-0.3278118,0.06262283,0.77383995,0.99365884
2008-04-01,0.26902276,0.10959015,-0.6958809,1.7681377,0.8140972
2008-05-01,0.70642436,0.050481416,0.06805439,1.2984664,1.4473555
2008-06-01,-0.2099144,0.26934204,1.1684277,0.26934242,2.0780568
2008-07-01,-0.30352896,0.13962403,0.36040115,0.17540817,1.1620376
2008-08-01,0.31950417,0.19489746,0.60418284,0.49619064,1.7339509
2008-09-01,-0.12364807,0.0220459,0.40129775,0.80834615,1.6908176
2008-10-01,0.18818817,0.069971465,0.46328163,0.3658325,1.9000928
2008-11-01,0.9955761,-0.01948967,-0.1370674,0.8751224,1.8301216
2008-12-01,0.6613743,-0.25496483,0.4767006,1.5515137,0.8562719
2009-01-01,1.1698974,-0.2656948,0.1498375,1.4126145,0.7919054
2009-02-01,0.28349382,-0.08446541,-0.25210267,1.8394734,1.0271795
2009-03-01,-1.2721622,-0.07054977,-0.8032324,1.57475,1.7669818
2009-04-01,-0.68413925,-0.2550148,-1.2242663,1.7051699,1.2262077
2009-05-01,0.677343,0.09741058,0.6608383,0.88349074,0.23721561
2009-06-01,0.4747551,0.38316995,0.70970535,0.5624565,2.1417375
2009-07-01,-0.2825226,-0.36116332,1.2025833,0.32459372,1.3038772
2009-08-01,-0.5521008,-0.09061432,1.5090542,0.32524148,1.2656898
2009-09-01,-0.051779557,0.216827,-0.195792,1.1158524,2.5456188
2009-10-01,0.89643556,0.31909257,-0.0084142685,1.2511269,1.375398
2009-11-01,0.30517656,0.020064544,0.12200604,0.35080758,2.2520928
2009-12-01,1.641416,-0.13948174,-0.86892813,1.1194121,-0.95048064
2010-01-01,2.4933808,-0.04667015,-0.9588909,0.6904543,-1.4576995
2010-02-01,1.8025954,-0.074473575,-0.99265194,-0.19892769,-0.075797655
2010-03-01,0.3842846,-0.20985031,-1.3613799,0.7722101,2.1127372
2010-04-01,-0.02449379,0.3260296,-0.28101426,0.59446603,1.7559254
2010-05-01,0.9969555,0.2727394,-0.032437325,0.818549,1.9982134
2010-06-01,0.09466438,0.34787482,1.0532242,0.50443536,1.9379723
2010-07-01,0.35946006,0.07381134,0.79968226,0.055937957,0.14001083
2010-08-01,0.7242157,0.37865752,1.2074677,0.15920869,-0.081093594
2010-09-01,1.2207073,0.5183369,1.2134254,0.39851722,0.8864031
2010-10-01,1.2829342,0.17178611,0.23401317,0.92446744,2.5476637
2010-11-01,0.48027307,-0.27174646,-0.0857275,0.88408625,1.3183506
2010-12-01,1.3392032,-0.20918846,-0.009267807,0.8106054,0.25817567
2011-01-01,1.2699375,-0.36213684,-0.80533445,1.3218715,-0.33336297
2011-02-01,1.3380134,0.07088318,-1.0523742,2.162999,-0.29055232
2011-03-01,1.0709721,-0.22282676,0.013334656,1.102203,1.8636742
2011-04-01,0.96534884,0.296167,-0.5807533,1.3436283,0.88428915
2011-05-01,-0.20633392,0.2224762,-0.5582954,1.6226002,2.3942475
2011-06-01,-0.8358639,-0.18106918,1.0464089,0.18913956,2.4314437
2011-07-01,0.1014122,-0.022457886,1.2257229,0.3691551,0.19896469
2011-08-01,0.31581765,0.070883945,1.3359082,0.29546508,0.8411274
2011-09-01,0.14773254,0.080358125,0.42424852,0.79726374,2.0917645
2011-10-01,-0.075445175,0.1628212,0.07298889,0.7049751,1.898063
2011-11-01,-0.5116245,0.21159744,-0.18457794,1.0520233,1.9464886
2011-12-01,0.54531175,0.07193603,-1.5604893,1.8998178,1.581193
2012-01-01,1.7928631,0.0026786805,0.39380017,1.1228001,0.4390072
2012-02-01,1.3501728,-0.69584733,-0.43934172,1.2272774,0.8495506
2012-03-01,0.1205513,0.30338746,-0.97144127,1.0749146,2.0718052
2012-04-01,0.8572525,0.15906104,-0.45106238,0.45072746,1.820322
2012-05-01,0.54314995,0.095436096,0.10380821,1.0357349,2.587831
2012-06-01,-0.028128814,-0.37806243,1.0163132,0.2400978,2.5064588
2012-07-01,-0.34557992,0.20761566,0.60376054,0.22536354,0.59170496
2012-08-01,-0.12959251,0.05826645,0.88772506,0.17848206,0.58869135
2012-09-01,-0.030137634,0.43766707,0.49459457,0.39313048,1.1375339
2012-10-01,0.89341813,0.26856118,0.63088435,1.4606777,0.53745687
2012-11-01,0.43766746,-0.2986988,0.46177787,0.7845871,1.1847496
2012-12-01,0.57563174,-0.28296012,-0.8552433,1.1114143,0.7206276
2013-01-01,0.64927214,0.13910636,-0.8414337,1.0125672,0.8019661
2013-02-01,0.3513252,-0.1827797,-1.6320772,2.2962306,1.8420309
2013-03-01,0.79129046,-0.24392204,-0.40567416,0.6327736,-0.5457512
2013-04-01,0.33029747,0.19927827,-0.33903217,1.152968,-0.0045289993
2013-05-01,0.09672775,0.12001953,-0.28791848,1.2296383,0.9501308
2013-06-01,0.37105903,-0.09381638,1.20117,0.6867989,1.9853432
2013-07-01,0.97212905,-0.10513916,0.5049896,0.25136223,-0.9032227
2013-08-01,-0.22451171,0.14460602,1.1361458,0.069553375,0.7757622
2013-09-01,0.12519607,0.1161377,0.8019661,0.1268135,1.34707
2013-10-01,-0.14590034,0.030085754,-0.1847206,1.3448055,1.246784
2013-11-01,0.44449425,-0.029115677,-0.15334073,1.0814736,-0.068582535
2013-12-01,0.7925846,-0.022968674,-0.060495377,1.6728386,0.36200085
2014-01-01,0.62211955,0.0075824736,-0.20803261,0.45925388,-0.13088608
2014-02-01,1.4954605,-0.14110604,-0.49782792,1.6672275,-0.9897205
2014-03-01,1.0737909,-0.24100113,-0.7335539,0.9643345,0.8664173
2014-04-01,0.79256785,0.29836655,-1.0909345,1.404467,1.7041525
2014-05-01,0.9340035,0.25748557,-0.46386948,0.78135836,-0.51299304
2014-06-01,-0.6461865,0.15396348,1.1324751,0.2459465,1.678437
2014-07-01,0.08538894,-0.09791718,0.9643345,0.07549858,1.01148
2014-08-01,0.09494972,-0.11539078,0.7595989,0.32540092,1.1694
2014-09-01,0.5660728,0.112753294,0.820591,0.5255211,1.7064602
2014-10-01,0.8479549,0.2060543,0.4183731,0.55980873,2.2026393
2014-11-01,1.4974388,-0.007912445,0.75432414,1.080714,0.5832161
2014-12-01,0.8723518,-0.1661621,-0.55783063,1.2702843,0.84564745
2015-01-01,1.8724575,-0.084666826,0.061131477,1.1073968,-1.8883514
2015-02-01,0.9967491,-0.040958025,-0.10117264,0.6855896,-1.5071968
2015-03-01,0.9371456,0.09964447,0.16260986,0.31238213,-0.08925171
2015-04-01,0.011920929,0.27050668,-0.8222183,1.7508056,1.5160608
2015-05-01,0.36740035,-0.007030487,-0.34447592,1.4732689,1.1150382
2015-06-01,0.4300602,0.023841094,0.9848282,0.4826332,1.1410191
2015-07-01,-0.29801598,-0.18859024,1.1459095,-0.1586361,1.071635
2015-08-01,-0.3460041,-0.0,1.1055629,0.09719925,-0.1598587
2015-09-01,-0.7616981,0.16444397,1.0212014,0.22007331,0.970768
2015-10-01,1.0566578,0.187368,0.12379112,1.0184505,1.2449424
2015-11-01,0.32797012,0.24360886,-0.39582616,1.8235519,0.39154738
2015-12-01,1.200011,0.6162056,-0.51778376,0.8540066,1.9384797
2016-01-01,2.4584866,-0.42570266,-0.5182602,0.1324974,-0.82794875
2016-02-01,1.8213599,-0.124889374,-0.43521175,0.6894289,-0.30810356
2016-03-01,1.3395522,-0.18511543,0.040890314,-0.5100187,0.4539135
2016-04-01,1.189304,0.23710021,-0.8773972,0.43616277,2.1586251
2016-05-01,0.23171158,0.26404342,-0.82129174,1.668576,1.0244753
2016-06-01,-0.625399,-0.05325241,0.64251596,0.34011802,1.7383114
2016-07-01,-0.33187675,-0.08748627,1.4679283,0.32870674,0.39241943
2016-08-01,0.700523,-0.125206,0.49417,0.23266259,0.28306198
2016-09-01,-0.5927502,0.020603944,0.53696173,0.417461,1.9446644
2016-10-01,0.4656418,0.046913147,1.3249712,0.3667446,2.7060475
2016-11-01,1.5275204,-0.044377137,-0.65107405,0.45137787,1.9573433
2016-12-01,0.18448143,-0.15975723,0.7059113,1.4333779,1.1674328
2017-01-01,1.7135559,-0.10942421,-0.929134,1.5419737,-0.5930916
2017-02-01,1.7592036,-0.17158203,0.4765455,0.5532715,-2.1237347
2017-03-01,1.2535217,-0.0896759,0.43445912,0.24798469,-0.29848823
2017-04-01,1.5542759,0.12852478,-0.68147296,0.3101429,1.3635933
2017-05-01,0.12043114,0.12658234,-0.64812756,1.4956791,1.6267939
2017-06-01,0.045323562,-0.037554167,0.9249252,0.6866528,2.1389508
2017-07-01,-0.2874813,0.10424423,1.1376225,0.17902832,1.3114712
2017-08-01,-0.08061142,-0.10262604,0.5001785,0.6749981,1.2706798
2017-09-01,0.11557541,-0.054711916,0.95859414,0.6536312,1.6151392
2017-10-01,0.23017922,0.059568025,0.75528544,0.41891974,1.1366516
2017-11-01,-0.17999916,-0.16737366,0.48399162,1.3082336,0.6086315
2017-12-01,0.658811,-0.037229918,0.36550254,1.4804634,-0.08384895
2018-01-01,1.3828995,-0.18268394,0.29497927,0.88722956,0.5765354
2018-02-01,-0.8666035,0.23113784,0.6181141,1.3213499,0.027173232
2018-03-01,-0.4727524,0.17777328,-0.36504096,1.9168739,0.44263268
2018-04-01,0.8076733,0.25012666,-0.023244668,1.2326272,0.30381888
2018-05-01,0.5938873,0.06547852,0.07497253,1.3383744,1.1740239
2018-06-01,-0.25601998,-0.3905777,1.1858097,0.14994507,1.8212757
2018-07-01,-0.23670349,-0.14503403,0.93142736,0.33001024,0.24194184
2018-08-01,-0.016369248,0.081848145,1.1815536,0.1974167,0.31986085
2018-09-01,0.44459686,0.23932305,0.744487,0.8639847,0.31658706
2018-10-01,0.26060334,0.344088,0.29105052,0.8708599,1.5636193
2018-11-01,0.9641663,0.15158196,-0.67900884,0.9638392,0.59356004
2018-12-01,1.607817,0.22688217,-1.2319721,1.6775513,1.8484493
2019-01-01,1.5968878,0.2323349,-0.9157696,1.2725458,0.95912516
2019-02-01,-1.2837985,0.03739853,-0.9760044,1.8252509,-0.010259628
2019-03-01,0.9687235,0.10061226,-0.8363388,1.757073,0.41568717
2019-04-01,1.0163819,0.20916748,-0.42958775,1.3658769,0.7615417
2019-05-01,0.8065521,0.212146,-0.17176875,1.0296204,1.6518272
2019-06-01,0.016548157,0.09531708,0.43786162,0.9740189,1.379446
2019-07-01,-0.005957031,0.0019859313,0.94390106,0.16349487,1.3152397
2019-08-01,0.5196091,0.0069503784,1.1358585,0.30316085,0.58050615
2019-09-01,-0.5606483,0.20420304,1.0120792,0.388879,1.3109372
2019-10-01,0.07810669,0.1439682,0.32235622,1.0514637,1.3367522
2019-11-01,0.8743992,0.0009929657,-0.48949128,1.4105564,0.4961111
2019-12-01,0.71620023,-0.0582489,-1.0186983,1.100777,1.0968056
2020-01-01,1.110907,0.058193587,0.10527134,0.7368994,0.8045742
2020-02-01,-0.21740837,-0.07617493,-0.40245017,1.8206711,1.1913319
2020-03-01,-0.9239033,-0.05459709,-0.62672424,2.1891208,0.60187757
2020-04-01,0.9023258,-0.030731201,-0.7100914,2.0034251,-0.25369722
2020-05-01,1.0000778,-0.053616334,0.5868389,0.15136833,1.5682818
2020-06-01,0.09546356,-0.13208008,0.9379612,0.89480627,2.6268797
2020-07-01,-0.391008,0.017980957,1.2524674,0.18994598,1.0415977
2020-08-01,-0.59239656,0.019942474,1.0085781,0.20204239,1.2505058
2020-09-01,0.8565556,0.12619476,0.6499359,0.5734348,1.4623563
2020-10-01,-0.1284832,0.3383724,0.9592115,1.0589253,0.7525921
2020-11-01,-0.11377144,0.2043312,-0.065712735,1.7441696,2.0946383
2020-12-01,2.018137,-0.16477242,-0.891864,1.1599462,0.5073948
2021-01-01,1.4839962,-0.20375061,-0.78181934,1.1219568,1.4518077
2021-02-01,0.053094864,0.13705102,-0.46126023,1.6240336,0.9762781
2021-03-01,-0.31359062,-0.08329239,-1.3117702,2.530957,0.8690933
2021-04-01,-0.12975006,0.20275497,-0.53758353,1.8214794,0.73104745
2021-05-01,0.054753877,0.12410889,0.086610414,1.2454021,1.2580118
2021-06-01,0.01559639,0.0016593933,0.74398917,-0.010618973,1.534436
2021-07-01,-0.18981361,0.006968689,0.68525314,0.34511527,0.8624565
2021-08-01,-0.25750923,-0.06968613,0.38692743,0.15596542,0.69155806
2021-09-01,-0.39422798,-0.016923523,1.1637691,0.15430641,2.1662629
2021-10-01,-0.51601374,0.24888077,0.05143547,1.1063602,1.7020165
2021-11-01,1.5234852,-0.22034264,0.7429937,0.8813717,1.5098801
2021-12-01,-0.65107346,-0.29533958,0.586364,1.9293277,0.6567146
2022-01-01,1.287152,0.05201645,-0.53750324,1.5802122,-0.18902703
2022-02-01,0.8217243,-0.0785347,-0.44468975,1.2126974,-0.012239456
2022-03-01,1.1436821,-0.30461922,-1.0831661,1.6186297,1.4088643
2022-04-01,0.04895668,0.3273979,0.26178247,1.5744327,1.8923107
2022-05-01,-0.0013599396,0.041477203,0.57048094,1.5370353,1.9426277
2022-06-01,0.28286058,0.19990616,1.4785591,0.5137051,2.1707523
2022-07-01,0.30835915,-0.0040794373,1.4347023,0.26212198,0.18086776
2022-08-01,0.1155922,0.15366974,0.5375034,0.41103172,0.6051586
2022-09-01,0.20194626,0.2305046,1.0233303,0.2590622,0.499086
2022-10-01,1.0869057,0.15094948,-0.45658913,1.721983,-0.3144787
2022-11-01,0.24546318,0.24206352,-0.7183714,2.1693923,1.1396023
2022-12-01,1.2881725,-0.04997673,-0.41035193,1.2296963,0.0669754
