,abs_vo850_cluster1,abs_vo850_cluster2,abs_vo850_cluster3,abs_vo850_cluster4,abs_vo850_cluster5,abs_vo850_cluster6,abs_vo850_cluster7,abs_vo850_cluster8,abs_vo850_cluster9
1965-01-01,2.9312925e-05,5.7175945e-05,1.21529465e-05,2.9225317e-05,4.202357e-05,9.011068e-05,9.814593e-05,2.1178676e-07,8.4398416e-05
1965-02-01,2.3103245e-05,5.9455226e-05,1.4171988e-05,8.244729e-05,3.235909e-05,8.4825275e-05,0.000109946115,-1.4136882e-05,6.209921e-05
1965-03-01,2.3686522e-05,6.1564e-05,8.168698e-06,0.00011714791,3.9062314e-05,8.7930115e-05,0.00011089731,3.1102372e-06,7.672606e-05
1965-04-01,2.209821e-05,6.419324e-05,1.2843908e-05,9.602423e-05,4.758716e-05,8.672766e-05,9.4744966e-05,1.4031013e-05,9.197207e-05
1965-05-01,2.767077e-05,6.710964e-05,8.841716e-06,0.00017926264,3.583184e-05,8.314723e-05,0.000121468125,7.890062e-05,7.326227e-05
1965-06-01,2.170338e-05,7.188355e-05,-1.0487258e-05,0.00020635371,3.633436e-05,7.8687386e-05,0.00012040925,0.000104753344,5.9622515e-05
1965-07-01,1.6462842e-05,7.551783e-05,-1.1178219e-05,0.00018540054,5.1068888e-05,9.10888e-05,0.00013110568,0.00010715825,2.8672832e-05
1965-08-01,2.3569866e-05,7.5275544e-05,-8.2707975e-06,0.00018687219,4.7649974e-05,8.962611e-05,0.000121701436,9.7448894e-05,4.1881853e-05
1965-09-01,2.255586e-05,7.6208795e-05,8.732254e-07,0.0001740221,4.112622e-05,8.358693e-05,0.00012175528,7.641495e-05,4.3775275e-05
1965-10-01,2.76259e-05,6.920047e-05,1.5338543e-05,9.836632e-05,4.162874e-05,8.916846e-05,9.874716e-05,3.534313e-05,6.086086e-05
1965-11-01,3.336896e-05,5.9123202e-05,1.2484963e-05,6.950747e-05,4.165566e-05,8.475349e-05,9.597434e-05,-9.991114e-06,8.354593e-05
1965-12-01,3.0228226e-05,5.7804093e-05,1.7321692e-05,8.382921e-05,4.222099e-05,8.2860075e-05,9.907918e-05,7.1124286e-06,8.1033344e-05
1966-01-01,2.2666956e-05,5.654354e-05,1.4660744e-05,5.929495e-05,4.127549e-05,8.9201865e-05,9.110347e-05,6.2918825e-06,6.927716e-05
1966-02-01,2.54776e-05,5.8278813e-05,7.3041824e-06,7.234613e-05,4.4851935e-05,8.537287e-05,0.000101539525,-6.5148943e-06,8.857693e-05
1966-03-01,2.4548865e-05,6.075544e-05,1.14101695e-05,0.000100843645,4.7271536e-05,8.3034734e-05,0.00010190613,1.6214688e-05,8.964416e-05
1966-04-01,2.7717973e-05,6.571684e-05,1.6591535e-05,0.00011147522,3.635482e-05,8.143796e-05,0.00011276582,1.6565e-05,8.026719e-05
1966-05-01,3.522932e-05,6.869857e-05,-3.278516e-06,0.00015371639,4.321443e-05,8.141352e-05,0.00014340595,7.65662e-05,6.3941e-05
1966-06-01,1.595399e-05,7.681279e-05,-1.0724691e-05,0.0001808371,4.325516e-05,8.406938e-05,0.00011433,0.00011183371,4.7647394e-05
1966-07-01,1.7355238e-05,7.657653e-05,-1.2109651e-05,0.00019616938,4.7499645e-05,9.3609284e-05,0.0001208393,0.00012139805,3.43844e-05
1966-08-01,2.53554e-05,7.706534e-05,-1.0675811e-05,0.00018862545,5.726766e-05,8.774358e-05,0.0001157557,0.000105357,3.3944474e-05
1966-09-01,2.9355479e-05,7.464574e-05,3.956934e-07,0.00015224997,4.3051492e-05,8.0916565e-05,0.00011973949,7.3690375e-05,5.4401098e-05
1966-10-01,3.5563346e-05,6.533394e-05,6.49765e-06,0.00012203348,3.9198054e-05,8.570688e-05,0.00011036251,4.372644e-05,6.8535795e-05
1966-11-01,3.629656e-05,6.6352295e-05,1.0318499e-05,0.00012530034,4.5650322e-05,8.75725e-05,0.000104610874,-1.32523e-05,7.209595e-05
1966-12-01,3.3314827e-05,5.985929e-05,1.5157699e-05,8.789023e-05,4.2611566e-05,8.433822e-05,0.00010744596,1.6198393e-05,7.871115e-05
1967-01-01,2.8768993e-05,5.7372366e-05,1.8290973e-05,8.058554e-05,4.261739e-05,8.563843e-05,0.000106148065,-2.0011395e-05,8.6018954e-05
1967-02-01,2.5448526e-05,5.7308203e-05,1.278092e-05,6.776886e-05,2.8228696e-05,8.77478e-05,0.00010468032,2.7346086e-06,7.55683e-05
1967-03-01,2.373215e-05,6.168737e-05,8.626326e-06,5.9900798e-05,4.6587513e-05,9.0538924e-05,0.00011400008,-1.9894378e-06,8.0204125e-05
1967-04-01,2.6001939e-05,6.6162786e-05,9.7331485e-06,7.651917e-05,5.3212407e-05,8.7651555e-05,0.00010595557,1.2508226e-06,7.7894234e-05
1967-05-01,2.9202098e-05,6.705305e-05,1.3695253e-05,0.00015369998,3.357834e-05,8.493263e-05,0.000114192575,6.4067004e-05,6.960911e-05
1967-06-01,1.8895817e-05,7.2242285e-05,-1.1120026e-05,0.00017675076,4.1847426e-05,8.2959596e-05,0.00012108214,0.00012135709,5.1691422e-05
1967-07-01,2.1326015e-05,7.156054e-05,-1.2106544e-05,0.00017627755,5.2602853e-05,9.19024e-05,0.00011763335,0.00012559189,9.279276e-06
1967-08-01,1.3850951e-05,7.461634e-05,-1.2178722e-05,0.00016848167,5.395831e-05,9.427645e-05,0.00013460463,0.00012501441,2.2440829e-05
1967-09-01,2.0179088e-05,7.331702e-05,1.0790804e-06,0.00014901604,3.63454e-05,8.540583e-05,0.00012068112,9.398329e-05,4.9453716e-05
1967-10-01,3.0196634e-05,6.848871e-05,6.998174e-06,0.00013210892,3.1966232e-05,8.436317e-05,0.000116558615,2.4919178e-05,7.402838e-05
1967-11-01,2.8255685e-05,6.2641804e-05,8.409776e-06,9.364284e-05,4.3611926e-05,8.633621e-05,0.000103405066,-2.2995004e-05,7.78782e-05
1967-12-01,2.4101091e-05,5.5960765e-05,1.4184499e-05,5.639586e-05,4.2625412e-05,8.083417e-05,0.0001001247,9.944992e-06,8.644404e-05
1968-01-01,2.492545e-05,5.7157646e-05,1.5742009e-05,5.1440045e-05,3.99894e-05,8.363754e-05,9.958975e-05,-6.062315e-06,8.0920116e-05
1968-02-01,2.23757e-05,5.825571e-05,9.014033e-06,6.339779e-05,4.0333707e-05,8.481005e-05,0.00011223611,-2.0197573e-05,8.382348e-05
1968-03-01,2.734491e-05,6.2601444e-05,1.2345454e-05,8.121807e-05,4.1264273e-05,9.2329006e-05,0.00012771138,9.02212e-06,6.252288e-05
1968-04-01,2.8424363e-05,6.505813e-05,6.3340135e-06,0.00011171264,4.3627904e-05,8.745285e-05,0.00011711226,9.180314e-06,7.2870745e-05
1968-05-01,3.5813035e-05,6.757996e-05,7.701938e-06,0.00017867598,2.7975828e-05,8.1757804e-05,0.00013773354,4.8692033e-05,6.430956e-05
1968-06-01,2.625615e-05,7.122777e-05,-7.698885e-06,0.00016592725,4.4139717e-05,8.015723e-05,0.00013112655,0.00010949505,5.534824e-05
1968-07-01,2.1891812e-05,7.6401695e-05,-1.0332375e-05,0.00018312407,4.9304337e-05,9.070982e-05,0.00012227689,0.000108676155,3.759309e-05
1968-08-01,2.433919e-05,7.6773926e-05,-7.0381852e-06,0.00019757572,4.5907782e-05,8.541492e-05,0.00013498838,9.222379e-05,3.8384067e-05
1968-09-01,2.5446561e-05,7.559211e-05,-1.9945278e-06,0.00017079411,4.1348027e-05,7.897542e-05,0.00013092182,6.882012e-05,7.0172115e-05
1968-10-01,2.7047134e-05,6.8966496e-05,1.1898783e-05,0.00015226658,4.096649e-05,8.003626e-05,0.00010752746,3.383094e-05,6.429095e-05
1968-11-01,2.7856722e-05,6.0358783e-05,1.1963924e-05,7.61372e-05,3.5857698e-05,8.953731e-05,0.0001074344,-1.580531e-05,7.132601e-05
1968-12-01,3.139286e-05,5.8032376e-05,1.0056263e-05,5.353382e-05,4.3218457e-05,8.727604e-05,0.00011483238,2.024286e-06,7.629522e-05
1969-01-01,2.5070103e-05,5.5152435e-05,1.2552127e-05,5.3632037e-05,3.6102512e-05,9.087074e-05,0.00010892747,-3.8762118e-07,5.584811e-05
1969-02-01,2.8599881e-05,5.8266945e-05,9.699414e-06,6.0610342e-05,4.3125958e-05,8.348619e-05,0.00012349796,-1.8217064e-05,6.6888824e-05
1969-03-01,2.334584e-05,6.123701e-05,1.3707655e-05,4.8919646e-05,3.452269e-05,9.078949e-05,0.00012110565,-1.3567866e-05,5.7581405e-05
1969-04-01,2.1107006e-05,6.625634e-05,1.2516017e-05,0.00010758075,3.86844e-05,8.8180524e-05,0.00011206003,-1.1679549e-07,7.494141e-05
1969-05-01,2.433887e-05,6.946112e-05,-5.035554e-08,0.00013515996,3.8251073e-05,8.241191e-05,0.00011197878,5.4581207e-05,7.039152e-05
1969-06-01,2.3508333e-05,7.2665905e-05,-1.1993818e-05,0.00016790294,4.4678698e-05,8.160846e-05,0.00012850825,9.1260204e-05,7.572681e-05
1969-07-01,2.1775048e-05,7.637624e-05,-1.2869494e-05,0.00018060472,5.0799386e-05,8.654653e-05,0.00011642034,0.00010879173,2.442317e-05
1969-08-01,2.4275678e-05,7.64304e-05,-1.0278583e-05,0.00018498309,4.587937e-05,9.349776e-05,0.0001340602,9.884335e-05,3.512986e-05
1969-09-01,2.5828418e-05,7.461586e-05,5.8157593e-07,0.00016956401,3.3159533e-05,8.2556355e-05,0.00010490117,7.0559996e-05,5.8095975e-05
1969-10-01,3.1235933e-05,7.075207e-05,7.0362817e-06,0.00011265425,3.9460767e-05,8.308898e-05,9.461878e-05,1.5979347e-05,6.7439505e-05
1969-11-01,3.528028e-05,6.407167e-05,1.0259124e-05,8.369383e-05,2.8537415e-05,8.168068e-05,0.00010260817,-2.1105881e-05,8.376134e-05
1969-12-01,2.4275678e-05,5.753571e-05,1.6154123e-05,5.278345e-05,4.3017626e-05,8.8261775e-05,9.2262584e-05,2.113009e-06,7.3623385e-05
1970-01-01,2.397689e-05,5.6727993e-05,1.0361213e-05,6.040139e-05,3.9562565e-05,8.420802e-05,0.000108611224,-1.1173937e-05,8.4080035e-05
1970-02-01,2.66995e-05,5.8526857e-05,1.2711082e-05,4.9859387e-05,4.3087373e-05,8.515606e-05,0.00010421129,-1.7704953e-05,8.139794e-05
1970-03-01,2.360415e-05,6.316988e-05,1.5352662e-05,8.182573e-05,4.3452008e-05,8.7279055e-05,0.0001104263,-2.0823663e-06,8.006095e-05
1970-04-01,2.7817712e-05,6.504168e-05,1.2581435e-05,0.00010592406,4.93672e-05,8.1841936e-05,0.00010863553,6.5716395e-06,7.590411e-05
1970-05-01,2.1959242e-05,6.887439e-05,-4.8724346e-06,0.00014112351,4.871896e-05,7.714219e-05,0.00011416178,7.256249e-05,9.4387055e-05
1970-06-01,2.4633233e-05,7.040586e-05,-1.1824808e-05,0.000170505,4.4003013e-05,8.285481e-05,0.00012133294,0.00010834536,4.228475e-05
1970-07-01,1.655454e-05,7.440064e-05,-1.12494945e-05,0.00019736645,3.9497743e-05,8.8186585e-05,0.00013152651,0.000107721426,2.4701236e-05
1970-08-01,2.42767e-05,7.78039e-05,-8.12984e-06,0.00016236957,5.726763e-05,8.744111e-05,0.00011892635,0.00010542828,2.4555382e-05
1970-09-01,2.1991653e-05,7.4627525e-05,-8.267592e-06,0.00015630043,5.5963043e-05,8.793539e-05,0.00011976906,7.846958e-05,4.479668e-05
1970-10-01,3.584779e-05,6.746447e-05,2.363549e-06,0.000110696725,4.529139e-05,8.2814295e-05,0.00011833483,4.6867874e-05,7.1171955e-05
1970-11-01,3.1601812e-05,6.2140796e-05,1.09122175e-05,9.3121314e-05,3.8339014e-05,8.276568e-05,0.00010069459,-7.932731e-06,8.147087e-05
1970-12-01,3.611519e-05,5.7878617e-05,2.5262634e-05,5.720881e-05,4.002444e-05,8.66065e-05,0.00011243584,-9.764017e-06,8.732934e-05
1971-01-01,2.4371222e-05,5.8094607e-05,1.1518723e-05,9.205873e-05,3.9374605e-05,8.235717e-05,9.933379e-05,-3.0148289e-05,0.000117406365
1971-02-01,2.6742715e-05,5.83102e-05,1.4304815e-05,6.580645e-05,3.6729474e-05,8.6154876e-05,9.048629e-05,-1.9153174e-05,7.030814e-05
1971-03-01,2.7041226e-05,6.1287006e-05,1.3293198e-05,5.912315e-05,4.0120878e-05,8.79874e-05,0.00010325588,-2.7080272e-05,7.5192096e-05
1971-04-01,2.265479e-05,6.634509e-05,1.5134008e-05,0.0001104088,4.9888786e-05,8.7846434e-05,0.0001191764,-4.9739556e-06,7.0109134e-05
1971-05-01,4.0432707e-05,6.989404e-05,2.9614398e-06,0.00016263974,3.405118e-05,8.081486e-05,0.0001242262,7.270494e-05,8.652717e-05
1971-06-01,2.0498885e-05,7.119587e-05,-6.640627e-06,0.00018691854,4.058523e-05,8.188453e-05,0.00013623292,0.00010353438,5.7389298e-05
1971-07-01,2.3658116e-05,7.480287e-05,-1.3838033e-05,0.00020108947,4.7741174e-05,9.14783e-05,0.00012280827,0.000103227576,3.004248e-05
1971-08-01,1.7240154e-05,7.7232406e-05,-8.5643605e-06,0.0002037263,6.369487e-05,8.855954e-05,0.00013219475,9.266364e-05,3.4370874e-05
1971-09-01,2.802797e-05,7.588911e-05,1.2284231e-06,0.00018626347,3.405118e-05,8.872538e-05,0.00012327262,7.6038305e-05,5.000118e-05
1971-10-01,3.2132477e-05,7.041643e-05,2.0078674e-06,0.00013115523,4.191194e-05,8.609683e-05,0.00010462405,3.8185593e-05,6.291173e-05
1971-11-01,3.3973287e-05,6.02671e-05,1.112071e-05,5.7224293e-05,3.7815724e-05,8.69509e-05,0.00010194575,-1.7851338e-05,8.031652e-05
1971-12-01,2.3359606e-05,5.7422963e-05,1.6925069e-05,4.4744927e-05,4.045256e-05,8.712504e-05,0.00010079317,1.3002971e-05,8.318553e-05
1972-01-01,2.7255997e-05,5.7337966e-05,1.1056736e-05,4.554935e-05,3.3789573e-05,8.614149e-05,0.00010445097,-1.3505569e-05,7.912113e-05
1972-02-01,2.7050895e-05,5.9495986e-05,1.1591781e-05,0.00011788753,3.6259702e-05,8.574912e-05,0.00010097317,-1.0812511e-05,8.3223145e-05
1972-03-01,2.7987224e-05,6.0815764e-05,1.766455e-05,6.7298955e-05,4.1913347e-05,9.171488e-05,0.00010263181,-1.0696584e-05,5.6872144e-05
1972-04-01,2.2547594e-05,6.6077046e-05,1.5595711e-05,9.164354e-05,4.0647075e-05,8.529433e-05,0.00010775042,-9.358964e-06,8.96972e-05
1972-05-01,2.3091552e-05,6.669235e-05,7.5878575e-06,0.00013701542,2.801108e-05,8.602556e-05,0.00010849948,3.6619298e-05,7.418087e-05
1972-06-01,1.959592e-05,7.272945e-05,-7.6074416e-06,0.00018446505,4.301911e-05,7.963176e-05,0.00012757386,9.59737e-05,6.983808e-05
1972-07-01,2.1905535e-05,7.667987e-05,-1.3421601e-05,0.0002236839,5.6083143e-05,8.755044e-05,0.00012292789,0.00010267069,4.024114e-05
1972-08-01,1.8240475e-05,7.749136e-05,-8.4991825e-06,0.00020244259,4.7477824e-05,8.5722364e-05,0.0001350645,8.099242e-05,5.4446602e-05
1972-09-01,3.1090487e-05,7.435242e-05,-2.2380709e-07,0.0001509266,3.6660986e-05,8.3947794e-05,0.00011616847,6.4084976e-05,6.5994675e-05
1972-10-01,2.8013977e-05,6.659426e-05,2.531678e-06,0.00012641259,3.3932247e-05,8.044325e-05,0.00011230723,-5.3071017e-07,8.998255e-05
1972-11-01,3.1331263e-05,6.0940605e-05,6.312666e-06,6.5916756e-05,4.427647e-05,8.804981e-05,9.930562e-05,-5.881173e-06,7.246873e-05
1972-12-01,2.137049e-05,5.6794e-05,1.5818647e-05,6.341096e-05,3.0873573e-05,8.684596e-05,0.000116944284,-1.0090198e-05,9.38438e-05
1973-01-01,1.6557015e-05,5.8525446e-05,1.2511186e-05,8.910264e-05,3.8015893e-05,8.22454e-05,9.533832e-05,-9.739424e-06,8.563332e-05
1973-02-01,2.305149e-05,5.9542974e-05,1.1033562e-05,7.0318216e-05,4.0705705e-05,8.471401e-05,0.00011107902,-1.3632571e-05,7.199846e-05
1973-03-01,2.4042476e-05,6.30822e-05,2.0474441e-05,8.439548e-05,3.3945787e-05,8.759848e-05,0.00011772392,-4.244781e-06,7.344954e-05
1973-04-01,2.3024948e-05,6.4391716e-05,1.5802665e-05,9.644654e-05,3.1486026e-05,8.5448395e-05,0.00010425717,1.077038e-05,8.999542e-05
1973-05-01,2.936016e-05,6.697535e-05,-1.3448794e-06,0.00014787147,2.7451304e-05,8.177645e-05,0.00010976066,7.3706644e-05,8.2571896e-05
1973-06-01,2.9200897e-05,7.0001384e-05,-1.24403505e-05,0.00016413421,4.6810866e-05,8.3997315e-05,0.00012637733,0.000111602894,4.095061e-05
1973-07-01,2.3316932e-05,7.466431e-05,-1.5492928e-05,0.00017292918,4.8368125e-05,8.796125e-05,0.0001307748,0.00010676301,2.8554474e-05
1973-08-01,2.5635125e-05,7.846013e-05,-8.591442e-06,0.0001721594,4.929717e-05,9.490698e-05,0.00011653828,9.9958845e-05,2.076818e-05
1973-09-01,2.9696383e-05,7.47351e-05,5.3088675e-06,0.00017042519,2.985798e-05,8.366993e-05,0.00011373344,6.966308e-05,3.686281e-05
1973-10-01,2.8493048e-05,6.950589e-05,5.5654614e-06,0.00012271643,3.7369984e-05,8.1263264e-05,0.00010447837,3.6597878e-05,7.2016155e-05
1973-11-01,2.9625602e-05,6.110023e-05,9.502846e-06,7.898046e-05,3.7838934e-05,8.263472e-05,9.736453e-05,4.638676e-06,7.3131014e-05
1973-12-01,2.1405749e-05,5.964915e-05,2.0058584e-05,5.8674166e-05,4.1696683e-05,8.5218344e-05,9.632046e-05,-2.3949413e-05,9.438406e-05
1974-01-01,2.7814289e-05,5.5767778e-05,1.3155464e-05,7.732854e-05,3.3923014e-05,9.168069e-05,0.000102671576,6.0074435e-06,8.5771906e-05
1974-02-01,2.5060164e-05,6.0201834e-05,1.366429e-05,8.067226e-05,3.3341497e-05,8.593821e-05,0.000100183985,-1.625978e-05,8.731454e-05
1974-03-01,2.0698795e-05,6.298826e-05,1.2444723e-05,8.878118e-05,4.222577e-05,9.403098e-05,0.00011716102,-2.1372276e-05,6.269703e-05
1974-04-01,3.4566336e-05,6.389285e-05,1.2267037e-05,8.354754e-05,3.59987e-05,8.599475e-05,0.00011735485,3.8429116e-06,7.370545e-05
1974-05-01,2.4648258e-05,6.766462e-05,2.6316425e-06,0.00014527707,3.816323e-05,8.0211896e-05,0.000107711385,5.348176e-05,8.5392305e-05
1974-06-01,2.0060745e-05,7.2825576e-05,-9.555964e-06,0.00017017727,3.0030085e-05,8.177068e-05,0.00012828251,8.37529e-05,5.525039e-05
1974-07-01,2.3008708e-05,7.643582e-05,-1.3061215e-05,0.00019338945,4.5706784e-05,9.170492e-05,0.000113437694,0.00011347483,3.3492004e-05
1974-08-01,2.6223197e-05,7.760693e-05,-7.5771954e-06,0.00019152375,4.8097467e-05,8.6293585e-05,0.00013085894,9.441403e-05,3.964638e-05
1974-09-01,3.0213041e-05,7.460243e-05,-2.5696995e-06,0.00016356252,4.0755822e-05,8.260257e-05,0.0001276687,8.817889e-05,5.4370044e-05
1974-10-01,3.034227e-05,7.3932075e-05,4.0208192e-06,0.00015467824,4.133734e-05,8.379791e-05,0.00011221813,1.7589298e-05,7.696033e-05
1974-11-01,3.162645e-05,6.246329e-05,1.595805e-05,0.0001005488,4.0093542e-05,8.332139e-05,0.00011256542,-1.029116e-05,7.432735e-05
1974-12-01,2.770122e-05,5.8344216e-05,1.5465377e-05,6.258873e-05,3.3115346e-05,8.920116e-05,0.00010948823,-1.4943291e-05,8.6918786e-05
1975-01-01,3.1510528e-05,5.7365633e-05,1.3886822e-05,5.8618138e-05,4.1209525e-05,8.643887e-05,0.00010522356,-2.0152953e-05,8.467582e-05
1975-02-01,2.422455e-05,5.995341e-05,1.7211574e-05,5.0896673e-05,4.3797307e-05,8.667336e-05,0.00010054211,-1.4625655e-05,6.0456212e-05
1975-03-01,2.7138942e-05,6.1996834e-05,1.6466229e-05,7.883465e-05,3.959321e-05,8.640537e-05,9.864943e-05,-1.9064237e-05,8.645964e-05
1975-04-01,2.6720207e-05,6.31693e-05,1.6851465e-05,0.00014177884,2.7022797e-05,8.298012e-05,0.000116537776,2.4335986e-06,8.0521975e-05
1975-05-01,2.6803953e-05,6.635168e-05,-3.8424027e-06,0.00013726488,2.9987437e-05,8.106232e-05,0.00013167085,7.150807e-05,7.7590834e-05
1975-06-01,2.7105443e-05,6.764976e-05,-1.1823484e-05,0.00019024318,4.1795753e-05,8.792119e-05,0.00013380639,0.00011586882,5.5004286e-05
1975-07-01,2.2717102e-05,7.285044e-05,-1.0935766e-05,0.00018018519,5.1150288e-05,9.045035e-05,0.00012002164,0.00010619604,2.9344224e-05
1975-08-01,2.5062016e-05,7.518698e-05,-1.4168401e-05,0.00015852823,5.0957668e-05,9.213366e-05,0.000115951545,0.00010871683,2.1254273e-05
1975-09-01,3.1435156e-05,7.574808e-05,-8.574107e-06,0.00016791625,5.5362758e-05,8.2862876e-05,0.00010846457,9.503258e-05,4.0951552e-05
1975-10-01,3.451705e-05,7.492736e-05,9.646697e-07,0.00012192244,4.9291106e-05,8.56684e-05,0.00010163919,4.3544962e-05,6.5782515e-05
1975-11-01,2.613398e-05,6.2239706e-05,1.09975535e-05,9.190754e-05,4.4609653e-05,8.5861015e-05,0.00011063361,-1.05890485e-05,6.2005536e-05
1975-12-01,2.8328146e-05,5.7441004e-05,1.7018958e-05,5.367707e-05,3.0414543e-05,9.055922e-05,9.6296135e-05,3.00588e-08,8.302601e-05
1976-01-01,3.1386437e-05,5.6794677e-05,1.23496375e-05,3.3848715e-05,3.9696857e-05,8.666188e-05,9.699094e-05,-1.8025918e-05,6.5873326e-05
1976-02-01,2.0342935e-05,6.025948e-05,1.0374972e-05,7.5846925e-05,3.8581533e-05,8.8471985e-05,0.00011409556,1.3093577e-06,6.261878e-05
1976-03-01,2.393573e-05,6.0030936e-05,1.3035287e-05,8.7164684e-05,4.1634954e-05,8.593052e-05,0.00012128115,-1.0904312e-05,6.355126e-05
1976-04-01,2.7327404e-05,6.4163105e-05,1.11337595e-05,7.837011e-05,3.6926842e-05,8.603108e-05,0.00010346345,2.4703822e-06,7.704481e-05
1976-05-01,2.6047526e-05,6.6640576e-05,9.58747e-07,0.00013003137,3.0682877e-05,8.2209735e-05,0.00011191977,6.718639e-05,6.910958e-05
1976-06-01,1.9355602e-05,7.1869785e-05,-1.2452523e-05,0.00019834019,4.5794546e-05,8.4614076e-05,0.00012147313,0.000112366004,4.6501496e-05
1976-07-01,2.0077821e-05,7.339649e-05,-1.7855431e-05,0.00015753957,4.5319164e-05,8.60128e-05,0.00011913278,0.00011585824,3.5000885e-05
1976-08-01,2.101944e-05,7.517918e-05,-7.1227537e-06,0.00016345442,4.4240416e-05,9.049236e-05,0.00015028862,9.821424e-05,3.8154867e-05
1976-09-01,2.6184656e-05,7.5554e-05,-1.2993173e-06,0.000142949,4.6553334e-05,7.992424e-05,0.000122039935,7.6209515e-05,5.8130077e-05
1976-10-01,2.197935e-05,6.941974e-05,5.9228346e-06,9.852815e-05,3.859068e-05,8.1825776e-05,0.00011136211,3.79778e-05,6.386209e-05
1976-11-01,2.5197323e-05,6.325805e-05,5.9319805e-06,0.00011768972,5.1663697e-05,9.076662e-05,0.00010899434,-6.2601994e-06,6.737261e-05
1976-12-01,2.5096762e-05,6.0506318e-05,1.3912921e-05,7.3881405e-05,4.4734083e-05,8.724696e-05,0.00010066601,-1.3336083e-05,6.3404994e-05
1977-01-01,2.1624894e-05,5.679017e-05,1.1785594e-05,6.391552e-05,4.0402912e-05,8.682367e-05,9.594435e-05,3.270825e-06,8.040706e-05
1977-02-01,2.336711e-05,6.0412363e-05,1.0959053e-05,7.340453e-05,4.4017e-05,8.329871e-05,9.257336e-05,-1.9264562e-05,8.728679e-05
1977-03-01,2.6016902e-05,6.325664e-05,1.9629628e-05,6.60548e-05,4.0532563e-05,9.052689e-05,0.00010850453,-1.539117e-05,6.609655e-05
1977-04-01,2.3885723e-05,6.748658e-05,1.2547307e-05,0.00010734942,3.5686768e-05,8.4789724e-05,0.00011036019,8.262485e-06,7.6817276e-05
1977-05-01,2.2111091e-05,6.854812e-05,4.549312e-06,0.00013896055,3.332059e-05,8.364716e-05,0.00012385225,7.227077e-05,7.168786e-05
1977-06-01,2.3991068e-05,6.7648645e-05,-1.5222837e-05,0.00016227386,4.8498146e-05,8.244786e-05,0.000107216096,0.000120469434,5.3990167e-05
1977-07-01,2.5563115e-05,7.679732e-05,-1.4307165e-05,0.00017774315,5.2882056e-05,9.095637e-05,0.00012709359,0.00011439193,2.411315e-05
1977-08-01,1.7621844e-05,7.7396966e-05,-6.0012376e-06,0.00017160081,6.169849e-05,8.663729e-05,0.00012523792,9.494392e-05,4.329376e-05
1977-09-01,2.5757594e-05,7.665956e-05,-9.852724e-07,0.00016700622,4.154548e-05,8.394697e-05,0.00012338225,7.439384e-05,4.7102323e-05
1977-10-01,2.8926e-05,6.760003e-05,8.414603e-06,8.072995e-05,3.8733622e-05,8.7536755e-05,0.000106721796,4.0659637e-05,7.076408e-05
1977-11-01,2.8528937e-05,5.948048e-05,4.7113767e-06,7.457951e-05,4.748523e-05,8.465197e-05,0.00010817229,2.6746204e-05,9.416653e-05
1977-12-01,2.3205042e-05,5.8175843e-05,1.3017301e-05,5.812163e-05,3.3839206e-05,9.033241e-05,9.1714406e-05,-1.2184264e-06,7.393249e-05
1978-01-01,2.3181996e-05,5.810172e-05,9.926824e-06,5.581683e-05,3.163312e-05,8.606926e-05,0.00010208337,-1.8598008e-05,7.8311e-05
1978-02-01,2.0867972e-05,6.0815593e-05,9.305781e-06,7.1819304e-05,4.162085e-05,8.697105e-05,0.000114784976,-5.522086e-06,7.917026e-05
1978-03-01,2.2084534e-05,6.115589e-05,1.212174e-05,9.869429e-05,3.921325e-05,8.760911e-05,0.00011923436,1.4284906e-06,8.983007e-05
1978-04-01,3.2370022e-05,6.348692e-05,1.1526221e-05,6.65447e-05,3.1386407e-05,8.185808e-05,0.0001023386,5.996977e-06,9.54705e-05
1978-05-01,3.0949283e-05,6.513737e-05,2.185055e-06,0.00012597762,3.88134e-05,7.686422e-05,0.00011409588,7.920344e-05,7.4261465e-05
1978-06-01,2.962212e-05,7.442749e-05,-1.5484877e-05,0.00018417698,4.5789493e-05,8.304061e-05,0.00011868989,0.000106614396,5.820794e-05
1978-07-01,2.7818545e-05,7.632464e-05,-1.43278685e-05,0.00017100747,5.090246e-05,9.387058e-05,0.00013348431,0.00010405365,2.768328e-05
1978-08-01,1.9072906e-05,7.6886136e-05,-1.289011e-05,0.00016660913,5.205947e-05,9.1420436e-05,0.0001404519,0.00010233515,1.5619742e-05
1978-09-01,2.9307348e-05,7.602688e-05,1.3683434e-06,0.00014325623,3.1454467e-05,8.067554e-05,0.00010781739,6.5668115e-05,7.1436996e-05
1978-10-01,3.2693308e-05,7.208794e-05,2.9847556e-06,0.00013787953,3.5265795e-05,8.543971e-05,0.000101062484,3.3356882e-05,6.820417e-05
1978-11-01,3.212331e-05,6.1317536e-05,9.578018e-06,8.361061e-05,4.0378764e-05,8.752403e-05,0.00010723037,-8.6852197e-07,8.957485e-05
1978-12-01,2.2161099e-05,5.6153516e-05,1.4214567e-05,3.4114364e-05,3.900056e-05,8.6162836e-05,0.00011026753,-1.3842355e-05,6.669837e-05
1979-01-01,2.1995033e-05,5.8336063e-05,1.5198695e-05,6.045526e-05,3.6031073e-05,8.549966e-05,0.000116118725,-9.504807e-06,8.262223e-05
1979-02-01,1.9527773e-05,5.8902184e-05,7.940549e-06,6.307461e-05,3.8185703e-05,8.491664e-05,0.00010319095,1.0064303e-05,6.0797098e-05
1979-03-01,2.5729727e-05,6.093852e-05,1.3449642e-05,9.445616e-05,3.9791114e-05,8.737545e-05,0.00011125179,-1.2284703e-05,9.702022e-05
1979-04-01,2.496927e-05,6.258617e-05,1.0779591e-05,9.907805e-05,4.3593398e-05,8.328588e-05,0.0001121052,4.022886e-06,7.593866e-05
1979-05-01,1.720415e-05,6.685319e-05,9.115034e-06,0.00015785296,4.1573963e-05,8.382665e-05,0.00012349516,4.8847636e-05,6.3492495e-05
1979-06-01,3.0182628e-05,7.438172e-05,-8.510682e-06,0.00016547444,5.2296415e-05,8.304084e-05,0.00013722564,0.00011017431,5.740039e-05
1979-07-01,3.0131929e-05,7.3283285e-05,-1.2135528e-05,0.00018084413,4.7116853e-05,9.066232e-05,0.00012025899,0.000112024754,3.122375e-05
1979-08-01,2.473268e-05,7.6384254e-05,-7.184108e-06,0.00021701657,5.133317e-05,9.077216e-05,0.00013703975,9.3486495e-05,4.2410928e-05
1979-09-01,2.6608477e-05,7.435637e-05,-5.765746e-07,0.00016974146,4.8071648e-05,8.367456e-05,0.000120546276,7.867447e-05,5.827069e-05
1979-10-01,2.9641857e-05,6.951479e-05,1.1751288e-05,0.00012596445,3.6183163e-05,8.029475e-05,0.000107804386,3.4229954e-05,8.4084e-05
1979-11-01,1.8395536e-05,6.633777e-05,9.36007e-06,0.00010173965,4.464114e-05,8.5398264e-05,0.000101644684,-6.251741e-06,6.5140164e-05
1979-12-01,2.312727e-05,5.8150177e-05,1.1337261e-05,6.0860835e-05,3.9664366e-05,8.816126e-05,0.00010016601,1.7330622e-06,8.40502e-05
1980-01-01,2.2442304e-05,5.629661e-05,9.873127e-06,4.005985e-05,3.4209053e-05,8.297408e-05,0.00010848876,-8.9999685e-06,5.9825208e-05
1980-02-01,2.1481477e-05,5.839221e-05,1.2714192e-05,8.189729e-05,4.4372293e-05,9.013888e-05,0.00011824614,-8.453289e-06,6.096826e-05
1980-03-01,2.2831611e-05,6.369333e-05,8.456731e-06,7.0789785e-05,4.1025964e-05,8.9144916e-05,0.00010829825,-1.154285e-05,6.91353e-05
1980-04-01,2.2889586e-05,6.532508e-05,1.2242062e-05,9.3178736e-05,4.7321042e-05,8.5044834e-05,0.00010921767,-5.637072e-06,9.334651e-05
1980-05-01,2.1141872e-05,7.180239e-05,8.017729e-06,0.00014346484,3.9642702e-05,7.929643e-05,0.00012373776,6.124817e-05,7.711183e-05
1980-06-01,2.1746533e-05,7.504933e-05,-1.4362942e-05,0.00018835043,4.896936e-05,8.396804e-05,0.000116233365,0.00010546284,6.0247643e-05
1980-07-01,2.5606414e-05,7.6035e-05,-9.774156e-06,0.00018322325,4.840612e-05,9.3485214e-05,0.00013095226,0.00010661417,3.3576376e-05
1980-08-01,2.2732214e-05,7.679704e-05,-8.150686e-06,0.00017304345,4.8455815e-05,9.257408e-05,0.00013922698,9.988838e-05,2.7753427e-05
1980-09-01,2.6119958e-05,7.571196e-05,-7.206427e-06,0.00014068175,3.6147274e-05,7.96526e-05,0.00011260541,6.741072e-05,5.2312527e-05
1980-10-01,2.7652311e-05,7.15539e-05,6.4853753e-06,0.00011034112,3.9096023e-05,7.866692e-05,0.000112795926,3.424559e-05,6.959915e-05
1980-11-01,2.8298387e-05,6.520912e-05,1.7501772e-05,6.6540604e-05,4.018938e-05,8.3181156e-05,0.000105515166,-2.325501e-05,8.190769e-05
1980-12-01,3.2042306e-05,6.0040526e-05,1.2631363e-05,6.83463e-05,3.640405e-05,8.63287e-05,0.00010214398,7.085624e-06,8.4028135e-05
1981-01-01,3.2025142e-05,5.8464277e-05,6.270356e-06,7.716142e-05,3.8657254e-05,8.891883e-05,0.00010963631,-1.3962906e-05,7.701772e-05
1981-02-01,3.0316945e-05,5.9464197e-05,1.2486531e-05,6.159598e-05,4.78232e-05,8.76606e-05,0.00010277852,-1.2346363e-05,6.4527034e-05
1981-03-01,2.2009268e-05,6.2405634e-05,1.0645008e-05,6.492905e-05,4.507342e-05,8.8510526e-05,0.00011315271,-5.7385496e-06,6.898502e-05
1981-04-01,2.8875393e-05,6.606368e-05,1.1394952e-05,8.3577586e-05,4.6873272e-05,8.968544e-05,0.00010357846,1.9092831e-05,8.076743e-05
1981-05-01,2.8508754e-05,6.857182e-05,8.457805e-07,0.00013849826,3.727403e-05,8.1519414e-05,0.00011064457,7.9504745e-05,7.021826e-05
1981-06-01,2.6150605e-05,7.68045e-05,-1.349476e-05,0.0001836447,3.652409e-05,8.5819076e-05,9.5945725e-05,0.00010529438,5.219467e-05
1981-07-01,2.5933956e-05,7.716281e-05,-1.40113825e-05,0.0002025599,5.9788927e-05,9.175194e-05,0.00010847807,0.000107260894,3.497103e-05
1981-08-01,1.7426295e-05,7.621288e-05,-1.1653237e-05,0.0001960604,4.4648452e-05,8.807723e-05,0.00012320191,9.343698e-05,3.188794e-05
1981-09-01,2.3925784e-05,7.527962e-05,-4.2454835e-06,0.0001473559,3.559083e-05,8.496914e-05,0.00012499344,8.38794e-05,5.2161347e-05
1981-10-01,2.8117118e-05,7.332978e-05,6.6203224e-06,0.0001275158,3.8732247e-05,8.318595e-05,0.00012188535,2.0742698e-05,7.179313e-05
1981-11-01,3.823299e-05,6.2180654e-05,1.2786508e-05,7.956957e-05,3.802397e-05,8.516079e-05,9.451251e-05,1.3351613e-05,7.5376185e-05
1981-12-01,2.8292105e-05,5.6439436e-05,1.7644457e-05,4.0189334e-05,4.0690426e-05,8.38359e-05,0.00011351101,-4.247e-06,8.4675456e-05
1982-01-01,2.2457707e-05,5.4837903e-05,1.2343322e-05,4.0878076e-05,3.5243003e-05,8.801123e-05,0.00010355904,-1.1341386e-05,9.42321e-05
1982-02-01,2.0017707e-05,5.9262544e-05,7.935867e-06,6.941915e-05,3.8610884e-05,8.5064334e-05,0.000100131016,-8.248435e-06,8.686916e-05
1982-03-01,2.4012776e-05,6.333493e-05,9.800229e-06,7.5673786e-05,4.091342e-05,8.914531e-05,0.00010515706,-9.605896e-06,6.904172e-05
1982-04-01,2.5310093e-05,6.718394e-05,1.2876002e-05,0.00012821102,4.3671298e-05,8.436842e-05,0.000114599155,7.817731e-06,7.9025085e-05
1982-05-01,2.3952633e-05,6.739872e-05,2.3341868e-06,0.00016651207,4.22451e-05,8.3930245e-05,0.00012342267,5.7837642e-05,5.9926104e-05
1982-06-01,2.0378551e-05,7.480462e-05,-1.4470852e-05,0.00019301695,5.134354e-05,8.110364e-05,0.0001248059,0.000104300656,4.8430637e-05
1982-07-01,2.1108832e-05,7.764842e-05,-9.865789e-06,0.00019684018,4.91527e-05,8.8509536e-05,0.00014400798,0.00011164642,4.2871914e-05
1982-08-01,1.7826866e-05,7.620505e-05,-1.4075644e-05,0.0001725777,5.638677e-05,9.0794885e-05,0.00013040757,9.856151e-05,2.4511806e-05
1982-09-01,2.1194746e-05,7.499364e-05,-6.470714e-07,0.00018377247,4.8688755e-05,7.765843e-05,0.0001157676,7.3972544e-05,6.0183855e-05
1982-10-01,2.8987268e-05,7.129069e-05,1.0874175e-05,9.090657e-05,3.6299763e-05,8.4437146e-05,0.000106987056,1.670997e-05,7.183397e-05
1982-11-01,2.7088541e-05,6.0216204e-05,9.568257e-06,8.4084895e-05,3.7829053e-05,8.69201e-05,0.00010866241,1.408449e-06,8.320057e-05
1982-12-01,1.8943769e-05,5.7612968e-05,1.628684e-05,5.696142e-05,4.2528623e-05,8.606094e-05,9.458947e-05,-1.1676459e-05,0.0001083308
1983-01-01,1.7609304e-05,5.623417e-05,1.237152e-05,6.8497844e-05,4.3025586e-05,8.6439715e-05,0.00010163304,1.06637835e-05,8.473544e-05
1983-02-01,2.4589595e-05,5.96852e-05,1.3805826e-05,5.7640584e-05,3.5523735e-05,8.611808e-05,9.6330456e-05,1.1298356e-05,8.302297e-05
1983-03-01,2.5467563e-05,6.265813e-05,9.120426e-06,0.00010421642,4.1226187e-05,8.7856635e-05,0.00010705733,-4.8093334e-06,6.969695e-05
1983-04-01,2.1738366e-05,6.831712e-05,9.53768e-06,0.00011789883,5.055352e-05,8.6752654e-05,0.0001147765,1.0507314e-05,8.74302e-05
1983-05-01,2.6362917e-05,6.790856e-05,6.7733795e-06,0.00014245589,4.4772834e-05,8.324078e-05,0.00012568593,4.7164707e-05,7.885044e-05
1983-06-01,1.9408706e-05,7.104664e-05,-8.108635e-06,0.0001878582,4.1330495e-05,8.171085e-05,0.00012619879,0.00010154664,5.5788532e-05
1983-07-01,2.1408041e-05,7.657524e-05,-1.3141742e-05,0.00017517546,3.782731e-05,8.827389e-05,0.0001177842,0.00011256907,4.7999816e-05
1983-08-01,1.7435452e-05,7.55495e-05,-1.3167826e-05,0.000135606,6.753049e-05,9.131635e-05,0.00012232183,0.00011586362,2.599843e-05
1983-09-01,2.089517e-05,7.41065e-05,-9.690719e-06,0.00015628609,4.1912914e-05,8.8186964e-05,0.00012128738,9.141957e-05,4.4192388e-05
1983-10-01,3.2308766e-05,6.9056e-05,7.3644856e-06,0.00014082165,4.2808268e-05,8.276268e-05,0.00010670093,3.369092e-05,6.299483e-05
1983-11-01,3.4534118e-05,6.1180355e-05,6.886386e-06,8.371018e-05,4.2382322e-05,8.435345e-05,0.000101511345,2.6067364e-05,7.579058e-05
1983-12-01,2.4363582e-05,5.8624686e-05,1.8439068e-05,7.145339e-05,3.8487968e-05,8.5839914e-05,0.0001012071,-2.4359366e-05,8.400525e-05
1984-01-01,2.0477613e-05,5.7808087e-05,1.4771964e-05,7.617799e-05,4.0802555e-05,8.7664994e-05,0.00011699631,-2.1772577e-05,8.165604e-05
1984-02-01,2.4626379e-05,6.3547486e-05,1.2771374e-05,0.00012870171,3.9466093e-05,8.858329e-05,0.00011255237,-2.9627352e-05,6.540534e-05
1984-03-01,2.9939421e-05,6.167808e-05,1.0729791e-05,6.471559e-05,3.5251735e-05,8.9616384e-05,0.00012578578,-1.7074462e-05,7.063639e-05
1984-04-01,2.4749364e-05,6.6236804e-05,1.2877967e-05,0.00012064195,2.98403e-05,8.299968e-05,0.00012868828,1.6697804e-05,8.614917e-05
1984-05-01,2.6299005e-05,6.82046e-05,2.1534884e-06,0.00011830519,4.242598e-05,8.18436e-05,0.00012033335,6.07518e-05,7.252219e-05
1984-06-01,2.3125938e-05,7.567402e-05,-1.3031326e-05,0.00019158913,5.0575934e-05,9.180556e-05,0.000121948586,0.00011292296,3.5298086e-05
1984-07-01,2.4183622e-05,7.664152e-05,-1.0071437e-05,0.00018748957,5.645472e-05,9.579034e-05,0.00014070823,0.00010530595,3.6921512e-05
1984-08-01,2.8594766e-05,7.5821605e-05,-1.2613169e-05,0.00016956624,4.7296275e-05,9.1657974e-05,0.00014058524,9.8763034e-05,2.4598194e-05
1984-09-01,3.7335056e-05,7.6116776e-05,1.5221535e-06,0.00017744562,4.110592e-05,8.611535e-05,0.00013578874,6.5162945e-05,5.1114228e-05
1984-10-01,3.342406e-05,7.10825e-05,8.5801867e-07,0.00012654533,4.7115896e-05,8.308167e-05,9.852363e-05,2.0838377e-05,6.4339445e-05
1984-11-01,2.4085237e-05,6.318672e-05,1.1459511e-05,7.639117e-05,5.1559833e-05,8.730423e-05,0.0001007046,-7.104305e-06,7.280916e-05
1984-12-01,2.6577776e-05,6.116973e-05,6.9499815e-06,9.357657e-05,3.8113238e-05,8.9436006e-05,0.00011119951,-1.6049571e-05,8.6239364e-05
1985-01-01,2.419848e-05,5.8635218e-05,1.27431795e-05,4.998286e-05,3.756509e-05,8.363655e-05,0.00010072324,-9.792175e-06,8.048488e-05
1985-02-01,2.26346e-05,6.0397826e-05,1.19396445e-05,5.3050142e-05,3.6787464e-05,8.482026e-05,9.378514e-05,1.9592517e-07,5.2447336e-05
1985-03-01,2.3852872e-05,6.295533e-05,1.6138789e-05,0.00010193656,3.3797947e-05,8.776658e-05,0.00010293514,-2.0704794e-05,8.2074686e-05
1985-04-01,2.6254855e-05,6.5772045e-05,1.1343467e-05,0.0001089697,4.3924298e-05,8.5338674e-05,0.00011515243,1.367468e-05,8.50642e-05
1985-05-01,2.9149332e-05,6.8519636e-05,5.329866e-06,0.00015612808,2.9002618e-05,8.093216e-05,0.00011533387,7.093348e-05,8.0208396e-05
1985-06-01,2.076831e-05,7.45678e-05,-9.652291e-06,0.00019347978,4.6576843e-05,8.504491e-05,0.00012554662,0.00010411196,5.8253572e-05
1985-07-01,2.076831e-05,7.652913e-05,-8.287132e-06,0.0001931169,6.408195e-05,9.276063e-05,0.000117528485,0.00010267768,1.5959646e-05
1985-08-01,2.4440413e-05,7.680562e-05,-1.5259799e-05,0.00020184352,4.460687e-05,9.326176e-05,0.00012470852,0.00010420701,3.613458e-05
1985-09-01,2.7205284e-05,7.417899e-05,-1.2367077e-06,0.00015304351,3.6744266e-05,8.437961e-05,0.00011848756,7.557328e-05,5.4780205e-05
1985-10-01,3.3599055e-05,7.008352e-05,3.912866e-06,0.0001195367,5.2080668e-05,7.960156e-05,0.000106520834,4.1885032e-05,6.15023e-05
1985-11-01,2.4077517e-05,6.0389182e-05,1.2518534e-05,0.00010927211,3.6726986e-05,8.254788e-05,0.00011335526,1.0382753e-05,7.8774116e-05
1985-12-01,2.5952451e-05,5.592218e-05,1.7002816e-05,6.541431e-05,4.1021176e-05,8.7973945e-05,9.928897e-05,-2.1594731e-05,8.695642e-05
1986-01-01,1.8627119e-05,5.606754e-05,1.2338003e-05,6.3116866e-05,4.061992e-05,8.486214e-05,0.00010048289,-6.407072e-06,7.999435e-05
1986-02-01,2.8301407e-05,5.8656682e-05,7.728284e-06,5.7789883e-05,3.848563e-05,8.51333e-05,0.0001079704,-1.2766208e-05,7.51747e-05
1986-03-01,2.2467093e-05,6.107963e-05,1.4209882e-05,0.000105356594,2.9397397e-05,8.843971e-05,0.00011167917,-1.1340433e-05,6.2535146e-05
1986-04-01,2.435647e-05,6.750874e-05,1.2040598e-05,0.00013508798,3.773338e-05,8.901701e-05,0.00013512139,1.3623778e-05,6.361104e-05
1986-05-01,3.0671872e-05,6.932814e-05,5.821415e-06,0.00013402957,3.9369083e-05,8.4870895e-05,0.00010070156,6.233636e-05,6.693494e-05
1986-06-01,2.5712265e-05,7.59322e-05,-1.0859299e-05,0.00015245096,4.809869e-05,8.376001e-05,0.00013047668,0.00012358352,6.366352e-05
1986-07-01,2.5895954e-05,7.650076e-05,-1.1760245e-05,0.00018896133,5.132637e-05,9.2489616e-05,0.00012369768,0.000108083674,3.914541e-05
1986-08-01,2.8318898e-05,7.613338e-05,-5.724751e-06,0.00020663922,5.9846036e-05,8.959432e-05,0.00013101025,9.620512e-05,4.4481145e-05
1986-09-01,3.9681385e-05,7.48738e-05,-3.94909e-06,0.0001555999,4.634052e-05,8.194061e-05,0.0001361448,7.113594e-05,6.850941e-05
1986-10-01,3.092554e-05,6.631039e-05,8.340578e-06,0.00013441444,3.9876413e-05,7.930774e-05,0.000114347036,2.5257415e-05,6.85444e-05
1986-11-01,2.3892868e-05,6.054606e-05,4.8504894e-06,7.829307e-05,3.3753447e-05,9.021537e-05,0.00010485643,-2.7945225e-06,5.9902275e-05
1986-12-01,2.2554565e-05,5.821058e-05,2.1592432e-05,6.955473e-05,3.8704307e-05,8.515955e-05,0.00010688576,-1.8548048e-05,8.281092e-05
1987-01-01,1.9922822e-05,5.7073164e-05,1.388871e-05,7.392403e-05,4.1704774e-05,8.386038e-05,0.00010686399,-2.7792734e-05,7.503302e-05
1987-02-01,1.914161e-05,5.8960373e-05,7.2615526e-06,8.556325e-05,4.00019e-05,8.531748e-05,0.000100912715,-1.424875e-05,6.272669e-05
1987-03-01,2.7910528e-05,6.264701e-05,9.017089e-06,5.581564e-05,4.1660885e-05,8.8495006e-05,0.00011540469,-7.925428e-07,6.172604e-05
1987-04-01,2.3943006e-05,6.650041e-05,1.3353272e-05,0.00012272803,3.5261943e-05,8.7977125e-05,9.811262e-05,4.012236e-07,8.859456e-05
1987-05-01,2.9701177e-05,6.665841e-05,8.946869e-06,0.00014711247,4.2248987e-05,7.904143e-05,0.00010986596,5.8369136e-05,7.354959e-05
1987-06-01,2.4101004e-05,7.596277e-05,-1.2356604e-05,0.00020264018,4.3056538e-05,8.2921164e-05,0.00012906278,0.00011684615,5.434399e-05
1987-07-01,1.7974175e-05,7.770075e-05,-1.22249385e-05,0.000209715,5.0315695e-05,9.044365e-05,0.00011029607,8.7563756e-05,3.798237e-05
1987-08-01,2.0897145e-05,7.6243654e-05,-6.2561e-06,0.00017269945,5.2220454e-05,8.683602e-05,0.00013652383,9.707e-05,4.9340706e-05
1987-09-01,2.1537917e-05,7.619099e-05,-3.4871346e-07,0.00016442209,5.077213e-05,8.291239e-05,0.000112367605,7.592453e-05,5.5072538e-05
1987-10-01,3.2220378e-05,6.887917e-05,9.447196e-06,0.00013318226,5.2097563e-05,8.986433e-05,0.00011624735,5.2400304e-05,3.361985e-05
1987-11-01,3.0456058e-05,5.9952254e-05,1.3625382e-05,9.222553e-05,5.1851788e-05,8.4624044e-05,0.00011443037,-1.8458613e-06,7.118839e-05
1987-12-01,2.1037593e-05,5.8609265e-05,1.4011601e-05,5.096157e-05,4.541774e-05,8.7669905e-05,9.433822e-05,7.786639e-07,6.788798e-05
1988-01-01,1.6427717e-05,5.7587455e-05,1.26931645e-05,5.717851e-05,4.1499254e-05,8.477978e-05,9.877555e-05,9.0472695e-06,7.9314115e-05
1988-02-01,2.3720864e-05,5.9841266e-05,1.1074228e-05,8.115305e-05,3.8308997e-05,8.913662e-05,0.00012248027,-1.6792217e-05,7.700475e-05
1988-03-01,3.3680495e-05,6.425366e-05,1.2463022e-05,9.177929e-05,3.2515745e-05,8.5359105e-05,0.00012380557,-4.66607e-06,7.332247e-05
1988-04-01,2.5950869e-05,6.6602704e-05,9.010879e-06,0.000110190726,3.575362e-05,8.685106e-05,0.00012074229,8.547309e-06,7.70365e-05
1988-05-01,3.3823344e-05,6.590434e-05,1.1669426e-05,0.00013062582,4.4046697e-05,8.064514e-05,0.00011701239,8.685936e-05,7.171146e-05
1988-06-01,1.7102271e-05,7.488785e-05,-1.4916042e-05,0.00017090082,4.934792e-05,8.071656e-05,0.000114369715,9.730309e-05,7.811579e-05
1988-07-01,2.4609692e-05,7.6467106e-05,-1.1757527e-05,0.00018103504,6.719589e-05,8.944613e-05,0.00011440146,0.000111484645,3.6840855e-05
1988-08-01,2.3657374e-05,7.616554e-05,-1.2027349e-05,0.00018219369,6.895768e-05,8.992228e-05,0.00013847917,0.00010888959,3.4333094e-05
1988-09-01,3.177586e-05,7.469738e-05,-5.305594e-06,0.00016554404,4.5070436e-05,8.436711e-05,0.00012520229,9.677932e-05,5.1189072e-05
1988-10-01,3.0347392e-05,7.086432e-05,7.495111e-06,0.00016221094,4.3173743e-05,8.331956e-05,0.00011280633,3.795798e-05,5.2054096e-05
1988-11-01,3.0283902e-05,6.6182096e-05,1.5637406e-05,7.698666e-05,3.895181e-05,8.3137034e-05,9.818036e-05,1.37374245e-05,6.9386224e-05
1988-12-01,2.4490653e-05,5.851596e-05,1.4050214e-05,5.2282023e-05,4.351499e-05,8.41449e-05,0.00011483,-1.9585676e-05,7.608418e-05
1989-01-01,2.1013626e-05,5.7759535e-05,1.3708379e-05,7.4318785e-05,3.5168592e-05,8.795353e-05,0.00010810926,-4.868425e-06,9.118897e-05
1989-02-01,2.1143385e-05,6.081388e-05,1.9896916e-05,0.00010760713,3.50089e-05,8.5567954e-05,0.00011105381,-1.3023318e-05,9.6139804e-05
1989-03-01,2.65334e-05,6.5375425e-05,1.246069e-05,8.765409e-05,4.667728e-05,9.15868e-05,0.00011835029,-4.099851e-06,8.811468e-05
1989-04-01,2.4587009e-05,6.7411645e-05,1.0973441e-05,0.00012318826,4.3533106e-05,8.08966e-05,0.00011390852,3.9552306e-06,8.962188e-05
1989-05-01,3.6574806e-05,6.536544e-05,7.899138e-06,0.00016184666,4.6886886e-05,7.742304e-05,9.765862e-05,7.2248724e-05,7.809324e-05
1989-06-01,2.0374811e-05,7.610554e-05,-1.1464994e-05,0.00017211764,5.3155283e-05,8.0746875e-05,0.00012843162,0.00010161433,5.8090292e-05
1989-07-01,2.4307525e-05,7.5756194e-05,-1.3670904e-05,0.0002049568,5.8096124e-05,9.161675e-05,0.00012738357,0.00010993891,2.5201203e-05
1989-08-01,2.4736733e-05,7.653475e-05,-1.205391e-05,0.0001931387,5.051018e-05,8.9360925e-05,0.00012823199,9.7152595e-05,4.4146123e-05
1989-09-01,2.14628e-05,7.548669e-05,-7.1430027e-06,0.0001492999,3.7055102e-05,8.266333e-05,0.00012317137,6.409383e-05,6.706367e-05
1989-10-01,3.646501e-05,7.0426075e-05,5.3538474e-06,0.00012952652,3.5927198e-05,8.511879e-05,9.972479e-05,5.059883e-05,6.648474e-05
1989-11-01,2.4656887e-05,6.0714054e-05,1.4826308e-05,8.535834e-05,3.581739e-05,8.4739484e-05,0.000109466746,-4.6288715e-06,6.934943e-05
1989-12-01,2.2760394e-05,5.6372097e-05,1.262039e-05,5.334764e-05,4.070833e-05,8.363154e-05,0.000108448636,-1.5229229e-05,7.8911726e-05
1990-01-01,2.1128797e-05,5.5121316e-05,1.4559797e-05,6.0286104e-05,4.1333446e-05,8.22414e-05,0.000104019186,-4.369025e-06,9.4747375e-05
1990-02-01,2.2079026e-05,6.337331e-05,1.2175888e-05,7.346428e-05,3.5848785e-05,8.732597e-05,9.41418e-05,-1.5350106e-06,7.828506e-05
1990-03-01,2.0236917e-05,6.437355e-05,1.0033704e-05,0.000108797816,3.363992e-05,8.820118e-05,0.0001023021,1.3643656e-05,7.931031e-05
1990-04-01,2.347103e-05,6.571554e-05,1.2776034e-05,9.7028314e-05,4.163352e-05,8.5925625e-05,0.00011236287,2.146221e-05,8.408647e-05
1990-05-01,2.773039e-05,6.736594e-05,-1.5024184e-06,0.00016148554,3.3939996e-05,8.094109e-05,0.00012816669,9.348794e-05,7.4484145e-05
1990-06-01,2.7163589e-05,7.010827e-05,-1.3797055e-05,0.00019803604,5.496174e-05,8.037429e-05,0.00012619121,0.0001073913,5.7630074e-05
1990-07-01,2.0420293e-05,7.832692e-05,-1.288016e-05,0.00019986148,4.1341784e-05,9.494447e-05,0.00010908708,0.0001064244,2.7056027e-05
1990-08-01,2.5821597e-05,7.6801545e-05,-1.3121889e-05,0.00017120456,5.9437818e-05,9.016832e-05,0.00012620787,0.00010128149,1.867066e-05
1990-09-01,2.6371728e-05,7.595135e-05,-1.9358545e-06,0.00013695462,3.914125e-05,8.5800595e-05,0.00012766657,8.0318096e-05,5.2128744e-05
1990-10-01,2.648009e-05,6.918304e-05,9.058471e-06,0.00011627463,3.201453e-05,8.0882746e-05,9.844283e-05,2.6163345e-05,7.051652e-05
1990-11-01,3.288997e-05,6.3781736e-05,1.464315e-05,8.236643e-05,4.3600663e-05,8.108279e-05,9.468359e-05,-5.1692205e-06,8.861256e-05
1990-12-01,2.0345271e-05,5.809703e-05,1.926927e-05,8.385847e-05,3.9257942e-05,7.983249e-05,0.000114655086,-3.0375313e-05,8.237772e-05
1991-01-01,2.0831814e-05,5.793284e-05,2.293609e-05,6.680418e-05,2.8543614e-05,8.634798e-05,0.0001012187,1.0014794e-05,8.678919e-05
1991-02-01,2.5569707e-05,6.084176e-05,1.3225153e-05,8.154041e-05,4.4133365e-05,8.908272e-05,0.00010130579,-1.7123568e-05,7.967364e-05
1991-03-01,2.441136e-05,6.251396e-05,1.5524425e-05,8.24549e-05,4.646747e-05,8.686184e-05,0.00012022251,-6.27171e-06,7.456125e-05
1991-04-01,2.2294988e-05,6.5814806e-05,1.2275837e-05,0.000110681925,4.9385108e-05,7.980725e-05,0.00010901357,1.147796e-05,7.902044e-05
1991-05-01,2.5700347e-05,6.597157e-05,1.5176052e-05,0.00010559566,3.3446984e-05,7.755153e-05,0.000117757765,6.1347746e-05,8.880105e-05
1991-06-01,1.297597e-05,6.539676e-05,-8.165027e-06,0.00017398153,5.109214e-05,8.2367806e-05,0.00013300785,0.00010422392,4.9338953e-05
1991-07-01,1.8219003e-05,7.718052e-05,-1.26590585e-05,0.00020698129,5.9696988e-05,8.808985e-05,0.00011996995,0.000118080505,4.4435583e-05
1991-08-01,2.2338534e-05,7.691053e-05,-1.0464295e-05,0.00014887247,6.372071e-05,9.098135e-05,0.00013650901,0.00011842888,2.2618638e-05
1991-09-01,2.577873e-05,7.608314e-05,-3.2877856e-06,0.00015517803,4.9123828e-05,8.3386796e-05,0.00011595493,7.423759e-05,5.4947777e-05
1991-10-01,2.9227636e-05,7.139751e-05,8.7137105e-06,0.00014021536,4.001384e-05,8.204555e-05,0.00010141901,3.0037609e-06,7.163491e-05
1991-11-01,2.1833386e-05,6.211333e-05,1.684825e-05,8.0730446e-05,3.7496833e-05,8.492835e-05,0.0001099716,-1.12795915e-05,7.958655e-05
1991-12-01,2.1720165e-05,5.7262216e-05,1.250228e-05,5.5098804e-05,4.1956027e-05,8.998849e-05,9.2587725e-05,-1.0321559e-05,7.754856e-05
1992-01-01,2.0224912e-05,5.5691344e-05,9.775797e-06,4.8299422e-05,3.9983683e-05,8.418214e-05,0.000102847465,-1.5606407e-05,8.869378e-05
1992-02-01,2.1141464e-05,6.104506e-05,1.6542888e-05,5.115188e-05,3.325086e-05,8.654634e-05,9.621742e-05,2.570514e-06,6.894929e-05
1992-03-01,2.3891129e-05,6.396604e-05,1.229418e-05,7.780908e-05,3.606905e-05,8.7283006e-05,0.00010687346,-1.2359918e-05,9.022708e-05
1992-04-01,2.7386033e-05,6.651869e-05,9.313235e-06,7.895692e-05,4.7273297e-05,8.9253175e-05,0.000113657676,-8.411023e-06,8.48391e-05
1992-05-01,2.4447922e-05,6.843746e-05,1.6500055e-05,0.00015324073,4.143133e-05,8.592103e-05,0.000119619566,4.7875765e-05,6.725323e-05
1992-06-01,2.3925399e-05,7.5410135e-05,-9.2748505e-06,0.000142362,4.472065e-05,8.178368e-05,0.00012688349,0.000103417304,7.364342e-05
1992-07-01,1.9985067e-05,7.6549404e-05,-1.4774187e-05,0.00016914768,5.0100058e-05,8.9964145e-05,0.00012223219,0.00011462155,2.5819783e-05
1992-08-01,2.2623373e-05,7.618964e-05,-1.446581e-05,0.0001803091,4.6836434e-05,9.1762995e-05,0.0001204419,0.00010648391,2.9528834e-05
1992-09-01,2.3000275e-05,7.535874e-05,-1.8995765e-06,0.0001579006,4.534596e-05,8.0207545e-05,0.00012467348,9.151065e-05,4.6189583e-05
1992-10-01,2.9733104e-05,7.019348e-05,7.591481e-06,0.000115867544,4.0326322e-05,7.829734e-05,0.00011818049,3.783648e-05,8.33572e-05
1992-11-01,2.4250903e-05,6.33493e-05,1.5120941e-05,7.846009e-05,4.0369156e-05,8.8773486e-05,0.00010369549,-2.5433565e-06,7.472273e-05
1992-12-01,2.1295657e-05,5.6119643e-05,1.1823055e-05,4.578104e-05,3.9144226e-05,9.178013e-05,0.00011005141,-1.0346923e-05,7.372051e-05
1993-01-01,2.4019397e-05,5.78665e-05,1.2865532e-05,6.81419e-05,3.6044872e-05,8.674534e-05,0.000104154315,-8.255987e-06,7.791162e-05
1993-02-01,1.9155063e-05,5.969902e-05,8.317811e-06,7.369703e-05,4.2712953e-05,8.9374196e-05,0.00011003565,3.3525794e-08,6.957413e-05
1993-03-01,2.618772e-05,6.2308674e-05,1.5753432e-05,9.207021e-05,3.319536e-05,8.603536e-05,0.00010297421,-1.6065782e-05,8.999091e-05
1993-04-01,2.8615088e-05,6.6376684e-05,1.5551954e-05,7.110656e-05,4.080367e-05,8.442351e-05,0.00011262613,-8.1600465e-06,8.9242545e-05
1993-05-01,3.2472017e-05,6.820921e-05,8.83591e-06,0.00013798874,4.6838515e-05,8.110387e-05,0.000110313886,6.328906e-05,7.918767e-05
1993-06-01,2.3232655e-05,7.569279e-05,-1.6857752e-05,0.00016546695,4.842159e-05,8.1190214e-05,0.000114065275,0.000113774506,6.767445e-05
1993-07-01,2.6149339e-05,7.4675794e-05,-1.3374998e-05,0.00019920067,4.719351e-05,9.1379414e-05,0.00012231641,0.000112728725,2.8222494e-05
1993-08-01,2.144811e-05,7.527064e-05,-1.3490133e-05,0.00019506551,5.571329e-05,8.6313594e-05,0.00012425447,0.00010465028,4.1510677e-05
1993-09-01,2.3549268e-05,7.526105e-05,-5.670749e-06,0.00012995828,4.5418554e-05,8.546929e-05,0.0001181045,8.974067e-05,5.3868192e-05
1993-10-01,3.5762874e-05,6.954282e-05,8.058765e-06,0.00012826009,3.1516345e-05,8.5162275e-05,0.000115955365,4.7132176e-05,6.0833685e-05
1993-11-01,2.3549268e-05,6.189613e-05,1.7681896e-05,8.1075086e-05,4.169595e-05,8.671656e-05,0.00010982458,5.0129875e-06,6.256066e-05
1993-12-01,2.6772976e-05,5.7693796e-05,2.0147645e-05,6.7854075e-05,4.5332203e-05,8.797342e-05,9.7409495e-05,-6.740085e-06,9.8635406e-05
1994-01-01,2.1886144e-05,5.694988e-05,1.5558979e-05,9.1552894e-05,4.41356e-05,8.672282e-05,0.000104161256,-1.55795e-05,9.1035574e-05
1994-02-01,2.0728667e-05,5.88384e-05,8.413963e-06,5.6332574e-05,3.3605185e-05,8.4007545e-05,9.730343e-05,-1.0975711e-05,8.040073e-05
1994-03-01,2.310454e-05,6.116205e-05,1.0215446e-05,7.131013e-05,4.1281073e-05,8.811528e-05,0.00010940035,-1.6536813e-05,8.0931604e-05
1994-04-01,2.6576965e-05,6.5713626e-05,1.2895916e-05,0.00013579804,3.5284826e-05,8.256288e-05,0.00011252467,9.797926e-06,9.075709e-05
1994-05-01,3.2851698e-05,6.667964e-05,6.647291e-06,0.00014576275,2.8348677e-05,8.0944155e-05,0.00012020056,6.488678e-05,8.427349e-05
1994-06-01,2.4009632e-05,7.5191e-05,-1.42394765e-05,0.00019820596,4.4927554e-05,8.367684e-05,0.00012604885,0.00011611159,4.7095033e-05
1994-07-01,2.1146405e-05,7.659215e-05,-1.03928305e-05,0.000160105,5.846914e-05,9.083926e-05,0.00013519551,0.00012175972,1.2066179e-05
1994-08-01,1.6325042e-05,7.697508e-05,-1.1045542e-05,0.00015826001,5.229014e-05,9.0073416e-05,0.00012524819,0.00010283978,1.8506275e-05
1994-09-01,2.3983523e-05,7.46079e-05,-3.6046317e-06,0.00018642234,4.8539223e-05,9.1500675e-05,0.00013086152,7.923773e-05,4.69819e-05
1994-10-01,2.6907672e-05,7.1057155e-05,5.0459726e-06,0.00013659868,4.318699e-05,8.2728235e-05,0.00012107084,1.12251855e-05,7.133239e-05
1994-11-01,2.3861683e-05,6.6792774e-05,1.3896739e-05,4.802138e-05,4.190767e-05,9.276258e-05,0.00010105435,1.6259783e-06,6.523172e-05
1994-12-01,2.2599774e-05,6.085745e-05,1.7108081e-05,7.937764e-05,3.343113e-05,8.613103e-05,0.00010403072,-2.3429444e-05,8.4151645e-05
1995-01-01,2.0751379e-05,5.7403548e-05,1.44035275e-05,6.367949e-05,4.187995e-05,8.1709164e-05,0.00010384865,-2.4968505e-05,8.445751e-05
1995-02-01,2.0726546e-05,5.9547572e-05,1.51733875e-05,0.000106452375,3.3105178e-05,8.772734e-05,0.00010490825,-3.7683221e-06,7.762809e-05
1995-03-01,2.3814273e-05,6.353761e-05,1.4618756e-05,7.696582e-05,3.399921e-05,8.372902e-05,0.00012155549,-1.10282e-05,9.0070054e-05
1995-04-01,2.2638784e-05,6.445648e-05,2.0413418e-05,9.364617e-05,4.7227597e-05,8.138632e-05,0.00012783856,2.8707054e-06,8.747073e-05
1995-05-01,2.1769583e-05,6.897631e-05,7.3009264e-06,0.00018641043,3.4197885e-05,8.3745574e-05,0.00012788823,7.025435e-05,7.2652954e-05
1995-06-01,2.1363956e-05,7.5482894e-05,-1.324529e-05,0.00017158437,4.6275614e-05,8.175884e-05,0.00012619949,9.696774e-05,6.756194e-05
1995-07-01,2.2415274e-05,7.5615346e-05,-1.3700583e-05,0.00015892717,4.530708e-05,9.018593e-05,0.00012321939,0.00011262988,2.4466208e-05
1995-08-01,2.6902e-05,7.616998e-05,-1.2061524e-05,0.00017835584,5.521595e-05,9.157665e-05,0.00013124914,9.672768e-05,3.0037358e-05
1995-09-01,2.5701675e-05,7.511038e-05,-5.306602e-06,0.00015001996,4.5067016e-05,8.43416e-05,0.0001231366,7.718311e-05,5.929212e-05
1995-10-01,2.8557615e-05,7.0954775e-05,6.464839e-06,0.000119564866,4.3725962e-05,8.469756e-05,0.00010286356,2.6057633e-05,6.081529e-05
1995-11-01,2.9252975e-05,6.3554166e-05,4.7926637e-06,9.0575e-05,4.0530624e-05,8.499557e-05,0.000102499325,1.5635522e-05,8.5881344e-05
1995-12-01,2.0213303e-05,5.779262e-05,1.4014457e-05,5.515306e-05,4.1209427e-05,8.52108e-05,9.2209666e-05,-1.7443725e-05,8.14029e-05
1996-01-01,2.569529e-05,5.7253863e-05,1.1843384e-05,7.496013e-05,4.0711446e-05,9.0367386e-05,0.00010517598,-2.7654149e-05,6.0588456e-05
1996-02-01,1.6830714e-05,5.8522804e-05,8.7565295e-06,6.202775e-05,4.5643214e-05,8.929644e-05,0.0001172534,-1.3704814e-05,6.5475215e-05
1996-03-01,2.3832376e-05,6.160965e-05,9.0535195e-06,7.166628e-05,4.3609307e-05,9.047538e-05,0.00013615249,-1.33898375e-05,6.504324e-05
1996-04-01,2.530831e-05,6.333757e-05,9.566496e-06,0.00011741109,3.0955915e-05,8.948543e-05,0.00012794489,2.0700527e-05,6.8094094e-05
1996-05-01,2.7162218e-05,6.69194e-05,6.587639e-06,0.00017463934,5.2428888e-05,7.679604e-05,0.00012133021,6.760628e-05,7.691367e-05
1996-06-01,1.7046708e-05,7.4029056e-05,-1.5272313e-05,0.00017260543,6.105947e-05,8.450867e-05,0.00013020379,0.0001211177,4.247232e-05
1996-07-01,2.7837186e-05,7.582897e-05,-1.3409399e-05,0.0002128335,5.8827576e-05,9.3490235e-05,0.00013353361,0.00011511499,3.2716787e-05
1996-08-01,2.2968421e-05,7.765588e-05,-1.3130417e-05,0.00017721321,4.9972e-05,8.675856e-05,0.00012467804,9.545094e-05,3.2689793e-05
1996-09-01,2.8530156e-05,7.531599e-05,-5.2197925e-06,0.00015723417,5.0961953e-05,8.123283e-05,0.0001215642,8.968222e-05,7.463678e-05
1996-10-01,3.431688e-05,6.969126e-05,4.652729e-06,0.00011125539,4.3195327e-05,8.612859e-05,0.00010449201,4.170552e-05,6.102943e-05
1996-11-01,3.2336975e-05,6.0934683e-05,1.2527353e-05,0.00012778759,4.9459024e-05,8.59396e-05,0.00010981976,-1.4820756e-05,7.640969e-05
1996-12-01,2.6730237e-05,5.6776888e-05,1.4858242e-05,7.535611e-05,4.4950244e-05,8.675856e-05,0.000102899096,-2.0256508e-05,7.8659585e-05
1997-01-01,2.5512154e-05,5.836613e-05,9.289341e-06,6.434436e-05,4.4674267e-05,8.437211e-05,0.000104445484,-1.7900866e-05,8.877417e-05
1997-02-01,2.4983563e-05,5.951141e-05,1.7188848e-05,8.20326e-05,3.0275038e-05,8.890429e-05,0.000106099775,-2.0211011e-05,7.555939e-05
1997-03-01,2.5238076e-05,6.421979e-05,8.114695e-06,5.743352e-05,5.2084335e-05,8.914901e-05,0.00010354492,-7.1332634e-06,7.74584e-05
1997-04-01,2.441582e-05,6.78612e-05,9.915822e-06,8.847359e-05,4.0357434e-05,8.233605e-05,0.00011774837,6.4730757e-06,0.00010157783
1997-05-01,2.1772865e-05,6.838e-05,1.1305821e-05,0.00015971599,3.8106027e-05,8.065239e-05,0.00010917344,7.058927e-05,8.365467e-05
1997-06-01,2.0921243e-05,7.5388736e-05,-7.801782e-06,0.00018733,4.4272925e-05,8.308e-05,0.00011969633,9.209512e-05,6.9363115e-05
1997-07-01,1.176878e-05,7.580965e-05,-1.6171149e-05,0.00017554437,4.2520744e-05,8.572295e-05,0.00012122337,0.00011873026,3.2283395e-05
1997-08-01,2.0089201e-05,7.599564e-05,-1.2108829e-05,0.00016533471,5.6117296e-05,9.187028e-05,0.00012629393,0.00010603427,3.475994e-05
1997-09-01,1.9550816e-05,7.364634e-05,-3.8569256e-06,0.00017601423,4.6671168e-05,8.043704e-05,0.00012591216,6.951251e-05,5.5825294e-05
1997-10-01,2.7949549e-05,6.799824e-05,5.5500436e-06,0.00011408092,3.8438844e-05,7.889042e-05,0.00010398541,1.784758e-05,9.263094e-05
1997-11-01,2.192948e-05,6.144958e-05,1.2821561e-06,8.709338e-05,3.4073066e-05,8.874767e-05,0.00010313379,-5.2636187e-06,7.455114e-05
1997-12-01,2.284962e-05,5.7181693e-05,6.538708e-06,6.185802e-05,3.4660396e-05,8.601662e-05,0.000108507804,-1.8145585e-05,8.200037e-05
1998-01-01,2.6617012e-05,5.7412606e-05,7.4007817e-06,3.836196e-05,3.955453e-05,8.675073e-05,9.729294e-05,-8.620749e-06,8.598143e-05
1998-02-01,2.1374022e-05,5.943316e-05,1.3601793e-05,6.819125e-05,4.2489555e-05,8.551402e-05,0.00010593255,-2.323939e-06,8.900356e-05
1998-03-01,2.3681985e-05,6.329137e-05,1.4194024e-05,6.558717e-05,3.7229147e-05,9.036509e-05,0.0001046697,-8.829773e-06,9.31753e-05
1998-04-01,2.245397e-05,6.504194e-05,1.449885e-05,0.000100877194,4.07477e-05,8.2265455e-05,0.00010711701,-4.775702e-07,9.212148e-05
1998-05-01,2.9717516e-05,6.765472e-05,7.966888e-06,0.00014970143,3.8004277e-05,8.3336694e-05,0.000108911125,8.52392e-05,7.5774165e-05
1998-06-01,2.736601e-05,7.603306e-05,-1.28744305e-05,0.00021066642,5.7547906e-05,8.767392e-05,0.00012791478,0.00011208992,4.2661468e-05
1998-07-01,2.5310621e-05,7.5466945e-05,-1.445952e-05,0.00020092072,5.120755e-05,8.82139e-05,0.000120581564,0.00011560847,3.4169916e-05
1998-08-01,1.903123e-05,7.494439e-05,-1.6593289e-05,0.00020591114,5.7469522e-05,8.7804554e-05,0.00012237567,9.8512144e-05,3.5519854e-05
1998-09-01,2.8924971e-05,7.4926975e-05,-3.86032e-06,0.00016570909,4.1461863e-05,8.0932936e-05,0.00011871778,9.92176e-05,4.5552948e-05
1998-10-01,3.2887692e-05,7.184388e-05,2.5497116e-06,0.00014955338,4.0233856e-05,8.720362e-05,0.000112063884,6.200283e-05,6.499207e-05
1998-11-01,3.85226e-05,6.413617e-05,6.4253413e-06,9.304755e-05,5.0188562e-05,8.309283e-05,0.00010348525,-8.002387e-06,6.358116e-05
1998-12-01,2.5145144e-05,6.118373e-05,1.5317522e-05,8.284897e-05,4.5877467e-05,8.914579e-05,9.5281095e-05,-1.8174831e-05,5.745854e-05
1999-01-01,2.5894968e-05,5.7875994e-05,1.1405295e-05,9.334056e-05,3.8635164e-05,8.5669715e-05,9.743172e-05,-1.8371002e-05,8.537677e-05
1999-02-01,2.9204273e-05,5.8269572e-05,1.3614177e-05,3.1668613e-05,4.3269796e-05,8.747699e-05,9.629917e-05,-1.5551663e-05,9.234077e-05
1999-03-01,2.4143928e-05,6.1040715e-05,1.5815023e-05,8.945293e-05,4.1783827e-05,8.620788e-05,0.00011861288,-8.700119e-06,8.2027305e-05
1999-04-01,2.9935212e-05,6.581993e-05,5.670239e-06,0.0001264577,4.090027e-05,8.27058e-05,0.0001043154,1.283446e-05,7.718383e-05
1999-05-01,2.1798498e-05,7.038227e-05,-1.3339218e-06,0.00018161545,4.5189514e-05,7.751695e-05,0.000112990274,8.214512e-05,7.560147e-05
1999-06-01,2.318005e-05,7.724185e-05,-1.1952614e-05,0.00017659528,5.0193634e-05,8.0705766e-05,0.00010772109,9.497269e-05,4.701454e-05
1999-07-01,2.477848e-05,7.598078e-05,-1.3229748e-05,0.00021004978,5.067557e-05,9.056942e-05,0.00011879762,0.00011591288,2.3030116e-05
1999-08-01,1.7581542e-05,7.563539e-05,-1.4410491e-05,0.00019431452,5.360736e-05,8.934851e-05,0.00011951249,9.971174e-05,4.915113e-05
1999-09-01,2.6650005e-05,7.630207e-05,-3.6713159e-06,0.00014074714,5.2812164e-05,7.917963e-05,0.00012638814,8.5390166e-05,5.0347946e-05
1999-10-01,3.473852e-05,6.987624e-05,4.40917e-06,0.0001264577,4.5478682e-05,7.804707e-05,0.00010645199,6.4168846e-05,7.1272065e-05
1999-11-01,2.7501426e-05,6.1072846e-05,1.5654377e-05,7.247266e-05,4.7840174e-05,8.364558e-05,0.00010231536,-2.480487e-05,7.777019e-05
1999-12-01,2.9895049e-05,5.938606e-05,1.3043884e-05,9.380643e-05,4.425777e-05,8.432833e-05,0.00010473307,-5.5112996e-06,8.4187996e-05
2000-01-01,2.038614e-05,5.787034e-05,1.6416665e-05,7.094022e-05,3.993841e-05,8.9342546e-05,0.00010623378,-1.3179555e-05,5.6651363e-05
2000-02-01,2.3222228e-05,6.0013517e-05,2.083193e-05,9.594127e-05,2.918224e-05,8.704628e-05,9.629138e-05,-2.4145209e-05,8.14671e-05
2000-03-01,2.7428008e-05,6.301074e-05,1.2557333e-05,0.0001051102,3.6425536e-05,8.825484e-05,0.000104654595,-1.0440157e-05,8.9048786e-05
2000-04-01,3.3865595e-05,6.3437765e-05,1.2492876e-05,0.0001131592,4.4684017e-05,8.037504e-05,0.000115789444,2.0104146e-05,9.068437e-05
2000-05-01,2.7573033e-05,6.8602334e-05,-4.6767077e-06,0.00013522748,2.9762345e-05,7.9343736e-05,0.000119954944,8.54791e-05,7.62703e-05
2000-06-01,2.4970604e-05,7.593426e-05,-1.0711445e-05,0.00019318995,5.2563817e-05,8.4057116e-05,0.00012689208,0.00010430844,3.4752287e-05
2000-07-01,2.6364474e-05,7.667551e-05,-1.735852e-05,0.00021971377,4.469207e-05,9.445072e-05,0.00012972011,0.00010239086,3.096547e-05
2000-08-01,1.9709345e-05,7.640157e-05,-1.0832298e-05,0.00017410278,4.8325808e-05,8.4919215e-05,0.0001239593,9.888604e-05,3.4679775e-05
2000-09-01,2.0353915e-05,7.4878786e-05,-4.152999e-06,0.00015557154,4.6649937e-05,8.362203e-05,0.00011698189,8.4488085e-05,5.0205723e-05
2000-10-01,3.749127e-05,7.2381095e-05,5.459065e-06,0.00013097335,4.379774e-05,8.921363e-05,0.00011671601,6.608576e-05,5.191382e-05
2000-11-01,3.097311e-05,6.305908e-05,2.1621521e-05,0.00010007454,4.025263e-05,8.7715016e-05,0.00010207634,-3.0598912e-06,7.3998206e-05
2000-12-01,2.2754915e-05,5.542099e-05,1.7278768e-05,7.180233e-05,4.537692e-05,8.975345e-05,0.00010306736,-6.9433972e-06,8.2530634e-05
2001-01-01,2.3712664e-05,5.6931865e-05,1.2098311e-05,0.00010051044,4.2974218e-05,8.600125e-05,0.0001066042,-1.6784197e-06,7.786071e-05
2001-02-01,2.9376175e-05,6.0956932e-05,1.4484942e-05,7.832994e-05,3.8437724e-05,8.809428e-05,0.00010389557,5.472084e-07,8.462282e-05
2001-03-01,3.5532168e-05,6.0805403e-05,1.2874911e-05,9.529206e-05,3.9839393e-05,8.528147e-05,0.000110174675,-1.9417146e-05,8.918773e-05
2001-04-01,2.8258624e-05,6.548395e-05,1.3348452e-05,9.995167e-05,3.952686e-05,8.225083e-05,0.000121946825,4.89428e-06,8.805124e-05
2001-05-01,2.9082583e-05,6.758646e-05,-1.9562854e-06,0.00014506087,4.4839955e-05,8.4978405e-05,0.00011759027,8.8236906e-05,6.9677975e-05
2001-06-01,2.1089267e-05,7.5021e-05,-1.2175229e-05,0.00019039736,6.372464e-05,8.7118795e-05,0.00012810281,0.00011502967,3.7145932e-05
2001-07-01,2.5199572e-05,7.624273e-05,-1.5310046e-05,0.00019379736,3.893967e-05,9.317061e-05,0.00012758191,0.000107311,2.2854569e-05
2001-08-01,2.339066e-05,7.593019e-05,-1.3633724e-05,0.00018153273,5.8316833e-05,8.285696e-05,0.0001233106,9.890098e-05,3.5194957e-05
2001-09-01,2.6809603e-05,7.5740776e-05,-7.0615215e-07,0.0001685957,4.832519e-05,8.195724e-05,0.00012652119,7.4011834e-05,5.8019476e-05
2001-10-01,3.368537e-05,7.054133e-05,-2.7996293e-07,9.514052e-05,4.498201e-05,8.688203e-05,0.00010192565,6.42759e-05,6.618326e-05
2001-11-01,2.1487036e-05,6.0568636e-05,1.20036e-05,9.147534e-05,3.5160843e-05,8.733662e-05,0.000103999744,-7.6165907e-06,7.7481876e-05
2001-12-01,2.465974e-05,5.783159e-05,1.5545667e-05,5.6026314e-05,4.3570868e-05,8.8009045e-05,0.000102465485,-2.0089561e-05,6.3967105e-05
2002-01-01,2.3533152e-05,5.837487e-05,1.2756465e-05,7.8463316e-05,4.004566e-05,8.802042e-05,9.513344e-05,-2.278921e-05,8.692328e-05
2002-02-01,2.2391372e-05,5.83495e-05,9.534111e-06,6.0837643e-05,4.089988e-05,8.643884e-05,0.00011306358,-2.668817e-05,0.000104777304
2002-03-01,2.5816704e-05,6.175791e-05,1.2232087e-05,8.138119e-05,4.092525e-05,8.674332e-05,0.0001039209,-5.806318e-06,8.622975e-05
2002-04-01,2.4277424e-05,6.5876775e-05,1.9437977e-05,8.776669e-05,4.3496362e-05,8.523786e-05,0.00010420001,-2.1272517e-06,8.013182e-05
2002-05-01,2.8193293e-05,6.471808e-05,-9.279597e-07,0.00013368309,5.2799744e-05,8.111055e-05,0.00011488197,6.8417714e-05,6.529716e-05
2002-06-01,2.2797341e-05,7.4173695e-05,-1.5356649e-05,0.00016830856,4.8663966e-05,8.310654e-05,0.000114433715,0.00010460785,6.1964856e-05
2002-07-01,2.7127635e-05,7.578064e-05,-8.971152e-06,0.00022437409,5.0473896e-05,9.045621e-05,0.00013485886,9.325773e-05,4.098151e-05
2002-08-01,1.5134739e-05,7.724381e-05,-1.2472605e-05,0.00017852536,5.4229076e-05,8.5305524e-05,0.00012739078,9.77741e-05,3.8089012e-05
2002-09-01,2.3516235e-05,7.6195065e-05,-7.804001e-06,0.0001667439,4.318343e-05,8.2928935e-05,0.000116362055,8.2541934e-05,6.5246415e-05
2002-10-01,3.1567884e-05,6.882002e-05,5.2883856e-06,0.000121943915,4.4502824e-05,8.117821e-05,0.00010293982,3.495093e-05,8.5028776e-05
2002-11-01,3.029924e-05,6.0235543e-05,1.9666333e-05,7.623896e-05,4.4748096e-05,8.906916e-05,9.5843876e-05,-8.867975e-06,8.727004e-05
2002-12-01,2.8159468e-05,5.7427613e-05,2.2127499e-05,6.2960506e-05,3.769444e-05,8.839255e-05,0.00010133287,-2.9645544e-06,6.7504596e-05
2003-01-01,2.2025646e-05,5.6682504e-05,1.6443808e-05,5.5566044e-05,4.2169948e-05,8.5221414e-05,0.00011291969,-1.0217513e-05,7.831925e-05
2003-02-01,2.373637e-05,5.7906924e-05,1.1780578e-05,5.8292782e-05,3.9677685e-05,8.7948145e-05,0.000105138955,-7.4994623e-06,6.677841e-05
2003-03-01,2.7314114e-05,6.057287e-05,1.3239465e-05,6.763661e-05,4.1153933e-05,9.011911e-05,0.000116132716,-1.4455234e-05,6.524137e-05
2003-04-01,2.298087e-05,6.601765e-05,1.2449234e-05,0.000119288175,4.223073e-05,8.648058e-05,0.00012274981,8.261732e-06,5.952739e-05
2003-05-01,2.1183308e-05,6.5852655e-05,5.0766407e-06,0.00016425319,3.494498e-05,7.9611644e-05,0.00011299785,6.89532e-05,7.2214505e-05
2003-06-01,8.452784e-06,7.4050215e-05,-7.9144065e-06,0.00018800353,3.83751e-05,8.2025756e-05,0.000122055106,0.000116280215,4.9558323e-05
2003-07-01,1.9950208e-05,7.49707e-05,-2.041047e-05,0.00015303364,6.0901024e-05,8.580323e-05,0.00012595416,0.00012465144,2.6190071e-05
2003-08-01,2.2789825e-05,7.580435e-05,-1.0424044e-05,0.0001942559,5.1131687e-05,8.944177e-05,0.00012543313,9.674154e-05,3.1322226e-05
2003-09-01,2.885984e-05,7.485782e-05,-5.8737046e-06,0.00017549009,4.216126e-05,8.4908796e-05,0.00012148197,8.6911416e-05,3.500418e-05
2003-10-01,2.9459026e-05,7.188794e-05,8.593603e-06,9.633675e-05,3.5657056e-05,8.3554114e-05,0.00011202526,3.711819e-05,8.671654e-05
2003-11-01,2.4474493e-05,6.208386e-05,1.3395775e-05,9.565941e-05,4.1284195e-05,8.470907e-05,0.000111356596,-2.75418e-05,8.2626444e-05
2003-12-01,2.1296202e-05,5.6899597e-05,1.7216671e-05,8.184339e-05,4.285597e-05,8.819129e-05,0.00011019296,-1.579254e-05,7.492387e-05
2004-01-01,2.6588785e-05,5.705592e-05,1.0636368e-05,6.70215e-05,4.0445713e-05,8.51421e-05,0.00011867384,3.7210466e-06,7.425526e-05
2004-02-01,1.8555851e-05,5.758732e-05,9.431869e-06,8.105921e-05,3.8328984e-05,8.825077e-05,0.000104503284,-4.896423e-06,9.5068266e-05
2004-03-01,2.3524399e-05,6.119195e-05,1.37981715e-05,9.660254e-05,4.9692e-05,8.463728e-05,0.00011332445,-2.1033151e-05,7.522948e-05
2004-04-01,2.23199e-05,6.6789326e-05,9.316735e-06,0.00012262323,3.0898296e-05,8.9030145e-05,0.00012328813,9.858666e-06,7.2572504e-05
2004-05-01,2.7093613e-05,7.019026e-05,-2.4536844e-06,0.00012462481,3.9365204e-05,8.233456e-05,0.000111809975,9.936346e-05,7.45121e-05
2004-06-01,2.4277213e-05,7.69567e-05,-1.4844065e-05,0.00019073933,4.8903767e-05,8.415016e-05,0.00013134764,0.000105935054,5.5399556e-05
2004-07-01,2.0017183e-05,7.617732e-05,-1.1230577e-05,0.00020629152,5.6564724e-05,8.921614e-05,0.000118611846,0.000110956746,3.2168697e-05
2004-08-01,2.297529e-05,7.632788e-05,-7.723362e-06,0.00019498164,5.945197e-05,8.873788e-05,0.00013845948,9.954059e-05,3.6428726e-05
2004-09-01,2.1797363e-05,7.422001e-05,-2.2322697e-06,0.00014624378,4.3642944e-05,8.448671e-05,0.0001258034,7.7709075e-05,4.5825574e-05
2004-10-01,2.5977677e-05,6.992456e-05,1.104377e-05,0.00016197309,3.096915e-05,7.9013334e-05,0.00010146547,1.5491465e-05,7.562803e-05
2004-11-01,2.3019571e-05,6.3547806e-05,1.4108156e-05,7.986357e-05,3.5424022e-05,8.474355e-05,0.00011162399,-6.9511607e-06,7.6726246e-05
2004-12-01,2.2328755e-05,5.8570404e-05,1.8554167e-05,6.557787e-05,3.766474e-05,8.5620355e-05,0.000100225545,-1.5745763e-05,9.036541e-05
2005-01-01,2.6058433e-05,5.752952e-05,1.3327792e-05,7.8200115e-05,4.024233e-05,8.659357e-05,0.000111480804,-7.3084757e-06,9.420961e-05
2005-02-01,2.0827005e-05,5.9888625e-05,7.8811445e-06,8.287694e-05,4.6574674e-05,8.872092e-05,0.000112076785,-2.3750417e-06,6.875606e-05
2005-03-01,2.1547157e-05,6.2049075e-05,8.245357e-06,6.195951e-05,4.1616408e-05,8.6014144e-05,9.7897304e-05,-6.215838e-06,8.573337e-05
2005-04-01,1.9444653e-05,6.632858e-05,1.41307155e-05,0.00013410687,4.120253e-05,8.5774096e-05,0.00010559545,4.8678394e-06,7.279552e-05
2005-05-01,3.331787e-05,6.7710935e-05,7.823206e-06,0.00016479185,3.7187903e-05,8.477251e-05,0.00010557889,7.119606e-05,6.869812e-05
2005-06-01,2.7374566e-05,7.59223e-05,-1.3210118e-05,0.00018056063,4.794048e-05,8.391164e-05,0.00010807872,0.000105655614,4.8815382e-05
2005-07-01,2.0421407e-05,7.655139e-05,-1.1927097e-05,0.00020472288,5.616839e-05,8.863814e-05,0.0001212649,0.000114189796,3.5952027e-05
2005-08-01,2.5661115e-05,7.576502e-05,-1.0437134e-05,0.00019722339,4.783287e-05,8.752066e-05,0.000119501776,8.6310916e-05,2.7252288e-05
2005-09-01,2.8641041e-05,7.5533244e-05,-5.0318763e-06,0.00014084482,4.8842736e-05,8.435863e-05,0.00013419447,8.799127e-05,5.2200907e-05
2005-10-01,3.2887438e-05,7.1584844e-05,4.5287247e-06,0.00013460353,3.6889916e-05,8.3613646e-05,0.00011687778,4.315163e-05,6.059437e-05
2005-11-01,2.8823144e-05,6.0343897e-05,1.10514575e-05,9.616246e-05,3.6376707e-05,8.497117e-05,0.0001046518,-1.1913453e-06,7.796073e-05
2005-12-01,2.543762e-05,5.710736e-05,1.1680555e-05,8.7578606e-05,4.2295174e-05,8.565821e-05,0.00010718474,-3.4177487e-05,8.0766826e-05
2006-01-01,2.967669e-05,5.7731602e-05,1.0111775e-05,7.69385e-05,4.3887212e-05,8.860999e-05,0.00010153647,-1.0545717e-05,7.6369986e-05
2006-02-01,2.6095668e-05,5.849202e-05,8.4583135e-06,5.753024e-05,4.9148224e-05,8.81502e-05,0.00010779663,-5.4792345e-06,8.030469e-05
2006-03-01,2.7678392e-05,6.148063e-05,8.741261e-06,7.457768e-05,3.6079702e-05,8.566559e-05,0.0001241986,1.4430225e-07,9.074713e-05
2006-04-01,2.6228297e-05,6.610501e-05,1.1075555e-05,0.00010608185,3.811337e-05,8.438349e-05,9.82826e-05,1.0365691e-05,7.842134e-05
2006-05-01,2.7881759e-05,6.8085625e-05,1.0221643e-06,0.00014624235,4.4541524e-05,8.139489e-05,0.00010902567,6.554882e-05,6.803195e-05
2006-06-01,2.2373175e-05,7.612303e-05,-8.801331e-06,0.0001924685,5.4285443e-05,9.1412905e-05,0.00012343819,0.00010444492,3.8844402e-05
2006-07-01,2.4150422e-05,7.670661e-05,-1.4380659e-05,0.00018467868,6.0227292e-05,9.1651644e-05,0.00012207651,0.00010608954,2.0116968e-05
2006-08-01,1.4247342e-05,7.667123e-05,-6.9798757e-06,0.00017000973,4.0695242e-05,9.150133e-05,0.0001441197,9.2269445e-05,4.8455688e-05
2006-09-01,2.3796738e-05,7.471714e-05,-9.51754e-06,0.00013351867,3.7070004e-05,8.416244e-05,0.00013121033,8.952842e-05,4.5387504e-05
2006-10-01,3.3116245e-05,7.314327e-05,1.9263278e-05,0.0001086814,4.2631644e-05,8.3826446e-05,0.00010826526,1.4309238e-05,7.4919895e-05
2006-11-01,2.469863e-05,6.392103e-05,4.8684465e-06,7.615156e-05,3.0535743e-05,8.661169e-05,0.000106735584,1.4087109e-06,8.7334105e-05
2006-12-01,1.910162e-05,5.6246143e-05,1.9254438e-05,7.0466136e-05,3.298499e-05,8.885756e-05,0.000102570986,-1.9255118e-05,8.084405e-05
2007-01-01,2.4264153e-05,5.6996112e-05,1.6722182e-05,6.421572e-05,4.4957207e-05,8.632569e-05,0.00010184716,-1.3100807e-05,9.645445e-05
2007-02-01,2.3080915e-05,5.915724e-05,1.2311926e-05,6.589768e-05,3.9432165e-05,8.7939196e-05,0.00011367956,-2.7622396e-05,7.180199e-05
2007-03-01,2.4606414e-05,6.132814e-05,1.4394822e-05,6.72276e-05,4.3265467e-05,8.718622e-05,0.00011520506,-1.7452398e-05,7.471608e-05
2007-04-01,2.6229702e-05,6.7048764e-05,1.3925435e-05,7.069909e-05,4.2356038e-05,9.083373e-05,0.000106707244,6.2026284e-06,6.323572e-05
2007-05-01,3.1324482e-05,7.001175e-05,2.8557856e-06,0.00015815129,3.688966e-05,8.3225794e-05,0.00012099413,6.967711e-05,6.702991e-05
2007-06-01,2.169232e-05,7.427533e-05,-1.6046723e-05,0.00015171681,6.605996e-05,8.3499595e-05,0.00012125816,0.00012243396,5.164778e-05
2007-07-01,2.445973e-05,7.482294e-05,-1.367046e-05,0.00020374027,5.044314e-05,9.400208e-05,0.000112251844,0.000105995736,2.7630951e-05
2007-08-01,2.1154481e-05,7.671026e-05,-9.964284e-06,0.00017948874,4.8546044e-05,8.77534e-05,0.00013741282,9.9395016e-05,4.1996063e-05
2007-09-01,2.401968e-05,7.43829e-05,-1.0531452e-05,0.00015790682,4.225825e-05,9.049147e-05,0.0001322887,0.0001039813,3.499441e-05
2007-10-01,3.1275587e-05,6.976728e-05,4.8115485e-06,0.00015947144,4.5319026e-05,8.228702e-05,0.00012044652,7.1022787e-06,5.759333e-05
2007-11-01,2.979898e-05,6.264829e-05,1.4658852e-05,6.144831e-05,2.8822116e-05,8.492731e-05,0.00010867279,-1.5701977e-05,7.556684e-05
2007-12-01,2.3413397e-05,5.744594e-05,2.0007874e-05,6.7804554e-05,3.3457287e-05,8.720578e-05,0.00010168092,-3.114278e-05,7.498989e-05
2008-01-01,2.1933402e-05,6.0595983e-05,1.4235526e-05,7.912135e-05,3.3941236e-05,8.871629e-05,0.00011225656,-1.0044225e-05,6.75661e-05
2008-02-01,1.9840712e-05,5.8470203e-05,1.6766606e-05,0.00011586336,4.1567557e-05,8.822828e-05,0.00010612738,-3.4618854e-05,7.777314e-05
2008-03-01,2.346363e-05,6.213448e-05,1.8875837e-05,7.8509256e-05,5.2353596e-05,8.529189e-05,0.00010970067,-1.1880495e-05,9.0850386e-05
2008-04-01,2.6433097e-05,6.5641594e-05,1.5476251e-05,0.00010893184,4.081485e-05,8.089973e-05,0.00011716156,8.417768e-06,9.841881e-05
2008-05-01,2.4290779e-05,7.0248825e-05,1.3650692e-06,0.00012358067,4.6778605e-05,8.066812e-05,0.00011072634,7.2918934e-05,7.5250326e-05
2008-06-01,1.8029254e-05,7.694874e-05,-1.2225008e-05,0.00017239907,4.917734e-05,8.340599e-05,0.00011708712,0.000104789025,3.362814e-05
2008-07-01,1.9956513e-05,7.526962e-05,-1.7311979e-05,0.00018486421,4.6116882e-05,9.123083e-05,0.00012130558,0.00010934662,2.624996e-05
2008-08-01,2.121378e-05,7.542678e-05,-1.1339953e-05,0.0001791238,5.3875552e-05,9.293476e-05,0.00013016436,9.607914e-05,3.4099616e-05
2008-09-01,1.8591714e-05,7.5509495e-05,-1.6540275e-06,0.00016046329,4.389185e-05,8.1396014e-05,0.00013004028,7.5450014e-05,6.606897e-05
2008-10-01,3.4150406e-05,6.91818e-05,1.1787162e-05,0.00012219933,3.762205e-05,8.6813845e-05,0.00011182645,2.4911142e-05,5.8070425e-05
2008-11-01,2.6854943e-05,5.810626e-05,1.6055257e-05,0.00010106564,4.2808282e-05,9.2852046e-05,0.00010101559,-1.5271811e-05,6.621785e-05
2008-12-01,2.3695231e-05,5.677455e-05,1.7668199e-05,6.0096903e-05,3.4958626e-05,8.284353e-05,0.000103943705,-9.97805e-06,7.1519884e-05
2009-01-01,2.8678389e-05,5.648934e-05,1.5706983e-05,4.3376407e-05,4.4833727e-05,8.642625e-05,9.101836e-05,-2.8924072e-05,7.87836e-05
2009-02-01,2.4374205e-05,5.8921447e-05,1.2162831e-05,6.4569314e-05,4.0289535e-05,8.988239e-05,0.000117219475,-2.0267706e-05,9.008809e-05
2009-03-01,2.7390333e-05,6.196958e-05,1.24988455e-05,5.868906e-05,4.357768e-05,8.5866224e-05,0.000112923284,-3.4509885e-06,8.122371e-05
2009-04-01,2.5158237e-05,6.332964e-05,1.5698983e-05,9.383456e-05,4.2857642e-05,8.2514074e-05,0.00010441893,1.9972485e-06,8.378382e-05
2009-05-01,2.6638301e-05,6.72018e-05,2.922437e-06,0.00013706041,4.0185532e-05,7.9033925e-05,0.00010537097,5.7503617e-05,8.395983e-05
2009-06-01,2.1334074e-05,7.642619e-05,-7.045985e-06,0.00020187917,4.4241704e-05,8.592222e-05,0.0001341482,9.2761125e-05,6.032682e-05
2009-07-01,2.131007e-05,7.65382e-05,-1.1446178e-05,0.00017466201,5.2634063e-05,8.902636e-05,0.00012700389,0.000114714065,2.9813513e-05
2009-08-01,2.3038147e-05,7.534615e-05,-1.2358212e-05,0.00018031025,5.5266173e-05,8.1138016e-05,0.00011829952,9.8769386e-05,3.0677555e-05
2009-09-01,2.6078274e-05,7.5674165e-05,-5.9179424e-06,0.00011965167,5.4050124e-05,8.6522254e-05,0.0001270599,7.954456e-05,5.7558704e-05
2009-10-01,2.7294327e-05,7.194601e-05,1.558698e-05,0.0001368364,4.3313663e-05,8.341812e-05,0.00010982716,3.1782518e-05,7.055126e-05
2009-11-01,2.4102193e-05,6.281761e-05,1.7323053e-05,9.47146e-05,4.6553803e-05,8.6690256e-05,0.00011287529,-9.387239e-06,8.8344015e-05
2009-12-01,1.8829965e-05,5.7873403e-05,1.5226962e-05,5.061672e-05,3.784143e-05,8.4738174e-05,9.960272e-05,-1.625153e-05,7.812758e-05
2010-01-01,3.0978023e-05,5.5807333e-05,1.3402367e-05,5.254139e-05,4.4134053e-05,8.553309e-05,9.789527e-05,-2.0369776e-05,6.7776346e-05
2010-02-01,2.2699302e-05,5.8238387e-05,9.616164e-06,6.171533e-05,4.339488e-05,8.865404e-05,0.00011108538,-2.004126e-05,6.892617e-05
2010-03-01,1.9857596e-05,6.071872e-05,1.597304e-05,7.35503e-05,3.833566e-05,8.8268025e-05,0.00011968441,-1.0390961e-05,6.20683e-05
2010-04-01,2.4686853e-05,6.4800595e-05,1.0100732e-05,9.905994e-05,4.432295e-05,8.502389e-05,0.00011259658,1.660524e-05,6.57888e-05
2010-05-01,1.8913097e-05,6.936703e-05,2.4790475e-06,0.00012943169,4.3731616e-05,8.270781e-05,0.00011763937,8.698261e-05,8.5081185e-05
2010-06-01,2.7175396e-05,7.587174e-05,-1.4439773e-05,0.00017659085,4.7944894e-05,8.1434795e-05,0.00013371225,0.00010835289,6.9410744e-05
2010-07-01,2.2132603e-05,7.697229e-05,-9.076672e-06,0.00018275062,5.616613e-05,8.854727e-05,0.00013009852,0.000114249844,2.6612695e-05
2010-08-01,2.506465e-05,7.64138e-05,-1.1056009e-05,0.00018928818,4.553848e-05,9.080585e-05,0.00011894524,9.961424e-05,3.9745315e-05
2010-09-01,2.4719704e-05,7.410595e-05,-6.5470617e-06,0.00017392983,4.6893627e-05,8.377551e-05,0.00012848877,9.180366e-05,4.7440913e-05
2010-10-01,3.0132083e-05,7.192949e-05,-5.7619627e-07,0.00011817984,5.0425224e-05,7.903659e-05,0.00011438702,3.928139e-05,7.7122764e-05
2010-11-01,3.6004392e-05,6.288696e-05,7.144044e-06,0.00011202008,4.6942907e-05,8.4153304e-05,0.00010363617,-2.3671417e-05,9.807418e-05
2010-12-01,2.9310782e-05,5.7679903e-05,2.0005635e-05,0.00011499319,4.1021318e-05,8.5032094e-05,0.00010554159,-2.3696053e-05,8.522902e-05
2011-01-01,2.2619837e-05,5.824933e-05,1.6841122e-05,7.591784e-05,3.252654e-05,9.042297e-05,0.00010270171,-2.0430112e-05,7.624392e-05
2011-02-01,2.0571852e-05,5.797852e-05,1.0510996e-05,5.4794844e-05,3.309354e-05,8.6961714e-05,0.00012583038,-8.066048e-06,6.929602e-05
2011-03-01,2.7799031e-05,6.0805076e-05,1.1501137e-05,9.1700844e-05,3.509921e-05,9.013524e-05,0.000111494504,-2.2444243e-05,8.058531e-05
2011-04-01,3.1065647e-05,6.675438e-05,8.57303e-06,9.577142e-05,4.647313e-05,8.8569635e-05,0.0001244171,3.7056143e-06,7.3155024e-05
2011-05-01,2.5971085e-05,6.748218e-05,-2.3523667e-06,0.000118705444,3.5920097e-05,8.147786e-05,0.00011918713,6.7455425e-05,7.917203e-05
2011-06-01,2.6334978e-05,6.975865e-05,-9.9180525e-06,0.00017309547,4.3079574e-05,8.095317e-05,0.000106992324,9.9139914e-05,6.249198e-05
2011-07-01,2.1164245e-05,7.39731e-05,-8.877139e-06,0.00019111263,4.62531e-05,8.9229725e-05,0.00012815764,0.000106214764,3.8229307e-05
2011-08-01,1.2066803e-05,7.6444216e-05,-1.2109906e-05,0.00018863304,5.4461958e-05,8.925512e-05,0.00012301229,9.901298e-05,2.2835586e-05
2011-09-01,1.8016106e-05,7.4430085e-05,-8.970228e-06,0.00017797847,4.5923054e-05,8.5827705e-05,0.00012496718,8.514254e-05,3.9507177e-05
2011-10-01,2.6538086e-05,6.8540015e-05,4.9001987e-06,0.00010035823,4.25972e-05,8.031847e-05,0.00011431259,2.4718594e-05,7.3155024e-05
2011-11-01,2.3119135e-05,5.8274716e-05,1.2931339e-05,5.2061383e-05,4.3866607e-05,8.94159e-05,0.00010530824,1.710213e-05,6.1036386e-05
2011-12-01,2.6791966e-05,5.7656936e-05,1.7543533e-05,0.00010480116,4.480597e-05,8.449906e-05,0.00011206997,-3.036536e-05,8.490131e-05
2012-01-01,2.9027693e-05,5.6655153e-05,1.47577575e-05,7.085899e-05,3.1905005e-05,8.7024266e-05,0.00011510949,-4.024283e-06,7.3817486e-05
2012-02-01,2.3933184e-05,5.9790233e-05,1.6049196e-05,9.607326e-05,3.2127664e-05,8.54211e-05,0.00011804863,-2.6308322e-05,6.0172744e-05
2012-03-01,2.389756e-05,6.264031e-05,1.3528663e-05,8.478874e-05,4.0321636e-05,8.6053464e-05,0.00010203476,-1.977986e-05,9.435585e-05
2012-04-01,2.9054418e-05,6.637213e-05,8.220393e-06,0.000111508205,5.1463652e-05,8.3256826e-05,0.00010594471,6.9485086e-06,8.5841246e-05
2012-05-01,3.4941608e-05,6.4991626e-05,1.3534896e-06,0.0001408818,4.2263247e-05,7.736963e-05,0.00011820895,6.2899075e-05,9.30555e-05
2012-06-01,1.8945551e-05,6.844734e-05,-1.0091351e-05,0.00020990708,4.1996052e-05,8.9161826e-05,0.00012342815,0.000106255866,4.5432505e-05
2012-07-01,2.32652e-05,7.533206e-05,-1.3368937e-05,0.00020379724,5.273728e-05,9.087187e-05,0.00013075818,0.0001057571,3.2990145e-05
2012-08-01,1.2737726e-05,7.658787e-05,-7.5529956e-06,0.00019066017,6.248988e-05,9.0533424e-05,0.00012833563,0.00010139292,2.688029e-05
2012-09-01,2.305144e-05,7.524299e-05,-8.007226e-06,0.0001793222,5.8784786e-05,8.786148e-05,0.00012813078,8.512967e-05,4.0765502e-05
2012-10-01,2.251705e-05,6.9827845e-05,1.099922e-05,0.000116914445,3.4078188e-05,8.273134e-05,0.00010619409,3.5271143e-05,7.226776e-05
2012-11-01,2.9695684e-05,6.398519e-05,1.992352e-05,0.00010044634,4.1657604e-05,8.6409724e-05,0.000106470194,4.1251533e-06,7.1483984e-05
2012-12-01,2.4583356e-05,5.7145007e-05,1.974539e-05,8.013955e-05,3.4790708e-05,8.8333516e-05,9.97547e-05,-2.0510199e-05,7.316731e-05
2013-01-01,1.6802702e-05,5.6073826e-05,1.1627553e-05,5.827406e-05,4.1237523e-05,8.7084074e-05,9.092046e-05,-6.0116017e-06,8.346787e-05
2013-02-01,2.1001308e-05,5.7927333e-05,1.1651731e-05,9.163727e-05,4.1978925e-05,8.542397e-05,0.0001290625,-7.534707e-06,8.5313324e-05
2013-03-01,2.3338345e-05,6.152153e-05,1.1289087e-05,5.587256e-05,4.6379002e-05,8.660054e-05,0.000110672445,-1.7608132e-05,8.752948e-05
2013-04-01,2.5796262e-05,6.48095e-05,1.3988765e-05,9.67465e-05,5.175418e-05,8.741448e-05,0.00010914934,2.4305393e-05,7.545749e-05
2013-05-01,2.5054856e-05,6.7130415e-05,2.8999361e-06,0.00013104452,3.6257217e-05,8.431992e-05,0.0001260727,9.0524096e-05,7.1879396e-05
2013-06-01,2.8036591e-05,7.517305e-05,-1.2854913e-05,0.00014592902,4.0617e-05,8.3207815e-05,0.00012583093,0.000114136215,5.235306e-05
2013-07-01,2.1041602e-05,7.640604e-05,-1.5860822e-05,0.00019524047,5.145601e-05,8.41104e-05,0.00011241313,0.00011113836,1.6983235e-05
2013-08-01,2.3942752e-05,7.6333505e-05,-9.671703e-06,0.00017238587,5.036002e-05,8.77046e-05,0.00011958541,9.802679e-05,1.8731982e-05
2013-09-01,2.7190423e-05,7.4270465e-05,-4.215936e-06,0.00014327769,5.4308806e-05,7.964585e-05,0.00011035009,8.582584e-05,6.55694e-05
2013-10-01,3.1687203e-05,7.062791e-05,3.6948904e-07,0.00012734556,4.3397267e-05,8.676978e-05,0.00010810976,4.888456e-05,5.005632e-05
2013-11-01,3.3677716e-05,5.8370562e-05,1.5358752e-05,8.272429e-05,4.3856613e-05,8.534339e-05,0.00010783576,-3.545627e-06,7.320909e-05
2013-12-01,2.1251131e-05,5.936985e-05,2.1958864e-05,0.00010792399,3.571728e-05,8.9622576e-05,0.00010574049,-2.0412577e-05,8.53778e-05
2014-01-01,2.7260465e-05,5.6376106e-05,1.6821434e-05,6.2414336e-05,4.1956027e-05,8.724244e-05,0.00010219341,-7.835364e-06,8.4803905e-05
2014-02-01,2.8916822e-05,5.8171223e-05,8.661033e-06,0.00010756975,3.7854148e-05,8.837848e-05,0.00011992776,-1.7678149e-05,7.633998e-05
2014-03-01,2.0366175e-05,6.089425e-05,9.493548e-06,7.166742e-05,4.058585e-05,8.55167e-05,0.00010024219,-1.7695495e-05,8.054593e-05
2014-04-01,2.2065897e-05,6.4085565e-05,1.5052336e-05,9.086736e-05,3.762e-05,8.192647e-05,0.00011978034,-1.4440539e-06,8.763967e-05
2014-05-01,2.3574836e-05,6.571591e-05,8.036639e-06,0.0001290331,3.865198e-05,8.1943814e-05,0.00012990064,6.631075e-05,7.9401216e-05
2014-06-01,2.83358e-05,7.3841635e-05,-1.2203947e-05,0.00017927034,5.7088775e-05,8.363486e-05,0.00013179981,0.000113929025,5.2092902e-05
2014-07-01,2.262958e-05,7.7293116e-05,-1.2186601e-05,0.0001906394,4.334356e-05,8.869067e-05,0.00013429737,0.00011147484,2.8331451e-05
2014-08-01,2.2568876e-05,7.597496e-05,-6.32429e-06,0.0001868844,5.1027007e-05,8.558608e-05,0.00013343016,0.000100860234,4.150431e-05
2014-09-01,2.48583e-05,7.3789604e-05,-6.593122e-06,0.00013969972,3.701296e-05,8.322728e-05,0.00011983237,8.5588734e-05,5.3176904e-05
2014-10-01,3.3001364e-05,7.25495e-05,1.0430131e-05,0.000119268356,3.907691e-05,8.132809e-05,0.00010416196,3.7354745e-05,5.903055e-05
2014-11-01,2.4814943e-05,6.145793e-05,1.1965081e-05,8.794488e-05,3.5616755e-05,8.5456e-05,0.000116554336,-6.1182964e-06,7.7042416e-05
2014-12-01,2.3488114e-05,5.8448728e-05,2.634336e-05,9.670366e-05,3.995278e-05,8.451074e-05,9.8204255e-05,-2.4225557e-05,8.717138e-05
2015-01-01,2.659278e-05,5.796653e-05,7.869452e-06,6.005039e-05,4.261688e-05,8.644342e-05,0.00011240237,-1.1087019e-05,7.6017204e-05
2015-02-01,2.3760358e-05,5.7503043e-05,1.2341241e-05,6.0196304e-05,4.286579e-05,8.755922e-05,0.00011493438,-8.366182e-06,7.060127e-05
2015-03-01,2.5039239e-05,6.0756036e-05,7.697783e-06,9.949831e-05,3.7758848e-05,8.409165e-05,0.00012168928,-1.9069304e-05,7.611162e-05
2015-04-01,2.2181068e-05,6.775126e-05,1.24270755e-05,0.00010221916,3.5355577e-05,8.517312e-05,0.00010067785,3.431757e-05,8.3939405e-05
2015-05-01,2.553706e-05,6.6901535e-05,8.899422e-06,0.00013108412,5.3491665e-05,7.9225036e-05,0.000107879074,7.876086e-05,8.381066e-05
2015-06-01,1.7314449e-05,7.28067e-05,-1.1811599e-05,0.00016833477,5.229862e-05,8.41174e-05,0.00012936257,0.000114586706,5.8327438e-05
2015-07-01,1.7468947e-05,7.735575e-05,-1.1931761e-05,0.00020738786,6.180869e-05,9.251167e-05,0.0001260924,0.00010433849,2.546276e-05
2015-08-01,1.2525079e-05,7.781065e-05,-7.3054675e-06,0.00019625558,4.4608158e-05,8.422898e-05,0.00013161133,9.572964e-05,2.983155e-05
2015-09-01,1.2919902e-05,7.6960925e-05,-3.1083387e-06,0.00016848926,4.8650803e-05,8.482979e-05,0.00012871025,8.214259e-05,5.6602235e-05
2015-10-01,2.162317e-05,7.334744e-05,1.2710314e-05,0.00010008196,5.2084037e-05,8.076999e-05,0.00011503737,4.1776286e-05,6.730536e-05
2015-11-01,2.9236375e-05,6.26014e-05,1.3431296e-05,7.50279e-05,3.7535687e-05,8.4168896e-05,9.830892e-05,8.388028e-06,8.508096e-05
2015-12-01,2.6532702e-05,5.796653e-05,1.1894919e-05,8.387707e-05,3.9844537e-05,9.049464e-05,9.660947e-05,-8.452009e-06,9.0591304e-05
2016-01-01,1.9347497e-05,5.5794742e-05,1.2372586e-05,6.7535955e-05,4.063942e-05,8.500204e-05,9.793877e-05,-5.0823965e-06,7.149515e-05
2016-02-01,2.1561054e-05,6.0246086e-05,1.1661663e-05,6.8190326e-05,3.4871253e-05,8.664201e-05,0.00010640522,-2.8252014e-05,8.138344e-05
2016-03-01,1.870121e-05,6.0650018e-05,1.2776518e-05,5.8714053e-05,4.4945347e-05,8.722367e-05,9.853659e-05,-9.5499e-06,8.7208165e-05
2016-04-01,2.5454972e-05,6.55053e-05,1.00944e-05,0.00010178951,3.2690008e-05,7.983169e-05,0.00010626788,-7.2717103e-06,9.129597e-05
2016-05-01,2.5729647e-05,6.923764e-05,3.0982715e-06,0.00013571183,4.2085503e-05,7.9807454e-05,0.00011137359,0.000101039,8.620641e-05
2016-06-01,2.5551917e-05,7.7453646e-05,-1.08455115e-05,0.00017507111,5.781467e-05,8.329744e-05,0.000113433656,0.000112025984,6.260862e-05
2016-07-01,2.4445142e-05,7.8301906e-05,-1.1766473e-05,0.00019508197,5.2967465e-05,8.6577376e-05,0.00011158364,0.00010742115,2.400874e-05
2016-08-01,3.1417032e-05,7.966721e-05,-1.20330715e-05,0.000209462,4.016278e-05,9.0083515e-05,0.00015137916,0.000102331585,3.610251e-05
2016-09-01,3.0350648e-05,7.593486e-05,-1.3883086e-05,0.000144663,5.4114636e-05,7.846639e-05,0.000119112956,8.9672314e-05,5.87147e-05
2016-10-01,3.39295e-05,7.242064e-05,-1.3773083e-06,0.00013767496,4.8588827e-05,8.265922e-05,0.000119500735,4.0012732e-05,5.0110917e-05
2016-11-01,2.8209803e-05,6.385725e-05,1.9958456e-05,0.00010405962,4.304686e-05,8.4258805e-05,0.00011446772,5.7349444e-06,6.9297756e-05
2016-12-01,3.172402e-05,6.26293e-05,8.672558e-06,5.5401797e-05,3.3295906e-05,9.118222e-05,9.889205e-05,-2.262118e-05,8.194895e-05
2017-01-01,2.944678e-05,5.721503e-05,1.5349231e-05,7.917785e-05,3.189621e-05,8.482471e-05,0.000103695435,-2.0349073e-05,8.736666e-05
2017-02-01,2.7168067e-05,5.72695e-05,9.085024e-06,5.876019e-05,4.2100506e-05,8.6894615e-05,0.000104221996,-9.963211e-06,9.007206e-05
2017-03-01,2.500737e-05,6.206297e-05,1.0719168e-05,7.4683965e-05,3.5464083e-05,9.034447e-05,0.0001274994,-1.822469e-05,7.193312e-05
2017-04-01,2.5434061e-05,6.483193e-05,1.5857628e-05,0.00014695831,4.1828145e-05,8.5714404e-05,0.000107980515,5.406777e-06,6.582325e-05
2017-05-01,3.6346486e-05,6.7455636e-05,3.2838302e-06,0.0001412025,5.5500448e-05,8.0439764e-05,0.00011659606,7.678235e-05,8.537845e-05
2017-06-01,2.28376e-05,7.6398006e-05,-1.2304043e-05,0.00017392161,3.9140894e-05,8.004939e-05,0.00012654616,0.000104317594,5.6554054e-05
2017-07-01,2.525249e-05,7.8150166e-05,-1.1087517e-05,0.00020051269,4.838286e-05,8.76209e-05,0.00013426293,0.00011012787,2.6658388e-05
2017-08-01,2.0050486e-05,7.637985e-05,-1.0833317e-05,0.00020061254,4.5023797e-05,8.757551e-05,0.00014148945,0.000105670304,3.0280724e-05
2017-09-01,2.6650587e-05,7.538121e-05,-5.068438e-06,0.00015786165,4.522352e-05,7.6944525e-05,0.00012788978,8.08677e-05,4.347186e-05
2017-10-01,2.6450862e-05,7.166808e-05,4.4368076e-06,0.00011334044,4.0175848e-05,7.8460645e-05,0.00011136681,5.0536255e-05,7.9313984e-05
2017-11-01,3.3468583e-05,6.3424755e-05,1.9125904e-05,8.8637695e-05,3.9504037e-05,8.2455204e-05,0.000100281904,-5.060787e-06,8.04488e-05
2017-12-01,3.084488e-05,6.07829e-05,1.6556676e-05,9.954104e-05,4.763842e-05,8.051239e-05,0.00011453523,-4.4961016e-05,8.6504195e-05
2018-01-01,2.2525337e-05,5.6627163e-05,1.1072554e-05,7.6312084e-05,3.9988376e-05,8.830388e-05,0.00011169436,-2.0727912e-06,7.376941e-05
2018-02-01,2.4710322e-05,5.9093807e-05,8.759549e-06,7.0593574e-05,4.1430805e-05,8.764668e-05,0.000112027235,-1.5669184e-05,8.5564905e-05
2018-03-01,2.1475518e-05,6.0041202e-05,1.0876249e-05,6.2195046e-05,4.5391087e-05,8.185989e-05,0.000101332764,-1.896373e-05,9.19833e-05
2018-04-01,2.785977e-05,6.575971e-05,1.2352817e-05,0.00011059754,4.969277e-05,9.0036505e-05,0.00011297462,2.2064442e-05,5.5794517e-05
2018-05-01,1.9444173e-05,6.9122536e-05,-3.693151e-06,0.0001646844,5.0435327e-05,8.603355e-05,0.00012091226,8.381581e-05,7.4469295e-05
2018-06-01,2.0912206e-05,7.805024e-05,-1.507042e-05,0.00017548981,4.6722565e-05,8.30548e-05,0.00012542732,0.00011331308,6.149596e-05
2018-07-01,2.1475518e-05,7.693214e-05,-1.3790157e-05,0.00019155286,5.9320355e-05,9.275066e-05,0.00013093246,0.00011869872,3.3236283e-05
2018-08-01,2.1509664e-05,7.758081e-05,-7.704641e-06,0.0001830263,5.67769e-05,8.9532936e-05,0.00013752154,0.00010657036,1.5799087e-05
2018-09-01,2.502612e-05,7.595914e-05,1.9144077e-06,0.0001718624,3.7794864e-05,7.754967e-05,0.00012725384,7.757666e-05,4.809587e-05
2018-10-01,3.123113e-05,6.759475e-05,8.187695e-06,0.00015338394,5.0768194e-05,7.958102e-05,0.00010646235,3.5217017e-05,6.9271424e-05
2018-11-01,2.830359e-05,5.752335e-05,1.3453844e-05,9.056568e-05,3.529408e-05,9.336519e-05,0.000107990134,-1.4474275e-05,5.881594e-05
2018-12-01,2.436892e-05,5.774526e-05,1.721782e-05,7.926522e-05,3.752174e-05,8.533367e-05,0.00010594171,-4.1809562e-06,7.1371054e-05
2019-01-01,2.6163927e-05,5.6890625e-05,1.0911668e-05,6.281415e-05,4.212221e-05,8.910981e-05,9.501846e-05,-1.7296954e-05,7.709574e-05
2019-02-01,3.0526797e-05,5.850943e-05,1.4929059e-05,7.661345e-05,4.0789662e-05,8.6069624e-05,9.771318e-05,-1.0584854e-05,9.582054e-05
2019-03-01,2.3715982e-05,6.16582e-05,1.5096864e-05,4.703083e-05,4.0740302e-05,8.923813e-05,0.00010298415,-2.7474834e-06,7.84283e-05
2019-04-01,2.8118337e-05,6.57052e-05,1.5027765e-05,7.367197e-05,4.9633843e-05,8.764894e-05,0.00012323892,8.4558105e-06,8.040244e-05
2019-05-01,2.3390245e-05,6.928828e-05,1.0418133e-05,0.00014067457,4.332644e-05,7.89923e-05,0.00011859967,4.8126334e-05,8.249504e-05
2019-06-01,2.3153347e-05,7.644457e-05,-1.05275885e-05,0.00020997706,5.2871448e-05,8.375986e-05,0.00011315102,0.00011653058,5.4333803e-05
2019-07-01,1.9955229e-05,7.684927e-05,-8.05003e-06,0.00019112395,4.6919387e-05,8.808325e-05,0.00012038628,0.000114171475,3.6961304e-05
2019-08-01,1.4960633e-05,7.727371e-05,-8.869303e-06,0.00017426471,5.0512343e-05,8.9603345e-05,0.000121166064,0.000114260314,1.9884908e-05
2019-09-01,1.3262868e-05,7.49837e-05,-5.552733e-06,0.0001594586,5.581293e-05,7.6189004e-05,0.00012838158,9.390684e-05,4.1965766e-05
2019-10-01,2.8049237e-05,7.0018716e-05,-5.1875163e-06,0.00012142662,3.810482e-05,7.9791826e-05,0.000113575465,3.760412e-05,7.2061666e-05
2019-11-01,3.217521e-05,6.202341e-05,9.421181e-06,8.211145e-05,4.4895885e-05,8.298995e-05,9.753551e-05,-1.735618e-05,8.0481404e-05
2019-12-01,2.7220098e-05,5.7877704e-05,1.3941988e-05,6.823319e-05,3.841081e-05,9.0768095e-05,9.8078395e-05,-2.971435e-05,7.8615834e-05
2020-01-01,2.8119286e-05,5.798241e-05,1.1301467e-05,7.243795e-05,3.9862814e-05,8.820556e-05,0.00010182944,1.900142e-05,8.9879264e-05
2020-02-01,2.619353e-05,6.0112536e-05,1.344731e-05,5.13411e-05,4.094753e-05,9.028852e-05,0.000107488806,-1.5732921e-05,8.399195e-05
2020-03-01,2.0848574e-05,6.310728e-05,9.753001e-06,0.00010258192,4.417808e-05,8.875578e-05,0.000112990965,-6.3635325e-06,7.128197e-05
2020-04-01,2.4920171e-05,6.749329e-05,9.399291e-06,8.19331e-05,4.616672e-05,8.771823e-05,0.000103935985,4.46e-06,6.96942e-05
2020-05-01,2.621711e-05,6.70767e-05,5.9407917e-06,0.00016222533,4.8540507e-05,8.106848e-05,0.000109744695,8.6921646e-05,7.382082e-05
2020-06-01,2.4645064e-05,7.529849e-05,-1.498313e-05,0.00017178337,4.973526e-05,8.1555816e-05,0.00012302061,0.000118653385,6.624356e-05
2020-07-01,1.7350774e-05,7.54164e-05,-1.0942973e-05,0.00020051248,5.638501e-05,8.885797e-05,0.00012844417,0.00011786736,3.8143247e-05
2020-08-01,1.9488756e-05,7.632033e-05,-9.433808e-06,0.00019137104,5.709243e-05,8.781256e-05,0.00011795077,0.000109008884,2.3012311e-05
2020-09-01,2.3418868e-05,7.499194e-05,-7.272253e-06,0.00017520256,4.1969357e-05,8.36938e-05,0.0001264241,9.006574e-05,4.783491e-05
2020-10-01,3.388869e-05,7.223301e-05,2.3958287e-06,0.0001538306,5.077281e-05,8.594182e-05,0.000111890535,4.0011808e-05,7.225664e-05
2020-11-01,2.9007491e-05,6.210904e-05,1.3588795e-05,9.627802e-05,4.6473266e-05,8.815054e-05,0.000116260824,-4.998019e-07,6.295799e-05
2020-12-01,2.4574323e-05,5.851691e-05,2.0537233e-05,0.000105112915,4.041303e-05,8.544663e-05,0.000101483594,-1.9875262e-05,9.661548e-05
2021-01-01,3.1168223e-05,5.8885744e-05,1.8418685e-05,8.9847585e-05,4.2785756e-05,8.4765656e-05,9.1956914e-05,-3.914038e-05,8.8411885e-05
2021-02-01,2.5585015e-05,6.0355007e-05,1.4650455e-05,9.0556285e-05,4.6605837e-05,8.759183e-05,0.00010264797,-9.703248e-06,8.354603e-05
2021-03-01,2.9016182e-05,6.465044e-05,1.4736883e-05,8.492987e-05,3.175763e-05,8.7954824e-05,0.00011356374,-2.086966e-05,7.960494e-05
2021-04-01,3.4037606e-05,6.711362e-05,1.0571088e-05,0.0001403557,5.2482897e-05,8.149871e-05,0.00011118699,2.6212856e-06,9.4003735e-05
2021-05-01,2.8238339e-05,6.748526e-05,3.2944945e-07,0.00014967256,3.956202e-05,8.00813e-05,0.0001371584,8.438151e-05,6.5707434e-05
2021-06-01,2.1704434e-05,7.642184e-05,-1.0102323e-05,0.00018018139,4.8671453e-05,8.383224e-05,0.00012877495,9.540963e-05,4.8266404e-05
2021-07-01,2.0961159e-05,7.687126e-05,-1.6869582e-05,0.00018611031,5.609556e-05,8.686584e-05,0.00012549935,0.000117102885,2.9494397e-05
2021-08-01,2.9552028e-05,7.496122e-05,-1.2358074e-05,0.00020912591,4.4185876e-05,8.9354944e-05,0.00014485043,9.92038e-05,4.403147e-05
2021-09-01,2.1505648e-05,7.375124e-05,-9.168913e-06,0.00013426258,4.2777112e-05,8.341739e-05,0.00012130763,0.000101494115,4.7886126e-05
2021-10-01,2.1013015e-05,7.1737486e-05,4.2532497e-06,0.00012682982,6.1307124e-05,8.06085e-05,0.00011798882,4.3786604e-05,5.559544e-05
2021-11-01,3.388204e-05,6.424424e-05,1.2913266e-05,9.203419e-05,4.073743e-05,8.8041255e-05,0.000109804154,-2.602937e-05,7.940616e-05
2021-12-01,2.657029e-05,5.9724087e-05,1.4702311e-05,8.021958e-05,4.5568715e-05,8.5846e-05,0.000106675485,-2.858209e-06,8.379667e-05
2022-01-01,2.099828e-05,5.7864447e-05,1.3561354e-05,6.856362e-05,3.5941852e-05,8.6232736e-05,0.00010611859,-1.6778156e-05,7.9509344e-05
2022-02-01,2.2842554e-05,5.9646205e-05,1.3397244e-05,8.754561e-05,4.5741534e-05,8.963214e-05,0.00010529805,-3.297735e-06,8.6433196e-05
2022-03-01,2.9602304e-05,6.267832e-05,1.25610695e-05,6.338245e-05,3.5707413e-05,8.8327084e-05,0.00010630615,-1.2433158e-05,6.1230676e-05
2022-04-01,2.734384e-05,6.507745e-05,1.3897386e-05,8.8037945e-05,4.6984078e-05,8.3419436e-05,0.0001147148,-6.4783326e-06,8.433103e-05
2022-05-01,2.9016197e-05,7.1157316e-05,-1.7477128e-06,0.00015426001,4.3795666e-05,7.987154e-05,0.00011147169,8.0390266e-05,7.7719764e-05
2022-06-01,2.4577426e-05,7.6752665e-05,-1.2547678e-05,0.00017463302,4.5319535e-05,7.93714e-05,0.00010727518,0.00010774184,6.5130225e-05
2022-07-01,2.7164102e-05,7.545542e-05,-1.40324755e-05,0.00015086061,6.355131e-05,9.049177e-05,0.0001256867,0.00011856525,1.7069608e-05
2022-08-01,2.751577e-05,7.618219e-05,-1.168806e-05,0.0001518687,5.307957e-05,8.570134e-05,0.00014520009,9.412076e-05,2.7134978e-05
2022-09-01,3.0047739e-05,7.2313895e-05,-8.616864e-06,0.00015487737,4.623386e-05,8.20753e-05,0.00013053964,8.330517e-05,5.4822594e-05
2022-10-01,4.2168394e-05,6.918018e-05,1.9799131e-06,0.00013822418,4.6515193e-05,8.115316e-05,0.000111870235,4.8615555e-05,6.0457016e-05
2022-11-01,2.9938337e-05,6.489771e-05,8.302037e-06,9.743907e-05,4.2451527e-05,8.6725064e-05,9.346654e-05,5.0249564e-06,8.2861865e-05
2022-12-01,3.042285e-05,6.161552e-05,1.7007651e-05,8.657658e-05,4.4670913e-05,8.953837e-05,0.000105540305,-2.497581e-05,7.093658e-05
