,r50_cluster1,r50_cluster2,r50_cluster3,r50_cluster4,r50_cluster5,r50_cluster6
1965-01-01,3.51473351114804,8.368636286535928,7.094636628794116,7.845417288846748,5.107675148890569,4.438614845275879
1965-02-01,3.3869010885966193,8.543525370516518,6.936794658039892,7.489070966262226,5.421147208947402,4.1273112297058105
1965-03-01,3.167384678555518,8.30296324205029,6.783401134402253,7.1381443230680715,4.941468284680293,3.611891746520996
1965-04-01,2.490898014343891,7.3955628298973854,6.649523557618607,6.036520189093065,3.9376811339304996,2.9080145359039307
1965-05-01,1.9175980508941965,6.094717794610548,6.058381601821544,4.60121982781462,3.1694738910748406,2.238744020462036
1965-06-01,1.7261508813838369,6.000959411147953,6.03864497916643,4.502761456393456,2.592283601944263,2.1828556060791016
1965-07-01,1.5764769819593922,5.95318125199902,5.98725718121196,4.323535926582277,2.3875329356927137,2.005716562271118
1965-08-01,1.6474683260180287,5.657129879145659,5.648493212322856,4.197009589320929,2.518620170079745,2.028963804244995
1965-09-01,1.7928996036962137,6.084141620369844,6.340801993081736,4.513365353724753,3.07915611908986,2.2220189571380615
1965-10-01,2.4217389293552674,6.979309496029403,7.5732500054115475,4.801732440327489,4.077107401994558,2.5363426208496094
1965-11-01,3.5503357956089925,9.205012728077497,9.430098256399466,6.3913799995599785,5.365568857926589,3.4524645805358887
1965-12-01,4.61115247195529,12.918334044227304,12.895357331564261,9.26417491232702,6.4228307742338915,5.378448009490967
1966-01-01,4.021664501465473,12.78600581856661,12.833279787107955,9.448299851528434,4.997523243610676,5.62058162689209
1966-02-01,3.579979827723552,13.007939508719037,14.102232733438182,8.615671571835067,5.578545652903043,4.379741668701172
1966-03-01,3.038278805840876,10.86666232855745,11.234221347542697,7.854714134866877,4.8127942360364475,3.881032943725586
1966-04-01,2.884080483741367,7.898533621499705,6.686029877773551,6.450171988139781,4.700619899309598,3.4381062984466553
1966-05-01,2.290390938827672,6.083252263623614,4.451099246047264,5.119275677111721,3.4276650502131534,2.689114570617676
1966-06-01,1.7114087478401736,4.956278505251389,3.486788134242213,4.435075530710146,2.505039022519038,2.165574550628662
1966-07-01,1.509927843034882,3.9517509844876075,2.8129064759542777,3.71185956999313,2.2548862374745884,1.890978217124939
1966-08-01,1.5362373332387393,3.6970389905826067,2.631023734114891,3.6216861517854437,2.3334348431000342,1.9093260765075684
1966-09-01,1.7479167771093624,3.7296322889106217,2.6330041330914167,3.7453242974687915,2.877448613827045,2.0615694522857666
1966-10-01,2.4326086044311523,4.81990049051684,3.4329325653785885,4.860118562861007,4.110450928027813,2.7463884353637695
1966-11-01,3.778848943022109,6.988571595775989,5.058330436085546,6.620067404222119,5.641235755040095,4.091983318328857
1966-12-01,3.9330585715696986,8.044890839924184,5.835828393004661,7.803080063457637,5.8580893736619215,4.575506210327148
1967-01-01,3.495574980666957,8.598863986111427,6.210410872171091,9.601413741592289,4.069154766889719,5.0268168449401855
1967-02-01,3.3644482032539917,7.382456091947334,5.331823437712913,8.59808330388032,4.847143705074604,4.42411470413208
1967-03-01,2.7865446719926656,6.083500108053518,4.574991935907408,6.630427338356196,3.8128209801820607,3.4577009677886963
1967-04-01,2.4319383286938225,5.691917737325032,4.468882499739181,5.681501617727354,3.4080732327241163,2.9227590560913086
1967-05-01,1.9788617940293145,5.631878024847932,4.80656901071238,4.630985186081524,3.1616711845764747,2.273063898086548
1967-06-01,1.8059873089347918,4.90655640299006,4.163115800813187,4.105982299922973,2.973785537939805,2.069512128829956
1967-07-01,1.6594704893446461,4.894942645878754,4.099117323409679,4.029498174209003,2.5414855434344363,2.012681245803833
1967-08-01,1.7279117377762943,5.0275817397953,4.15109257365382,4.162101043287174,2.641945618849534,2.086268424987793
1967-09-01,2.236300645415316,6.276503829068916,5.2468876506007,5.049319415129432,3.6590506251041703,2.5801494121551514
1967-10-01,2.804902410998787,7.612057988957841,7.029147203578505,6.020759796911432,4.654743350469149,3.1243741512298584
1967-11-01,3.3205958985790764,7.851379971171534,7.84188897110695,6.554198819537495,5.00036386343149,3.704272747039795
1967-12-01,3.6918935087538256,9.254472939543021,8.994821614997331,7.930178974950036,5.387664758242093,4.575136661529541
1968-01-01,3.5675542870747674,11.338306027789448,10.713681509328444,9.516226968099904,5.652751601659334,4.704293251037598
1968-02-01,3.8682972032999254,8.26059385787609,7.664095246514608,7.707738137060358,5.775980766002948,4.563609600067139
1968-03-01,2.4502085656234898,6.208029089047927,6.379207899404126,5.195973085802655,3.788142020885761,2.9732956886291504
1968-04-01,2.0405043031751497,5.977381107419036,6.228008935617846,4.692686250967573,3.435438642135033,2.412304401397705
1968-05-01,1.7122602954353254,6.402856804603754,6.219993912896444,4.727490373360094,2.6093771824469933,2.157792329788208
1968-06-01,1.6960678641329108,5.582505418348682,5.312518186347429,4.242038911627245,2.643767916239225,2.0916640758514404
1968-07-01,1.5957338293803107,4.966552128163419,4.527355903802916,3.8598334142404007,2.4449246434065013,1.9199154376983643
1968-08-01,1.5748869512498993,4.927352417347043,4.645871007165243,3.9107187773830208,2.4232549163011403,1.976019263267517
1968-09-01,1.9077811044516024,5.501344407251639,5.4644349009491675,4.30780288785003,3.161684480997232,2.2450485229492188
1968-10-01,2.7148740807759393,6.834236411161201,7.079246155051298,5.007783571879069,4.4736135464448195,2.8617780208587646
1968-11-01,4.166137557668784,10.067393058954282,10.651636678119038,7.0610822633255355,6.246602535247803,4.3295793533325195
1968-12-01,5.665202484917395,12.551683233689891,12.970635502837425,9.295064349507177,9.006740955206064,6.447699069976807
1969-01-01,5.694852416048345,11.865420304527579,11.556936419287393,9.69131307084431,8.58562313593351,6.152585029602051
1969-02-01,4.071261956519687,10.100523261136786,10.294960265935854,8.360945531564166,5.411978868337778,5.159094333648682
1969-03-01,3.3855762678323336,8.835245842157407,8.172069316686587,7.418755228205244,5.105333832594065,4.143669605255127
1969-04-01,3.0977153286491474,6.483225120130435,4.947911584100058,6.11655545789142,4.211683915211604,3.5550644397735596
1969-05-01,2.2566016187372897,5.298832035803979,3.742661864258522,4.882238816845325,3.1974665247477017,2.587404251098633
1969-06-01,1.8040450577883376,4.534527682518774,3.368178217910057,4.245604655539342,2.8091258727587185,2.198286771774292
1969-07-01,1.7313005997962558,4.169508468273074,3.108839517415956,4.018571025641389,2.5677859783172607,2.0995535850524902
1969-08-01,1.7808152228286587,4.416229373724885,3.411413486613784,4.180054701575937,2.608661468212421,2.1659324169158936
1969-09-01,1.8482328690204424,4.85178038131359,3.6784395228984743,4.380135388337364,2.923393020263085,2.2317113876342773
1969-10-01,2.2919549155481085,5.124284500299498,4.353177963301193,4.717957511428715,3.787495998235849,2.5329325199127197
1969-11-01,2.6198967215941127,7.636034396267676,6.538984664650851,6.113848390505296,4.1994633582922125,3.0183496475219727
1969-12-01,3.2049122544908033,9.200328634690868,8.290798165077387,8.138988923656848,4.1596461947147665,4.438016891479492
1970-01-01,3.9116770950789306,12.888747961946235,11.532238472339719,11.214127281839533,5.080669430586008,5.320160865783691
1970-02-01,3.7931808491343078,11.014250452204267,10.175446576850359,9.428953200347664,4.881310692200294,5.063152313232422
1970-03-01,2.7826564828145135,8.805045785830002,8.279447500095811,7.27039048838061,4.365524993493007,3.6369686126708984
1970-04-01,2.199772215381111,7.803243444871533,7.551530627317207,6.2866874443468195,3.417045909624833,2.906005859375
1970-05-01,1.8177173801304138,6.07610358748325,6.36999856593997,4.6773492827896,2.7866454078600955,2.265620231628418
1970-06-01,1.5898619730447985,5.79430336175963,5.662720147953477,4.293314615885417,2.487547924885383,2.023621082305908
1970-07-01,1.5366871332384877,5.105369590049566,4.71878869588985,4.04058667116387,2.2613680133452783,1.9790650606155396
1970-08-01,1.6350381153146016,5.194209342779115,4.810466877249785,4.163797881252082,2.455617831303523,2.0580523014068604
1970-09-01,1.9437163146500736,6.315820346506991,6.2573427377745166,4.8148681951123615,3.1062386356867275,2.430392026901245
1970-10-01,2.4085929713298366,8.239779361458712,8.620785557946494,5.755132113316262,4.266277643350454,2.7542412281036377
1970-11-01,3.461347658609607,9.48056139687235,9.57751385001249,6.658795083215995,5.5894665993176975,3.5208699703216553
1970-12-01,4.195225607488573,8.817019203836603,8.71267457341039,7.022251454434653,5.7751958186809835,4.560549736022949
1971-01-01,5.783369614905918,12.088638867518698,11.914309789968092,9.832008864528449,8.840309198086079,6.168269634246826
1971-02-01,4.721169619216132,10.46055749405262,9.34359722359236,8.939168989196304,7.956702434099637,5.554609298706055
1971-03-01,4.1429087058785035,7.978669987168423,6.463209695594255,7.40747895351676,6.020046655948345,4.840545654296875
1971-04-01,2.7317332238266148,6.544196698092675,4.680836339329565,5.695118090903112,4.298299551010132,3.2215890884399414
1971-05-01,2.042039890879208,5.552321626234424,3.9406216421792672,4.850291836169339,3.244665952829214,2.4426798820495605
1971-06-01,1.7968746804699456,4.774196203364882,3.627769891605821,4.39922384513441,2.730790124489711,2.2141783237457275
1971-07-01,1.5514162397876228,3.848612216091895,2.8828618138335473,3.736737532209056,2.2963042442615214,1.9475317001342773
1971-08-01,1.6491658908804667,4.227473569470782,3.0851544335831043,4.011928573135258,2.4952958409602823,2.045490264892578
1971-09-01,1.954655794753242,4.92961517600126,3.5332276377567027,4.725117091984711,3.39958518743515,2.4069740772247314
1971-10-01,2.497779462755341,5.967963388723921,4.3666562368703445,5.454632662987524,4.40054742189554,2.7958669662475586
1971-11-01,3.5773410010583624,6.683997590412465,5.04479214202526,6.161586813224378,5.754375687012305,3.729907274246216
1971-12-01,3.5880926958064445,6.72883765642033,5.3896987160971,6.646984307340873,5.126888476885282,4.122426509857178
1972-01-01,3.3494089067596753,8.31333833147389,6.3523137292196585,8.33368929781655,4.444731428073003,4.629103183746338
1972-02-01,2.996534907940737,9.298600706943246,6.904089450836182,9.011990155360495,3.955534559029799,4.269797325134277
1972-03-01,3.1960907670640455,8.678257742593454,6.503205798393072,8.365771197533423,4.914821569736187,4.1725873947143555
1972-04-01,2.7342491543170104,7.530225709427235,6.1175662417744485,6.84918581053268,3.974461326232323,3.3156490325927734
1972-05-01,1.9378915275495077,5.835671572722205,5.784664320391278,4.5913341433502906,2.843241737439082,2.2564828395843506
1972-06-01,1.8574956766108877,6.088116372278495,6.43516224484111,4.594133805858997,2.820347937253805,2.268472194671631
1972-07-01,1.7345499746578257,6.546813388203465,6.413594512052314,4.809200856112694,2.5979973948918853,2.2207021713256836
1972-08-01,2.0665680010294176,7.410157373709271,7.131528854370117,5.6735375130823416,3.011762178861178,2.690718650817871
1972-09-01,2.018037284772421,7.125996434411337,7.114253764928773,5.252049874889758,3.223753777834085,2.504655599594116
1972-10-01,2.66656605238767,9.082277061403259,9.114035340242609,6.151150733001472,4.754133866383479,2.932277202606201
1972-11-01,3.583388967612355,11.525473853414372,11.610139247983001,7.62166607287503,6.097631958814768,3.9408092498779297
1972-12-01,4.03371152189589,11.352816293405931,11.194610041241313,8.463483632997024,5.639601670778714,4.851892948150635
1973-01-01,3.8189071969887647,12.524184884951095,9.792866263278695,10.93851503475692,4.64504613326146,5.846930503845215
1973-02-01,4.862019941978848,14.301215031350305,10.725346831388253,13.45662701037503,5.755125788541941,7.192071914672852
1973-03-01,4.190778732299805,11.146729861118997,7.207188218138938,10.877823275189067,6.4017027616500854,5.596405029296875
1973-04-01,2.9313554468843126,8.039797184079193,5.356325382410094,7.865512093832327,4.380271526483389,3.985811233520508
1973-05-01,2.2537179828919087,5.705720879310785,4.419301831445028,4.987841059071149,3.606990438241225,2.593445301055908
1973-06-01,1.9496556409855479,4.589232178621514,3.6854760591373887,4.229821530423423,3.035792135275327,2.264176845550537
1973-07-01,1.7368985205581509,4.556195126023403,3.5036242285440133,4.088543182195619,2.6210939654937158,2.1055097579956055
1973-08-01,1.7315699882114057,4.97461012167524,3.9230252421179483,4.39022049423336,2.6725135170496426,2.1783394813537598
1973-09-01,2.117039002094072,5.765514041102209,4.549496118412462,5.2022612372110055,3.448343162353222,2.6695117950439453
1973-10-01,2.339577429073373,5.928946280664252,4.908441942791606,5.102121922396874,3.887034608767583,2.6032307147979736
1973-11-01,3.255502710637358,6.58253181812375,5.399479422458382,6.09799725140712,5.162518758040208,3.4029476642608643
1973-12-01,3.6603404074600063,6.899371258048124,5.716097632119822,6.516486914582955,5.402019161444444,4.045629024505615
1974-01-01,3.270439020137197,7.530261564624402,6.135887046192968,7.226030955943026,4.5788198709487915,3.9667091369628906
1974-02-01,2.548315353000287,7.1366051370783365,5.91671577719755,7.014697097068609,3.345932181064899,3.60762619972229
1974-03-01,2.952723404795853,8.446481985639231,7.408124901527582,8.03421375363372,3.810893572293795,4.046245098114014
1974-04-01,2.563676637472566,7.667955132417901,6.773645933284316,6.339483852534331,3.8268270400854254,3.261134386062622
1974-05-01,2.120299191819024,6.113266944885254,5.833208006481792,4.738364663234977,3.270015464379237,2.447190523147583
1974-06-01,1.7146097016088742,5.432473596676376,5.235118366951166,4.109982002613156,2.630519981567676,2.020801067352295
1974-07-01,1.612089343906678,5.346994436988535,5.181083845537763,4.013065589490787,2.3994281888008118,1.9933104515075684
1974-08-01,1.733140601325281,5.992540093355401,5.8598790057869845,4.615919349729553,2.5857636561760535,2.2188916206359863
1974-09-01,2.22288849427528,6.731944121131601,6.717373881229134,5.20214646361595,3.796334908558772,2.6387434005737305
1974-10-01,2.6469501023440016,7.5121103331100105,7.93624950009723,5.416998382686645,4.833083886366624,2.876919984817505
1974-11-01,3.8721401666857536,8.475560550541841,8.915450406628986,6.0637012008548705,6.319203972816467,3.6799027919769287
1974-12-01,4.248108814672096,9.114744496899982,9.07326105029084,7.484024254850639,6.252683584506695,5.194966793060303
1975-01-01,4.493125935190732,8.8883684587109,8.515089057212652,7.620976322381071,6.9582430215982285,5.339892387390137
1975-02-01,3.9164186752948567,7.97785529794619,7.587751399639041,6.843461546786996,5.760828577555142,4.31135892868042
1975-03-01,3.5321582223951205,7.052755355834961,6.792132799015489,6.285528803980627,5.467217931380638,4.164330959320068
1975-04-01,2.7672049925499356,5.945078162259834,5.665358831716138,5.067887786746949,4.268115300398606,3.247206211090088
1975-05-01,2.1796944215125644,4.945504203323246,4.082112811332525,4.023212425468504,3.484684916642996,2.392892599105835
1975-06-01,1.8137906015533762,4.399585723876953,3.073871274327123,3.9354392724443774,2.9678264489540687,2.091620445251465
1975-07-01,1.7915510639701921,4.194241161494292,2.7660051057505055,4.179121172705362,2.738672265639672,2.207726240158081
1975-08-01,1.8718272140345622,4.6420433724573416,3.217753144197686,4.6749928200891775,2.7513737861926737,2.422422409057617
1975-09-01,2.088857680251918,5.31880541365276,3.7655813749446425,5.18565344256024,3.272294425047361,2.658811092376709
1975-10-01,2.35319260469417,5.208975584932076,3.6788054676943047,5.137940155443295,3.7386924028396606,2.7740883827209473
1975-11-01,3.469909097730499,5.6979731995930045,4.100477418234182,5.740828107493792,5.233770838150611,3.7111876010894775
1975-12-01,2.854628661244186,5.963024427724439,4.428482610125874,6.4236090164776,4.015573400717515,3.5974645614624023
1976-01-01,3.1355511281908175,6.826408149660096,4.955421769341757,7.164390697035678,4.635856472528897,4.025717258453369
1976-02-01,3.1839736958139953,7.028064801711444,5.143094062805176,8.175836237826088,4.002717710458315,4.205790996551514
1976-03-01,2.591492220298531,7.155617262965949,5.349972358969755,7.515559455221013,3.619218331116896,3.5762648582458496
1976-04-01,2.9135190334516703,6.773498816083568,5.548632422158884,6.78998074790304,4.007469232265766,3.548833131790161
1976-05-01,2.047229427652261,5.521149967992028,4.7518307386442675,4.738029213838799,3.1213390139433055,2.4030263423919678
1976-06-01,1.7510249442660932,4.6102433241615,3.9162587287814117,3.9965923442397004,2.808710588858678,2.031566619873047
1976-07-01,1.6139942346159946,4.63433727737545,3.9397160674250404,3.899892356044562,2.494796078938704,1.9578447341918945
1976-08-01,1.653695475194872,5.032188023707663,4.296565471693527,4.062284794888755,2.573419648867387,2.0382437705993652
1976-09-01,1.9858161198724178,5.509456183559211,4.904371777246165,4.51773580654647,3.3033918875914354,2.331700086593628
1976-10-01,2.5011581243927945,7.036450482154077,6.834921725960665,5.588925901309464,4.3219004686062155,2.8357224464416504
1976-11-01,3.669761628219762,9.559657592182011,10.07847370103348,7.097987980805626,5.590558052062988,4.136114597320557
1976-12-01,4.35367367931248,11.315367572991423,11.264895283898642,9.078581388606581,5.619365206131568,5.362417697906494
1977-01-01,3.8260177238700317,14.501231585362161,14.12037028822788,11.139788368875665,5.417882937651414,5.213881015777588
1977-02-01,3.8270212940334045,10.774784679560698,10.426017849944358,8.715700548748638,5.279840414340679,4.936679840087891
1977-03-01,3.0078816659671745,7.7353817547938615,7.816569749699083,6.496800193490908,4.751755641056941,3.6318931579589844
1977-04-01,2.193380385330043,6.8510536075562465,6.881652321926383,4.843332046686217,3.3795137818043046,2.3724327087402344
1977-05-01,1.8067396793168846,5.679536789886711,5.46976133834484,4.164889431739038,2.8113166873271647,2.0567398071289062
1977-06-01,1.6255776906750867,5.038653048433998,4.697336568388828,3.8185897723648896,2.537752687931061,1.9081043004989624
1977-07-01,1.660767904261953,4.817267905834109,4.39752783886222,3.813180073287136,2.5550460586181054,1.9621386528015137
1977-08-01,1.741377348752366,4.471697363742562,3.939546817956969,3.877803151921708,2.6517269703058095,2.117753744125366
1977-09-01,1.934615238425658,5.4104254227276,4.765112732732018,4.486742869828098,2.927812819297497,2.325127601623535
1977-10-01,2.88432406395981,7.083670667899671,5.472519231397052,5.865410501642745,4.791931234873258,3.2546627521514893
1977-11-01,4.273361520668895,8.689189881317375,6.134306552798249,7.5382746467294615,7.3056929386579075,4.522953510284424
1977-12-01,4.880729164044881,9.35779985531356,6.273273811783902,9.4439987064332,6.8295912100718565,6.005575656890869
1978-01-01,4.3502001418280845,9.535611692325089,6.183529454608296,10.780295290688212,5.170128207940322,6.135601043701172
1978-02-01,4.261175627560959,9.683135128760522,6.434068846148114,10.879624167154,5.255834643657391,6.19168758392334
1978-03-01,4.044728672381529,7.826373373815255,5.321764391522075,9.622866608375727,5.012650673206036,5.267219543457031
1978-04-01,3.02027107514057,7.380510300628899,5.132418177848638,7.837119583011598,4.065733001782344,3.8146421909332275
1978-05-01,2.3559000074248955,6.139030752255935,4.502154782760975,5.1851037860840785,3.8639547733160162,2.785414695739746
1978-06-01,1.9341172631253902,4.875973952833072,3.6096120989599894,4.393483317175577,3.01629350735591,2.266954183578491
1978-07-01,1.768712161742535,4.550261830174645,3.428039162657982,4.1065051574115605,2.6966117895566497,2.1499898433685303
1978-08-01,1.8030949474610005,5.251721079035323,3.9463977481043617,4.571826328602872,2.7038633823394775,2.3096206188201904
1978-09-01,2.103637665817418,5.6378079939258186,4.42118575406629,4.930052646370821,3.1903003270809465,2.5202584266662598
1978-10-01,2.8451314906484075,7.103324490924214,5.586546520854152,5.930615765179774,5.030255592786348,3.0697808265686035
1978-11-01,3.6914673048196383,7.360724515693132,5.967585430588834,6.3023097755372985,6.42509781397306,3.8271753787994385
1978-12-01,3.7370814490564093,7.266570985779282,5.801982380623041,6.859871398570926,6.224606816585247,4.017152309417725
1979-01-01,2.5413068299440993,9.288992992667264,7.407332298367523,7.891475692275883,3.31011563539505,3.5734663009643555
1979-02-01,2.732037760547756,11.186072623082833,9.005956317103186,8.814198841420255,3.5264569979447584,3.747507095336914
1979-03-01,2.699886646467386,9.117318678271863,7.551898789960284,7.794923560563908,4.055585311009334,3.5893523693084717
1979-04-01,2.091245061343478,6.319467411484829,5.343240915342819,5.482260570969692,3.4399986267089844,2.4547157287597656
1979-05-01,1.825650696901931,5.242907169253327,4.82217877410179,4.3049971262613935,2.8696204607303324,2.291837453842163
1979-06-01,1.576791227478342,4.687347338181134,4.513647528581841,3.679398603217546,2.4335468044647803,1.8621004819869995
1979-07-01,1.5126885827054684,4.764735975930857,4.5207040254459825,3.729643378146859,2.317212292781243,1.8555024862289429
1979-08-01,1.475494424092401,4.664133870324423,4.404685663622479,3.640961831854295,2.2879904279342065,1.8001141548156738
1979-09-01,1.8001063582823449,5.370529307875522,5.069767874340679,4.096436315728712,2.9579729988024783,2.0655343532562256
1979-10-01,2.7471185959491535,7.920525425164274,7.671039880708206,5.6299427683039225,4.976706550671504,2.9205455780029297
1979-11-01,2.9068148013242743,8.692596494689468,8.34375730780668,5.943857237350109,4.71652837900015,3.0789389610290527
1979-12-01,3.617747788576736,8.787217620731324,8.202988602394282,6.803470434144486,5.5564958315629225,4.040152549743652
1980-01-01,3.234474929337649,8.499225719954616,7.410832061324009,7.256244319353916,4.3407871172978325,4.142641067504883
1980-02-01,2.8995595027490992,10.131255600803582,8.506384561228197,8.714083738105241,3.5130718579659095,4.219857692718506
1980-03-01,3.62299914212571,10.063211307969205,8.15671626911607,9.441397541253142,4.776358145933885,5.071263313293457
1980-04-01,2.6478698573161648,7.627639105153638,6.0757248900657475,6.627303130866945,3.634214515869434,3.391953706741333
1980-05-01,2.0098489584382047,5.520148609959802,3.6320921986602075,4.908134401306626,3.002053040724534,2.4858810901641846
1980-06-01,1.6272947960293171,4.40747996633367,2.95098576434823,4.160073006799979,2.3803787735792308,2.0446228981018066
1980-07-01,1.452599604105212,3.4745181253714152,2.3439321407051974,3.4092563067295756,2.2246561371363125,1.7732386589050293
1980-08-01,1.4667365968841868,3.4056735593219134,2.338416008062141,3.3956864083460134,2.3157467062656694,1.7880245447158813
1980-09-01,1.7915928486696224,3.9523950842923896,2.775092596231505,3.933661298234333,2.8854796519646277,2.1556642055511475
1980-10-01,2.45127948289065,5.198321416396503,3.766652595165164,4.803082000377566,4.110426398424002,2.61419677734375
1980-11-01,2.7250535709341777,6.194986668668052,4.590473618618278,5.546352844829707,4.149417464549725,3.0222702026367188
1980-12-01,2.8373106238768275,7.010428110758463,5.14876592990964,6.568379365196524,4.108305160815899,3.4454970359802246
1981-01-01,2.2600896579703105,8.295817338218985,5.664104916328608,7.9991477404453954,2.52335060101289,3.6008119583129883
1981-02-01,3.3727756480580755,10.874955229056898,7.249530803325564,11.29568011261696,4.529436735006479,5.155101776123047
1981-03-01,3.0941277435145427,9.75971074067345,6.617139383803966,9.471765784330145,4.097223052611717,4.550408840179443
1981-04-01,2.3127850797987475,7.214522546575975,5.400968429654144,6.9676979567653445,3.2050923659251285,3.024033308029175
1981-05-01,1.8849477325518107,6.2018982199735415,4.931760943213175,5.265185444854026,2.7721707637493425,2.514678955078125
1981-06-01,1.8528573291817891,5.01733657925628,4.222672068795492,4.359536207923593,2.654142677783966,2.3002803325653076
1981-07-01,1.5700241954056258,4.579299180082573,3.920600580614667,3.787293545035429,2.381973770948557,1.9074139595031738
1981-08-01,1.6078966180073846,4.813863510309264,4.049977452255959,3.9207523183305133,2.4466073283782372,1.9821622371673584
1981-09-01,1.889176958615018,6.180741805438847,5.480435559915942,4.7502900278845495,3.0024973245767446,2.3320717811584473
1981-10-01,2.441635574262167,7.1409480516300645,6.738474757172341,5.250075066736502,4.517843173100398,2.7235169410705566
1981-11-01,3.1936434126391853,7.957010121308556,7.8119430431099826,5.924420763355817,4.6926709321828985,3.455331802368164
1981-12-01,4.130068021951263,8.754040474115415,8.53976427122604,7.139387426450271,5.849812580988957,4.67508602142334
1982-01-01,3.766918182373047,11.247883286587028,10.249975670215695,9.443415412607118,5.212452778449425,4.85316276550293
1982-02-01,3.240145358842673,10.97349861795588,9.634460959323617,9.202414520027101,4.655632376670837,4.214134693145752
1982-03-01,2.5179160009954393,8.389640778534172,8.035694443902305,6.5648895825526505,3.5351047149071326,3.218271493911743
1982-04-01,2.1794653430427475,6.945413397264111,6.605480438054994,5.235951445823492,3.0972147217163672,2.6267337799072266
1982-05-01,1.7952447085036445,5.799430470133936,5.272493528765302,4.263806158258009,2.8905868530273438,2.1077964305877686
1982-06-01,1.4572015742665714,4.218558193177215,3.660770765570707,3.4150583799495253,2.2901702385682325,1.7429406642913818
1982-07-01,1.484434260535486,3.7380833958470543,3.131740869477738,3.2286457313123598,2.305435675841111,1.7485411167144775
1982-08-01,1.5831721197698534,3.6823925121810084,2.5706646054290063,3.499567601107812,2.453133463859558,1.903541088104248
1982-09-01,1.7714701976972758,4.013372761334559,2.334830580755722,4.0721264920493425,2.934064200291267,2.0892174243927
1982-10-01,2.499436348983922,5.341389752173608,3.2069588816443155,5.4720775101536,3.7837853798499475,2.838318347930908
1982-11-01,2.9828273143964945,5.847917416299036,3.6029700623002165,5.909413884776507,4.6997217031625595,3.370431423187256
1982-12-01,3.00776466880877,6.201405857884606,4.06199291694996,6.493605384530947,4.024016398649949,4.00917911529541
1983-01-01,3.203014737551974,8.257390177527139,5.0347702447758165,9.049618521402047,4.12570799772556,4.949371337890625
1983-02-01,3.39896998454615,10.163494598033816,5.919891179994095,10.991881244866423,3.943360768831693,5.496142387390137
1983-03-01,2.9851109711165282,8.990087065585824,5.65578632576521,9.216591738915259,3.815099596977234,4.558694839477539
1983-04-01,2.418596965750468,7.206558626751566,4.8650311869244245,7.025199712708939,3.563812833565932,3.4504926204681396
1983-05-01,1.9180415831890303,5.595855195392934,4.148416879565217,4.846668428228807,3.0217451544908376,2.4666154384613037
1983-06-01,1.8381290829058776,4.525100722793461,3.617150838985,4.056126572364985,2.8452571768027086,2.1644742488861084
1983-07-01,1.6789255682955084,4.812016413193341,3.7145340165426566,4.146729513656261,2.5206239177630496,2.080594539642334
1983-08-01,1.6695397416340936,4.6639183695002115,3.721991250681323,3.9161587870398233,2.5422843602987437,2.007066488265991
1983-09-01,1.9302945776084035,5.175238616706789,4.2626917362213135,4.34342668962109,3.4086035994383006,2.247349977493286
1983-10-01,2.304445345377185,5.857059382653051,5.183697855749796,4.827321407406829,3.589835877601917,2.517193078994751
1983-11-01,3.2639085632009603,7.689003981361093,7.137086779572243,6.036843255508778,5.110657902864309,3.535715341567993
1983-12-01,3.6242261375348592,8.591463399487873,8.322193179019662,6.936591909837353,4.98875448336968,4.439670085906982
1984-01-01,3.033524444422771,9.642346700032553,9.338956932688868,7.643584317939226,4.424781638842362,3.949808359146118
1984-02-01,2.596093944667541,9.940328893735426,9.672019093535667,8.392950176268585,3.215992565338428,3.8293464183807373
1984-03-01,3.604847868693244,11.93982538326766,11.032879075338675,10.249375188073447,5.418981267855718,4.972964286804199
1984-04-01,2.5403074382506694,7.8992562700611675,7.6678833296132645,6.425931841828102,3.8257762789726257,3.2071263790130615
1984-05-01,2.200641828713958,6.709232256394023,6.508227836254031,5.181200744569764,3.4044776971523576,2.6998884677886963
1984-06-01,2.0321423245459487,6.3254275063211605,5.94051438708638,4.737114536669827,3.1725784906974206,2.408384323120117
1984-07-01,1.8677970797745223,5.66447187763776,5.267320400060609,4.401437811149183,2.866266553218548,2.2525908946990967
1984-08-01,1.8890845406915724,5.7913791301638575,5.330231855081958,4.538671360459438,2.837237830345447,2.304636240005493
1984-09-01,2.222502600286425,6.269523154857547,5.81416224324426,4.893474800642147,3.5771050132237945,2.5707807540893555
1984-10-01,2.9914415988725485,7.395146613897279,7.150050928426343,5.465999314951342,6.087571153273949,2.978562831878662
1984-11-01,3.7932469672763474,8.386108117510181,7.696534034817718,6.620131721792295,6.1321008663911085,4.19011116027832
1984-12-01,5.392895531408565,9.501171851342962,8.521382753239122,9.129296162331752,6.908114827596224,6.110317230224609
1985-01-01,6.570305775121316,11.695384979248047,9.273311426473219,11.488577746605689,10.377979278564453,7.313841342926025
1985-02-01,5.672472039448847,10.456587547479673,7.010500652845516,10.98211458487104,10.374113229604868,6.598935127258301
1985-03-01,4.479155589624779,8.473316089127415,5.391894107641176,10.606890316157378,5.830332636833191,5.822885036468506
1985-04-01,3.587047095151292,6.57894445020099,4.005355751791666,7.453156626501748,5.5013979856784525,4.119254112243652
1985-05-01,2.4720049396003647,4.796016308688378,3.103290324987367,4.846963401912719,3.668408325085273,2.6945738792419434
1985-06-01,1.9955052542932255,3.91471034796663,2.7961586796960165,3.988794578138248,3.0840861109586863,2.257110834121704
1985-07-01,1.8152284867984734,3.7026688109996706,2.5735152322192527,3.7278136541677074,2.732374576421884,2.113149404525757
1985-08-01,1.7366415446566552,3.954644351042518,2.812415777250778,3.9517877637877943,2.5958229716007524,2.140286684036255
1985-09-01,1.7997473785557698,4.3047941932382505,3.1922911488732626,4.129008359687273,3.0396671249316287,2.2068355083465576
1985-10-01,2.4018929176723836,4.96227131333462,3.791123074154521,4.501957671586857,4.276826748481163,2.6062543392181396
1985-11-01,3.1702125195375426,6.345552067423975,4.8402506251667825,5.538587237513342,5.926916920221768,3.327404499053955
1985-12-01,3.497914678042697,8.214713621509167,5.865011936010316,8.107621540394865,5.158613736812884,4.175137519836426
1986-01-01,3.2189398696742106,10.928010201269341,7.224150313887486,11.258565178213193,3.5229279444767876,5.1423468589782715
1986-02-01,3.299166246787789,9.850805119950643,6.546757942022279,10.021564941997676,4.035468514149006,4.824906349182129
1986-03-01,3.0454738852904017,9.029338156530098,6.500093604243079,8.399520179097966,4.190031381753775,4.000583171844482
1986-04-01,2.4755527063743354,6.3169022863225415,4.942656949509022,5.879388483919838,3.804373626525585,2.8309078216552734
1986-05-01,2.02315369832147,5.752581034519875,4.624352344246798,4.880890365718871,3.1796495501811686,2.370746374130249
1986-06-01,1.90996951663617,4.7402215558429095,4.042760715928189,4.135331442189771,2.8733060910151553,2.156019449234009
1986-07-01,1.706875599536699,4.743916674177776,3.813668045886727,4.048706579578015,2.661823767882127,2.039720296859741
1986-08-01,1.8515676567234944,5.68802837253541,4.582102492798207,4.757611326469007,2.8048665477679324,2.362144947052002
1986-09-01,1.7509303142115014,5.956235227658767,4.873166805089906,4.788324075151784,2.7590035245968743,2.250767469406128
1986-10-01,2.2133996806193874,6.4747329830199245,5.670552475507869,5.133864121843678,3.7120106128545904,2.556138038635254
1986-11-01,3.3694606466391654,7.614663220191186,7.116040518117505,6.46962232367937,5.636296363977285,3.8093788623809814
1986-12-01,3.276305591937193,7.820286492044612,7.609109545862952,6.459878951080086,4.612004527678856,3.9929168224334717
1987-01-01,3.5628247506839714,9.808405794838603,9.233601980431136,8.339380663494731,4.763078689575195,4.739634037017822
1987-02-01,4.298288797594838,11.397669666497283,10.738585161608318,10.455422438392343,5.604358132068927,5.807107448577881
1987-03-01,3.1878274740632047,9.204805729001068,9.03048875720002,7.056360096894493,4.688967191256009,3.7155816555023193
1987-04-01,2.0178894406741428,6.882640188054521,6.548390554827313,5.169385348179543,3.113796504644247,2.4609973430633545
1987-05-01,1.8033038709581513,5.645112104194109,5.2693915921588275,4.251146131707716,2.7934936376718373,2.10601806640625
1987-06-01,1.6338022713808669,5.323507434637971,4.782664498617483,4.044183095296224,2.4295022854438195,1.964281678199768
1987-07-01,1.5494807479307824,4.554009622381639,3.8981609566267146,3.796519604764243,2.350065685235537,1.9162869453430176
1987-08-01,1.5748359493373596,4.527594692023225,3.1678367492764496,4.056107351022173,2.3889179413135233,2.017003297805786
1987-09-01,1.9282488478827722,4.86447349075199,2.895435482956642,4.8126915628595865,3.1222514235056362,2.37137770652771
1987-10-01,2.60558472466223,5.996507637260496,3.597365978152253,6.240213933841202,4.084428457113413,3.1193227767944336
1987-11-01,3.5509748557179246,7.216451334398846,4.533207139303518,7.69115825032079,5.114225699351384,4.467829704284668
1987-12-01,5.37477375305805,10.932815167330956,6.931599350862725,11.965516556140988,7.89887011051178,7.0214009284973145
1988-01-01,4.6986796192287175,9.452157796815383,5.713419027106706,11.34904188703197,5.8609267840018635,6.520904541015625
1988-02-01,3.4902771723639106,9.071009288462557,5.9300189794496045,10.23669908213061,4.51351862687331,5.0258073806762695
1988-03-01,2.9766323640174472,10.399370784907378,7.003919745600501,11.485558517219484,3.856332141619462,4.6653151512146
1988-04-01,2.944730237587211,8.091959472774535,5.554404924082202,8.573214952335801,4.200732020231394,4.0134172439575195
1988-05-01,2.2608734897731506,5.987472866856774,4.34969843820084,5.651146127272022,3.2771410850378184,2.82025408744812
1988-06-01,1.831728527226399,4.4872429943824,3.4634325393410617,4.094620638115462,2.742227682700524,2.182823896408081
1988-07-01,1.7277133833501757,4.605504708696706,3.598226641499719,3.98143354312394,2.6621999648901133,2.0497641563415527
1988-08-01,1.9282757621450524,5.805444717407227,4.614507458930792,4.825333661811296,2.951383590698242,2.418238639831543
1988-09-01,2.1689210970377184,6.671316679133925,5.3767268047776335,5.410382174706274,3.4876623978981605,2.6450278759002686
1988-10-01,2.66685928266073,7.34136049137559,5.7845282000164655,5.8156305505323775,4.814173395817097,2.9051642417907715
1988-11-01,3.353060397905173,7.900727811709855,6.682041633960813,6.512669260187667,5.356015608860896,3.8538832664489746
1988-12-01,3.3334754176975525,7.954994837443033,6.641602793405222,7.473586326421693,4.97802197933197,4.1256585121154785
1989-01-01,2.8311476265032267,7.665200935777768,6.356467757114144,7.195761776709741,3.779842647222372,3.729024648666382
1989-02-01,4.090539696290321,8.513411070949347,6.917956263519997,8.567302910856498,5.401591383493863,4.848150253295898
1989-03-01,3.859992617184354,9.588729503542877,7.203216608180556,8.95338723825854,5.594603373454167,4.602475166320801
1989-04-01,2.631597666396308,6.2382834826328954,5.245991917543633,5.439342454422352,4.435192392422603,2.76479434967041
1989-05-01,1.985721981402525,5.009078055389168,4.38348276670589,4.2364211045494375,3.2513014399088345,2.1773226261138916
1989-06-01,1.6791953253991825,4.546755413676417,4.133896217789761,3.631803416466528,2.7597376933464637,1.9268341064453125
1989-07-01,1.5025686971920054,4.4727201609648475,3.9557774399602135,3.550936454950377,2.2793809954936686,1.800454020500183
1989-08-01,1.5390724250950765,4.491596258887949,3.9987996567127317,3.4977046094199484,2.406899860272041,1.8166825771331787
1989-09-01,1.8107602276752905,4.806983932968258,4.31761201037917,3.799625330193098,3.060332169899574,2.010392665863037
1989-10-01,2.372434212989414,5.908574614413949,5.504449578218682,4.354218179865401,4.1124045848846436,2.353955030441284
1989-11-01,4.077067326024635,8.329142710959264,8.090698996255565,6.330064655274383,7.319136078541095,4.136354923248291
1989-12-01,4.0508970771868205,8.960139843844628,8.776874597682509,6.855147753575051,6.636857757201561,4.335064888000488
1990-01-01,3.1160902731197395,8.749224788458772,8.1324064454367,7.263604245444601,4.2458958350695095,4.158187389373779
1990-02-01,2.9749877674063456,9.924808398697728,9.257203479145849,9.020531824392865,4.0243490384175225,4.404677867889404
1990-03-01,3.251584043207857,6.808791788973549,5.61360564342765,6.591421319532764,4.657223362189073,4.018544673919678
1990-04-01,2.563732678128272,5.5753850197607235,4.001310259796853,5.068665142207182,4.311964832819425,2.7542712688446045
1990-05-01,2.050460736776136,4.640852758126665,3.114461898803711,4.26449036413385,3.257693350315094,2.3172810077667236
1990-06-01,1.7571450508746904,3.8050819737042567,2.5364699751831763,3.7775973016901534,2.6103221453153167,2.049637794494629
1990-07-01,1.6261541966310482,3.5647514254547827,2.478594280952631,3.522193709085154,2.504233098947085,1.9343644380569458
1990-08-01,1.6372158355319624,4.005874219790909,2.801795199859974,3.899297048879224,2.454875180354485,2.0484633445739746
1990-09-01,1.9409681103893162,4.572426810745121,3.259265977282857,4.413200903308484,3.1602884714420023,2.3406333923339844
1990-10-01,2.636709901475415,5.3612450296564615,4.0251483750897785,5.1321933435839275,4.42377718595358,3.002720594406128
1990-11-01,3.0018978512164245,5.765908817912257,4.335325401882793,5.41330381881359,4.841569295296302,3.2394258975982666
1990-12-01,3.2513257154484387,7.673582180525905,5.645181411920592,8.534163098002589,4.361422933064974,4.375492572784424
1991-01-01,3.6495009648431207,10.334938995597899,7.299686032672261,10.749307898587958,5.809114529536321,5.0188069343566895
1991-02-01,5.260128335854442,12.405523034029228,8.171568914901378,14.260039218636447,6.579746649815486,7.2046990394592285
1991-03-01,2.9792530020487678,10.44063974720563,7.411063549130462,9.73695488863213,3.852430673745962,4.2162861824035645
1991-04-01,2.499639865049382,8.198590611302576,6.301097259965054,7.243979254434275,3.6270735355523915,3.299689531326294
1991-05-01,2.107463915323474,6.252699489741362,5.1646573598994765,5.412735310635825,3.175987761754256,2.565042734146118
1991-06-01,1.6962130045153432,5.456378293591876,4.745215177536011,4.330025532448938,2.6582031295849724,2.035942792892456
1991-07-01,1.4998048851170491,4.610360870065615,3.916763427645661,3.686311817908472,2.293484600690695,1.815165638923645
1991-08-01,1.39972770336977,3.8433897402859474,3.261178593302882,3.1368424726086994,2.212958267101875,1.6131603717803955
1991-09-01,1.556966722626047,3.810522907464079,3.3106031805969947,3.1140802442565443,2.7855338958593516,1.7061176300048828
1991-10-01,1.940850498750038,4.87719691076944,4.46836976117866,3.5673546236614846,3.9277402254251332,1.8843574523925781
1991-11-01,2.736886260435753,6.384595050368198,5.986266635185064,4.6260730240696155,4.824347679431622,2.690678596496582
1991-12-01,2.8232903824639077,7.067801970844121,6.933174854101137,5.460940405379894,3.9036342730888953,3.354642152786255
1992-01-01,3.098969607009101,8.40248802835627,7.844071610029354,7.20796363298283,4.040153324604034,4.272389888763428
1992-02-01,3.0548847827714742,7.948857314826906,7.259529967640722,6.634835679401723,4.115509069882906,3.8325862884521484
1992-03-01,2.6157723259680052,5.758644628894421,5.293935398722804,5.010235032369924,4.020183934615209,3.1031410694122314
1992-04-01,2.6690736259381795,5.7020483090896015,5.165687272715014,4.933742035266965,4.376269074586721,2.753721237182617
1992-05-01,1.925954253403182,4.914925634398941,4.386481573415357,4.073389556056769,3.133470622392801,2.114365816116333
1992-06-01,1.7729423709751404,4.604195809179498,4.0639051171236265,3.7558707155922586,2.8615488455845757,2.005119800567627
1992-07-01,1.7270025518751637,4.0120880733164705,3.3964567406232966,3.4938084062679793,2.742672539674319,1.9436089992523193
1992-08-01,1.7701764696652127,3.9145218309505965,3.154795391615047,3.6370724670646726,2.7591406152798577,2.035740375518799
1992-09-01,2.0476598100563916,4.258617319801981,3.064311798228774,4.0723344152287915,3.44375899204841,2.3146467208862305
1992-10-01,2.857299195122473,5.644809368044831,3.6896726419759354,5.495908094006915,4.981032243141761,3.0176873207092285
1992-11-01,4.017083423653829,5.774201903232308,3.2526662183362385,6.289113584414933,6.828242311110863,4.1391520500183105
1992-12-01,4.622096130528401,6.479483057362165,3.647402275440305,8.07276585305384,6.411415109267601,5.665663719177246
1993-01-01,4.290145205468247,6.849762450817019,4.29199545882469,8.326725257459536,5.983634636952327,5.468069076538086
1993-02-01,3.482591982969304,7.6840219571608905,4.669084243996199,9.173683417859927,4.2331626782050495,4.913435459136963
1993-03-01,4.186532915253,8.64393064217974,5.53446703178938,10.196037070695743,5.247360238662132,5.74515962600708
1993-04-01,2.993877646849328,7.229374360668567,5.099496730538302,7.449332318564718,4.180493492346543,3.8770554065704346
1993-05-01,2.370328509930483,6.502033204071282,4.754255815993908,5.834575586540755,3.4014529906786404,2.8148539066314697
1993-06-01,2.1737226505869445,5.780181589052659,4.463371010713799,5.22051448969878,3.3111549340761623,2.666851758956909
1993-07-01,1.9541301678136453,5.561954845753751,4.16089836941209,4.818528936814892,2.988878580240103,2.4293456077575684
1993-08-01,2.0415222521909735,6.074369415756344,4.61734741233116,5.153707385987274,3.1122353214483995,2.5559701919555664
1993-09-01,2.251947294805468,6.5942734710929924,5.270989828331526,5.516531670740409,3.703165054321289,2.6999518871307373
1993-10-01,2.9052778617622925,7.623118762822114,6.634370393531267,6.421745470327925,5.202375467006976,3.3047261238098145
1993-11-01,3.6780979215484306,9.567690634912298,9.00791883468628,7.9113335572471915,5.694488149422866,4.270832061767578
1993-12-01,3.266854138718438,11.222108205159504,10.916829663653706,9.575166628342267,3.8748609331937933,4.90125036239624
1994-01-01,3.9955574212615024,12.858918655750363,11.930254448291867,10.821376475252846,5.284028099133418,5.371032238006592
1994-02-01,3.6553348462606214,11.1842484437218,10.624565080154774,9.1142780096956,5.084032508043142,4.596000671386719
1994-03-01,2.8714681409068943,9.02930636738622,8.680166754611703,7.757939109506533,3.8935669339620147,3.7204177379608154
1994-04-01,3.056472601349821,8.63276673841846,8.84854045025138,6.646930339724518,4.622044471594004,3.4010186195373535
1994-05-01,2.466681323100611,7.9071872918180715,7.941453678663387,5.611401380494583,3.7931810204799357,2.749897003173828
1994-06-01,2.1436278353032376,6.855693343997926,6.443361626114957,5.085338178531144,3.204598220495077,2.51275372505188
1994-07-01,1.893004191290472,5.496497671733531,4.916746671809706,4.325867808142374,2.9209914115759044,2.226621150970459
1994-08-01,1.9665376427247352,5.6627883467563365,5.138305730597917,4.54875720563785,2.9760640401106615,2.357900857925415
1994-09-01,2.218712482255759,6.172956052676652,5.6474178336387455,4.962403644887051,3.5412130447534413,2.6052675247192383
1994-10-01,2.8406484839842494,7.6577389887137,6.772654001102891,6.00958646729935,4.97046342262855,3.217542886734009
1994-11-01,5.026099116531844,9.719338897586793,7.011754845463953,8.462130746176076,8.14939164198362,5.313437461853027
1994-12-01,5.035590633903582,10.03139998561652,6.192700252976529,10.325264745904493,6.510897095386798,6.317638874053955
1995-01-01,4.430679930854089,10.265537010606868,6.548316256944523,11.658855926158816,5.3412694197434645,6.686500072479248
1995-02-01,4.927101331887786,11.635331590046254,7.661794507226278,13.484854291575823,6.3227350895221415,6.9663987159729
1995-03-01,3.7476360183401205,7.332505366598912,4.862663912218671,8.52308938669604,5.0602440650646505,4.8635077476501465
1995-04-01,3.3531791156100246,7.97132743421451,5.116674234700757,9.323182586551637,4.540156859617967,4.611454010009766
1995-05-01,2.5246723411009486,6.6997723986012065,4.404624534207721,6.7630808482798495,3.8409374081171475,3.3040733337402344
1995-06-01,2.1084065289841485,5.371938934621885,3.9277083651964055,4.934866114180218,3.2046246987122755,2.576958417892456
1995-07-01,1.9243525475570837,4.947879517725272,3.7180175614911457,4.454961118772048,3.0045878428679247,2.3187639713287354
1995-08-01,2.116235261110915,5.525245222934457,4.432638578636702,4.800904628842376,3.1908178558716407,2.503079891204834
1995-09-01,2.37741519495384,6.465477536815081,5.1585646562798075,5.483339923296787,4.144291006601773,2.795012950897217
1995-10-01,2.7016860922587287,7.039138143376786,5.827134154563726,5.8435874391895855,4.2850881814956665,3.0880420207977295
1995-11-01,3.473092354450029,8.491352731867353,7.306447417237038,7.050553772800653,5.346064154918377,4.098445415496826
1995-12-01,3.9124933714719163,9.632103572520174,7.890530519707259,9.315532122471536,5.355928265131436,5.24288272857666
1996-01-01,3.2110447736130547,10.090429099031196,8.61484921255777,9.22759447910989,3.9799518310106716,4.643106460571289
1996-02-01,2.8120043351478183,9.673418739969415,8.719944953918457,9.143841543862985,3.4581343715007486,4.237346649169922
1996-03-01,2.707727668211632,9.7262792809065,8.512939408768055,8.393427383067996,3.6729175310868483,3.723435878753662
1996-04-01,2.745043616933921,8.70887697205063,7.992200795994249,7.253440960433132,3.9427809990369354,3.5929319858551025
1996-05-01,2.7598508854502257,7.359887278357217,7.090255548787671,6.187405142673226,3.9046257734298706,3.3776705265045166
1996-06-01,2.3065962742284403,6.9254150686337965,6.612484954124273,5.274634583051815,3.390791324468759,2.666144371032715
1996-07-01,2.2557155373170206,6.714785376260447,6.1557733735372855,5.380487996478413,3.323469941432659,2.738046884536743
1996-08-01,2.246846120382093,7.197873906571735,6.7043315532595615,5.634140598681546,3.3690391824795647,2.814281702041626
1996-09-01,2.3310838286409674,7.42415235948193,6.926046138586,5.688201734261919,3.8017777296213002,2.8240621089935303
1996-10-01,2.925919994865496,7.074230031449665,6.724689173143964,5.389434422633444,5.178768130449148,3.0590944290161133
1996-11-01,4.384229601044016,7.4699623640193495,7.279790279477142,5.5365192797756935,7.740874015367948,3.7479450702667236
1996-12-01,4.862217067443218,9.540754510450732,9.452021676440571,7.240313152934229,8.562992169306828,4.638248920440674
1997-01-01,4.2620821097462445,10.98118641579798,10.310073786003645,9.231888601022174,5.905318718690139,5.216310977935791
1997-02-01,4.117893681083758,8.637757264366446,7.025410408197447,8.273383443669756,5.925643214812645,5.279087543487549
1997-03-01,3.38013909526707,6.582008406173351,4.996675391529882,6.805852402088254,4.5473068952560425,4.060233116149902
1997-04-01,2.5151365811062845,5.873157996539922,3.8897171963092894,5.844802080198776,3.7033516627091627,3.2125322818756104
1997-05-01,2.6202636895720492,5.8349448581074554,3.9504216160885126,5.815687660099,3.713704874882331,3.084740161895752
1997-06-01,2.34964410054315,4.673809044120848,3.2254528167635894,4.969593351201493,3.5245371552614064,2.811701774597168
1997-07-01,2.038985183558513,4.061332783957784,3.0314230641653372,4.326431326163831,3.0888035893440247,2.4401395320892334
1997-08-01,2.0672281992804145,4.90197174308836,3.636002401972926,4.953932762145996,3.0750162326372585,2.6460163593292236
1997-09-01,2.463186893266501,5.7479904603588485,4.352285834245904,5.491652969242066,3.6015617159696722,2.9281575679779053
1997-10-01,2.567923191896419,6.300064759661061,5.0212031187013135,5.4700406022774155,4.341132594988896,2.999828815460205
1997-11-01,3.1944272444420254,9.161385824513989,7.537757795910503,7.354941848636598,4.353012029941265,3.9774746894836426
1997-12-01,3.684075099905742,12.931403818056564,10.857115235439567,11.164881092633388,4.476859477850107,5.501957893371582
1998-01-01,4.566809074165895,15.791036916333574,11.98747379835262,14.50217934541924,5.719640851020813,7.0878005027771
1998-02-01,3.3252475187950528,14.867150506307912,11.113421307053677,12.608218377874802,4.0469636137668905,5.811241149902344
1998-03-01,3.3417121651246378,11.458847504253535,8.428135583567064,10.278206832649172,4.340830674538245,4.976681232452393
1998-04-01,2.7410121308159585,9.773509816605916,7.916870228079863,8.405646982119064,3.782057647521679,3.8569703102111816
1998-05-01,2.2850314366448785,7.762191092321115,7.1055501006370365,6.391713970391325,3.22801608305711,2.949506998062134
1998-06-01,2.308152877178389,6.656114445176235,5.893398440161417,5.503842996996503,3.5931534492052517,2.8031814098358154
1998-07-01,2.027382678592328,5.7642448780148525,5.250716209411621,4.826854735381843,3.048931979216062,2.5110106468200684
1998-08-01,1.9028564089352322,5.348224048466645,4.9407182737838395,4.408952986547189,2.8932566826160135,2.3055222034454346
1998-09-01,2.3001484035216655,5.681371319201565,5.368519938269327,4.637759785319483,3.7617116020275994,2.5497078895568848
1998-10-01,2.7514472450177694,6.809593910394713,6.579329246698424,5.122047246888626,4.837975135216346,2.8751132488250732
1998-11-01,4.103269282075548,7.996990883997245,7.9040388728297035,5.903773714405622,6.673552210514361,3.8411808013916016
1998-12-01,5.957242139835948,10.595411478086959,9.256261448527491,9.380408220512923,7.5165597292093125,6.288163661956787
1999-01-01,6.431568283395669,10.417006366936736,7.387628388959308,10.841553710227789,9.381217681444609,7.399196147918701
1999-02-01,5.058059495748933,9.64041273723277,6.643237069595692,11.039877677148626,5.887201428413391,6.775295257568359
1999-03-01,5.3353801216046834,9.78588022926981,6.133426067441009,12.803432553313499,6.492313284140367,7.081629753112793
1999-04-01,4.157605122045143,6.878967802653941,4.340048030365345,8.844133125719173,5.823381130511944,5.01568603515625
1999-05-01,2.9577663264323757,5.321557577266249,3.7481288577235023,5.466699415399122,4.888968055064861,3.3014774322509766
1999-06-01,2.203870557018162,4.192612707152847,3.1479232533033503,4.277854742005814,3.5767389031556935,2.4757916927337646
1999-07-01,1.8438018474382225,4.060667799424755,2.991123532139978,3.9606691330902337,2.891801526913276,2.1574413776397705
1999-08-01,1.8306416334565154,4.341486812561981,3.24569538582203,4.057313120642374,2.7859875789055457,2.182339668273926
1999-09-01,2.102436232812626,4.714904090230779,3.6084775314774626,4.331635689550592,3.5499372161351714,2.3682260513305664
1999-10-01,2.6535265224496114,6.023090015086092,4.595774273539698,5.135682571765988,4.697717382357671,2.812974214553833
1999-11-01,3.5602884194285602,7.094491544620011,5.487242687580197,6.2070061070050375,4.900600130741413,3.7634072303771973
1999-12-01,3.2312122816892015,7.968719615492709,6.1068274254022645,7.491628513779751,4.5770115577257595,4.070432186126709
2000-01-01,3.2177846456311414,8.91605162805365,6.759759159975274,8.437894850738289,4.268487370931185,4.065366268157959
2000-02-01,2.920818820442121,8.909538919611494,6.976959039998609,7.893861726272938,3.7308846528713517,3.9835968017578125
2000-03-01,3.306474390718126,8.57642787371495,6.645649532939113,8.253114907316458,4.860586615709158,4.097164630889893
2000-04-01,2.924998273554537,7.80080381289933,6.118608352749847,7.377359478972679,4.0333706599015455,3.4277687072753906
2000-05-01,2.705130380453523,5.936826846396276,4.781244937763658,5.4047850675361095,4.239519972067613,3.095741033554077
2000-06-01,2.219231104113392,5.234539786050486,4.416585661644159,4.643810257431149,3.5621435596392703,2.5583808422088623
2000-07-01,1.8666680326166842,5.304978614629701,4.324898054433423,4.3977707855461174,2.7939434234912577,2.23604416847229
2000-08-01,1.9732579742510294,5.706156131833098,4.895323376322902,4.616434444752774,3.109527207337893,2.3529887199401855
2000-09-01,2.4672471370893656,7.049326563990393,6.142844433008238,5.595582400181496,4.25115915445181,2.8407325744628906
2000-10-01,3.0760806860383023,10.03470827442731,9.212600075921348,7.4271368425945905,5.193588366875281,3.6608521938323975
2000-11-01,4.637987589098744,11.977593473685804,11.258200711982195,9.445387078810107,7.034229315244234,5.231024742126465
2000-12-01,5.3274557762539265,13.220670241718144,11.240755125533703,11.97147628133611,7.505896458258995,6.890764236450195
2001-01-01,3.9301710030467243,10.733705343202102,9.402530692344488,9.209941154302552,5.254577902647165,4.926644802093506
2001-02-01,4.6216138859385065,12.543905243393063,9.801375588705374,13.294366348621457,5.728441476821899,6.488519191741943
2001-03-01,3.630491384525889,10.783737389616263,8.197511628616688,9.47363395099492,5.742356181144714,4.5770392417907715
2001-04-01,2.5849492279524657,7.095512863277465,5.819918943005939,6.369047571522321,3.8863686414865346,3.1833319664001465
2001-05-01,2.250701864970099,5.864559402761533,5.2891365317411205,4.853997489278631,3.5796037087073693,2.6255993843078613
2001-06-01,1.9017289594276665,5.692112723062205,5.139553824136423,4.332882304524266,2.967023390990037,2.1852784156799316
2001-07-01,1.691657612004231,4.968630990316702,4.484774345575377,3.932841618855794,2.6571256610063405,2.016767978668213
2001-08-01,1.765150507700812,4.6745265177054,4.178552849348201,3.833884601445161,2.7448138365378747,2.049417495727539
2001-09-01,2.1601052628350015,5.126822456833004,4.7070594721062236,4.236998114474984,3.5044320500813995,2.420902967453003
2001-10-01,2.724132587000267,6.148675615473311,5.880001811094062,4.8728669336599895,4.823610186576843,2.795060396194458
2001-11-01,3.436163282885994,6.537494363710862,5.866788431655529,5.498322775197583,4.987583252099844,3.6022660732269287
2001-12-01,4.288399096616764,8.478719504304634,6.92684761313505,8.499008370924365,5.283739475103525,5.597140789031982
2002-01-01,6.195631715440259,10.44528465862422,7.03408025031866,11.48129100947417,7.826843857765198,7.577190399169922
2002-02-01,5.284803429829706,8.82190696952879,5.561956971190696,10.149107792580775,7.11131072961367,6.515261650085449
2002-03-01,4.25844684089582,7.709153493245442,4.886151746261952,8.624646830004314,6.4591675996780396,5.0547990798950195
2002-04-01,2.9323705692881163,6.308048085648884,4.323209718216297,6.379658676857172,4.668258932920603,3.3916146755218506
2002-05-01,2.0440615329545797,5.572447665902071,3.9188066194223805,5.379625253899153,2.851298451423645,2.6534664630889893
2002-06-01,2.065575737314126,5.148721480554388,3.793564646743065,4.762009502381317,3.148757150539985,2.4923088550567627
2002-07-01,1.876359624960988,5.050059621648271,3.611804579579553,4.746436518292095,2.763005861869225,2.3966782093048096
2002-08-01,1.9058254576220954,5.761733535648316,4.2076375595358915,5.14598669007767,2.8702964003269487,2.4981942176818848
2002-09-01,2.3242402322513542,6.974249107893123,5.238495039385419,6.14179954972378,3.6837543432529154,2.981649875640869
2002-10-01,2.7399702170460496,8.367340694102205,6.590694604918014,6.887951562570971,4.603178226030789,3.2857437133789062
2002-11-01,2.995525438760974,9.061413402705229,7.2669303694436715,7.555603426556254,4.2916584473389845,3.6673502922058105
2002-12-01,3.2806428437380446,10.83667333735976,8.218448383863583,9.910343598949817,3.9108940041982208,4.827099800109863
2003-01-01,4.148315154400069,12.886186348375423,9.428725131722384,12.643334662267403,4.939743417959947,5.653646945953369
2003-02-01,3.778085266191935,12.51072883605957,9.173598123151203,11.763229665830153,5.060323843589195,5.531665802001953
2003-03-01,3.201225123454615,9.769786051077435,7.389439815698668,9.220383518425994,4.304496256204752,4.340022563934326
2003-04-01,2.5465527760613824,7.859302860821864,6.412192832591922,6.628564346668332,3.6647565089739285,3.1216037273406982
2003-05-01,2.349526120215347,5.781933318736941,4.965610836827477,5.161472993303639,3.78045176084225,2.772446870803833
2003-06-01,1.886411180201265,5.107766713282858,4.554810357648273,4.16008520495984,3.054415835784032,2.1370368003845215
2003-07-01,1.7559899497277958,5.264626177706459,4.862907320954079,4.109427355980688,2.680679582632505,2.0735464096069336
2003-08-01,1.8157884017708377,5.130359183910281,4.886954052503719,4.079005514928537,2.7398266471349273,2.1407878398895264
2003-09-01,2.22100965755502,6.028006427971891,5.924033286959626,4.679873562598413,3.7720671066871057,2.5165858268737793
2003-10-01,3.224275038414395,8.759530385335287,8.983195105264354,6.221426734628603,5.520787376623887,3.3884475231170654
2003-11-01,3.631681019497901,11.12004324447277,11.044405781945517,7.793633512748304,5.781186773226811,4.031930923461914
2003-12-01,4.555162941057658,11.74077544101449,11.399890655695007,9.046020803525465,6.498308135912969,5.50782585144043
2004-01-01,6.889599868931722,14.753462177838465,13.958562252133392,13.595460551653721,9.727526628054106,8.480530738830566
2004-02-01,5.120650517571833,11.156214854513951,9.20141713563786,10.286838324495063,7.1937588544992295,6.1328325271606445
2004-03-01,4.3147018275310085,7.9589621965275255,5.515987096830856,8.314965861712315,6.574042943807749,5.211925983428955
2004-04-01,2.7514863260013542,5.937426404435505,3.9821143760237585,6.135765157004659,3.873613935250502,3.3696212768554688
2004-05-01,2.3748007017312593,5.13064935225849,3.4610875817232354,4.987456817035527,3.7361571421990027,2.8485429286956787
2004-06-01,1.894385912983688,4.094396081081657,2.9225569824839748,4.089711063592008,2.9841324457755456,2.2103729248046875
2004-07-01,1.697185359050318,3.745330211728118,2.656465768814087,3.695846343225287,2.653699654799241,2.0157413482666016
2004-08-01,1.7857184115144396,4.401035087053166,3.1177900558294254,4.332749603330627,2.6916655210348277,2.292346239089966
2004-09-01,2.2193952934029175,5.018373422844466,3.554441623909529,4.970125264899675,3.5037107192553005,2.6355056762695312
2004-10-01,2.8182990772207988,6.317390767178794,4.9697953601216165,5.54344376852346,5.413797268500694,3.057058572769165
2004-11-01,3.3537530407463154,7.8707835470983225,6.18329547172369,6.694152373676152,5.412047872176537,3.718341112136841
2004-12-01,3.074857869099096,8.87614183647688,6.87422419703284,7.926124750181685,4.37453412092649,4.053011894226074
2005-01-01,3.051280237964748,9.136289034702981,7.247861596040948,8.358816767847815,4.281136852044326,3.9176852703094482
2005-02-01,2.9474155190064737,10.353554866110631,7.812380236248638,9.773161984229272,3.6547331855847283,4.406360149383545
2005-03-01,2.8690746150065944,11.342003548792166,8.721012570137201,9.534240693084953,4.1308775544166565,4.213147163391113
2005-04-01,2.6358132509841132,9.431865603424782,7.408428469369578,7.9910437266031895,3.6414751639732947,3.4405765533447266
2005-05-01,2.033303816293933,6.941311119138732,6.183445453643799,5.528733157372289,3.0742080165789676,2.6233670711517334
2005-06-01,2.063879278517261,6.709634795669437,6.196924974752027,5.397598872813143,3.083260701252864,2.6145761013031006
2005-07-01,2.0413481083112894,6.313469613245291,5.668428609537524,5.098624562108239,3.114753388441526,2.531834602355957
2005-08-01,2.0580195889030537,6.684956439705782,6.226050853729248,5.1659903785055,3.097565472126007,2.529296875
2005-09-01,2.232120946510551,7.396540161251098,6.892136640326921,5.679226660913275,3.3146419204198394,2.8116273880004883
2005-10-01,3.119808865576675,9.229786451472792,8.995750615763109,6.640921821889951,5.237226532055781,3.3594205379486084
2005-11-01,4.143202673528612,10.850837249164433,10.35728842713112,7.774260617041772,7.067856192588806,4.409139156341553
2005-12-01,3.8229123833253214,12.687650946683661,12.250639671503112,8.700102798698484,5.555478655374967,4.714993476867676
2006-01-01,5.234362907016401,13.286602404690528,12.700244437816531,11.225667849991673,7.031523722868699,6.667574882507324
2006-02-01,6.449864082729694,12.885564242222513,11.769578068755393,12.08930533061656,8.451206409014189,7.266997337341309
2006-03-01,3.9835843843283114,7.9783764920493425,7.08243541939314,7.566830538964086,6.262444074337298,4.634115695953369
2006-04-01,3.094090628869755,5.84521404532499,4.4641863468081455,5.787250053050906,4.731263105685894,3.208343267440796
2006-05-01,2.3093029395821167,4.884725578071535,3.2498872557351755,4.63792926581331,3.561571928171011,2.567420482635498
2006-06-01,1.8723591086790734,4.345178973767184,2.8114749941714976,4.1406396747559535,2.89581842147387,2.1957807540893555
2006-07-01,1.745724555143376,3.5979300506355227,2.4524497431378034,3.71456922486771,2.6810803092443023,2.0415802001953125
2006-08-01,1.7402825896272955,3.763412689977838,2.6312733805456827,3.9186459179072415,2.679450351458329,2.1387205123901367
2006-09-01,1.885888256977514,4.169761302859284,3.068566876788472,4.219762299411981,2.9707555587475114,2.2995519638061523
2006-10-01,2.458912564307144,5.597058377524679,4.3709677319194,5.020334923914237,4.43477974488185,2.7014310359954834
2006-11-01,2.833779816774978,7.095922425735829,5.5378608925398005,6.158944248229034,4.584893813500037,3.279836416244507
2006-12-01,2.8017083394158746,10.84389982297439,8.044940371846044,9.520509631134743,3.228560204689319,4.234735488891602
2007-01-01,3.268475630848678,11.868959988734519,8.73829209527304,11.56654394874277,4.1429033646216755,5.068319320678711
2007-02-01,3.6075048839923034,11.471909145976221,8.514002312061399,11.691103425136832,4.368748343907869,5.20872688293457
2007-03-01,3.1936483284861774,11.059028418489204,8.554810146952784,10.144986293112584,4.053330421447754,4.626067161560059
2007-04-01,2.4150501821458956,8.066360710203185,6.709196401196857,6.632585858189782,3.459227428986476,2.9349958896636963
2007-05-01,2.1573174860059603,6.562217446260674,6.001049418782079,5.271003043004709,3.1746726769667406,2.589141607284546
2007-06-01,1.9490491483629364,6.527059022770372,6.15805609281673,4.959981201231018,2.875562814565805,2.4344699382781982
2007-07-01,2.051001479945232,6.92912220030792,6.498340950455777,5.396734282027843,2.9951401627980743,2.6095950603485107
2007-08-01,2.074455231735387,6.602149416309919,6.270058487736902,5.215920403946278,3.135382212125338,2.583767890930176
2007-09-01,2.173864226980308,7.158933314242104,6.947109588356906,5.36287921343663,3.6571705570587745,2.6408486366271973
2007-10-01,3.3875910277219163,8.9488802030105,9.081456273101097,6.471060227978137,5.5242224381520195,3.4227890968322754
2007-11-01,3.810493724862325,9.947653334270152,9.983475818190463,6.626824815143911,6.3414174776810865,3.81730055809021
2007-12-01,3.981786413291066,9.51134068097255,9.499664362086806,7.581089078917984,5.553779235252967,4.8536601066589355
2008-01-01,3.079729719260304,10.401760515316512,10.080864263135334,9.032040973042333,3.5297006368637085,4.6551032066345215
2008-02-01,4.102740091146882,10.33024270405141,9.376976656359295,9.536661103714344,5.493270204617427,5.725104331970215
2008-03-01,4.732803954291589,8.208025333493255,6.863278289173925,8.013803275056587,7.246715059647193,5.767107963562012
2008-04-01,3.6390574937014235,6.628853406092917,5.151598120844642,6.563766612563022,5.746055107850295,4.042501926422119
2008-05-01,2.6935547897496175,5.702362688936928,3.6063021005586138,5.448419548744379,4.396619819677793,3.1131253242492676
2008-06-01,2.1080540627548374,4.7640696976536,3.217161256213521,4.678119984708091,3.303285974722642,2.5398411750793457
2008-07-01,1.8699423554017371,3.785341654637063,2.7880884880243344,3.9417775102364,2.8375595808029175,2.2272794246673584
2008-08-01,1.8001737053861324,3.904484039129213,2.75056708690732,4.024834226268206,2.722148597240448,2.238339900970459
2008-09-01,2.3542008449121847,4.808597601661386,3.3622354962104977,4.7823541848234425,3.8659752561495853,2.6734790802001953
2008-10-01,2.838293301690485,6.891968083936114,4.892741524895956,5.985551656678665,4.792623794995821,3.1599812507629395
2008-11-01,3.351094059108459,9.300938687583272,6.136783888173658,8.512841453847958,5.139653040812566,4.020238876342773
2008-12-01,3.7849527044394584,10.325900898423306,6.482679899348769,11.050498947616695,5.46806133710421,5.379947662353516
2009-01-01,4.858348787445383,11.885653355324916,7.437699894572414,12.566386821658112,6.727363054568951,6.218372821807861
2009-02-01,5.398614627798808,15.023539047832637,9.450370211933935,17.441145579020183,6.801543327478262,7.779972076416016
2009-03-01,3.806695249891773,9.98173758041027,6.6612958908081055,10.772251528362895,5.268439192038316,4.790029048919678
2009-04-01,2.4149700538399292,7.708074140918347,5.461467698562977,7.054216547529826,3.664247691631317,3.1207401752471924
2009-05-01,2.279345522221831,6.638934261115022,4.977380952169729,5.805308504622112,3.213111368509439,2.824380397796631
2009-06-01,2.0118197214972113,5.805261745009311,4.835440114487049,4.940119270206422,3.0590510139098535,2.461481809616089
2009-07-01,1.7401852558568582,5.434294449266537,4.406972264134606,4.621443083119947,2.614179138953869,2.2075862884521484
2009-08-01,1.7872192196010315,5.415644202121468,4.489822858987853,4.480886089709378,2.7551519183012156,2.211153268814087
2009-09-01,2.123523250068586,6.4507955728575235,5.4605733516604404,5.118799024774122,3.552598219651442,2.5184450149536133
2009-10-01,2.9491549914645168,8.671113686968189,7.4681661849798155,6.791407932606778,5.173963537582984,3.505620241165161
2009-11-01,3.732523229933277,10.621919558029767,9.966504296591117,8.048519977303439,5.733384535862849,4.137216091156006
2009-12-01,3.7885783873882493,14.094067359155462,13.231949473536291,11.080794371375742,5.4742620541499205,5.306485176086426
2010-01-01,3.2557440787246548,13.635599890420602,13.338696679403617,10.433467968489772,4.1218191385269165,5.0395426750183105
2010-02-01,3.2085976649805446,15.037665256234103,15.469160190848417,11.35802195053692,4.284881743100973,5.314734935760498
2010-03-01,3.089745757506066,10.905941881874735,11.638539336448492,8.236276641372562,4.06402051448822,3.993459463119507
2010-04-01,2.4545907974243164,8.571946713351464,8.684639043586198,6.265943179758944,4.045741489300361,2.984254837036133
2010-05-01,1.9140387318797947,7.291212747263354,6.795206458069558,5.533126343128293,2.9323463256542497,2.5524277687072754
2010-06-01,1.895866320305264,5.904739586881889,4.874349472134613,4.835414332012798,2.766862053137559,2.3856329917907715
2010-07-01,2.059322165459702,5.660746079082637,4.533180940982907,4.971338057702826,3.0963050631376414,2.520408868789673
2010-08-01,2.184153832111162,6.029318839080574,4.01386438414108,5.763077735900879,3.269612445281102,2.8306891918182373
2010-09-01,2.4031855396388733,6.2128913494967675,3.358288837033649,6.656149191449779,3.4846572921826287,3.1801061630249023
2010-10-01,3.1272873436052775,6.5545163413350895,3.729583912117537,7.475216074507365,4.735829050724323,3.898128032684326
2010-11-01,4.021825987039153,7.016024478646211,4.390969525936038,7.953079726344855,6.581703057655921,4.663537979125977
2010-12-01,4.3982014213640666,7.83563399499701,5.141997337341309,9.191807665566142,5.991312861442566,5.2708024978637695
2011-01-01,4.6328244750032725,9.376641946245533,5.904875522436098,11.326882635900215,7.360774278640747,5.6843180656433105
2011-02-01,4.44903226242852,9.663908980613531,6.143135802690373,12.29432460873626,5.578323510976938,6.309445381164551
2011-03-01,3.0776195919390807,9.416786459989325,6.1715223068414735,9.991817326508752,4.0773631288455086,4.455471515655518
2011-04-01,3.537613829386603,9.892899121424948,6.303797211757926,10.12650127558745,4.977295948908879,4.825325012207031
2011-05-01,2.961826078670541,8.443357408508774,5.9596702109935675,7.902082916378051,4.375134752346919,3.8139095306396484
2011-06-01,2.380425413859259,6.5938080928122345,5.039231998975887,5.903190050938332,3.618402205980741,2.9526851177215576
2011-07-01,2.3363912228456476,6.244472939838735,4.833892334339231,5.560368530510008,3.4849039637125454,2.8385226726531982
2011-08-01,2.2095454107854784,6.129188500633536,4.6735514041989346,5.349115438239519,3.269630326674535,2.7159674167633057
2011-09-01,2.216608253950925,6.299259126648423,5.045756073885186,5.196699061134988,3.432427461330707,2.6622819900512695
2011-10-01,2.721811324050746,7.389478165973989,6.3088838444199675,5.909442162328912,4.551501916005061,2.9897446632385254
2011-11-01,3.5533116035854695,8.355640810589458,7.448384096456128,7.1864464486292166,5.529252611673795,4.034389019012451
2011-12-01,3.046554880043895,8.833128167677295,7.870206167531568,8.090108679246532,3.838762640953064,4.094244003295898
2012-01-01,4.261996082423889,12.616775571837906,10.627304121505382,12.495304817377134,5.644067434164194,6.345263481140137
2012-02-01,5.515225400629732,12.778888746749523,10.542677169622378,13.102488554725351,7.472717532744774,7.308866024017334
2012-03-01,4.740998671226895,10.144670249879821,8.079688493595567,10.296237561129784,6.079679727554321,5.891719818115234
2012-04-01,3.2194476766684623,8.044116441593614,6.755508932956429,7.464441772579223,4.193946719169617,3.7699337005615234
2012-05-01,2.7035405955363796,6.164133825967478,5.588122855785281,5.5690240490344145,3.962713709244361,3.1395082473754883
2012-06-01,2.053195668250015,5.517320115436879,5.1796793937683105,4.475708525310191,3.2725242468026967,2.3802292346954346
2012-07-01,1.954640064042868,5.4308680600898205,5.161840139433395,4.347936681998792,3.0362892609376173,2.293139696121216
2012-08-01,2.042539586725923,5.702522189118141,5.505506659663001,4.642828860024149,3.113460884644435,2.4502694606781006
2012-09-01,2.1566835875363695,6.136261585146881,6.109307810317638,4.717050596725109,3.7199482321739197,2.503063440322876
2012-10-01,3.325286845570987,8.70368203451467,9.062621205352073,6.494936092879421,5.754110446343055,3.654963254928589
2012-11-01,3.1676634070799525,10.464272018550902,11.042511185934378,7.259614707887635,5.070308080086341,3.5935990810394287
2012-12-01,4.893654400540382,11.163849424022112,11.299521978511367,9.05240820359814,7.169196697381826,5.83828592300415
2013-01-01,7.245940768841616,14.448665648467781,14.143851745960324,13.122404823007509,10.04496537722074,8.46315860748291
2013-02-01,5.4820925919051025,11.544776147650193,10.689080593197845,10.59907129568647,8.064635671102083,6.934837341308594
2013-03-01,3.6827910806714876,7.707718546076338,7.061172086139058,6.98480162509652,5.249586013647226,4.204980373382568
2013-04-01,3.1190070909323153,6.597725180692451,4.884224159773006,6.7940246227175685,4.978094192651602,3.711946487426758
2013-05-01,2.459058073378101,5.512642305950786,3.566089341806811,4.9338155938673385,3.8206432874386125,2.870912790298462
2013-06-01,2.1211316905070827,4.33463828508244,2.696737300517947,4.466398187385973,3.2707559374662547,2.463987112045288
2013-07-01,1.8615437537124477,3.639441867207372,2.400695723156596,4.011935041856396,2.754950064879197,2.266993761062622
2013-08-01,1.9123662378370148,3.8138591041860654,2.6395352773888168,4.108631518460059,2.7531414077832146,2.359678030014038
2013-09-01,2.3883037960406432,4.659694479417431,3.2521468262339748,4.9170824908470925,3.778242033261519,2.873215675354004
2013-10-01,3.040369023981783,6.337296315865923,4.486780942872513,6.377498493638149,5.802998634485098,3.4956226348876953
2013-11-01,3.7728538218232774,7.261251109515049,5.120834916136985,7.062688354373902,5.971171076481158,4.1584014892578125
2013-12-01,3.575507635922776,8.424124976461247,5.878012679344,8.319722774416901,5.888943259532635,4.37747859954834
2014-01-01,3.3558951210729857,10.77192513517631,7.034555701322334,11.073751597441444,4.1819563278785115,5.0395894050598145
2014-02-01,2.962824241402223,9.559148965879928,6.6237280535143475,10.132045154423677,4.145865600842696,4.446413516998291
2014-03-01,3.000535178430302,10.18581612165584,6.684637346933054,10.2528313333674,3.9251936169771047,4.554126739501953
2014-04-01,3.2542277857200386,9.438864759696546,6.467264752055324,8.909816889799842,4.984358640817495,4.343052864074707
2014-05-01,2.429310071099665,7.281765826912813,5.727240096691043,6.085217091464257,3.8273407862736626,3.0746428966522217
2014-06-01,2.113583407451197,5.680973215620647,4.890959484632625,4.8611511555753015,3.3212776367480936,2.4739930629730225
2014-07-01,2.0035559369116713,5.465253748634988,4.641108180201331,4.784045108529024,2.982076314779428,2.4452500343322754
2014-08-01,2.196955680847168,5.9529596520948775,5.131103548892709,5.059588602346968,3.421499408208407,2.6833865642547607
2014-09-01,2.4987840160881123,6.6918021948762645,6.173778411953949,5.457539521446524,3.9997488260269165,2.932166576385498
2014-10-01,3.394577429466641,8.575084227924199,8.141107614650283,6.698276460632798,5.812881543086125,3.5828027725219727
2014-11-01,3.889796168533797,10.000941919725994,10.233417222666185,7.175243362899899,5.937511875079228,4.251631259918213
2014-12-01,4.1168198143084025,10.73995967243993,11.219672269599382,8.006063357804173,5.724000243040232,4.931277275085449
2015-01-01,4.724071443695383,12.831100567366725,12.881002315255099,9.69639083211736,7.077848223539499,5.662956237792969
2015-02-01,4.495528801200316,10.407766815303832,10.15370058458905,8.736368667247683,6.338879007559556,5.586174011230469
2015-03-01,3.4719410630845533,9.01197315186493,8.43621852786042,7.71749592566675,4.694635363725515,4.285694599151611
2015-04-01,3.200633992853853,8.439335342525512,7.835334123567093,6.944165858187416,4.486373066902161,3.7551608085632324
2015-05-01,2.333125134104306,6.6565639288850535,6.016724885896195,5.177806329357532,3.521009935782506,2.6470282077789307
2015-06-01,2.3939666059828295,5.693375047787216,4.4786720774894535,4.869926807492278,3.6704587248655463,2.705721616744995
2015-07-01,1.9401957079307321,4.919494399728701,2.9858034710551418,4.800981144572413,2.8947188304020806,2.48991322517395
2015-08-01,1.803597347023561,4.4497619303621985,2.6630253292793453,4.682101944620295,2.7145276849086466,2.319568634033203
2015-09-01,2.1524050801070698,4.599807243938594,3.08512338372164,4.892554578855056,3.22620513347479,2.647099733352661
2015-10-01,3.141043849827088,5.637975071751794,3.849858045578003,5.867347791213398,4.903132411149832,3.4614717960357666
2015-11-01,3.5590734678445406,7.992590305417083,5.596679033235062,8.041886396186296,4.846725784815274,4.486823081970215
2015-12-01,3.3616095474085856,9.648688264595446,7.259384698646013,9.638299498447152,4.293161630630493,5.008512496948242
2016-01-01,2.893238215102363,11.982717440109845,9.025547393532687,11.807981757230536,3.2973204667751603,5.102033615112305
2016-02-01,3.340981916054008,13.342909849891367,10.6264169826064,13.115801552469415,3.5845904396130486,5.753220558166504
2016-03-01,4.12998002829011,12.616592229798782,11.320216711177382,12.595808783242868,5.267503169866709,6.309192657470703
2016-04-01,3.1912948667388603,10.310079515442368,10.219524073046307,8.43101471893547,4.492662273920499,4.260791301727295
2016-05-01,2.335954204048078,8.775518476500991,7.929900357889575,6.965258324793143,3.4888301904384904,3.221430778503418
2016-06-01,2.4702861136996868,6.9326079168985055,5.60578745464946,5.941027264262354,3.5691971962268534,3.021328926086426
2016-07-01,2.274236482443269,6.567115192265473,4.364044167274653,5.93655737795571,3.3952377163446865,2.91168212890625
2016-08-01,2.2248140315419622,6.493426108545111,3.8998678673145384,6.159550274989401,3.3144526756726775,2.945767402648926
2016-09-01,2.6858378931419136,7.447606463764989,4.2601553506629415,7.407987949460051,4.0780397561880255,3.5151801109313965
2016-10-01,3.606909083336899,8.646648244340291,5.104349934777548,8.569720364356225,5.080388142512395,4.362500190734863
2016-11-01,6.213130164392216,9.964433566544407,5.933126183443291,10.884166687958,8.449211487403282,6.877529144287109
2016-12-01,6.380269453697598,11.560986393181853,6.696733763051587,13.862473096034323,9.356615176567665,8.01315975189209
2017-01-01,4.612412403539284,10.723276286162147,6.231331270794536,12.916194560915924,5.674229218409612,6.624639511108398
2017-02-01,4.8757661249219755,11.485225840132365,6.791141698526782,14.861969615137854,5.428776603478652,7.191514015197754
2017-03-01,4.178292480940671,9.624714814415274,5.7991202487501985,11.509966665460157,5.713335596598111,5.667043209075928
2017-04-01,2.7596631000951395,7.6725242673888685,5.110768661942593,7.6223432555679205,3.8630038499832153,3.570425510406494
2017-05-01,2.1553875244769856,6.61940241968909,4.862735715023307,5.756503112556398,3.310077580121847,2.7549214363098145
2017-06-01,2.2469916294530496,6.054877125939657,4.8122730366019315,5.329081439232641,3.454287120929131,2.738192319869995
2017-07-01,2.059663079448582,6.161534139352251,5.208182334899902,5.088089787682821,3.0766142102388234,2.5330910682678223
2017-08-01,2.2264217593006252,6.906921549360881,5.776506523753322,5.731578945189483,3.3124787303117604,2.8622324466705322
2017-09-01,2.4725805852831026,8.382085312244504,7.402858068776685,6.501275994056879,3.90881930406277,3.133246660232544
2017-10-01,3.030845062019899,8.54736742123153,7.717841447785843,6.504976841830468,5.335155817178579,3.3667383193969727
2017-11-01,4.34309379341676,9.520749158637468,9.074611996495447,7.366217384042666,6.826369579021747,4.152772903442383
2017-12-01,4.18428932268595,10.07342819095582,9.99439372572788,9.251364256984504,5.591213932404151,5.2526655197143555
2018-01-01,3.1963168960256674,10.619661419890647,10.273179342580397,8.355246403420619,4.09076649409074,4.452733993530273
2018-02-01,6.027095342419812,14.476390956908233,12.332401719204215,12.816236555114273,11.485783411906315,6.852783203125
2018-03-01,3.2470292651776185,11.475349027057026,10.3354437406673,9.616401953290598,4.408255907205435,4.284910678863525
2018-04-01,2.8584249240835917,7.507416259410769,7.201730096062948,6.377467258956081,4.215866327285767,3.422682046890259
2018-05-01,2.4546667472603394,6.658690844395363,6.587931998940402,5.2335543225902,3.977462649345398,2.7507128715515137
2018-06-01,2.1355528192421827,6.089827811071115,5.9258161589156755,4.6714684759923655,3.354546886224013,2.450957775115967
2018-07-01,1.943249923666728,5.477585903433866,5.169166243353556,4.404616910357808,3.0381850325144253,2.2807250022888184
2018-08-01,2.0187669193621764,5.066051594046659,4.6948434308517815,4.249193132385727,3.1856831449728746,2.3813316822052
2018-09-01,2.6208118065116333,5.565662901530894,5.082764736441679,4.8732818559158675,4.198466355984028,2.8647847175598145
2018-10-01,3.5665423599715087,7.268680897794028,6.724104770394259,6.077516725821089,6.058054016186641,3.817843437194824
2018-11-01,4.514847588293331,9.577056234197098,7.703683265419894,8.220283005588739,6.780717693842374,5.242614269256592
2018-12-01,5.351119188918281,12.631449588509494,8.590152928995531,11.718440240667771,7.270823762967036,7.116946220397949
2019-01-01,8.6038628804315,14.223036655159884,8.701326957968778,18.043350988580276,11.640321749907272,11.393022537231445
2019-02-01,7.046270370483398,10.550737750622654,6.164065904395525,15.093809320021045,8.667203554740318,9.63287353515625
2019-03-01,4.486258988527908,9.333624581033868,5.7441536770310515,11.162891314011212,5.318209987420302,6.192254543304443
2019-04-01,3.1991412959147976,7.923482554827549,5.111278489578602,8.664444620295088,4.398535765134371,4.3323187828063965
2019-05-01,2.434426730441064,6.793446134227191,4.7715320143588755,6.587577790252922,3.5778582096099854,3.2287864685058594
2019-06-01,1.9940885071901933,5.584629191908725,4.146915674209595,5.120294962742531,3.07729232769746,2.5515217781066895
2019-07-01,1.989502636427732,5.435045375380405,4.0816455386405766,4.89333101021227,2.925887474646935,2.479020357131958
2019-08-01,2.033134711157415,5.873546674270038,4.383639124936836,5.313397747601649,3.038926881093245,2.6202540397644043
2019-09-01,2.899170413459699,9.175913832908453,7.030651735704999,8.145985492440158,4.48983724300678,3.9100985527038574
2019-10-01,3.0727012870238,9.670312275258146,7.6931046885113386,7.849432331647059,5.1947926099483785,3.7991693019866943
2019-11-01,3.885567065366765,11.63921504057655,9.787897176520769,9.14335287818613,6.269193841860845,4.660912990570068
2019-12-01,3.6614838334702955,12.822141573410626,11.051852758540663,11.189879557883092,4.47047444490286,5.351009368896484
2020-01-01,3.6494326345699353,12.031761065934056,10.541231687678847,11.143444859704307,4.687640300163856,5.355163097381592
2020-02-01,3.4681624972943177,10.358591597209605,8.67470142453216,9.990914662679037,4.884569003031804,4.969547748565674
2020-03-01,2.8908193725900553,8.09014083803162,7.172846239666606,7.675572698430497,4.081317782402039,3.5970959663391113
2020-04-01,2.7216107574934814,7.803126638249833,7.620774313460949,6.791931714198386,4.022294168288891,3.5095937252044678
2020-05-01,2.449243830651352,7.519144235655319,7.10250083790269,6.235127670820369,3.2479404256894036,3.1111791133880615
2020-06-01,2.521008068753272,6.710728564003641,6.0356531032296115,5.4449902024379995,3.9026662707328796,2.925687551498413
2020-07-01,2.382607804131262,6.548678597738577,4.957494347594505,5.738615435223246,3.534662035795358,2.937566041946411
2020-08-01,2.637553460819205,6.930875408557034,4.155353751293449,6.7448815634084305,3.7228531562365017,3.3805651664733887
2020-09-01,2.9481629735415744,7.248937621597172,4.68620685643928,7.227487342302189,4.539542473279512,3.7095258235931396
2020-10-01,3.8821935653686523,7.405737943427507,5.073252666828244,7.043474404386772,7.294427660795359,4.072274684906006
2020-11-01,3.811865737757732,7.058989354806353,5.015011443648228,6.769711841908536,5.720882461621211,4.2172441482543945
2020-12-01,3.2829316620974196,9.654573691907778,6.596428571745407,9.928073439487191,3.9588360832287712,4.764716625213623
2021-01-01,5.060948539026005,12.07810076632241,8.309539528780206,13.961289280144744,6.70435199370751,6.979755401611328
2021-02-01,6.161589966606848,12.596178794091985,7.714319506356882,17.33096662417863,7.976467105058523,8.890727043151855
2021-03-01,3.814988037974564,9.279139836629232,6.340378661488378,9.790702938109405,5.038819175500136,4.793412208557129
2021-04-01,2.817342207603848,7.556268041448075,5.554799423661343,7.250606182009674,4.2240979579778815,3.5036227703094482
2021-05-01,2.463530265178877,7.356376795805701,5.891830144926559,6.1755093493202855,3.8628141467387858,3.0361990928649902
2021-06-01,2.1171555076677775,5.684045858161394,4.550557358320369,4.860898320989091,3.249750458277189,2.5165770053863525
2021-07-01,1.8386803951460062,5.384118427601895,4.491268479546835,4.420366398123807,2.8237702754827647,2.21303653717041
2021-08-01,2.011698545868864,5.753455420797185,4.871948098027429,4.676561392554941,3.2320821514496436,2.429263114929199
2021-09-01,2.0954038678985283,5.861655131790989,5.083751678466797,4.688101036604061,3.47457814675111,2.441443920135498
2021-10-01,2.8232707190759405,6.726528877435729,6.075526947198912,5.321310472118762,4.970112901467544,2.933260679244995
2021-11-01,3.532344287203759,7.55429046098576,7.5710873271143715,5.975517006807549,5.36390680533189,3.82778000831604
2021-12-01,4.188922508475707,8.464440634084301,8.708742330240648,7.372994385948477,5.651452678900498,4.676185607910156
2022-01-01,3.594846823780807,9.496160255846126,9.843747560368028,8.136259123336437,5.550190806388855,4.478606700897217
2022-02-01,3.895003525252195,8.437751799590828,8.410700809123904,7.260035729223444,6.115217392261211,4.711100101470947
2022-03-01,3.4703864264734015,8.767361973607263,8.876328967338385,7.492188889850942,4.814596130297734,4.447266578674316
2022-04-01,3.579288905428857,8.435532843419747,8.845001597737157,6.851288329723269,5.297973981270423,4.357415199279785
2022-05-01,2.5952427657609136,7.041580732478652,7.041679149450258,5.421303963476373,4.212541305101834,3.030057191848755
2022-06-01,2.4186839762422228,6.015030727830044,5.378112404845481,4.907253361487573,3.589841379569127,2.7651190757751465
2022-07-01,2.2752653692186495,5.4795294769050535,4.46021834085154,4.928840223208878,3.3490281838637133,2.7276039123535156
2022-08-01,2.271193573155354,5.309463286584662,3.0703300653501997,5.533330385075059,3.3856312815959635,2.8476104736328125
2022-09-01,2.661147805833325,5.965823905412541,3.1910463821056276,6.665623095608496,4.115001513407781,3.3471710681915283
2022-10-01,3.506212873557179,6.212435951528623,3.6076041155083236,7.264761222425357,6.375199327102074,4.006076812744141
2022-11-01,4.500286849503665,6.749156094336694,4.179574306621108,8.52359838263933,6.876237117327176,5.2878828048706055
2022-12-01,5.195743029879541,8.530508825021197,5.277410773343818,11.064878729886786,7.340189585318932,6.608255863189697
