,r100_cluster1,r100_cluster2,r100_cluster3,r100_cluster4,r100_cluster5,r100_cluster6,r100_cluster7,r100_cluster8,r100_cluster9,r100_cluster10
1965-01-01,85.213425,11.85107,28.046251,39.656593,49.697704,58.50538,25.34678,71.11164,19.097706,76.20591
1965-02-01,94.48794,9.811726,33.98574,51.304607,28.932425,78.34354,17.595634,65.89944,22.460575,57.119606
1965-03-01,89.44118,7.8657494,37.882607,53.98606,37.423958,77.706345,15.091087,63.132805,21.748035,73.593254
1965-04-01,80.71376,5.6314774,34.9833,51.0458,27.065073,71.39174,14.036198,71.49166,17.256561,53.556896
1965-05-01,77.91928,7.0188866,39.353558,60.80517,25.248499,65.421135,14.185261,60.09918,17.831509,58.25312
1965-06-01,71.21811,7.6986694,64.76101,76.82017,26.612976,79.861984,18.186962,66.500595,34.770355,41.844997
1965-07-01,57.574978,8.350605,52.685467,75.119896,15.910103,68.707016,14.340874,79.357475,36.955482,39.864624
1965-08-01,62.104126,11.123787,59.01808,62.479233,23.559692,60.593864,29.088036,61.8748,50.865616,45.28322
1965-09-01,73.783264,12.100048,73.0609,74.26648,29.282963,74.69237,17.708656,69.97813,49.535538,46.01214
1965-10-01,79.24281,21.978996,61.439087,76.23539,51.032696,76.73007,31.640083,75.42784,41.969486,77.05932
1965-11-01,76.28453,7.795311,48.682125,60.87069,63.227814,76.63016,19.35979,78.0749,36.22001,91.8114
1965-12-01,82.369804,7.7215996,44.719734,64.59884,34.92597,71.624344,17.502266,71.39174,26.106827,66.01246
1966-01-01,99.833725,7.462723,37.600792,56.87314,40.828175,75.249176,17.883575,80.77807,22.9873,66.65213
1966-02-01,82.175064,6.2643547,35.10721,63.406693,25.986498,68.19523,16.025288,79.732376,17.555256,53.302666
1966-03-01,86.612305,6.802799,29.67024,47.609608,32.823746,58.910362,14.280273,78.02183,16.873993,52.312782
1966-04-01,81.74825,6.164219,23.6029,47.68348,24.047771,61.392456,10.067936,57.887646,15.4179,51.521534
1966-05-01,77.37668,4.2435493,27.74629,60.156334,26.11126,73.39745,7.4348145,67.587845,12.710907,48.92617
1966-06-01,82.67576,7.814022,54.15137,73.56982,23.056248,73.32686,18.138023,88.56252,31.085297,40.706696
1966-07-01,75.14903,5.7341194,57.178474,66.04146,17.396023,66.66526,12.279167,79.21034,36.512413,43.431747
1966-08-01,76.555885,12.535255,52.87585,55.152744,19.59576,61.359623,24.133135,69.29018,46.045166,37.530205
1966-09-01,76.91868,13.147572,70.03546,69.112885,31.101713,72.39279,28.14684,76.27189,50.498817,46.16336
1966-10-01,93.72862,17.108742,59.200924,70.07158,48.899902,82.68889,27.674059,70.09949,40.677147,69.84668
1966-11-01,88.58058,14.751411,39.87769,55.254524,57.951668,72.36817,26.905792,64.10273,38.47741,84.3075
1966-12-01,90.73435,13.383961,40.695206,50.67447,52.78228,63.981255,29.991993,60.798195,31.219908,68.17389
1967-01-01,93.3929,11.964157,29.042421,32.510098,43.904617,68.153015,24.70318,61.631485,24.733583,58.886734
1967-02-01,88.99623,9.373112,27.1591,42.251007,37.418556,68.852295,13.021519,54.988342,18.007675,54.645462
1967-03-01,83.521935,4.886921,24.750475,40.55686,26.250376,72.47705,11.364532,53.552628,16.06186,48.34689
1967-04-01,80.01203,3.253582,39.607605,55.80248,24.671087,71.33693,9.8342285,72.34869,16.968895,51.05279
1967-05-01,88.7682,6.02367,40.164997,57.417236,40.05352,66.523056,11.999626,73.91446,18.796474,78.882034
1967-06-01,73.09188,9.64843,62.99964,69.07018,41.95204,63.550278,18.387718,62.204082,34.396797,59.974503
1967-07-01,76.80954,11.264877,44.896103,52.664173,20.792965,51.578094,20.20179,70.71365,34.47956,41.065277
1967-08-01,67.54326,13.154957,51.82808,58.685734,21.086864,64.69547,21.409477,74.82318,42.188515,37.3037
1967-09-01,73.419556,19.369072,71.250786,71.84534,38.82218,73.42801,28.635353,65.07383,53.469864,50.978474
1967-10-01,82.993256,31.092962,71.61394,75.481926,52.947937,80.58632,41.658142,67.03146,56.787212,66.73926
1967-11-01,87.61288,14.188671,40.2106,51.654106,44.049877,71.36395,22.144226,69.512726,31.831089,65.19038
1967-12-01,90.676865,12.560402,37.877987,58.43744,30.932499,56.670666,22.787766,82.780426,22.054707,59.618107
1968-01-01,97.930984,9.930447,29.568924,41.457275,39.236057,55.11778,20.23819,76.2419,21.553219,60.463192
1968-02-01,93.295395,8.924458,30.719772,48.698776,45.489273,56.06099,19.929153,74.996086,21.588629,81.74022
1968-03-01,81.17526,6.5036507,34.450775,48.481483,34.33167,49.21223,20.618053,66.878975,20.9786,53.107414
1968-04-01,84.47812,6.0336533,22.683144,54.12145,30.098475,61.293736,11.263176,73.33822,11.477249,60.50021
1968-05-01,81.64043,5.8759155,33.589653,56.651707,38.2687,58.78601,14.327816,61.79592,20.083672,66.71963
1968-06-01,73.16921,10.9396515,49.7112,63.76283,34.317184,69.11951,19.037445,56.09318,31.099634,41.069366
1968-07-01,74.25407,11.733173,44.238632,57.722076,17.830261,60.498604,20.027336,62.68763,31.64528,28.852661
1968-08-01,73.71325,7.5015907,51.729614,63.07071,17.22506,70.35567,17.476154,82.160324,32.348667,35.422966
1968-09-01,79.036125,20.561718,59.413746,72.20829,27.74205,72.78613,31.123777,69.18872,44.182297,41.06132
1968-10-01,87.02286,16.024311,62.06633,79.55441,62.161297,79.07959,26.56062,72.153564,42.957405,82.207
1968-11-01,92.53084,19.935589,44.552498,55.177334,60.099426,61.470787,35.52437,67.86243,37.426888,83.70391
1968-12-01,91.064514,10.883316,39.359993,59.912716,33.652428,60.608055,21.73832,72.80061,25.622234,56.503624
1969-01-01,93.18774,9.982853,34.983253,54.81145,23.955338,53.456146,16.899742,78.27606,23.129787,50.778965
1969-02-01,89.24048,4.9593735,29.446735,44.23474,33.830162,64.07631,11.998257,72.76294,15.771717,63.086983
1969-03-01,78.90943,4.4580307,20.608025,42.284508,17.698551,68.852455,7.4577446,57.84793,12.310764,36.651062
1969-04-01,87.50583,4.4797554,26.813004,59.221615,18.00103,61.0064,9.055363,76.076836,12.837177,39.82959
1969-05-01,78.02205,4.730427,23.866766,55.299427,31.600847,81.64176,9.7906685,70.09579,11.433411,53.83884
1969-06-01,79.63304,8.6994095,49.301666,71.736855,42.239388,76.10357,16.72594,64.33199,29.04399,60.967968
1969-07-01,78.51671,11.359879,64.95366,81.25573,22.818954,78.78911,23.111404,80.80452,44.88482,47.34308
1969-08-01,67.90825,16.873005,71.71179,73.638626,25.985785,69.67633,37.464912,74.9321,56.213543,47.956394
1969-09-01,81.05853,14.376305,81.494705,88.52189,29.740858,81.96931,27.438013,80.792816,56.69985,51.835133
1969-10-01,78.92447,18.716282,65.553604,80.38004,55.982925,83.568596,33.79841,78.79245,42.98305,77.56917
1969-11-01,88.583725,12.735237,37.81084,44.13113,60.874382,72.52229,25.721743,63.190598,24.329674,80.19287
1969-12-01,94.83884,13.039387,42.29955,42.715668,54.567463,66.726746,30.947428,71.32074,32.61022,74.32046
1970-01-01,92.73829,8.298164,35.78179,50.85335,36.776413,57.8008,17.13721,77.80574,23.278702,60.98491
1970-02-01,83.26375,8.425594,36.030033,49.873627,49.665104,61.774315,18.727612,74.068886,22.403236,73.78589
1970-03-01,97.633606,6.5505447,28.67216,46.93776,32.139263,63.780106,9.916698,65.061035,15.737129,60.056488
1970-04-01,78.159904,6.0176506,33.76111,57.178543,22.338696,77.16528,12.099567,61.845478,17.5195,43.9721
1970-05-01,75.52854,5.858776,25.953089,44.347775,27.384613,62.23439,9.271271,56.192196,14.342014,48.637383
1970-06-01,76.988205,6.3867035,50.113594,62.485943,27.512045,69.08089,16.092941,52.95182,29.732977,48.139248
1970-07-01,70.45449,11.353188,62.519043,71.54013,24.594381,74.18473,27.406128,71.51366,44.016785,42.855015
1970-08-01,83.64438,13.992821,62.93112,76.91869,24.673819,78.2592,27.03873,77.842155,45.377148,46.43962
1970-09-01,79.300156,15.16452,59.33824,69.32251,27.809935,80.23851,24.850897,76.88725,41.716415,44.53147
1970-10-01,82.49254,12.989925,63.166122,74.3105,24.910475,79.43586,20.03667,63.924088,36.384193,40.207108
1970-11-01,83.10321,13.044537,28.268353,44.311363,41.837227,72.1326,24.094587,62.335342,25.822348,59.91416
1970-12-01,89.89345,6.588608,20.831043,35.341576,31.262144,73.16528,12.049919,47.702343,14.633282,46.0143
1971-01-01,94.9225,11.4747925,18.571617,29.095139,26.326057,73.90927,18.852245,59.53981,15.581078,50.688217
1971-02-01,90.16029,9.992203,26.635424,39.88069,41.921154,71.35996,16.928429,49.777023,19.197113,63.43816
1971-03-01,78.62922,9.008316,24.637222,39.354935,34.986618,72.23227,16.13388,38.327095,19.058487,45.024956
1971-04-01,73.363235,6.622986,22.968674,43.557583,15.71463,83.97128,11.829803,56.872158,13.679237,24.363358
1971-05-01,78.4365,6.068493,29.622581,55.631313,22.887527,74.058044,11.675964,62.854927,16.696823,40.5924
1971-06-01,66.454056,8.186722,43.831448,65.701775,22.060863,68.051605,17.511658,74.752846,28.381737,33.02899
1971-07-01,70.26788,11.255024,44.495823,60.998734,18.54626,66.93924,20.884254,63.556496,33.881016,37.317852
1971-08-01,71.74371,11.532269,51.550385,59.850864,22.60183,64.405136,22.133553,63.749218,37.66441,38.636463
1971-09-01,72.0835,25.174809,76.03934,68.2849,30.946262,71.34813,39.319435,66.3577,67.3196,40.04805
1971-10-01,82.700005,14.980942,67.79465,79.01128,35.894432,86.14023,27.355587,73.09275,40.08017,45.62002
1971-11-01,85.888336,15.246353,37.622147,42.947304,47.6402,64.27666,23.933964,58.349678,29.957306,66.75159
1971-12-01,87.86625,8.683735,31.45173,46.524452,35.5783,60.73332,16.079784,66.643394,20.316238,54.601784
1972-01-01,93.90708,8.364475,28.657927,46.18025,32.953583,71.209816,14.382946,58.696655,17.18496,51.299934
1972-02-01,81.00548,7.3242836,32.597645,52.7692,29.100006,71.57226,13.830345,66.97429,20.336407,53.37381
1972-03-01,86.35271,9.251884,25.430088,40.441326,43.43187,62.126034,17.997604,59.436165,17.21584,69.81206
1972-04-01,82.39348,6.154072,47.22369,65.87396,35.87912,72.68396,11.072216,77.72075,24.619064,69.76492
1972-05-01,85.895996,5.6518555,56.596775,71.1123,34.819427,69.42199,14.197662,78.38225,21.587887,72.74247
1972-06-01,77.553345,6.6676636,60.806293,74.060585,22.548437,75.07802,15.202095,70.003845,35.102226,62.173164
1972-07-01,83.08911,13.334629,67.25547,77.598854,17.758686,73.7209,14.527599,78.63417,48.054214,52.73507
1972-08-01,69.23508,18.436436,83.46943,86.850044,38.52185,78.289604,43.030422,84.84443,68.59959,65.14421
1972-09-01,85.69121,10.2026825,72.050095,82.747795,50.13622,74.76596,22.273762,80.33748,45.25058,84.32433
1972-10-01,82.686035,11.387524,68.41756,80.23671,49.660007,83.73598,27.442204,79.6321,43.52614,77.63299
1972-11-01,87.28562,12.385456,66.3128,77.12427,48.033085,87.63344,30.244215,76.83659,35.30539,76.42377
1972-12-01,90.02913,8.978836,37.249245,61.93425,31.60459,75.23892,20.251892,82.85994,21.015781,69.00591
1973-01-01,85.02137,5.420513,33.446922,54.899464,42.807674,83.18206,15.613876,82.49068,18.164268,69.26575
1973-02-01,86.55029,4.036106,33.202232,50.532753,35.169632,74.86085,12.730106,76.898865,18.111717,67.94046
1973-03-01,97.95234,4.839161,26.554457,42.280518,26.561026,74.35504,10.80212,63.417744,13.661255,44.06727
1973-04-01,78.5296,6.1463814,32.131493,65.651184,20.657185,85.13961,10.339012,65.2981,15.740326,39.10443
1973-05-01,73.51093,6.7786407,33.39437,69.31995,24.78084,81.02088,10.012207,60.913334,16.10326,48.01192
1973-06-01,65.19793,9.062992,48.800194,71.51561,22.463646,81.14076,16.569656,53.263794,30.428493,29.342974
1973-07-01,68.799355,13.942078,59.82453,62.530937,19.381165,65.02878,28.33464,67.603806,49.248528,33.84106
1973-08-01,78.212654,11.859722,57.980297,64.49177,22.35033,75.91188,26.836922,69.22633,43.39888,39.639797
1973-09-01,82.89632,20.601349,74.14484,78.450775,38.191345,80.117645,38.626537,73.58812,54.915886,53.332767
1973-10-01,73.501076,15.482498,68.82891,71.172386,30.216644,79.17993,26.492052,62.514515,45.865517,43.545036
1973-11-01,80.43624,12.501839,28.625317,37.4819,43.93589,53.82051,20.599705,71.12476,21.612965,65.708664
1973-12-01,86.40413,17.246258,30.873539,37.260197,46.993736,58.98042,32.241524,64.68555,27.71716,62.93821
1974-01-01,87.6403,9.776409,19.600906,24.433004,53.637127,68.67051,18.946491,36.747917,16.751884,73.89261
1974-02-01,85.04081,6.0779686,21.111351,38.144333,35.490314,74.846146,12.136272,44.078693,15.773567,50.66912
1974-03-01,89.01523,6.291149,23.388584,40.380253,42.682274,66.62133,15.624836,48.874435,15.307545,56.368816
1974-04-01,83.13871,7.82473,27.977757,48.738926,26.41443,69.99256,15.092709,61.38931,17.43274,48.869476
1974-05-01,77.79927,8.006512,41.11399,72.91925,28.210768,66.45937,9.802849,65.11419,17.63105,55.041805
1974-06-01,66.670906,11.979279,62.817123,69.472,21.711231,63.702896,15.019997,55.600372,44.326576,33.964996
1974-07-01,60.619213,11.344692,54.50968,62.810513,19.55133,61.87516,23.2696,58.37503,39.84317,29.071754
1974-08-01,66.956795,11.442196,62.613857,70.18591,18.070633,76.25413,20.98906,63.845016,51.97134,34.027794
1974-09-01,74.72716,18.422626,71.03202,77.37622,28.34132,76.30866,28.75281,70.759346,52.86042,39.04994
1974-10-01,81.55556,15.985096,58.611347,71.58233,47.36895,71.931015,29.33947,67.8938,36.295113,60.910065
1974-11-01,88.33437,14.221809,29.876553,46.431946,37.585766,61.719822,24.821358,75.00148,25.146914,58.20151
1974-12-01,94.83556,8.584911,20.56931,35.799347,44.36624,59.255848,16.988201,76.57803,15.385212,61.17282
1975-01-01,92.04331,10.4650955,18.533363,28.61499,31.166676,53.03874,14.850704,65.60455,15.305069,54.586212
1975-02-01,82.74859,5.7634087,22.140293,33.04669,27.06587,71.852066,10.934277,56.548542,13.815212,43.5975
1975-03-01,85.260765,5.822674,21.690868,40.60462,21.72873,78.89801,12.0158615,55.588776,13.393772,35.387657
1975-04-01,71.916275,4.550125,31.15186,59.924995,16.600666,76.75789,10.017315,64.13445,15.405487,30.865412
1975-05-01,75.78002,6.407093,24.130608,60.274002,17.878155,81.91724,8.721718,53.451946,12.009277,30.819317
1975-06-01,68.27477,7.850853,57.6861,70.44946,17.718468,74.31321,15.445,60.443565,35.13743,24.65247
1975-07-01,61.76715,10.787762,43.3127,47.484295,19.549099,59.447586,23.08524,58.665615,33.94719,29.447992
1975-08-01,73.48844,12.282555,50.536438,64.08507,22.118893,74.46796,22.135353,66.4392,39.923073,37.03226
1975-09-01,81.02661,14.075321,75.66478,74.4729,24.94221,71.87018,28.74175,65.68028,59.90195,39.54608
1975-10-01,72.716354,14.124706,62.642952,68.93821,31.28356,81.92053,25.307676,53.82729,39.842407,36.70301
1975-11-01,84.46398,14.870457,47.536972,52.8132,32.81951,66.08032,25.315907,47.215958,36.403393,43.085518
1975-12-01,93.21379,10.125969,23.286081,29.933636,38.311394,52.76546,15.891132,58.749577,16.452503,52.78686
1976-01-01,83.3731,11.893246,18.473118,24.828306,38.375103,68.299416,18.258274,33.21059,15.624355,54.0802
1976-02-01,81.64941,7.2174683,19.412868,36.66453,32.95146,64.39282,13.097042,47.241203,12.175335,50.89523
1976-03-01,80.99831,5.84639,22.155025,34.414387,22.29935,74.40532,13.0445595,55.928535,13.67926,42.229214
1976-04-01,81.82326,6.2449226,32.15112,60.911003,28.459372,62.28044,13.33485,72.95551,16.596905,48.45812
1976-05-01,77.52469,7.699646,38.3423,54.639458,28.948107,64.520744,14.035149,66.10011,19.50143,53.34218
1976-06-01,68.72747,9.0461235,59.995853,66.803696,21.208721,71.21378,21.397324,55.69893,40.39236,40.264435
1976-07-01,63.825367,12.7936325,51.31836,58.611656,18.697807,50.324493,27.183414,61.99343,38.465305,38.189777
1976-08-01,62.633053,9.967831,65.23089,61.073364,26.119022,57.657146,24.921787,65.258766,52.533638,43.1132
1976-09-01,77.70509,13.821945,65.75571,83.66174,54.578777,78.41687,32.749737,76.375015,37.778122,80.39641
1976-10-01,81.74945,16.938034,64.11401,82.866325,49.81936,78.75472,29.354837,77.77069,46.281773,69.57046
1976-11-01,81.81833,19.629353,62.759335,74.507,57.79819,70.50037,37.810925,83.21401,40.3858,80.00608
1976-12-01,89.636444,9.413494,41.863483,65.43425,41.04346,63.5974,15.43903,74.91701,22.159946,65.40801
1977-01-01,94.33731,7.5349846,30.760572,58.723225,47.54336,64.39763,15.192917,81.31363,15.935314,70.00706
1977-02-01,94.14724,10.215424,33.445885,42.023285,46.10405,61.50763,24.345392,55.955063,25.399698,73.098495
1977-03-01,88.757126,6.5196686,30.513649,51.710224,30.406431,85.673805,12.345154,61.2006,17.15532,50.30015
1977-04-01,80.82628,4.792816,25.298979,50.485344,21.590229,65.8207,8.334244,59.816517,12.239559,47.731804
1977-05-01,71.589325,5.0738564,27.409214,49.8063,17.605309,64.790764,11.747334,56.302708,13.592777,36.506454
1977-06-01,73.76454,6.9647827,60.88382,80.32105,32.39158,70.16626,15.168549,72.458435,33.614834,43.91259
1977-07-01,69.68215,8.384605,40.00402,59.096863,13.544041,63.46841,15.106815,76.32152,28.252333,31.254423
1977-08-01,72.390205,14.872887,50.92396,56.53501,23.489277,65.12541,22.42685,70.825806,39.20314,41.49532
1977-09-01,81.34125,11.464672,77.67473,79.70212,34.604156,78.28067,19.363026,76.969696,57.78426,57.292034
1977-10-01,87.77754,18.047176,65.69886,79.99453,51.763832,83.178566,31.9887,80.80678,42.325443,71.94834
1977-11-01,88.26489,19.64569,55.85922,80.51437,56.18899,67.2259,33.489746,77.97039,36.20917,81.76037
1977-12-01,92.90936,13.220764,55.48233,82.74807,52.6167,66.72717,24.983824,93.22452,37.460045,86.91818
1978-01-01,95.060036,5.9550095,39.306824,55.821953,44.397907,70.32219,15.0758705,63.121178,23.219385,68.871216
1978-02-01,89.70917,5.736412,33.125927,61.199745,43.34294,69.189606,14.797081,81.99335,18.611431,74.5674
1978-03-01,80.374466,5.289715,30.444159,53.634403,33.477585,68.67796,11.250431,70.9067,17.694279,55.23903
1978-04-01,82.16284,5.2501144,30.775223,50.737206,24.78124,77.623,10.878185,62.327576,16.156181,46.306667
1978-05-01,73.780136,8.172657,30.339613,56.05639,20.721365,60.930458,14.288605,54.146046,17.39331,42.92951
1978-06-01,72.15967,5.942337,63.284332,71.372406,16.046883,62.083633,15.573257,61.419926,40.594643,33.365116
1978-07-01,74.881035,12.368759,64.396324,67.24917,27.122442,57.52637,31.549814,69.26881,49.919846,47.358463
1978-08-01,83.05148,12.316486,58.959923,67.846344,22.287973,69.41296,24.860443,71.63852,47.923965,44.274353
1978-09-01,82.04245,15.044189,70.39981,75.06637,32.78694,68.34215,32.126404,76.61238,50.27467,54.942814
1978-10-01,79.03754,17.643589,57.30619,65.60652,44.133373,72.54142,31.817516,69.46206,33.85775,71.431015
1978-11-01,88.29621,15.842545,42.802784,61.017582,40.09884,66.00253,23.770628,75.4893,26.358938,67.61033
1978-12-01,80.66751,10.559792,31.396164,48.86171,35.093296,70.34595,16.198952,77.26501,20.249321,62.83922
1979-01-01,91.65901,6.109581,35.687435,53.983284,35.949543,57.843727,14.66695,85.99616,20.276402,69.71467
1979-02-01,82.535355,5.763336,31.765509,49.14074,22.996187,87.56235,14.980831,73.927826,18.362362,44.291725
1979-03-01,94.91919,5.6096306,34.990097,54.352177,34.29599,67.701935,12.010265,80.78958,17.898006,60.278748
1979-04-01,71.20966,5.2035255,34.949646,54.47838,20.659859,82.127625,10.66898,52.7504,18.406048,38.63697
1979-05-01,70.936226,9.173988,30.733253,54.37968,24.675627,79.71687,15.427387,60.64926,16.980625,42.201324
1979-06-01,72.7176,7.1385994,69.63054,83.05957,15.168514,81.457794,13.296539,74.78372,39.534935,42.042767
1979-07-01,65.65522,16.131199,78.89657,83.2068,30.696041,70.73884,37.222878,73.992546,61.121704,52.795704
1979-08-01,70.50585,8.486359,66.0047,79.750854,22.510801,72.678764,21.551353,79.674805,41.25482,43.30639
1979-09-01,80.888275,15.438713,86.70483,76.21238,31.145832,77.665306,31.5843,79.1247,73.98769,57.78548
1979-10-01,90.23521,14.7753525,62.611843,69.09823,54.789024,86.83588,25.541233,76.67188,38.81009,76.859566
1979-11-01,88.525024,9.521851,45.990578,73.146355,44.788437,78.1248,20.496445,72.95867,29.73821,74.270836
1979-12-01,95.365746,10.050922,31.663578,44.764168,46.511562,62.285015,19.274887,84.32643,21.061111,77.310974
1980-01-01,97.12761,7.1702156,28.186348,44.89365,25.47296,65.080284,15.303864,75.008194,18.087326,48.988995
1980-02-01,94.04428,5.581295,31.655901,46.63576,40.630455,68.08049,16.280033,79.00575,20.429153,66.84521
1980-03-01,100.41138,4.64098,29.195108,43.658367,30.288612,65.21229,11.687641,66.252014,16.752632,54.65533
1980-04-01,81.89026,6.285309,21.483543,48.597874,36.070656,85.087654,12.520401,60.287445,13.463974,72.848885
1980-05-01,80.860306,4.62957,31.285967,59.575283,19.407352,84.85625,9.124184,74.97886,13.7801285,43.417175
1980-06-01,82.87457,3.9402237,62.406006,86.54131,20.557896,82.17382,12.347656,85.59774,39.092052,49.63923
1980-07-01,76.67534,8.605949,49.904865,66.934845,14.984451,67.84908,14.0913925,79.76192,37.817657,34.639812
1980-08-01,71.95094,11.622456,64.59953,72.58977,28.07879,67.87353,28.153755,75.169525,47.312073,49.7256
1980-09-01,82.372635,13.328712,76.78941,80.61423,25.766298,82.69042,28.192867,84.14408,52.97841,49.35893
1980-10-01,86.43213,18.631634,78.01655,78.05892,61.459175,79.814064,31.391895,83.90126,49.028107,80.622375
1980-11-01,86.963394,18.423038,51.637196,64.923836,63.07254,61.848663,33.25786,83.01798,35.643684,78.0524
1980-12-01,91.83935,11.187336,37.183716,58.97068,42.696865,63.26158,21.21302,81.947296,23.013798,72.615845
1981-01-01,94.64609,6.4579697,28.833563,55.338696,52.044735,64.08646,15.594337,78.13458,17.24382,75.36932
1981-02-01,105.40358,8.812946,32.09083,43.92908,44.524494,65.59418,17.707478,88.41508,21.730278,72.28551
1981-03-01,88.87206,5.2304497,33.510155,57.034878,46.16397,65.30064,13.703018,69.89217,18.111092,69.81045
1981-04-01,84.167114,7.5070343,27.247458,46.93284,34.977844,81.39018,16.623386,76.21991,13.032551,62.04337
1981-05-01,75.57947,6.9883423,40.41163,52.20318,38.2668,81.76044,17.95932,58.94788,21.78365,63.913002
1981-06-01,65.85936,15.125679,69.8288,74.60212,21.942093,79.20199,28.91195,67.60891,45.099895,27.255796
1981-07-01,69.328445,12.318722,56.039185,64.21155,22.58421,61.646423,23.786713,72.81587,45.800385,44.05083
1981-08-01,72.920944,15.114002,67.07521,68.773056,24.695679,68.828094,31.902367,82.18073,55.994152,44.316017
1981-09-01,87.04412,18.309563,70.72608,72.042,36.595634,63.369293,38.40857,81.525276,52.076424,58.36914
1981-10-01,82.29414,13.943188,66.4431,85.72987,43.11518,78.09288,25.102629,77.647575,36.287086,66.39473
1981-11-01,82.77948,11.578205,50.91895,60.393887,50.55203,67.77737,25.604645,82.030624,36.784103,64.54511
1981-12-01,88.016464,12.093563,31.640518,49.226105,40.708504,58.79277,23.176289,76.79198,24.543907,60.495625
1982-01-01,86.57425,7.982235,22.996725,39.7147,34.70558,75.88363,16.276077,58.454662,16.499668,60.8241
1982-02-01,85.63645,7.3613243,25.441767,43.97261,26.862144,72.70186,15.770981,69.383354,16.885727,55.459484
1982-03-01,84.76782,3.8192291,37.726494,62.786568,21.29324,82.36299,11.377949,71.01285,21.727554,43.120064
1982-04-01,79.34369,4.5093117,35.75116,54.96887,24.711472,78.27881,8.461594,70.25681,17.916828,48.365646
1982-05-01,75.86594,6.006901,45.791916,77.22197,30.878769,85.665405,12.873928,72.56352,19.87769,57.32222
1982-06-01,90.90616,5.016014,56.17048,90.14691,27.392975,95.89115,11.755966,91.149055,25.533457,42.643925
1982-07-01,68.83805,9.466957,61.168335,77.05307,35.184937,68.46486,23.020853,83.46648,44.176903,55.017124
1982-08-01,79.35655,6.4846497,40.87127,56.44233,24.698603,66.486305,14.181705,83.369965,26.437479,51.43482
1982-09-01,77.59998,11.767227,75.762985,80.25575,31.66054,83.1512,27.759731,82.46272,58.847157,52.8938
1982-10-01,72.21446,13.625137,61.1989,81.53136,53.04983,86.900795,29.130241,80.72063,38.9458,76.025185
1982-11-01,83.42305,11.440685,53.242863,74.3217,64.68791,76.86808,24.733992,86.34584,30.293245,88.20857
1982-12-01,83.61929,10.41441,47.075565,86.913666,43.118458,68.76083,28.038015,89.654686,27.518444,78.335106
1983-01-01,82.81507,8.60984,39.998886,75.963264,50.9413,71.72068,21.281603,98.94234,21.451178,77.43025
1983-02-01,73.25006,6.3125763,46.405956,84.42284,54.44479,74.54108,20.74408,89.87005,23.378899,73.77478
1983-03-01,64.470535,5.698265,52.56826,82.592705,44.80459,73.07408,21.934307,73.861176,25.172237,69.47301
1983-04-01,77.87819,4.207279,65.60957,80.13546,26.887188,82.22316,13.602718,83.35259,29.171658,46.903484
1983-05-01,76.448,5.5910797,51.098076,80.34023,33.84778,82.242355,11.547016,70.9384,22.593412,63.521873
1983-06-01,75.58412,8.673832,64.859276,76.988716,24.983465,75.843285,18.13646,69.45701,37.77681,39.13341
1983-07-01,64.95526,10.359989,79.04602,79.1452,18.432415,71.35434,26.455252,72.05504,60.275944,42.10578
1983-08-01,63.25631,9.081772,63.712242,69.94014,25.255426,69.84735,25.314617,71.49032,48.91439,46.761105
1983-09-01,69.992935,15.365662,78.33892,82.76228,27.063164,74.22592,33.10869,75.958466,63.07234,51.147667
1983-10-01,76.4416,14.308216,79.58834,83.11423,42.49932,80.735374,26.436054,79.8603,50.10622,58.330627
1983-11-01,87.17444,17.01342,49.49991,54.347202,65.46239,74.078735,36.896935,70.83121,37.200893,78.08616
1983-12-01,87.81755,11.539017,42.006596,51.54601,38.03437,68.04601,23.046146,72.08223,31.918459,62.08528
1984-01-01,93.33456,9.8776245,33.95392,52.790455,43.95247,82.139336,16.923065,60.265972,21.013752,73.70024
1984-02-01,93.5578,6.336849,28.036211,37.663773,39.888042,70.84726,14.928608,45.11631,18.009758,62.708565
1984-03-01,93.410065,9.206242,28.080532,47.443996,43.217064,85.998566,16.238548,68.1371,17.994984,66.01624
1984-04-01,70.68147,6.9983864,29.656399,58.49148,22.139843,84.6558,12.896397,59.87857,17.093784,34.131203
1984-05-01,78.49843,9.301449,40.652996,69.40108,25.675694,74.91168,13.81237,61.21806,24.273829,37.17952
1984-06-01,64.31726,10.5128975,61.889442,81.22993,17.666676,74.94616,19.997646,66.28381,38.783295,27.666866
1984-07-01,72.59221,18.480877,65.318596,67.3344,20.0354,68.67552,32.893494,70.52224,52.10758,34.49891
1984-08-01,81.06906,9.825096,68.7576,70.86861,20.972713,73.68382,26.695082,84.0156,54.940857,42.488224
1984-09-01,87.01139,17.060955,83.86294,81.66165,25.78075,77.70885,30.974546,75.82274,62.79064,40.446163
1984-10-01,80.57332,21.668724,44.006638,60.60905,44.325092,79.60153,37.599754,68.14531,33.548462,62.815266
1984-11-01,82.485695,12.6813545,47.895416,68.46869,42.028595,75.88347,26.594948,65.683014,31.501476,49.796307
1984-12-01,87.15256,7.0164413,25.304707,45.794262,34.403698,54.583004,14.997551,78.12087,14.623283,52.869247
1985-01-01,85.40218,8.46785,21.101845,42.98207,35.860374,53.867226,13.675003,72.604126,13.686489,63.55969
1985-02-01,86.27004,8.658154,20.104382,36.16224,24.889912,62.358795,13.25502,47.718384,12.905579,41.866486
1985-03-01,85.006805,4.945553,17.172691,40.8559,18.892002,78.264084,8.840256,60.541046,10.954945,37.17775
1985-04-01,75.965645,6.246521,15.602669,37.81757,15.356583,63.30048,9.101105,67.77594,9.694992,33.58655
1985-05-01,75.99518,3.790596,28.194012,56.46588,19.709003,68.32881,6.2383194,58.11793,12.598793,46.4896
1985-06-01,77.5734,10.306923,67.56103,78.98593,26.986555,72.75998,23.87112,62.640972,39.984756,37.99147
1985-07-01,75.44723,11.970455,54.925392,58.250816,23.652925,65.37251,29.801765,61.928967,40.618015,44.091095
1985-08-01,71.57713,11.092754,57.433815,65.67602,29.749268,63.76476,23.25755,68.9391,46.45843,54.874535
1985-09-01,72.72389,10.531681,77.041855,79.15655,28.664854,78.18205,31.970594,79.90629,49.85604,57.168045
1985-10-01,80.9825,14.698715,69.359085,84.70002,46.60116,89.113144,26.350016,78.89242,39.66485,72.03321
1985-11-01,87.10345,16.39178,54.762974,66.22889,49.714954,59.231876,35.474842,72.8699,38.429504,78.981
1985-12-01,91.58548,11.821163,38.05873,55.23546,50.87319,44.62592,20.288124,77.50942,27.439352,72.52538
1986-01-01,98.42469,8.885918,30.481249,41.95797,47.1772,59.9169,21.781445,74.18858,22.708178,65.47073
1986-02-01,90.55977,7.9690285,33.325417,51.45001,36.041645,65.58884,18.386158,77.6298,22.87056,65.82503
1986-03-01,88.14862,6.7076874,46.093002,64.08802,38.45115,69.61069,20.110046,71.48712,24.945457,60.689453
1986-04-01,81.728745,6.2730255,26.00997,52.302933,31.416183,70.11588,10.9919815,63.67796,12.59449,55.181545
1986-05-01,73.87202,8.833431,37.716324,54.52873,41.831673,72.10056,20.29047,60.012035,18.868385,55.71954
1986-06-01,78.976425,6.7634544,71.03113,81.0464,47.206722,81.52535,15.136852,75.58115,45.676384,70.10604
1986-07-01,72.46634,11.982681,53.667606,68.4494,26.556168,52.604736,22.175102,72.303955,40.26689,45.892895
1986-08-01,77.26894,12.346813,67.52595,70.67684,34.688454,74.393616,23.84814,87.42528,60.25315,54.52381
1986-09-01,82.28806,11.569344,78.66643,89.99716,37.158646,76.993385,26.813684,86.40997,49.0077,67.847435
1986-10-01,84.15629,13.150528,80.22301,92.1672,53.83655,83.38866,27.725655,83.86433,49.937714,80.780685
1986-11-01,96.58107,15.2549515,61.396393,79.32744,50.05581,67.40621,26.22156,97.73415,37.504734,81.13826
1986-12-01,97.47336,9.545292,42.979836,70.1126,62.109894,59.06726,23.35771,88.00428,26.818605,83.488716
1987-01-01,92.46983,8.352898,38.470623,54.192947,48.58162,72.6109,20.884815,87.36453,24.96841,74.10971
1987-02-01,98.36871,7.101475,37.881054,55.886147,43.085953,69.35141,18.446224,83.59741,21.681614,66.19473
1987-03-01,81.82228,5.5400047,36.085045,64.65254,34.35329,68.771484,11.9899025,71.41248,20.152275,59.765724
1987-04-01,83.91388,5.5030556,31.781364,59.22435,31.930765,78.95155,10.839684,77.97965,15.1224785,66.030876
1987-05-01,85.18619,5.2653008,38.655365,76.44871,26.404577,80.70419,11.021214,81.17648,16.77391,67.31282
1987-06-01,79.43349,4.784973,54.311825,87.579796,35.640057,91.518814,11.758572,88.09708,28.348381,62.562553
1987-07-01,66.827675,8.732021,77.03827,84.10986,19.998055,81.56847,28.062433,80.709015,48.65873,48.040245
1987-08-01,73.605286,12.804371,60.81313,69.44298,27.60299,71.77233,26.364416,82.10823,40.80319,50.67643
1987-09-01,76.79088,8.111931,69.06867,84.99663,30.632753,80.97086,17.90485,79.01581,36.52521,47.15188
1987-10-01,80.402176,8.540852,57.955254,78.723434,39.755783,87.66494,20.69204,78.11138,37.869812,60.130386
1987-11-01,83.76448,11.183464,59.56813,78.86802,39.718834,73.55549,24.986082,84.57574,33.018333,63.25654
1987-12-01,89.120384,11.72805,39.233685,65.18749,34.995872,60.22356,27.035912,84.704254,26.152365,56.54961
1988-01-01,89.159134,7.7723427,34.6521,54.530582,30.105099,58.70301,17.58944,79.643326,20.97689,49.460804
1988-02-01,87.19018,7.7283707,31.49428,51.31413,39.53622,64.50402,12.807922,58.817013,19.617023,61.916206
1988-03-01,80.38759,5.150326,20.879177,49.962406,20.85149,70.282234,8.467747,65.85086,10.299904,40.5606
1988-04-01,85.75051,5.783844,25.247036,54.327007,28.030283,70.30503,11.110939,69.2546,12.790005,47.776848
1988-05-01,72.23979,6.438534,33.50721,61.73706,28.756632,71.822876,12.159744,69.82949,17.802784,51.32716
1988-06-01,60.274593,7.3326263,51.871105,66.98435,24.076084,67.48921,18.674076,62.867294,29.99924,37.246433
1988-07-01,66.28895,21.310753,63.228844,65.150566,27.91954,59.3121,39.93685,64.05779,52.91014,42.44487
1988-08-01,70.16009,12.851894,75.65493,80.06839,34.23844,75.02304,33.855724,78.4056,60.294136,52.976913
1988-09-01,67.515274,23.989769,81.35008,81.087875,35.306793,79.99022,46.78993,68.360504,68.68459,51.07636
1988-10-01,77.00991,19.778255,55.203186,59.85279,41.611034,82.97052,28.595402,66.93549,39.257732,49.37123
1988-11-01,74.70546,15.781712,45.86489,53.468746,38.899445,66.56092,28.785946,70.58026,35.253048,51.26853
1988-12-01,88.48001,10.8243065,26.81699,39.827736,37.827835,62.649067,18.823906,61.603516,19.61214,51.55842
1989-01-01,79.36226,6.6654434,24.931198,40.85494,33.578255,70.531296,12.548962,48.99421,12.553844,49.628944
1989-02-01,85.58593,6.320408,20.54501,34.976303,30.233686,80.11256,11.731941,43.40365,14.171608,49.456425
1989-03-01,84.17649,6.5791855,24.228106,40.814247,31.931198,73.081635,13.273212,53.928875,16.75124,55.147892
1989-04-01,74.741714,7.3538895,24.44131,44.209274,19.94445,67.76124,11.816574,54.43992,15.742172,34.61174
1989-05-01,75.17789,4.9207344,46.24694,66.50479,20.595463,71.77635,8.742172,69.185326,25.588718,43.996067
1989-06-01,76.82332,9.702412,67.77263,84.46782,24.976768,71.24415,18.96468,67.505714,38.53734,35.056053
1989-07-01,68.4448,9.287392,53.989094,61.16161,17.667538,60.99886,21.402718,70.36691,42.609413,32.07605
1989-08-01,68.29344,9.149052,66.6887,71.638016,16.370396,71.65429,22.994438,68.1372,51.11325,36.76984
1989-09-01,72.990486,9.936775,79.61453,77.777054,29.384115,75.09976,22.77635,75.41388,59.882374,47.79635
1989-10-01,85.80891,10.273674,54.770306,68.14371,32.34459,82.21369,18.50246,72.67638,30.258099,51.06768
1989-11-01,89.27066,17.92794,36.304367,53.16719,43.86912,66.04908,20.392021,69.947014,27.631268,67.66847
1989-12-01,88.94353,10.425037,27.462004,39.508972,41.258564,65.157196,18.98909,79.603134,18.979324,69.886795
1990-01-01,98.73952,7.2093773,23.624208,35.398712,32.290413,65.113525,17.012726,62.033077,16.919327,49.590054
1990-02-01,85.84425,4.335388,27.423967,51.13683,27.676302,62.84579,10.429096,86.15066,14.045338,53.620846
1990-03-01,90.620575,5.205448,23.874903,39.542564,28.805252,59.755516,10.048954,62.894947,14.640129,46.26219
1990-04-01,84.80051,5.2103653,18.151505,47.19288,21.889,77.76137,9.822838,65.20528,10.022739,40.90091
1990-05-01,76.91588,4.749939,41.644802,73.17347,20.878025,81.783966,11.410576,73.41106,19.617992,38.361183
1990-06-01,74.73171,6.603119,70.19298,87.11739,14.679451,81.63322,16.172157,77.80888,43.14242,28.336632
1990-07-01,71.01716,15.760883,67.62703,70.17004,22.755785,58.685555,32.25928,73.0555,56.09503,49.708027
1990-08-01,77.586044,10.9059105,67.55985,67.89084,26.575207,65.88855,29.504906,78.593735,48.44144,51.307236
1990-09-01,81.93799,11.772694,76.722534,81.96748,30.107885,74.305695,29.922731,76.70451,60.21103,52.246117
1990-10-01,84.441666,17.514114,87.31074,90.96794,52.90153,88.247986,29.939117,80.92374,59.916092,79.52279
1990-11-01,85.83442,14.590973,51.71687,68.00226,51.43668,72.414825,26.019745,78.051384,31.854563,77.278
1990-12-01,90.30598,8.841354,44.191086,63.00145,42.085567,58.737988,17.571465,78.21851,24.713833,64.40404
1991-01-01,96.380806,8.979485,34.371395,54.73075,42.476566,66.89427,19.123722,74.72911,21.024323,67.20252
1991-02-01,101.1694,7.8223076,25.22279,46.320625,44.512337,79.875404,18.957233,80.84301,17.57093,67.612976
1991-03-01,86.5168,4.626068,46.289307,65.189835,23.109545,80.31058,13.270264,72.01585,26.2415,47.5833
1991-04-01,81.60292,7.0492096,37.071472,59.64627,33.713684,77.066536,14.323589,75.28626,19.699013,59.712208
1991-05-01,83.02714,6.8283234,50.726795,74.91867,40.567722,74.493385,13.512577,74.92526,25.483238,71.534515
1991-06-01,77.50171,5.7947807,51.19329,76.13025,26.950312,72.76092,16.1632,72.44772,28.046495,52.35541
1991-07-01,72.108154,12.917503,54.930206,68.00365,16.5209,66.72449,22.769976,74.71757,43.35846,35.172516
1991-08-01,76.46322,7.4876823,44.92114,59.63803,25.458511,65.11236,18.348972,81.070496,31.976274,46.23656
1991-09-01,84.13486,11.229546,69.44764,91.65814,36.50442,78.21217,20.785305,90.79933,32.92575,54.70932
1991-10-01,77.35171,15.485706,78.87318,84.11508,43.9354,79.310005,27.345926,71.30704,56.028038,65.822815
1991-11-01,90.736694,19.921543,50.911415,68.0976,57.529728,76.96433,31.232847,88.583885,34.34832,79.6743
1991-12-01,90.33284,7.693733,27.782751,62.35129,44.665638,60.332005,16.898384,93.220825,14.959869,73.0906
1992-01-01,82.73555,7.365986,28.06529,53.656452,46.88461,67.50133,18.624866,93.95719,16.989388,69.55458
1992-02-01,91.72096,5.132992,40.44148,75.35972,37.64659,76.65514,14.29652,88.75929,21.30478,72.895164
1992-03-01,81.36564,3.5606651,33.97406,64.27086,46.58342,81.9162,11.323513,88.57631,14.341858,72.97127
1992-04-01,84.411514,6.19524,23.515102,51.454227,30.515266,70.82086,13.716816,82.912056,14.78878,62.897705
1992-05-01,82.6724,5.919964,22.00593,57.181633,34.49061,75.09739,12.385765,78.72297,10.40538,66.86172
1992-06-01,81.07255,6.4543266,64.463554,85.96117,38.61978,87.959366,15.930378,82.04736,34.85495,66.317635
1992-07-01,69.74242,10.183537,55.08952,62.562515,21.243248,56.349323,26.599838,72.5875,44.71315,42.952988
1992-08-01,77.06644,10.664467,52.3756,64.12027,22.731369,66.270676,21.034359,80.89281,42.826683,47.145313
1992-09-01,83.067505,15.075394,73.63356,79.01444,32.021202,69.60154,30.719297,79.80951,64.32754,53.753613
1992-10-01,89.211075,20.227955,56.051376,63.95672,46.56561,68.59111,40.38966,79.940674,42.314987,62.920376
1992-11-01,89.72438,20.632778,45.814262,69.25987,40.50301,77.55708,38.87239,82.34531,36.291252,66.50709
1992-12-01,94.47212,8.742374,31.618,53.604637,40.70056,63.5438,17.46222,73.19797,19.4086,64.72102
1993-01-01,91.05025,5.479145,28.518742,44.576447,28.677855,45.779346,14.009205,79.58454,16.416588,51.092136
1993-02-01,93.39716,4.785412,34.935776,63.607983,45.515217,82.75726,11.412476,82.116035,20.361004,82.731804
1993-03-01,89.63095,7.3216743,38.67494,51.410362,43.17148,70.4594,17.547882,71.15631,23.79626,66.912766
1993-04-01,88.94199,6.5388374,37.48477,67.03051,42.437965,89.368416,15.264606,75.79288,20.860622,69.20241
1993-05-01,79.58454,6.6534004,36.926285,72.36398,33.992237,84.316574,13.064072,75.64331,19.907532,64.81565
1993-06-01,77.16284,11.72752,69.46653,78.1207,31.895124,80.491486,27.201283,76.905075,45.206535,41.798332
1993-07-01,75.19461,17.50174,53.71273,61.576107,17.422184,63.286575,31.287312,73.59552,47.52641,32.079697
1993-08-01,73.89943,13.280468,66.67569,73.687805,32.33587,69.21672,33.3892,78.03001,57.227543,52.85829
1993-09-01,69.65111,12.57082,83.03094,84.95621,32.404285,79.25836,31.562576,74.313126,68.0902,54.93472
1993-10-01,78.841484,13.229549,74.809555,86.99763,43.882713,83.78673,26.625294,86.216385,40.336082,68.21272
1993-11-01,85.427185,12.287601,61.67635,74.33858,44.585995,78.60918,25.430353,79.134254,41.230297,70.10935
1993-12-01,86.71918,8.056778,41.688545,58.25223,46.259865,62.84424,19.568623,87.497246,25.17259,66.99869
1994-01-01,93.881805,9.016296,37.699776,54.072834,33.045483,60.477932,18.021801,78.24873,24.731594,57.25523
1994-02-01,90.97186,6.2466087,33.384033,50.272984,32.015312,74.539154,15.192467,66.99427,21.291252,53.153908
1994-03-01,82.20335,5.8145523,32.597305,54.16473,31.7348,79.21119,12.867737,67.96156,16.823967,51.41439
1994-04-01,80.02694,5.9403,32.045944,55.709175,29.371378,74.85191,12.314766,70.78928,17.53815,54.846672
1994-05-01,81.739044,7.841034,38.117325,73.29619,36.80664,73.62345,17.117378,83.17226,20.074074,56.539433
1994-06-01,71.4406,12.164837,62.028824,82.05987,22.460066,72.83672,24.994375,81.82933,43.967842,42.14933
1994-07-01,84.076675,12.216423,51.05488,66.903984,20.435196,66.0044,24.417223,89.33069,39.521515,46.237755
1994-08-01,75.92883,9.24361,53.879375,69.122314,26.899942,72.591675,19.978958,80.95232,44.96899,56.573288
1994-09-01,86.889885,8.105427,79.97696,84.932724,39.9971,86.623886,19.693604,84.602234,57.87591,63.650654
1994-10-01,77.987564,16.590206,72.55137,86.95921,57.537357,86.889885,27.161112,78.05205,43.89368,75.22594
1994-11-01,91.73764,11.163689,47.614536,73.668594,49.457233,80.81045,23.98839,78.55504,31.812183,72.14994
1994-12-01,96.06145,6.235325,29.826006,52.48325,41.09659,60.510174,13.265938,80.41708,17.918621,63.321777
1995-01-01,97.55641,5.159092,28.071259,48.434765,42.397198,67.04819,14.378056,82.328865,16.59827,69.733696
1995-02-01,92.22403,6.001133,32.093086,57.578056,37.473763,74.86804,11.682888,84.25284,16.56607,70.21348
1995-03-01,89.134415,5.376446,31.024033,53.667324,37.932617,77.59541,13.527966,71.79774,20.280384,65.02439
1995-04-01,85.4362,6.0124016,37.716877,67.846756,25.51938,83.362495,14.975372,76.89345,19.288612,46.9616
1995-05-01,75.3913,6.744961,44.37752,69.77556,35.739777,79.47913,15.315086,68.14461,21.970901,53.483784
1995-06-01,72.64944,8.010437,61.96536,81.93119,29.112942,82.84246,21.080563,71.51437,31.84192,41.403816
1995-07-01,61.29237,9.044067,67.92725,67.981995,25.091116,65.70865,22.68575,66.029045,52.459812,50.181637
1995-08-01,68.582535,19.510796,85.49255,79.35999,28.623495,70.34711,42.078415,71.97806,76.50382,52.37609
1995-09-01,77.56643,17.648003,86.07216,85.57949,50.41509,82.11151,35.749435,77.650154,62.18754,61.31008
1995-10-01,81.56732,18.781456,71.0845,76.89667,36.227608,81.40633,28.344963,71.441925,48.92099,51.862495
1995-11-01,82.74586,17.821884,34.68843,43.656235,43.641743,64.94711,27.507753,74.80686,28.861778,59.861065
1995-12-01,93.08057,10.607395,29.275553,52.834946,50.455338,60.068756,21.674658,83.67645,20.674835,78.992905
1996-01-01,92.33795,11.318165,37.305824,53.763546,44.546387,73.602135,25.547775,63.8884,28.328884,70.97257
1996-02-01,95.52051,7.7841377,30.726282,45.900665,45.652378,68.43652,17.239914,76.37518,22.844051,63.999645
1996-03-01,93.227905,5.5963326,34.439266,57.10088,28.883495,79.747986,11.152103,72.83632,20.719124,58.27459
1996-04-01,76.63314,8.701504,32.03542,53.768383,36.793133,78.15993,18.170174,70.732346,20.527267,50.79703
1996-05-01,78.39693,8.419361,42.377926,69.77629,46.56007,72.88791,21.472038,77.61177,26.573158,53.091244
1996-06-01,77.75526,9.515682,78.482376,85.42951,24.577208,80.542816,22.26687,75.646454,46.189255,51.58703
1996-07-01,83.2014,17.77034,69.057236,73.17166,19.074638,68.57034,29.575144,73.96327,57.77641,40.024055
1996-08-01,73.80044,18.27658,71.55137,68.907295,23.895231,70.14227,32.523926,73.30548,62.854958,42.387596
1996-09-01,78.18734,14.223415,76.88788,93.43266,34.116817,84.90553,26.02661,80.376755,49.653954,47.290413
1996-10-01,86.36138,16.10651,61.939205,75.86249,41.970028,85.47304,29.397799,79.55452,40.311035,60.015804
1996-11-01,86.39524,14.523293,40.736668,62.15041,41.570194,70.57435,21.799322,71.15637,28.985065,65.97302
1996-12-01,89.21182,11.29237,29.421982,46.1296,38.381187,58.963013,21.112507,82.71611,23.435743,65.51837
1997-01-01,102.79956,8.474274,27.597607,49.950222,37.968246,67.653534,19.16652,84.15947,18.963657,70.36329
1997-02-01,102.53238,7.0773354,27.971992,43.6368,41.606544,75.416664,16.377594,43.89079,18.350128,62.082283
1997-03-01,94.41301,5.416519,16.20277,35.652664,26.385391,76.96533,8.662289,64.00534,10.38578,49.300407
1997-04-01,93.037506,5.9541817,23.354025,46.966682,32.695515,81.44476,12.815163,76.31057,13.087292,62.845898
1997-05-01,86.75048,5.104805,29.439846,71.31492,29.990704,89.5229,12.127415,82.32877,16.672813,65.992714
1997-06-01,77.46176,11.782715,67.572716,85.80709,58.947014,84.82413,28.02312,78.60471,41.79786,83.667984
1997-07-01,82.74769,9.543003,90.99736,98.897385,27.02036,77.09233,35.288174,87.86209,52.77213,59.61662
1997-08-01,67.72775,9.117489,70.88611,83.81972,28.471724,73.55134,32.82251,81.0275,61.519882,55.38458
1997-09-01,69.80583,13.471573,93.60651,90.98581,40.219505,86.92035,30.665258,76.40128,80.85927,61.29393
1997-10-01,75.213806,21.381493,82.97694,93.77803,58.02012,88.690025,32.09683,93.009476,50.33615,92.254105
1997-11-01,83.93187,12.175243,86.823044,97.993576,53.33618,87.55038,34.301907,79.68169,58.097637,78.970856
1997-12-01,89.648254,8.741455,64.40941,93.27171,55.821636,90.07376,23.439787,93.71207,35.36734,92.78682
1998-01-01,76.685425,8.158516,52.381092,91.4048,51.505527,85.745026,24.746319,91.905365,26.576742,82.60952
1998-02-01,75.40181,4.585224,43.65354,82.06931,39.47231,79.01971,15.095291,86.55946,18.701622,63.97323
1998-03-01,77.38753,4.474537,61.225937,96.84651,42.769714,85.69878,13.560577,86.727974,25.24192,83.33144
1998-04-01,79.72015,3.8781624,71.26189,89.121735,29.380198,84.74887,12.754398,84.43003,28.529413,55.528168
1998-05-01,77.43543,3.1512794,38.60005,67.76128,18.69997,85.28908,7.7752495,77.63037,15.830437,39.820885
1998-06-01,77.48169,7.9008026,70.74811,87.27974,20.662556,82.06601,22.03207,72.72887,42.019703,39.22451
1998-07-01,75.504234,14.059483,64.82566,65.8846,25.380688,66.31412,29.667646,66.97988,47.715824,45.138695
1998-08-01,73.7465,16.415245,63.28269,75.43485,24.799183,76.60943,32.633,77.214066,48.19656,54.93675
1998-09-01,76.39632,18.125072,86.34801,80.4553,33.89183,77.93103,40.43543,79.32533,65.33118,50.299564
1998-10-01,85.51209,14.062786,75.5125,87.13602,32.431458,88.3519,28.109804,77.594025,50.43833,52.182854
1998-11-01,80.95421,14.227989,43.494946,54.877277,31.370867,69.14401,23.13561,62.901073,30.449047,41.837982
1998-12-01,88.22304,10.258217,27.006264,42.092392,29.940228,68.907776,12.670147,62.053596,19.188965,47.79512
1999-01-01,77.93905,7.8404465,22.182407,33.878334,28.059023,73.99947,12.583984,34.12558,16.810104,38.70538
1999-02-01,87.39174,4.850559,14.168983,24.460026,32.509468,55.482147,9.784035,32.188538,10.402973,47.42779
1999-03-01,64.024445,5.5824738,19.403744,46.96768,13.012981,85.39903,9.733276,45.400696,11.585171,20.325596
1999-04-01,67.65947,5.173126,21.180317,51.111935,14.51775,70.35135,7.50478,57.79743,10.208122,23.2811
1999-05-01,71.94945,5.5186157,37.316864,74.89021,18.223179,74.96717,7.792961,59.516693,17.810555,30.54623
1999-06-01,70.1041,8.420086,63.289257,79.74019,23.43174,67.47117,21.28511,70.480705,35.11948,35.63362
1999-07-01,65.84851,11.4214325,44.58036,55.306946,19.07135,52.62653,23.770681,60.38779,38.16504,34.880417
1999-08-01,60.824974,9.409073,61.969513,59.80488,28.556791,61.980976,32.05755,61.04766,52.703484,47.73726
1999-09-01,58.87811,18.193707,82.58434,74.20906,37.688553,64.54023,37.50025,63.17955,65.319626,54.34743
1999-10-01,81.44963,22.046501,68.55349,77.81297,32.29988,80.8487,36.002037,69.15114,59.068047,47.748722
1999-11-01,77.67379,12.616734,28.917019,38.240356,44.827606,70.305504,22.333046,52.570858,22.981455,61.75338
1999-12-01,83.56514,13.163624,26.732733,39.62396,37.876854,47.290253,19.375908,57.01148,20.667812,54.422752
2000-01-01,89.78508,6.7790604,24.40186,41.711792,36.630577,73.04902,12.593094,53.446938,17.338017,57.73678
2000-02-01,82.01686,5.3853645,21.669682,31.756823,46.122093,66.237816,14.947151,47.18786,16.377655,56.667664
2000-03-01,85.60901,7.2759705,18.366974,35.870987,36.873177,75.20063,12.007507,38.507797,11.671215,48.83754
2000-04-01,73.484024,5.8086586,22.323864,46.530327,23.53519,76.3534,11.467094,49.192238,13.866325,33.00663
2000-05-01,74.96472,10.677391,43.600723,70.30848,28.325287,78.63217,19.143295,60.733307,24.090662,36.075104
2000-06-01,62.18556,13.404549,71.9615,77.32046,23.45823,79.59922,32.82761,71.2337,49.58709,31.53932
2000-07-01,73.47399,8.301582,54.16972,66.14245,18.514206,61.22687,17.992199,75.22908,38.899303,34.42375
2000-08-01,79.00527,11.234535,61.461105,79.18262,19.802498,67.70011,27.898645,80.82895,43.607414,45.451176
2000-09-01,62.605507,14.709572,83.822136,83.932556,41.897507,71.365875,23.709194,70.29509,59.89006,59.31284
2000-10-01,86.054054,15.209827,67.74863,75.69754,44.99944,69.77476,32.340736,82.99228,43.98052,71.18184
2000-11-01,85.99717,13.003006,43.55555,59.607307,35.64679,71.17849,23.08178,69.55725,26.904823,55.936516
2000-12-01,95.91533,9.031055,27.093884,51.633293,42.377686,48.178337,15.3068695,78.81956,18.534286,64.67514
2001-01-01,91.51269,7.2230797,19.717438,30.288168,38.9788,72.23793,14.9125595,47.172207,14.201035,55.856144
2001-02-01,82.38007,4.4473,15.893623,31.490225,26.645166,51.70252,8.852051,58.419304,10.19976,40.952652
2001-03-01,79.759995,6.1499367,20.792255,38.757812,20.755424,77.77107,8.545677,48.231956,12.255646,36.865997
2001-04-01,86.403114,4.494179,31.553843,61.841312,19.797798,86.223976,7.710266,74.25196,13.608379,37.746613
2001-05-01,83.39797,7.4256554,27.915863,55.819313,25.556953,84.891335,9.739365,79.256065,14.524151,45.903183
2001-06-01,78.94634,9.494934,56.94603,75.043846,13.184811,65.301834,18.488594,75.73193,35.190147,29.464474
2001-07-01,68.36891,8.220886,52.43246,71.270256,15.550419,58.45781,19.32233,73.00805,36.43741,37.190784
2001-08-01,85.77027,12.577087,58.097862,74.51146,21.935715,74.131424,26.800865,72.93941,38.49664,45.3122
2001-09-01,77.75433,13.429241,83.309235,86.42822,31.00304,74.24526,29.734016,75.51261,58.504684,51.741024
2001-10-01,91.522736,17.162647,77.99039,87.082825,45.876396,83.82488,24.358246,89.28938,53.805283,63.860367
2001-11-01,91.79897,11.517334,35.024406,54.59047,40.87899,76.86367,24.87389,74.67385,24.090378,59.80552
2001-12-01,99.39302,6.854763,24.262817,46.042137,39.075905,44.063267,16.240177,87.11128,15.367935,59.65819
2002-01-01,85.33149,5.759678,22.000637,38.1125,24.45514,79.03429,10.730717,56.57827,13.255634,42.595654
2002-02-01,92.62123,6.497368,19.658463,26.8912,25.947289,55.06097,11.102913,47.54825,13.958118,40.40605
2002-03-01,79.04937,5.154434,20.43304,47.31185,21.449043,84.86372,9.013905,54.482555,11.185066,41.20913
2002-04-01,85.9317,5.2784996,26.855991,58.15928,26.336252,68.798805,10.732391,68.548996,12.370403,55.632683
2002-05-01,75.21841,5.6222,39.40011,76.29812,34.12896,78.66041,11.109619,75.84879,14.565037,64.52858
2002-06-01,83.514084,9.600704,64.201645,81.684944,32.430595,78.15073,18.431213,77.71147,39.361546,49.28518
2002-07-01,78.1239,11.062675,75.87562,83.14524,20.827034,68.5557,22.258827,79.47187,55.14815,47.764526
2002-08-01,79.9564,13.736809,71.52324,78.16414,25.001701,73.9375,25.56,86.96112,57.18519,49.050457
2002-09-01,77.54381,13.788784,93.71268,98.04326,38.151062,92.63464,32.811176,89.47095,72.07148,62.131077
2002-10-01,82.91722,12.58165,61.063103,82.01523,68.45343,76.69044,27.535002,75.47492,36.06205,89.32677
2002-11-01,89.60843,12.673862,54.39705,73.481476,57.74684,64.84712,30.1186,83.490616,38.422665,78.96387
2002-12-01,85.802605,6.0463715,36.618675,60.42265,38.714386,70.82578,16.571896,85.730515,19.646729,65.64853
2003-01-01,91.359764,8.8522415,27.407162,41.618317,50.04525,64.28198,19.160885,89.554794,19.339943,73.97352
2003-02-01,96.44853,4.3070374,32.408005,60.037346,37.423237,85.69064,10.679596,79.25574,15.04734,67.317986
2003-03-01,89.34535,5.729912,34.681404,61.54815,35.161026,87.260605,15.838715,81.08629,19.471039,65.46665
2003-04-01,81.78334,3.5876083,35.575096,58.673622,23.47747,82.77935,8.965752,70.114174,15.57972,52.867016
2003-05-01,74.08703,6.1807556,40.26419,72.155754,28.34242,82.382866,15.314327,70.08699,22.180895,52.986923
2003-06-01,81.04952,10.663609,67.8072,78.03271,27.264874,75.92877,21.331968,72.13338,42.558372,49.54165
2003-07-01,75.5099,11.036114,56.89423,70.19251,20.96106,62.326733,19.643703,77.7785,38.914856,44.11714
2003-08-01,70.64815,7.557266,63.076538,73.23331,25.709305,70.4659,20.913097,78.021515,47.816612,53.007706
2003-09-01,78.25813,17.518986,91.96888,90.73146,43.615135,79.121445,35.191402,75.919174,76.09984,61.768776
2003-10-01,81.943214,20.54699,72.15256,86.06475,52.468933,88.390915,31.467949,79.07988,48.843002,66.987045
2003-11-01,87.861725,8.863434,53.789486,75.80087,55.132423,72.285255,20.44627,76.30128,34.6894,75.06865
2003-12-01,89.97046,8.064064,28.994705,43.818176,40.30096,65.18527,16.519775,67.84396,19.389503,60.026154
2004-01-01,91.19173,7.443928,20.2789,40.61396,27.252834,57.09215,15.034897,78.13513,14.591652,48.101295
2004-02-01,95.59866,6.233776,21.72981,34.39737,36.332977,63.992744,16.082424,64.02782,14.908939,57.58004
2004-03-01,84.27678,6.3103065,15.747597,31.12246,19.201084,65.668465,11.555904,60.288937,11.8428955,36.88305
2004-04-01,78.26268,4.81316,21.814314,47.95461,19.845222,64.437584,8.290558,68.77915,10.8432045,40.735138
2004-05-01,71.44819,6.5829506,39.16624,76.33345,23.037224,79.18106,9.497524,66.86905,19.081501,41.875137
2004-06-01,86.816666,6.091873,58.739174,93.08588,13.214085,85.735664,15.269276,88.54182,33.140976,28.450233
2004-07-01,72.13219,9.183426,60.418083,69.15384,17.997307,66.42102,21.748943,70.47241,41.259697,40.8882
2004-08-01,73.78558,12.080463,68.49216,75.625534,24.558289,77.27255,30.229591,84.59088,48.488735,50.500874
2004-09-01,74.47278,16.084019,85.287636,83.89253,37.697792,76.744804,40.04157,72.409615,64.57948,60.201244
2004-10-01,82.29175,12.821861,67.41434,81.032166,47.895615,84.053566,29.602991,77.44953,43.78364,69.46634
2004-11-01,87.95348,12.182507,51.387367,67.94368,52.65173,81.500916,24.661924,87.76215,26.387072,79.44892
2004-12-01,88.62951,9.01123,39.544113,67.88788,37.503273,66.89456,15.930954,76.2617,22.251183,60.032238
2005-01-01,93.8811,6.7194176,29.290806,49.33669,31.749464,56.334408,15.16983,82.51552,16.544266,62.737022
2005-02-01,98.951675,3.8710938,25.232718,61.031616,34.874958,64.00711,9.779697,89.4203,11.613907,64.59243
2005-03-01,81.38565,5.5145454,31.566858,61.43107,27.262577,67.86955,13.454639,76.21725,14.811142,56.94581
2005-04-01,86.36329,5.1444435,44.703064,60.80499,35.80918,75.473785,11.832382,75.44769,19.945301,67.33641
2005-05-01,84.32039,8.207981,40.93682,60.33543,34.252144,78.90906,17.520882,75.09553,22.906124,65.44676
2005-06-01,76.66235,7.107456,68.57226,87.387184,20.279533,78.230804,17.204582,73.295555,39.187393,45.929134
2005-07-01,77.953636,18.504017,82.11444,80.470985,21.515385,72.51133,37.4347,79.96067,64.387,40.40857
2005-08-01,70.652664,12.230202,74.54119,80.60631,29.087006,75.76889,29.773407,75.50802,50.701344,55.07247
2005-09-01,81.1525,10.174255,91.11756,87.17197,31.875006,80.61772,33.652153,83.03562,64.536995,58.74578
2005-10-01,77.3406,16.873608,68.494,80.33077,33.267372,91.032776,35.36082,80.1286,49.175278,49.21441
2005-11-01,88.13391,11.834015,44.16992,67.10652,41.598766,66.87011,21.482777,81.07098,28.407124,65.66035
2005-12-01,95.98596,7.306366,27.945719,43.144394,41.57431,50.031242,16.410572,68.40596,18.544777,62.751698
2006-01-01,105.24851,6.129177,17.411873,29.356056,32.996685,75.3141,11.102535,50.533455,12.623798,46.756306
2006-02-01,88.09043,5.940647,21.006992,39.89112,23.846357,79.54471,9.831566,52.890114,13.252781,45.118023
2006-03-01,83.10082,4.5981636,16.678871,34.014107,17.252594,80.88556,10.668587,55.874126,10.650707,28.200483
2006-04-01,85.878426,3.7562675,21.857014,50.853638,18.364288,86.26524,7.842224,70.171715,10.351658,34.345665
2006-05-01,78.84909,4.578663,32.62612,71.46544,19.703518,88.92258,7.604931,71.210266,15.427406,40.451843
2006-06-01,74.33406,8.910034,60.930374,70.37488,27.587751,72.15618,19.464603,78.96611,35.75641,42.090126
2006-07-01,70.98111,9.693417,64.7254,78.39563,21.093132,75.20358,20.6153,71.26878,48.064655,44.86773
2006-08-01,74.748505,9.597527,57.553043,69.7784,17.08519,75.08494,25.19534,71.767746,41.89184,41.084076
2006-09-01,75.26534,12.1118355,80.69378,77.10191,30.882195,73.560425,24.254303,71.28341,57.35476,55.71485
2006-10-01,75.21496,11.686012,67.424995,86.93811,43.658524,87.68086,23.007713,83.44538,37.921284,71.197266
2006-11-01,77.47572,20.413765,57.05408,74.90128,53.980675,85.59725,36.991623,75.49613,39.28652,76.61433
2006-12-01,82.668495,9.347233,36.216362,57.62618,59.217327,63.00748,22.811054,82.48159,23.184868,78.798706
2007-01-01,95.7418,6.9375267,21.996008,53.412064,43.470684,66.21695,13.664341,89.50032,13.035015,69.54476
2007-02-01,87.49749,5.371498,29.960438,52.45109,31.896944,86.1709,10.944817,73.929,16.115307,54.735424
2007-03-01,94.17415,7.4681664,33.784916,55.550797,41.831852,81.524574,15.364647,62.110973,18.585686,63.573463
2007-04-01,79.40364,6.9181137,30.11251,45.28262,29.632025,78.69342,13.630367,67.50634,16.330475,54.87132
2007-05-01,81.86593,7.0426865,49.34006,80.15753,39.7821,76.218185,12.768078,82.65056,21.9588,61.824623
2007-06-01,73.273796,9.91428,71.91484,75.44974,25.666798,71.30008,23.97296,79.59615,45.829437,39.028206
2007-07-01,77.086945,11.58223,64.39046,68.811905,25.433834,69.83435,23.727055,80.142975,52.342697,47.351788
2007-08-01,75.5646,15.437447,69.75185,72.80301,29.091679,77.459045,36.036896,69.99128,60.745552,53.140274
2007-09-01,85.03844,14.950489,80.85966,86.457245,26.791168,81.679886,30.91494,82.03418,53.463833,44.96553
2007-10-01,81.078064,19.779621,82.44672,82.163605,41.446815,89.86757,35.554787,72.40827,56.854744,49.04724
2007-11-01,85.674225,15.562019,28.734146,40.74469,40.146107,60.991455,20.35556,77.374916,21.188728,53.064236
2007-12-01,85.50922,8.501942,18.645546,33.606956,27.075901,72.52475,14.989319,63.008854,15.078297,43.595253
2008-01-01,93.992424,5.6753387,18.129417,33.88954,26.514015,66.48192,11.982044,58.077408,13.2483635,45.31961
2008-02-01,78.119446,6.242943,21.320942,41.22855,26.44929,82.01799,12.8334465,36.11846,14.005165,40.05683
2008-03-01,75.593445,7.527519,30.568562,65.44795,21.890205,88.271576,12.748806,41.505714,17.599987,29.390203
2008-04-01,64.45714,5.5126915,24.036144,59.90303,13.73962,93.6356,8.124996,44.8881,12.440109,22.260311
2008-05-01,76.27723,7.099327,39.329903,60.390972,30.2831,80.58238,9.635284,60.078957,22.142475,40.1199
2008-06-01,70.307434,10.807003,64.563354,79.52186,11.734753,81.045425,15.850708,75.32126,46.280552,19.77248
2008-07-01,65.75333,15.540352,66.22467,63.57586,29.207642,55.63937,31.5461,64.24304,51.01224,42.92306
2008-08-01,63.643906,16.112934,71.66171,73.15375,34.51689,73.7645,35.061256,64.65298,62.279663,46.521202
2008-09-01,66.68274,15.93203,86.65673,87.36043,38.941544,75.58847,41.663383,68.09511,60.12211,55.559704
2008-10-01,68.008804,15.286423,71.089134,76.4266,35.819725,78.96753,26.917313,69.241936,51.380684,48.932686
2008-11-01,77.541885,17.908684,31.056501,45.51213,46.952713,68.4536,26.016117,65.82967,27.99941,61.161053
2008-12-01,86.08913,9.520767,27.717268,40.569668,30.877258,58.150433,14.179432,58.64999,19.15675,44.230873
2009-01-01,85.94408,9.098473,18.960033,30.312574,29.964138,69.85928,13.667042,61.106243,14.362293,49.78287
2009-02-01,81.487335,5.3304977,23.105614,44.32782,29.422846,83.09015,11.761177,55.288166,15.725246,41.882282
2009-03-01,84.602196,4.9658585,19.146404,40.7057,18.84821,78.78736,7.5848007,49.664566,11.445152,33.97521
2009-04-01,77.57837,4.38081,23.285505,48.938522,17.141682,80.83098,8.544216,69.04411,13.346157,36.172787
2009-05-01,76.60923,6.827965,27.572083,57.320442,32.834282,73.5673,12.944237,78.37086,15.32819,58.456505
2009-06-01,74.99184,8.147163,61.60864,83.83888,42.705563,79.60416,23.867313,73.700195,34.03517,62.639362
2009-07-01,82.27659,9.356155,62.910007,68.3602,19.28416,67.4332,18.360397,82.80653,52.892868,40.110928
2009-08-01,76.15545,10.745037,69.177,70.27255,29.879866,70.071594,30.912209,72.654884,53.012794,54.343338
2009-09-01,84.47417,13.989548,84.498474,88.12383,40.992554,79.981766,28.76811,88.61651,52.445576,55.848907
2009-10-01,84.433655,19.69418,79.26221,90.52075,61.56488,93.10404,37.681595,78.39517,56.32051,82.07077
2009-11-01,87.14173,12.40781,57.516537,70.48485,40.922867,78.33845,25.41664,77.19914,33.970345,69.721535
2009-12-01,94.00998,9.194092,41.738045,58.28958,51.99666,73.69857,22.86252,85.8436,27.0081,75.998245
2010-01-01,88.17932,7.603321,37.05352,56.77563,55.7168,60.938713,23.848536,86.76099,23.323225,80.33743
2010-02-01,88.40587,5.127796,32.20589,63.887016,43.53125,70.71769,15.722645,84.2789,16.971897,62.95295
2010-03-01,83.760155,4.820816,43.12249,70.78007,31.674013,77.63208,12.134121,85.80066,21.10707,61.890835
2010-04-01,82.66357,5.8435287,41.0508,70.00359,27.266333,83.43347,14.407726,73.60033,20.092567,57.140064
2010-05-01,78.7812,5.9633675,30.623394,62.84296,27.806417,79.226074,13.140415,77.712524,16.251236,50.138664
2010-06-01,80.01568,9.080753,64.20056,80.28326,24.309822,75.71306,23.81242,70.67008,37.93013,37.276775
2010-07-01,82.40256,12.373791,67.28676,78.45616,26.136917,78.69583,29.41518,72.0244,53.88314,43.24233
2010-08-01,83.546745,14.32893,71.55326,78.75986,26.086027,86.04689,30.007795,81.20419,55.9023,40.6404
2010-09-01,77.41375,16.523743,81.11719,77.51553,33.139957,76.011826,35.251045,78.24275,67.27527,47.298706
2010-10-01,73.15382,14.947811,46.87189,67.0832,30.47565,81.97739,24.51338,60.873047,30.812178,33.745705
2010-11-01,80.36369,12.703751,33.57498,46.469704,36.74654,80.097755,18.684078,55.152092,26.237055,50.4243
2010-12-01,83.510635,10.829052,20.174648,27.881931,40.336708,73.674194,20.903515,52.17424,18.730045,55.134033
2011-01-01,88.62636,14.090721,25.183147,30.676447,48.32371,72.97843,19.025574,47.061913,17.63678,65.29367
2011-02-01,93.24373,8.040604,33.37588,57.551933,38.859413,78.95691,13.273403,41.671185,20.101765,57.021164
2011-03-01,69.564255,7.0083694,30.355705,55.414204,37.706696,84.515335,16.992043,50.9743,21.83572,50.691006
2011-04-01,80.778786,8.6723175,36.350468,66.73131,30.261274,94.9386,15.896313,52.231216,22.415333,41.10297
2011-05-01,71.27867,6.0998764,27.66767,59.43242,20.394829,87.115456,8.3125,64.31517,15.28088,43.294426
2011-06-01,70.77395,9.357758,67.34186,77.72768,10.50396,72.56651,18.38572,62.462364,41.78841,20.233643
2011-07-01,75.08685,15.82793,67.273476,75.306656,22.734446,74.425835,33.841522,73.63131,48.30092,41.488834
2011-08-01,72.139946,12.597729,72.3516,76.597755,26.682652,75.000565,26.648462,69.33469,60.56234,47.921562
2011-09-01,74.525154,14.268188,81.43492,84.332985,33.66243,77.22133,32.885815,70.98072,55.586784,48.129963
2011-10-01,78.03377,15.445324,79.65864,81.47237,36.76727,82.10083,26.378193,75.95139,57.385864,49.776
2011-11-01,85.593155,10.844238,40.959694,59.974586,29.520477,77.58603,20.293884,81.7117,25.881615,45.04792
2011-12-01,80.68598,7.0995445,28.636404,49.517128,33.19516,46.075268,13.66415,68.90811,15.520218,43.372578
2012-01-01,100.707794,8.42416,22.675175,41.78954,42.16589,63.752483,13.889347,54.42971,15.701344,60.87308
2012-02-01,80.84235,7.1783104,18.507748,36.606613,25.862795,74.369774,13.003628,46.30736,13.019848,38.449432
2012-03-01,84.5588,5.741043,18.429882,36.348686,23.079102,66.89793,11.381428,52.64529,11.8908,38.105526
2012-04-01,76.076324,5.212208,21.160042,56.145996,22.535666,78.90868,10.059338,58.06019,11.955688,34.86924
2012-05-01,76.66843,6.915516,34.90493,72.88546,28.279871,89.13827,10.038246,52.715046,18.77703,49.41387
2012-06-01,66.74706,7.2999763,64.62523,77.265396,19.682217,78.64102,14.830223,64.23103,38.415367,28.61891
2012-07-01,83.65848,10.771481,63.854683,73.50676,17.636627,73.67385,30.281664,84.988686,43.019165,34.74109
2012-08-01,73.43701,12.885208,72.11654,76.41699,22.462666,80.70933,29.835558,77.987274,57.12256,45.505997
2012-09-01,87.41225,12.526699,84.09486,84.45985,24.28764,81.95031,24.586124,88.04491,61.666336,44.6219
2012-10-01,80.68986,17.09319,70.49272,86.44704,41.54621,88.55103,29.126657,73.63492,42.449776,64.651184
2012-11-01,88.41963,10.330242,35.712784,58.410583,38.003326,67.52085,18.163841,84.797264,21.585056,67.03906
2012-12-01,87.564735,7.7249947,30.719656,48.71146,31.610243,64.5571,15.287682,76.50783,18.115173,56.99603
2013-01-01,99.707,6.9746475,24.977627,48.097713,36.369133,64.35112,11.19289,78.49861,14.411148,62.969112
2013-02-01,94.29134,5.663269,22.852453,45.232582,30.794565,85.69434,9.863857,58.921013,14.49622,48.69803
2013-03-01,83.37816,5.3486633,18.224903,36.417286,16.09652,74.04602,9.619877,63.76846,12.247452,32.662918
2013-04-01,78.08449,5.5364647,19.467262,55.593605,15.753025,78.551575,7.6825027,54.627327,11.374271,31.706272
2013-05-01,70.52439,5.928112,26.375683,56.779785,20.411072,71.72502,10.520348,68.821365,14.669571,34.512016
2013-06-01,79.55157,7.4561806,67.74754,82.530655,13.948875,77.21291,20.385391,72.99306,36.922897,25.030596
2013-07-01,88.21759,8.851028,49.6611,62.904907,25.59399,69.6801,18.772247,71.14076,32.044952,42.49586
2013-08-01,69.511566,7.489891,65.76843,72.187294,21.513786,76.129456,24.494486,70.88233,49.177956,46.563225
2013-09-01,90.4503,18.7257,87.89336,87.963974,33.492767,85.838806,41.88752,77.05561,72.00431,47.441223
2013-10-01,84.05713,14.096546,64.36075,80.313995,36.40284,87.596405,23.539442,74.26431,39.234264,46.91956
2013-11-01,84.063545,13.255466,44.91156,58.90817,40.05127,82.82279,27.020939,78.46651,30.778515,63.23556
2013-12-01,91.11161,10.316498,29.139692,42.569695,31.044964,67.200195,15.894276,68.63838,19.992138,50.701214
2014-01-01,104.00725,10.418873,28.242111,48.12104,43.02629,73.58809,18.03247,76.563385,20.010967,65.22773
2014-02-01,87.091866,8.896824,28.240433,39.022312,35.911087,62.666927,21.385342,90.73001,21.717606,68.51347
2014-03-01,88.96297,7.3244286,35.29522,45.823704,39.99226,69.72004,18.577858,77.19939,23.650795,65.52307
2014-04-01,92.11949,8.030914,38.876316,68.96153,29.420147,83.14159,16.127811,78.51167,21.902199,50.503963
2014-05-01,81.93335,7.257305,47.94484,77.43265,31.004286,82.012215,14.8524475,72.50403,20.782898,58.130985
2014-06-01,81.104355,9.453957,76.61037,86.19743,34.004753,80.30557,17.691814,73.32966,50.032413,65.84024
2014-07-01,77.41586,11.455944,65.930855,79.11411,20.875195,67.050156,17.915005,90.595764,51.319527,44.58358
2014-08-01,67.47975,14.412781,79.96324,71.376335,38.743744,68.43628,36.42459,69.231705,70.752075,64.60515
2014-09-01,78.755,18.06771,90.40782,92.16648,38.109417,80.82411,40.95214,71.60624,79.42289,60.116196
2014-10-01,83.025795,20.72752,75.75957,82.39483,50.695267,86.33,33.22443,75.244385,51.327915,64.538025
2014-11-01,87.529854,16.236889,54.65897,66.59875,51.017464,86.28301,30.27095,83.07614,39.116287,77.3672
2014-12-01,88.954575,9.4254265,37.22841,58.516953,41.395164,55.034866,22.962769,84.59651,25.468191,71.56764
2015-01-01,96.97717,10.293697,22.48064,38.587868,42.793266,57.12647,18.72667,84.62233,15.49065,74.359886
2015-02-01,95.42964,7.9415245,22.338085,32.809605,37.816483,78.35779,14.725601,57.38782,16.467953,68.70517
2015-03-01,87.16933,6.4050903,25.819616,49.453796,32.64012,72.970764,14.036583,81.38314,16.726135,62.545174
2015-04-01,85.267,4.7989616,31.868736,67.083206,28.518673,93.35467,9.268879,80.04787,13.301628,68.13336
2015-05-01,81.410065,4.5455284,49.17977,86.61969,38.874565,93.71898,14.681252,86.76225,22.219288,68.41848
2015-06-01,84.81082,10.409325,76.707306,90.03945,28.002304,79.113335,23.014433,90.13924,49.552,50.38516
2015-07-01,78.69042,7.49802,65.863556,83.14133,28.182875,64.11804,20.22509,79.87205,38.87932,54.132793
2015-08-01,81.23583,8.217133,57.965965,71.537285,32.42629,71.690926,18.482742,90.19943,57.134388,66.543076
2015-09-01,72.576355,12.1595955,90.82034,91.90535,55.40788,82.6408,32.59577,83.73531,64.59323,80.45653
2015-10-01,81.687256,25.20821,78.28968,87.17091,64.80865,78.94702,49.913143,90.2216,45.162865,83.9143
2015-11-01,86.87788,10.018089,67.962296,83.464455,50.391495,91.346214,25.187618,86.39794,40.11005,85.91483
2015-12-01,87.41484,10.355473,47.453262,79.36835,60.940628,76.25905,27.004414,93.600174,28.078335,88.91643
2016-01-01,85.4001,5.762966,32.290817,68.967735,46.51997,67.82473,16.749805,94.896484,17.792152,79.17688
2016-02-01,76.056335,7.772972,38.88422,62.41655,47.309036,72.86111,18.914051,101.25284,23.638702,85.398476
2016-03-01,83.26995,6.298752,29.290422,63.585533,32.63015,76.31287,15.460674,94.79745,17.290462,65.566315
2016-04-01,82.2893,6.5179367,35.3935,71.430725,51.55148,82.01816,14.744671,80.89301,15.650635,85.278336
2016-05-01,82.182144,5.7921906,46.576794,82.71631,24.461863,80.84431,11.500736,82.24384,18.72734,45.599396
2016-06-01,84.93413,7.256668,58.567013,81.45965,40.780575,74.705505,13.06263,74.20706,38.262386,57.91758
2016-07-01,76.096924,16.780655,63.856674,71.351166,23.598112,72.995865,30.285685,81.370346,56.993755,46.133556
2016-08-01,90.233536,19.272865,74.41814,69.64964,28.238335,79.49835,39.60185,77.791954,62.820824,49.36775
2016-09-01,89.03694,15.295067,76.23656,83.97459,39.86162,87.10649,32.826603,81.78761,53.124737,57.05545
2016-10-01,95.58976,12.723301,77.660446,84.5396,45.43379,82.29579,25.538303,83.69858,49.36775,67.678604
2016-11-01,88.02383,13.39222,43.24356,59.687294,49.0479,75.01237,24.819054,68.65763,29.688202,71.16933
2016-12-01,84.59155,11.521843,29.037142,42.37819,28.87316,66.11833,22.820412,81.47751,22.947052,46.229347
2017-01-01,98.13043,6.995617,29.341297,41.674816,35.252136,66.66175,16.05463,67.39015,20.180569,51.72143
2017-02-01,94.47369,6.984131,30.809574,47.01803,37.906513,63.99917,16.47625,69.41949,21.786648,57.797962
2017-03-01,93.73544,7.49926,29.992588,51.209587,37.545597,84.47137,15.319672,57.89147,19.581776,56.570843
2017-04-01,85.4606,8.834652,34.31703,60.150482,41.551773,76.39175,19.143753,77.98634,22.74472,58.153957
2017-05-01,75.407425,6.805313,40.003113,69.94774,33.096474,82.79639,13.063942,69.37847,18.978058,54.234726
2017-06-01,79.17901,11.372555,65.852974,77.75175,28.489862,69.57862,17.787033,72.58571,41.313896,50.922493
2017-07-01,74.87097,19.324211,72.894135,77.62379,20.872871,71.458664,38.397034,81.37076,53.862324,40.31153
2017-08-01,75.43368,19.112583,82.86037,80.99508,30.045086,77.77472,35.33416,72.963036,68.1612,53.801624
2017-09-01,79.82866,16.100567,85.157104,89.4553,42.352356,86.34485,36.743378,81.3724,56.362495,61.270966
2017-10-01,85.33264,17.199722,65.02779,72.98272,43.713997,83.37221,28.783518,76.08989,49.8988,63.84332
2017-11-01,88.44309,11.118271,43.581112,59.385994,38.91544,71.51608,19.301243,60.78373,33.65754,56.67748
2017-12-01,89.5685,9.462975,28.836014,49.449295,31.575703,40.869316,18.093811,76.650955,19.691689,57.729057
2018-01-01,93.187195,7.7613564,27.564209,40.1538,31.577593,50.25532,15.709396,61.217907,18.389359,53.678257
2018-02-01,92.70336,9.227627,21.98943,35.92556,24.059265,83.34482,16.053822,75.12123,13.683842,47.427746
2018-03-01,89.21974,4.5106316,31.715363,47.649162,30.457388,89.746216,10.672577,66.75989,18.861713,53.59133
2018-04-01,86.000175,7.7416763,28.996038,47.588478,33.27184,77.87664,16.554058,70.03029,18.576332,58.96438
2018-05-01,83.76305,6.669033,44.603455,71.050446,22.732405,86.23635,14.658077,74.74893,22.442104,41.956295
2018-06-01,72.79226,12.70797,62.623493,81.11589,38.58748,83.47111,21.487553,73.68941,37.587006,60.360123
2018-07-01,85.69183,12.932667,54.987076,64.42107,18.120377,65.81354,18.643578,86.20191,42.622185,39.184486
2018-08-01,81.87855,13.042553,57.388218,63.74698,26.788431,62.84327,23.819807,77.69459,48.79889,49.108875
2018-09-01,86.738235,15.068108,91.632355,85.25556,36.71774,87.01213,38.008514,87.643585,68.64603,63.955273
2018-10-01,87.23518,18.041653,74.93262,83.585915,50.13887,86.19371,30.109682,84.64051,40.763924,69.56122
2018-11-01,80.59105,15.588028,50.24056,59.384247,43.914604,74.57671,29.663568,89.227936,33.206238,71.33091
2018-12-01,93.5513,8.592899,32.076187,43.86868,35.1055,53.922638,16.642628,73.679565,21.462948,54.219498
2019-01-01,97.549545,7.1191444,26.947878,39.76535,42.578747,49.28041,13.862087,71.52403,19.835,64.81284
2019-02-01,95.52841,3.9564514,30.43287,56.271034,22.734133,86.66748,10.070671,82.64902,16.750107,42.972496
2019-03-01,92.64516,4.2771683,33.806725,64.6239,30.17249,94.89015,11.3186,77.43026,19.898506,49.50269
2019-04-01,87.3232,4.9170074,24.696526,52.955925,28.762615,81.2709,8.927528,72.10513,13.712845,54.50393
2019-05-01,82.13143,6.001404,45.306408,69.68548,38.533295,80.69615,19.68893,72.63701,22.594416,56.74258
2019-06-01,87.28191,7.5970383,74.0056,79.32756,31.399778,77.122246,15.791138,81.69958,34.827614,53.35285
2019-07-01,69.977615,9.480045,63.723682,71.274765,29.559639,67.38014,23.680399,74.313614,48.330967,48.389713
2019-08-01,73.83889,12.51572,68.480415,66.70379,24.91404,72.900566,29.823196,74.33108,53.606884,51.94933
2019-09-01,81.801186,15.122719,86.289604,86.35947,43.156666,84.27482,30.599579,80.07536,62.52973,68.25497
2019-10-01,81.266136,18.901436,75.34244,79.63399,61.41676,89.76349,28.776903,78.65596,64.741394,74.485085
2019-11-01,88.55048,16.496075,43.852077,58.622414,54.189568,87.69154,32.228554,73.09109,27.213024,74.94075
2019-12-01,87.91382,7.662136,42.0167,46.77979,56.36471,52.75588,19.425373,74.78516,24.929916,78.48608
2020-01-01,87.85869,7.9434166,26.240953,42.196632,39.13536,60.20373,16.644844,80.58107,17.606293,69.60622
2020-02-01,100.89664,6.048897,21.872711,43.6388,36.324463,78.736626,12.371746,72.92955,13.501781,58.59965
2020-03-01,80.65117,3.4115944,23.91078,50.22872,16.200844,81.82294,7.1755943,72.455505,11.762497,31.889454
2020-04-01,86.81211,4.823719,30.093416,65.99745,19.858013,83.38194,8.016861,63.627216,15.321186,40.986477
2020-05-01,77.21433,4.818714,36.748432,73.492065,28.352463,78.987,11.250057,78.389435,18.30067,44.855633
2020-06-01,80.41916,11.8125725,67.903656,82.36709,22.800774,77.30781,27.36264,79.92341,41.537308,39.803032
2020-07-01,79.80323,16.43119,70.12533,73.206635,22.20488,79.44102,33.366676,71.44565,58.534554,40.66266
2020-08-01,85.42836,11.87767,72.96627,80.030235,25.806967,79.10885,30.18856,78.88852,56.361282,45.159424
2020-09-01,87.80861,21.211716,83.87102,80.07364,33.25818,82.96298,41.196793,75.7104,68.7132,49.267273
2020-10-01,91.97822,20.741009,64.25316,66.147675,31.380354,86.002556,31.43043,74.193115,50.191998,43.934246
2020-11-01,86.35142,12.552017,62.76926,75.85228,35.02417,88.90693,22.233253,74.046234,36.419605,44.873993
2020-12-01,98.91365,10.1250305,31.57064,40.49574,42.89435,82.11337,21.378635,63.068043,22.393497,59.599487
2021-01-01,82.3398,9.644203,22.493908,34.664967,35.773766,72.874756,18.197533,49.847084,16.560902,47.622635
2021-02-01,91.018234,9.551659,21.537636,33.528748,33.07118,89.89401,13.729786,49.014202,16.72028,47.228474
2021-03-01,76.18572,5.346115,23.321648,48.805122,21.14347,77.90462,10.639893,50.59771,14.607227,34.714664
2021-04-01,74.76845,5.7591286,26.701166,49.25927,25.643782,75.76071,9.481396,58.13307,16.014214,43.968918
2021-05-01,77.63727,6.131012,32.490215,60.21699,21.426239,78.07085,9.207195,64.13463,17.434914,36.05139
2021-06-01,69.71631,9.222622,68.54582,80.44782,30.142378,72.39833,18.605408,67.43531,46.29448,44.378506
2021-07-01,69.524376,15.066509,56.417606,61.831345,15.990223,64.33171,25.768885,71.0856,42.052948,27.5032
2021-08-01,67.02915,19.853016,67.66324,66.024895,27.386665,59.97878,35.62124,62.78248,61.274376,45.478733
2021-09-01,64.976074,19.553112,76.31082,74.47711,27.935066,69.79,33.626434,74.01269,58.040527,46.357887
2021-10-01,80.363846,13.212231,65.166306,75.889244,31.484243,80.01253,26.814274,73.17295,38.930492,44.61843
2021-11-01,79.4607,16.507774,42.829277,52.47598,43.794117,71.11473,27.892223,68.790886,33.146584,58.38499
2021-12-01,82.051895,8.562828,27.282127,37.799416,21.803265,68.9794,15.383556,63.70276,18.872753,39.785652
2022-01-01,98.71889,7.9674683,23.420555,43.54327,41.463272,52.032593,12.39473,60.953518,15.908985,65.26292
2022-02-01,86.24054,7.6537247,29.607435,52.241753,39.746815,84.48259,14.476391,49.152466,18.89701,61.614204
2022-03-01,81.476295,5.8609085,22.96239,39.130947,28.644627,81.76182,10.228409,49.046223,14.723732,46.054874
2022-04-01,75.978325,7.4379234,34.90455,58.451874,23.594858,81.82158,15.208458,60.369194,23.314316,37.824516
2022-05-01,75.52514,8.842297,38.13826,64.24201,21.53146,82.21832,13.224739,64.71179,19.88306,37.294968
2022-06-01,67.03582,14.177586,72.666595,73.16293,25.299694,70.12344,33.784035,64.412994,51.119583,32.558945
2022-07-01,69.26688,14.081306,55.274605,71.199135,17.439518,75.79738,23.550037,64.393074,42.69002,29.662216
2022-08-01,84.38631,15.030834,54.93928,62.655033,25.503876,71.6324,26.733948,63.652702,48.425377,37.32817
2022-09-01,88.02174,18.325966,79.0311,79.90758,30.887308,80.022125,33.886955,78.63601,64.847916,47.60865
2022-10-01,89.6884,14.084625,59.597286,72.93219,41.835114,96.39818,25.382694,72.35451,38.247818,44.678722
2022-11-01,72.29475,11.959805,33.00881,47.231827,37.22193,81.82822,20.055702,56.15773,24.597507,47.64849
2022-12-01,78.85347,12.238689,24.003222,30.376022,43.64453,63.841946,24.111122,53.54487,21.300716,52.8709
