,r800_cluster1,r800_cluster2,r800_cluster3,r800_cluster4,r800_cluster5,r800_cluster6,r800_cluster7,r800_cluster8,r800_cluster9,r800_cluster10
1965-01-01,54.464363,62.359657,40.175846,59.0017,74.25174,37.345337,36.439507,60.92966,76.14203,22.71447
1965-02-01,57.19168,52.13509,37.910454,42.79014,72.199295,19.322113,43.67631,41.36014,79.1003,17.0256
1965-03-01,51.150635,60.53817,36.788406,52.28415,74.44666,30.7621,41.083313,28.77845,78.261635,13.251583
1965-04-01,68.785645,52.01715,42.609955,58.367783,72.962616,32.388664,44.596886,31.782593,78.98564,33.69581
1965-05-01,71.68167,39.812202,32.4591,53.8714,71.548996,37.06196,50.92131,13.2188225,77.262436,21.623543
1965-06-01,74.4221,34.20524,34.737595,49.137497,61.22123,52.395535,69.29343,12.38179,83.36736,21.693977
1965-07-01,64.81015,35.070114,69.545685,53.150665,65.73236,53.933643,81.62123,19.276249,84.147064,32.76213
1965-08-01,75.816055,31.633532,69.735695,55.99428,74.228806,62.500526,77.68996,23.354939,83.91283,39.16027
1965-09-01,74.548225,43.471558,42.51495,65.118095,75.67027,50.96062,78.341896,21.386028,84.79081,23.430288
1965-10-01,76.75956,54.944305,38.511612,67.08209,76.84146,40.62958,63.67991,28.210054,82.78914,29.692469
1965-11-01,74.65306,47.68293,34.296967,68.96419,81.66382,49.68296,46.89831,36.164314,78.66295,38.072617
1965-12-01,70.245125,42.005524,21.594059,63.989494,73.971634,46.45277,42.54771,31.04548,79.80793,40.58044
1966-01-01,59.350307,38.382195,25.04258,67.14625,77.90692,28.17967,51.72345,34.41938,77.30937,25.658178
1966-02-01,58.698593,48.435333,37.881508,57.56425,68.228065,27.173372,30.156153,46.37677,78.85576,31.883114
1966-03-01,65.15664,60.259754,29.845892,41.70479,69.70386,21.587017,35.844284,26.226171,76.52141,16.235413
1966-04-01,68.477585,51.772697,29.335356,60.76208,73.156136,34.539215,34.21582,32.987907,78.10883,24.60099
1966-05-01,57.559326,41.28618,24.032997,58.383408,76.03714,37.8142,41.223797,15.977684,77.865875,30.074074
1966-06-01,79.7176,34.8938,52.421127,61.893143,62.490685,57.662746,75.76956,13.054001,76.46395,31.866697
1966-07-01,78.17942,35.07602,68.5531,57.954952,66.93449,61.804497,82.20954,19.439812,85.35156,36.274384
1966-08-01,79.06424,33.677376,75.39035,53.45862,69.88608,62.006413,79.66342,22.373344,83.69683,36.694633
1966-09-01,76.9827,35.071095,59.892036,58.76262,73.2415,67.47457,71.94628,24.349827,81.31815,34.980804
1966-10-01,80.4596,46.8003,38.92885,66.34351,78.15972,60.747307,52.035355,32.869713,84.64896,41.04158
1966-11-01,73.139725,27.903883,26.88445,56.659733,73.8965,50.789383,62.019547,12.932522,82.117615,44.091667
1966-12-01,69.70386,41.294388,17.593014,56.40036,76.565735,23.604542,41.89357,37.479317,77.885574,16.491505
1967-01-01,61.499737,30.457869,14.690327,53.52729,70.25761,28.084715,54.964695,33.940746,79.53064,18.929913
1967-02-01,40.15824,63.318874,31.961147,31.013575,65.69372,30.07107,31.954391,39.494434,75.6407,23.407658
1967-03-01,66.26631,60.18057,42.32702,43.74922,70.35388,34.393417,47.75909,31.962837,80.22655,30.667315
1967-04-01,69.149574,65.176865,40.269722,59.474533,72.03958,34.917034,47.49053,34.307274,73.27092,40.712257
1967-05-01,74.03607,48.985363,27.601639,64.54852,70.01438,26.61015,40.904816,21.394276,80.853195,22.37732
1967-06-01,78.86514,35.58253,43.818474,65.56197,66.92337,60.23462,68.009445,14.2309,81.65044,28.447866
1967-07-01,76.51226,38.25972,78.532394,55.062664,67.07201,61.069023,79.10668,28.304295,81.10993,40.1802
1967-08-01,80.13871,30.871693,82.06088,63.09085,69.90459,57.096313,83.780365,24.144096,82.90542,34.14006
1967-09-01,74.62387,42.499302,68.13106,55.08124,67.88614,71.198425,81.5795,23.358673,80.55084,35.9271
1967-10-01,77.64394,50.003876,51.691265,63.754658,79.017166,48.34689,55.461285,24.500492,84.962715,34.90859
1967-11-01,64.94377,57.040573,52.184475,75.063034,83.511795,43.404648,41.705437,32.694206,84.231346,33.011753
1967-12-01,70.77615,47.659435,37.10439,48.34858,77.67435,33.432335,50.272438,40.325462,85.39681,29.037354
1968-01-01,65.876205,42.12847,39.630405,31.69357,64.239265,17.564682,36.903778,38.127056,82.58203,17.421429
1968-02-01,56.60986,56.254143,40.102013,43.826576,45.04503,21.862257,49.10761,56.28633,79.21318,41.24642
1968-03-01,65.374016,63.019203,37.190285,55.541096,72.06987,23.674644,42.336105,28.075233,78.772156,13.9624405
1968-04-01,68.013725,58.267723,31.423159,56.90441,69.133995,25.186039,49.461716,35.75776,68.250336,34.40088
1968-05-01,61.07644,38.87712,34.86122,69.52351,75.04437,21.408356,47.7282,26.507504,79.80229,23.312489
1968-06-01,81.21067,41.091904,47.63806,60.070454,58.079403,57.59009,71.49364,14.735039,79.279175,28.939577
1968-07-01,80.5105,35.421356,75.73166,63.580948,66.51843,65.17443,82.85083,15.974415,82.268166,44.89534
1968-08-01,69.30461,33.681396,77.254326,61.335583,72.06987,53.83655,81.81426,14.622368,79.99061,42.297478
1968-09-01,79.08925,26.626612,52.711456,48.0147,72.79257,67.08661,74.22349,16.505577,84.81291,35.093002
1968-10-01,72.05538,44.219315,47.275906,62.53311,73.72613,46.34396,71.56285,22.988962,80.05016,29.96649
1968-11-01,75.61899,56.68229,31.852917,67.508316,69.373825,41.431526,65.19858,33.25647,77.47484,31.032032
1968-12-01,66.370346,59.70347,34.801666,65.39655,69.653885,29.866695,43.649525,44.309452,70.99467,26.267675
1969-01-01,63.028496,58.322536,28.096447,64.97037,71.88392,12.559765,28.678007,52.31475,77.87332,28.216768
1969-02-01,63.54154,59.251694,33.80342,57.737633,58.60496,17.464592,33.26364,45.62848,76.72357,24.553608
1969-03-01,57.44017,67.68933,34.899696,50.74721,76.9475,25.35409,38.83693,29.832771,72.74289,25.190317
1969-04-01,70.06403,60.197567,35.352577,30.12355,74.00127,26.396887,33.12661,32.030334,75.984924,27.434671
1969-05-01,67.89488,55.728912,39.358326,53.85054,74.43242,32.102192,56.044758,23.123104,78.57687,29.530293
1969-06-01,77.3185,34.577164,41.709633,55.738937,61.733353,43.203644,71.78198,13.40704,79.482635,28.99051
1969-07-01,76.98928,46.821682,76.56648,56.72993,65.443306,63.842346,81.92753,17.254025,83.68558,33.6948
1969-08-01,70.24285,34.328163,79.3055,53.564774,62.26478,61.61136,73.44811,25.412579,79.08658,41.652817
1969-09-01,72.956795,43.741753,58.870674,47.338066,61.995724,60.05552,77.72459,14.680454,80.73433,30.551365
1969-10-01,76.96922,57.4268,47.927982,54.864925,74.53269,47.433323,66.84707,25.57301,81.22899,33.415718
1969-11-01,66.78858,45.13215,35.98929,49.960102,72.96683,59.33525,68.91428,39.891422,77.70119,37.61699
1969-12-01,70.38155,51.00624,22.528175,37.486637,78.4131,46.998825,29.906301,33.75997,81.75707,27.356127
1970-01-01,56.787975,52.85087,34.447906,40.188904,70.60674,31.93074,38.663048,46.615044,82.654724,37.42846
1970-02-01,56.43382,54.825214,31.351511,24.950193,74.618324,8.783062,50.739162,36.619194,79.61625,20.223679
1970-03-01,56.137585,50.656414,42.019268,37.742897,64.37092,29.32917,48.95017,45.4781,79.382904,25.969639
1970-04-01,71.84133,54.965885,27.23898,56.516563,74.76065,25.64527,40.936935,21.392067,67.98531,26.932814
1970-05-01,72.65391,39.75531,31.290277,65.64688,70.85664,33.984524,54.785496,13.999439,74.257545,25.286146
1970-06-01,77.60053,30.989079,55.67089,55.72054,61.670055,50.987404,75.79499,12.791332,76.88394,26.62334
1970-07-01,78.63652,38.937767,71.19094,55.06518,66.71432,58.47436,78.93442,19.152931,87.05356,34.65974
1970-08-01,78.71596,36.00852,84.09949,61.83224,72.936905,68.658875,82.08874,33.800827,79.50703,48.001884
1970-09-01,75.93732,34.825233,73.008064,49.34901,72.49172,57.698193,80.306366,26.06397,81.58729,37.249725
1970-10-01,71.925735,43.15125,46.990715,51.811565,65.25797,56.0929,73.678314,25.941504,74.21121,37.55258
1970-11-01,72.321266,39.056923,22.725952,45.838875,70.16818,41.95969,61.10572,15.551777,71.01386,31.162848
1970-12-01,52.539738,47.42762,21.31594,55.816525,73.6899,22.171547,20.26836,32.672157,78.3618,30.754076
1971-01-01,62.592896,43.542366,30.848213,40.78681,69.09466,25.039568,40.91529,39.938168,76.414635,32.295303
1971-02-01,54.40061,51.175087,31.886194,30.188908,67.76253,14.833866,53.65171,38.741276,76.17965,10.940586
1971-03-01,56.55603,49.178577,31.89972,45.150055,71.76231,30.114525,38.947517,27.245703,72.019264,25.653229
1971-04-01,63.17444,58.143433,39.11657,49.192104,71.625374,24.395477,48.80159,31.316488,75.297195,27.117224
1971-05-01,59.96413,33.367096,46.593765,66.31036,66.4101,44.336914,51.134518,18.077984,83.78702,27.166248
1971-06-01,71.35151,31.718832,72.87636,59.822124,64.623215,48.791447,75.65051,14.712147,79.702705,33.238617
1971-07-01,74.00563,34.902092,76.21008,57.249146,65.509056,63.008766,74.63958,19.834438,79.8109,37.098083
1971-08-01,73.40042,29.118805,78.82532,62.31734,68.07358,64.01632,76.42647,24.0523,75.66742,47.692608
1971-09-01,78.201515,29.363932,57.29141,63.837124,68.9442,51.62984,73.61174,18.500614,82.596886,30.087477
1971-10-01,64.491356,40.32361,45.86515,54.158867,73.37507,45.890507,69.870605,14.5025215,82.84201,37.551147
1971-11-01,66.1261,55.519737,37.101463,40.066647,69.68465,50.039055,39.846878,33.720413,84.22655,39.47496
1971-12-01,57.081783,50.40928,18.556404,48.13214,68.19868,33.55136,19.364475,44.100243,81.43887,24.826561
1972-01-01,44.338787,63.289745,32.873947,70.619835,76.55867,14.773018,16.305672,48.89937,81.658844,17.810696
1972-02-01,58.374847,51.597363,34.874687,52.089825,55.327415,17.454758,41.462013,53.622482,77.452576,44.046234
1972-03-01,44.61184,64.177155,39.93586,41.837456,48.174488,29.753376,31.60784,49.14804,78.38712,26.036324
1972-04-01,55.688232,50.376762,41.8147,38.239048,72.396286,35.394783,32.10843,45.053917,76.49528,36.78441
1972-05-01,69.335846,55.97266,25.742144,59.221626,61.066338,25.20092,36.820168,24.149353,76.27424,24.575182
1972-06-01,65.48227,45.21157,44.322533,60.729904,70.06398,52.41001,56.292843,14.891666,78.43751,23.554495
1972-07-01,71.40323,32.638275,75.03902,64.099144,63.20198,63.055702,78.21647,23.229435,85.80985,37.124096
1972-08-01,77.75651,39.378384,73.85417,61.799347,59.236256,60.991577,76.791084,21.847935,76.573296,43.16207
1972-09-01,72.48405,29.945162,48.920498,61.011078,75.69238,46.323273,70.649086,20.775238,83.601074,31.430681
1972-10-01,79.73125,38.02776,39.180096,56.938087,77.22829,57.867756,53.680992,22.171368,83.26789,37.30613
1972-11-01,71.408104,41.84883,37.826225,71.378845,79.7605,42.248657,45.148186,36.374832,80.649536,38.786774
1972-12-01,61.025707,63.252365,40.230038,67.86333,80.04493,39.14759,41.1207,46.921383,82.32847,50.41902
1973-01-01,41.32966,54.822277,38.917213,57.589447,72.44183,17.339867,27.984844,42.374123,82.190155,26.57909
1973-02-01,56.200115,54.621925,46.602882,46.277718,64.59358,26.332754,37.49832,32.50592,80.04375,19.166035
1973-03-01,44.80299,64.73646,37.473686,40.593937,57.45314,23.373444,32.162697,27.69581,75.10226,16.469482
1973-04-01,67.1489,62.120377,27.201498,45.587982,72.28582,22.987518,34.64576,23.44406,73.83774,23.064703
1973-05-01,68.40686,54.796,34.070976,52.800682,71.26928,32.39097,40.25071,16.7191,79.83682,26.935455
1973-06-01,79.96164,37.57222,60.80002,67.81237,67.3197,64.987724,72.04113,17.313591,75.5588,31.423689
1973-07-01,76.238686,34.70816,79.82861,64.40965,68.31325,67.720406,77.9499,34.59156,74.74097,37.785713
1973-08-01,79.58885,39.83194,83.84553,58.602707,76.11388,69.60077,78.1716,22.751036,77.40796,42.963684
1973-09-01,66.4296,40.322968,72.724304,43.374245,68.13097,65.60849,71.81122,21.941414,78.084564,40.398514
1973-10-01,76.110596,35.805176,45.06575,64.268425,76.16971,42.49893,75.56209,14.231113,81.68927,29.786379
1973-11-01,71.34154,35.987465,25.092865,61.20565,72.013214,33.088917,45.27924,18.251308,82.255844,32.303925
1973-12-01,65.4147,40.935524,29.671421,43.53026,75.3683,35.25831,27.400208,37.192863,80.90099,19.036297
1974-01-01,50.31547,66.18671,29.018871,36.97432,56.104404,23.17375,29.993885,46.55258,85.620865,17.862408
1974-02-01,46.129524,58.12219,32.826378,51.892017,67.682274,21.554237,37.64691,53.47022,79.3345,22.116108
1974-03-01,53.01411,57.487602,35.36472,66.03301,73.12417,25.885609,33.723724,37.2536,70.447014,27.842245
1974-04-01,67.482315,61.44384,33.07096,51.923416,75.45924,38.005516,32.299213,25.50056,69.511665,22.420181
1974-05-01,71.28321,39.659737,32.570232,59.840855,72.8548,35.708454,41.034668,22.119415,80.263245,32.96189
1974-06-01,69.1167,38.17904,52.655502,39.299477,68.839066,50.467506,70.32142,15.935516,80.494606,33.951775
1974-07-01,81.23165,43.055756,73.95871,61.12655,69.13158,58.763382,72.597,18.774624,82.37192,34.42276
1974-08-01,70.02231,32.879265,73.57863,63.785526,73.69761,62.489914,79.95091,19.992565,79.18247,37.132965
1974-09-01,74.96347,43.075584,56.537376,65.16046,75.69721,72.765564,71.59555,22.274757,83.320496,36.65207
1974-10-01,61.870205,29.440275,24.905638,49.24957,76.65074,56.510937,69.80913,17.247654,83.5188,32.623116
1974-11-01,58.31058,46.02376,23.74058,60.128403,67.928505,26.477228,58.598125,19.057213,78.5231,25.553444
1974-12-01,52.095284,41.93201,37.636993,70.00413,75.47907,23.7852,13.316204,47.069836,83.728676,27.093634
1975-01-01,55.466953,48.89019,40.084404,46.28747,66.16099,30.92303,27.605839,43.73743,82.20533,22.858059
1975-02-01,59.531544,60.73495,34.862503,50.156155,60.76294,19.983707,44.157227,45.59111,80.34836,25.867401
1975-03-01,56.665424,57.95773,37.262733,45.01986,62.445404,20.477581,30.503237,33.260704,80.06685,22.75599
1975-04-01,63.252068,52.26994,30.07192,48.858913,77.073975,24.85002,25.887156,35.282295,75.47217,29.319584
1975-05-01,71.36807,31.46794,31.387272,59.192417,69.49793,48.180656,35.71855,19.577084,81.35751,28.603466
1975-06-01,76.716736,27.938381,56.321358,64.532845,67.721634,46.164,75.46065,14.264637,80.5311,25.571075
1975-07-01,79.08733,27.054346,80.15575,58.856583,67.34958,64.03568,73.60039,24.591558,84.78665,40.43012
1975-08-01,82.09832,31.869623,79.767235,67.05655,72.122055,70.86597,78.03867,32.737198,78.241165,44.336666
1975-09-01,80.30885,36.554848,70.28978,60.484722,63.15658,62.959034,76.06976,18.658478,82.14277,38.533638
1975-10-01,72.42332,42.236053,41.980885,49.189808,68.847664,52.04111,75.39315,20.691593,80.761566,41.340492
1975-11-01,69.98358,52.408226,21.959206,53.6923,71.01413,34.470695,49.35443,31.459707,81.280136,31.250633
1975-12-01,60.181812,48.936287,28.591942,48.28437,73.77818,15.051544,25.30109,34.83452,79.452805,19.893162
1976-01-01,58.654297,48.148148,40.159473,46.399857,71.41551,26.852125,21.50393,37.714165,79.99788,24.077164
1976-02-01,46.15057,65.539215,44.48428,62.823296,76.698105,25.523685,28.611897,59.102028,77.65097,25.218637
1976-03-01,48.858288,66.77417,47.59709,45.898003,65.70978,26.319109,30.338867,52.630398,77.90026,18.512482
1976-04-01,58.48373,61.366936,39.70682,56.036777,73.7821,34.063416,35.93307,44.33996,77.35248,35.86583
1976-05-01,54.81658,57.181534,37.29103,69.04892,68.12721,29.546724,38.489906,19.51619,81.14755,30.7538
1976-06-01,72.716064,37.482918,56.947006,67.244865,57.4341,59.06431,64.33706,16.642826,81.32632,25.528606
1976-07-01,77.52633,33.11383,78.65468,68.335495,65.6327,59.097107,78.63992,28.674217,75.50579,31.859192
1976-08-01,75.48939,24.97099,81.559204,74.421715,70.321594,54.144165,78.91053,24.908669,80.298004,54.882183
1976-09-01,71.19574,36.390644,55.46112,64.35838,68.89803,52.95841,68.548706,24.116524,79.3271,32.511932
1976-10-01,71.85176,50.519657,35.93143,56.213905,75.25486,51.100235,49.81936,28.236324,83.19762,37.25167
1976-11-01,76.29465,33.06463,20.139408,48.43844,69.157166,55.587406,64.91108,21.172638,81.86426,41.246826
1976-12-01,62.700294,49.519226,23.66879,69.85419,77.636215,39.849506,25.194036,40.238197,79.72071,26.675
1977-01-01,45.30154,63.624363,30.148134,50.001244,60.947174,17.494843,24.894476,55.617165,79.65663,29.246532
1977-02-01,59.44938,40.8975,28.474892,41.43359,58.10916,36.501583,23.67122,33.19246,77.08341,27.524553
1977-03-01,61.293198,51.26836,23.204988,61.556366,76.25816,31.749899,30.105896,22.241655,78.490234,31.179697
1977-04-01,63.872913,45.1927,44.455173,69.06809,74.30063,33.967354,34.058327,33.27369,86.1969,41.724377
1977-05-01,74.92606,48.30688,40.517365,54.538494,67.711624,27.994036,48.956684,17.308025,81.567055,39.68237
1977-06-01,73.991974,34.716248,56.673096,62.323135,68.665215,63.88266,56.788437,22.65428,78.40901,38.90423
1977-07-01,77.50741,33.746418,85.10686,59.31292,70.781944,75.416664,75.00242,24.827871,82.93976,39.12029
1977-08-01,71.97596,39.65313,80.9075,62.254906,70.6,63.526894,81.05208,24.215431,79.73135,48.39298
1977-09-01,71.19132,36.88659,72.719986,51.836937,73.16185,61.299694,75.470276,21.096378,81.669395,35.60648
1977-10-01,79.13191,52.077362,41.547302,62.21429,77.76733,55.004726,53.195026,32.89193,83.56357,40.668446
1977-11-01,73.12448,56.87941,38.07898,63.775444,78.68355,58.33497,69.62205,41.428715,79.98803,44.77033
1977-12-01,51.33009,56.7462,35.864777,68.39392,83.656166,19.410137,26.684683,38.098473,80.1586,32.36396
1978-01-01,51.231426,45.37684,32.051952,56.385868,73.246315,30.599394,33.341354,39.126244,81.53556,24.532549
1978-02-01,54.801834,55.86472,42.84872,55.98194,72.74418,19.40345,35.077454,43.686676,75.39743,30.276253
1978-03-01,56.970375,55.01093,41.78267,52.58894,74.09061,24.944397,41.22984,36.899094,76.57437,25.890064
1978-04-01,61.046093,54.212574,37.249165,67.207985,74.99826,31.202911,32.619034,23.338188,73.17187,29.00744
1978-05-01,75.7681,56.99572,24.285439,70.37921,77.42341,43.365116,37.20481,15.451286,73.46175,26.792963
1978-06-01,77.396484,41.81118,54.95707,65.213684,71.97751,64.54364,66.53477,15.652458,74.94915,28.04435
1978-07-01,79.57611,34.679863,85.234276,60.39347,75.451294,66.70426,79.27197,34.990334,77.158875,53.897354
1978-08-01,81.13797,26.542686,81.21717,57.592903,74.54997,67.91287,84.08902,25.2517,75.77285,33.553616
1978-09-01,71.32488,28.095037,71.48804,51.39141,75.34516,59.84698,76.71218,23.37462,79.325836,28.90448
1978-10-01,73.21622,42.514492,36.848404,66.449234,77.367966,44.071594,72.63805,16.747025,81.94741,30.64058
1978-11-01,63.301758,60.461586,33.70093,60.803734,69.62047,39.335335,48.030094,40.250908,84.77332,32.443207
1978-12-01,72.04086,44.812923,20.238235,71.396164,71.221924,38.73499,39.256134,28.186913,76.80247,22.040865
1979-01-01,57.660896,54.56251,28.786852,76.18649,75.72214,23.939455,29.450214,41.442505,77.0699,29.380642
1979-02-01,59.814396,64.16346,44.489117,61.840076,64.153755,17.100357,48.509735,36.90252,77.15565,14.870811
1979-03-01,56.790436,70.675735,45.569912,46.728367,64.12625,26.871193,31.403088,52.468876,77.81254,27.706059
1979-04-01,57.31789,54.573837,33.68764,61.689606,67.430115,20.368626,32.35121,18.889816,70.91843,22.132198
1979-05-01,58.17379,46.233273,38.069065,72.66582,74.898605,25.581682,41.775803,25.795252,79.38681,25.505638
1979-06-01,73.74823,38.91364,47.728264,70.61749,72.654495,58.185116,61.566643,17.47572,79.77836,25.507256
1979-07-01,77.65236,30.21389,76.1234,63.915916,72.167496,64.05183,77.17992,18.035534,82.05158,34.18759
1979-08-01,69.99296,31.118326,75.230286,50.14387,72.950584,62.649055,76.05706,24.779175,80.76207,38.403984
1979-09-01,78.20732,36.483467,56.898838,48.178055,77.186386,68.68889,70.36023,20.349213,82.19882,42.225594
1979-10-01,72.258095,46.967827,50.00473,60.220505,78.68623,51.779625,47.623096,27.041079,77.75105,32.96927
1979-11-01,79.051895,29.980904,42.186764,53.55614,75.72699,55.78083,52.38636,19.142216,77.88211,32.629498
1979-12-01,63.20887,53.83605,35.360607,62.181465,78.90628,26.126932,47.92889,43.070168,85.22116,26.495827
1980-01-01,40.079628,64.72828,26.111788,40.584824,65.870674,16.834118,39.458725,37.4575,78.96338,27.992418
1980-02-01,48.95151,68.91162,39.222424,40.17415,57.13405,20.996277,48.749435,41.76307,77.57002,16.573372
1980-03-01,51.842533,66.25853,47.773266,40.01933,59.281944,30.60151,33.992836,41.52025,81.79736,25.732077
1980-04-01,64.842354,50.6431,34.271507,40.770603,75.28523,31.189816,31.615158,20.108109,73.96358,23.325064
1980-05-01,62.39623,50.573025,32.62066,68.926285,70.55921,33.463196,34.331806,15.098526,76.71445,32.951485
1980-06-01,76.605255,38.345665,57.22205,62.039333,67.65515,70.69447,77.41521,14.440144,76.46511,27.717005
1980-07-01,75.425385,29.374372,83.45799,63.046463,70.50054,65.852745,81.036316,18.812527,80.878235,43.07821
1980-08-01,75.49383,39.58584,77.82588,64.89124,63.80589,66.64476,80.50993,24.040485,82.362854,40.597862
1980-09-01,71.439224,30.420616,64.9548,61.939926,77.74765,63.22084,75.86376,25.246437,82.99028,34.328545
1980-10-01,70.4598,53.78998,47.74393,55.748837,70.42883,44.929504,55.747204,28.261312,85.770485,37.31083
1980-11-01,73.4046,50.36932,39.579323,58.8566,81.37366,51.5166,36.437332,33.06556,77.449425,47.189846
1980-12-01,63.2078,41.948853,30.97796,55.121414,74.17706,22.394526,39.0399,39.47991,77.07623,22.932316
1981-01-01,54.171215,48.41554,44.020813,39.521008,52.828613,24.565588,44.25264,42.53144,80.75641,18.62645
1981-02-01,49.99164,62.01001,38.827194,40.85027,54.531467,17.655773,36.192024,32.92308,77.97947,20.82465
1981-03-01,59.618347,62.50202,46.240692,64.2916,79.46884,28.748503,43.15354,42.2796,73.52303,36.88584
1981-04-01,62.06505,63.214184,30.806602,43.587173,70.400856,23.479832,39.267498,21.355019,77.88774,22.132225
1981-05-01,57.198326,58.43919,41.966045,65.01044,74.552086,44.951458,50.623745,22.570866,75.47773,29.966017
1981-06-01,78.4548,46.422485,42.759933,56.129246,56.88978,62.677143,66.85839,13.297737,80.44452,25.90152
1981-07-01,73.74986,47.099625,86.68554,57.044884,65.25728,71.07633,77.600876,24.243698,80.01756,44.98148
1981-08-01,74.380295,43.87571,81.22006,57.713684,64.96874,67.11357,82.97295,22.615898,82.4209,44.641243
1981-09-01,76.30664,34.814396,70.2174,52.85363,71.65006,77.66926,76.50344,19.875652,80.216034,36.765755
1981-10-01,75.172516,46.005527,45.6803,52.359955,73.212814,52.56843,60.188744,27.210764,79.71735,28.053019
1981-11-01,69.76375,41.07042,38.243454,60.96095,62.158447,29.624113,38.872223,23.401443,82.40422,29.92599
1981-12-01,62.657127,48.447227,32.255947,69.98891,79.89414,28.538357,46.40914,38.88056,83.84189,27.255796
1982-01-01,58.30989,58.576912,39.172607,56.820343,57.904526,19.102352,32.55491,49.906666,81.62626,39.224083
1982-02-01,45.275562,63.11311,48.12275,43.18923,54.495945,18.491093,53.79782,51.35117,82.679886,39.45411
1982-03-01,50.862164,64.64287,49.454655,31.744184,65.34743,28.729706,40.813362,56.162434,80.68363,24.78225
1982-04-01,62.18818,40.6895,49.77637,61.15386,71.73189,21.82407,38.451965,37.983868,83.6209,25.038013
1982-05-01,72.67612,48.875565,53.09487,72.90132,75.30132,38.792984,44.57583,23.184929,72.95923,30.547401
1982-06-01,73.916336,40.977436,48.796745,61.475574,63.96083,48.17744,66.19515,13.726475,79.27934,31.044453
1982-07-01,75.47022,34.940434,74.46647,67.72813,69.682556,58.058952,78.426796,18.494308,80.897575,33.672874
1982-08-01,75.00534,39.08092,81.652,63.56512,69.84502,68.91043,83.64825,26.949007,78.36084,44.252506
1982-09-01,61.954933,37.72167,59.061096,60.838577,76.62518,54.000504,72.79355,23.733456,82.73457,44.205856
1982-10-01,69.20319,57.148495,53.252514,59.831608,79.144226,49.140984,55.3501,34.32596,82.83913,35.384403
1982-11-01,73.93242,60.782276,43.25197,66.25145,79.401596,56.94903,44.685215,40.671806,83.04181,48.661625
1982-12-01,50.836426,42.15331,32.31523,57.85627,80.48256,20.324875,21.310932,44.63213,81.66165,37.026764
1983-01-01,39.77332,49.74947,31.491322,68.48755,77.409454,11.676598,35.1084,34.892426,81.991196,25.116245
1983-02-01,48.8488,44.785393,43.108833,47.770557,55.7358,21.679945,59.557648,44.572624,82.69509,39.41177
1983-03-01,52.712242,56.70526,37.34167,41.312294,59.338478,16.306324,37.314476,41.798626,80.23785,23.412493
1983-04-01,52.691444,63.022743,48.421665,47.701767,64.750496,23.668455,33.81578,37.184895,83.2982,37.524044
1983-05-01,63.75224,48.904793,54.72955,67.59968,72.331795,27.578289,44.51343,17.542946,82.407135,40.09967
1983-06-01,66.321465,40.705982,56.585278,59.173702,68.46516,48.055317,65.84313,13.898674,81.020134,28.851704
1983-07-01,78.39331,33.467033,79.23319,73.04849,63.669052,74.45468,79.38997,18.155655,81.098526,33.275063
1983-08-01,83.14942,42.148975,85.03235,71.5687,70.04413,78.77406,81.58325,39.09662,75.41135,52.825825
1983-09-01,77.7918,41.742634,67.26693,72.46617,70.65843,64.28656,81.31289,20.884861,80.39462,30.976196
1983-10-01,69.093864,33.156677,43.28001,53.798485,72.77173,50.66934,69.02507,20.556908,79.10361,33.535824
1983-11-01,57.8331,38.816658,25.16264,51.88356,65.801544,57.284378,61.154217,20.40173,82.176765,33.459038
1983-12-01,76.37761,50.555756,36.24103,51.386032,76.00806,25.367409,32.67035,41.19871,82.581505,38.22954
1984-01-01,72.04065,54.22515,33.272682,53.039967,73.18152,11.417381,51.715252,41.724915,78.7348,25.698673
1984-02-01,70.51732,56.3854,34.864967,43.039776,73.6395,19.411621,41.713425,39.310226,78.44261,11.665249
1984-03-01,55.983227,68.585236,33.72082,43.721012,67.40662,37.373222,34.175526,36.59678,78.36546,22.26624
1984-04-01,66.64003,52.736282,38.67003,42.4833,70.2005,24.97476,37.816437,21.314152,82.216484,20.00093
1984-05-01,62.644547,47.29626,23.377554,71.62042,66.33963,28.244684,40.28037,18.42178,79.65898,29.630135
1984-06-01,80.49288,37.599754,59.440285,69.778625,65.74211,57.595207,70.939186,14.449284,74.80991,28.581198
1984-07-01,77.67602,27.970549,81.36125,60.66979,74.24194,60.571297,80.20726,22.499336,84.245415,34.22641
1984-08-01,71.16408,35.193275,85.97723,51.567516,62.114334,55.845337,79.507965,29.319885,74.517715,29.492245
1984-09-01,71.4612,38.438576,66.09832,51.26219,72.29837,45.582504,71.27406,21.603062,80.90327,41.186493
1984-10-01,62.028973,41.816837,36.430984,52.921776,75.52398,39.996384,61.50861,18.428345,81.38259,26.96265
1984-11-01,69.07934,59.686512,35.761242,66.93386,80.12846,33.024815,40.96981,30.4312,81.36453,31.447306
1984-12-01,54.44183,48.75886,29.618643,59.932743,66.96012,25.089666,42.521053,45.713825,80.17771,33.76022
1985-01-01,63.492424,58.11137,33.890057,63.15283,77.64394,17.084099,39.563133,55.70958,83.22843,24.71109
1985-02-01,57.314056,46.707798,26.057995,38.637856,55.30108,14.227875,42.411156,21.13794,81.31554,13.967026
1985-03-01,54.908985,59.517334,29.163586,65.239624,72.1825,25.95628,32.667835,27.819962,82.46393,24.028614
1985-04-01,64.101074,46.123756,42.10273,67.25752,75.68511,26.584616,36.57238,24.194311,76.96639,32.406982
1985-05-01,63.38907,41.33002,29.49334,64.916435,70.02351,35.599525,39.597584,21.096924,82.42127,25.593714
1985-06-01,81.95371,30.68275,56.83501,54.74657,61.297348,55.62263,75.0092,15.671574,79.8341,29.90184
1985-07-01,76.02635,40.401463,82.07675,60.506596,66.42248,57.94403,79.03023,29.393265,82.58861,43.721966
1985-08-01,78.63321,44.901535,77.53403,65.82039,71.88392,68.010544,80.20815,24.27306,78.76117,46.54702
1985-09-01,73.606514,26.865152,69.08347,69.05231,75.65558,65.08377,77.63082,22.82608,83.722244,32.689163
1985-10-01,65.933586,45.923607,41.922264,61.733738,78.03932,42.637554,58.97595,27.52466,81.561615,35.569996
1985-11-01,64.247086,51.147167,35.69796,64.46364,69.152374,36.875885,54.078857,38.46395,82.84126,40.645905
1985-12-01,63.94686,60.089893,35.26813,67.17714,84.29316,31.908253,24.688122,42.71138,84.24558,21.635029
1986-01-01,50.725025,43.75403,24.359894,47.631542,69.0973,13.698368,31.247238,33.035095,80.28862,16.827934
1986-02-01,58.6408,55.589962,42.58618,39.99953,55.598164,20.361,42.03834,52.43087,78.29409,39.843708
1986-03-01,58.539104,65.00983,49.56046,55.178265,74.02128,27.679728,38.36258,49.089714,79.82279,26.959665
1986-04-01,64.8048,55.64245,38.45607,66.11043,79.43077,26.123146,35.552856,36.07937,79.79655,27.97169
1986-05-01,58.09296,49.294743,38.721786,72.105484,72.440094,25.765574,43.466988,19.045532,79.124054,23.090351
1986-06-01,76.53412,34.04876,54.51725,61.85894,71.400185,70.44064,63.171127,25.516258,81.71234,37.011024
1986-07-01,71.974266,35.85794,76.140465,59.893936,70.18477,65.16729,79.46194,22.749182,77.846306,45.94374
1986-08-01,69.369576,36.75023,77.68392,60.969933,71.56093,65.01967,83.195114,26.032932,76.40946,51.513977
1986-09-01,76.48491,34.158653,60.6058,53.35268,81.400696,54.556614,72.581154,16.148876,82.60791,36.110535
1986-10-01,75.77305,47.036137,47.393707,42.03834,75.50897,37.61299,60.471302,22.760664,82.89167,27.802746
1986-11-01,66.36138,53.874275,29.385572,56.037746,59.679066,42.819096,47.67419,36.256516,82.775215,27.771582
1986-12-01,67.81955,51.756733,22.393253,72.57131,79.95401,24.840483,36.591125,48.336845,84.43021,27.76666
1987-01-01,51.845924,37.307552,35.31555,50.620205,78.137085,29.562857,31.68819,28.653606,83.711464,31.206255
1987-02-01,48.51415,51.420216,44.991203,50.989685,58.00666,14.168247,29.948404,30.023909,77.58929,20.900879
1987-03-01,43.818493,66.74735,47.895664,32.55407,63.173004,25.061584,38.20556,40.311615,81.20541,30.41267
1987-04-01,51.784878,57.64521,34.748478,47.877995,74.406906,27.71062,31.619114,26.95559,78.03748,29.61587
1987-05-01,61.121567,37.248116,47.254692,66.32807,64.16097,45.85226,34.661728,20.343441,82.14036,37.265785
1987-06-01,75.55713,33.987022,49.892483,62.427612,70.6189,60.170547,64.43728,18.155457,82.03433,27.731504
1987-07-01,62.180218,44.408062,68.21083,65.30476,66.42606,56.01627,77.696915,21.402092,85.36129,42.693977
1987-08-01,79.51221,40.080284,73.93782,64.925644,71.53779,70.906456,77.38045,28.589348,82.2737,44.81128
1987-09-01,72.196434,44.25063,59.593834,52.650757,71.88318,56.552822,71.02373,24.618204,85.15727,37.482655
1987-10-01,79.04473,46.14624,35.987053,62.016357,73.61332,51.203346,60.390633,28.422277,83.027115,32.64242
1987-11-01,65.63248,47.69004,16.467075,49.82662,64.57704,45.436188,59.303066,22.078407,76.93064,36.9702
1987-12-01,65.7626,38.67464,12.699951,44.32774,72.557884,32.947647,56.385754,18.64703,72.16912,28.37087
1988-01-01,45.267204,56.626568,32.324856,58.514095,74.679405,21.72604,25.12652,31.943768,74.93021,23.450708
1988-02-01,56.926228,56.817112,31.756481,34.34267,58.606926,25.361036,34.77587,49.698578,73.99052,28.219198
1988-03-01,54.983326,60.41465,38.81313,39.609505,65.07891,16.54226,39.13559,31.850939,82.89398,16.286575
1988-04-01,67.57227,57.0272,33.601665,58.041805,75.02792,27.730625,36.865345,27.647566,79.03424,32.745033
1988-05-01,61.847805,53.872635,27.33325,57.512516,67.433846,41.42212,47.174274,14.584705,75.87315,24.791033
1988-06-01,77.10437,35.34262,54.01595,61.549774,60.41628,44.609257,71.958046,10.20219,78.80461,24.188457
1988-07-01,79.00981,42.04261,84.42485,65.96812,68.1097,69.10965,79.20524,35.464764,82.95912,44.8568
1988-08-01,84.25059,42.630527,80.11073,61.3462,76.24448,73.05408,77.66949,29.268007,83.26692,40.03945
1988-09-01,79.48535,42.60447,68.00548,55.802505,73.9954,65.16849,78.53426,20.555088,79.59936,37.474434
1988-10-01,66.46158,45.85512,36.450058,49.962406,53.320545,40.52477,59.1069,21.02575,76.80145,31.44705
1988-11-01,67.806786,41.080116,31.903053,49.55526,74.30809,33.339462,44.167908,25.46038,78.369774,26.869104
1988-12-01,56.71451,45.548946,28.054712,61.435772,79.38275,24.339914,35.945198,36.580345,78.863235,19.877598
1989-01-01,47.369934,62.170677,26.864702,53.455265,66.16138,20.782627,23.171839,28.995136,79.89446,14.951191
1989-02-01,28.90074,59.22648,38.71311,42.77542,64.932594,10.970257,28.075583,36.74543,77.038155,22.107435
1989-03-01,54.70032,55.950264,45.955612,41.43759,39.8833,28.71032,38.13859,38.83843,80.153244,34.182068
1989-04-01,60.7531,45.37133,30.396439,50.0049,67.82634,26.627083,28.868189,32.15905,80.48363,32.82471
1989-05-01,65.71869,44.842384,25.735197,60.28112,71.974915,28.773792,40.446426,17.529198,80.32902,19.789833
1989-06-01,81.49758,29.144869,58.20602,56.305065,67.85075,53.91911,72.07094,13.730545,80.33227,27.387138
1989-07-01,80.267166,35.101624,75.40574,59.853077,69.53199,71.693344,79.00095,19.522919,79.28577,48.414806
1989-08-01,76.40667,37.023735,77.73311,66.646385,74.097206,64.25717,85.93748,23.886324,80.77984,35.42062
1989-09-01,80.11744,31.983278,62.318783,58.734966,65.744736,68.0428,77.47596,18.525246,84.07233,36.983047
1989-10-01,81.048386,37.96119,40.09488,55.567795,72.21904,41.767982,59.156494,21.770538,80.52595,35.158585
1989-11-01,64.50781,40.072098,35.43364,70.257866,77.68591,32.54152,30.930267,37.821224,83.601974,18.705902
1989-12-01,59.20044,62.418064,32.014202,62.22439,74.11511,43.226246,26.776815,45.91818,80.906784,42.32785
1990-01-01,42.629562,61.5153,32.428047,41.005775,56.340813,28.833107,18.174446,44.936615,79.18198,30.705952
1990-02-01,37.06838,63.755177,52.708183,53.72571,76.81101,26.473618,46.920883,44.36641,84.68089,33.452133
1990-03-01,56.853672,59.1722,40.271713,42.73934,69.28195,23.75693,51.366222,28.613543,76.68976,21.24178
1990-04-01,60.250355,67.23706,35.015297,56.606255,68.99357,18.813473,33.14409,24.094467,83.64862,21.012386
1990-05-01,74.135284,43.556973,52.863842,49.942337,63.00145,51.78405,57.143692,15.918182,67.79253,24.117407
1990-06-01,73.63881,35.22175,58.683914,48.334938,64.72191,44.61055,79.71613,13.303085,75.413345,22.685328
1990-07-01,80.47641,42.255974,81.22195,49.198444,60.37816,55.99672,79.96683,21.723507,80.655014,39.168976
1990-08-01,73.90425,39.013317,83.838684,59.704723,65.17415,65.08403,82.549164,22.763977,78.58227,37.219124
1990-09-01,72.48528,25.003853,79.665344,48.52337,71.143326,64.286064,79.14593,24.797398,81.07612,31.012358
1990-10-01,77.06827,43.304638,42.667248,58.695385,77.494286,53.555305,70.23067,21.962734,86.21292,29.00843
1990-11-01,65.12663,36.250748,33.194885,58.931335,74.05827,43.571716,60.615746,28.372679,78.056305,36.542408
1990-12-01,61.76436,54.24185,35.02185,67.89084,73.615875,42.35265,33.61599,37.42394,83.56833,25.280766
1991-01-01,56.413765,57.74237,33.074104,49.355328,74.79175,21.218834,49.924023,46.94372,80.844666,23.574394
1991-02-01,45.7338,55.87144,41.520493,26.533266,56.16815,19.756706,36.36266,42.919983,78.1858,33.895008
1991-03-01,62.24085,70.84878,42.321617,34.847782,65.19148,22.44854,35.25164,48.21299,77.73413,33.50104
1991-04-01,68.28552,58.705036,44.438156,41.868305,72.838394,25.620054,43.97661,25.900282,84.70191,25.855776
1991-05-01,69.11467,52.937294,40.757286,65.071144,74.79999,31.452084,47.106915,19.636372,81.96392,24.830473
1991-06-01,78.84845,45.62665,53.969193,52.20211,56.51926,44.55849,76.06266,14.346664,80.67487,30.835583
1991-07-01,73.96919,38.855038,71.82628,66.02227,61.052353,63.648582,82.239204,17.244549,81.5782,39.957813
1991-08-01,79.23747,30.350954,79.48968,55.90111,69.442696,64.79092,85.519516,24.0821,81.73809,38.400078
1991-09-01,62.165024,47.969025,72.490585,49.52017,71.53946,61.87985,77.17698,25.382685,80.77213,32.246613
1991-10-01,77.392914,41.71995,39.608353,49.024,70.96252,40.61223,75.456055,25.433786,85.32006,30.436672
1991-11-01,65.8393,50.838886,37.15719,48.399258,75.87804,50.016335,54.99779,35.587914,83.69474,40.45728
1991-12-01,50.988888,49.7938,38.45118,54.05326,74.07799,16.25386,30.965807,44.80575,82.99417,28.516289
1992-01-01,36.6815,55.602833,38.73961,57.39862,74.75734,15.489933,23.097328,50.145847,83.483665,33.765167
1992-02-01,54.741375,49.86733,31.668198,22.959688,25.769146,15.821884,50.777367,35.956062,81.017494,26.836254
1992-03-01,33.502846,63.378635,41.16206,42.708473,55.942883,16.911663,30.55413,34.976395,83.056175,20.493519
1992-04-01,59.56198,62.347153,44.72934,33.459126,54.294453,24.847773,31.302238,34.07931,80.26776,28.40696
1992-05-01,63.491985,62.811886,39.82777,46.72106,70.41119,18.725262,41.27055,23.238205,85.642166,18.0905
1992-06-01,74.40596,48.497414,49.208282,60.99505,61.382057,47.914474,60.735962,12.317753,81.75103,24.203299
1992-07-01,81.35916,39.03756,80.66935,68.754654,70.81277,62.382774,76.206604,18.586002,80.91224,29.430347
1992-08-01,80.16575,47.69911,82.78252,56.214924,66.83418,74.11287,82.35017,27.16173,78.96262,42.24536
1992-09-01,73.68538,40.90783,59.03895,61.633045,74.43834,65.708786,72.62475,17.356964,79.58766,38.623024
1992-10-01,71.61594,36.553577,45.43373,51.410507,53.884773,50.664017,64.39878,30.654526,84.813095,35.494568
1992-11-01,72.99556,32.557182,31.083635,51.276108,81.27496,40.828487,68.90201,23.171814,76.138596,40.117622
1992-12-01,49.01235,59.056767,33.080215,54.783474,78.73268,24.35875,9.6054535,47.619762,81.55186,32.24466
1993-01-01,36.40121,52.874203,40.19606,53.945038,62.92698,20.925858,28.257795,42.994865,79.387245,27.759771
1993-02-01,48.07694,63.81642,31.666,45.442024,48.57974,22.044424,29.320671,46.00847,75.08641,20.857437
1993-03-01,57.4328,62.683537,43.659958,22.972054,58.085163,14.497681,40.30426,38.977253,79.65774,16.812778
1993-04-01,61.36926,55.224308,40.242203,39.136368,66.22699,28.642849,34.149757,30.786104,78.7492,24.883003
1993-05-01,67.31532,57.073204,35.152172,59.856094,65.13388,24.914825,41.50397,18.663265,77.46674,32.199028
1993-06-01,77.56858,47.51368,57.003193,64.95726,63.14178,55.43752,70.16186,14.995708,76.232025,33.610367
1993-07-01,77.76588,43.32582,79.81526,59.576054,62.89993,57.684196,78.57417,19.85025,80.03324,34.787804
1993-08-01,74.968666,42.896214,72.22715,63.36454,68.3591,60.31434,77.71019,21.557537,82.81295,37.139496
1993-09-01,75.56853,39.58984,68.4848,69.667015,66.503845,57.74625,74.27971,25.474905,81.20591,31.10274
1993-10-01,77.17716,43.591537,33.273045,57.16867,75.10073,57.60305,62.7615,20.852665,83.143906,38.079857
1993-11-01,76.30522,63.875294,25.971338,47.93533,76.53434,44.01478,33.03756,27.85683,76.56298,30.014406
1993-12-01,68.79189,48.721348,16.935299,50.377716,81.75485,33.204628,17.956802,29.742321,77.675186,19.597263
1994-01-01,53.521477,55.082047,37.44667,55.11751,77.18148,21.42506,26.89027,34.072426,75.20014,13.718956
1994-02-01,59.157578,59.78793,44.24997,31.389797,64.56152,8.303722,47.13895,30.846502,79.62712,14.500851
1994-03-01,52.21563,61.22436,38.639664,29.711544,63.64743,22.395578,37.570805,38.952423,77.18309,20.509357
1994-04-01,70.113785,48.34807,39.98259,54.579052,75.472595,21.420223,40.53556,26.688751,81.41339,26.172861
1994-05-01,63.950516,44.11777,36.555145,75.28558,78.559875,22.838923,44.814224,20.49001,79.76254,27.965578
1994-06-01,76.19807,51.485325,49.50076,62.283546,65.270874,55.610832,70.35078,14.491177,75.9498,24.799303
1994-07-01,76.47697,46.86166,85.4857,64.68566,63.441074,64.106895,81.38437,28.481468,73.20268,30.996431
1994-08-01,76.5205,44.19193,82.64185,66.9314,73.197845,65.69809,82.670876,33.935394,78.559875,39.9971
1994-09-01,68.38233,35.603973,63.52007,51.16773,79.11285,46.058807,75.6725,20.702816,80.67019,24.068996
1994-10-01,77.8876,53.92452,42.70552,51.86418,77.486176,49.099335,72.81093,32.698868,82.185616,35.168694
1994-11-01,75.37587,48.099796,38.678356,66.696014,80.40902,43.58415,51.393433,34.156258,78.006905,39.566654
1994-12-01,50.02955,50.93719,36.068275,74.97928,81.31183,7.479912,20.962372,28.658806,76.82036,13.498089
1995-01-01,54.12618,46.412582,44.100597,39.193264,68.6743,12.209362,42.867325,39.693977,75.85337,16.904175
1995-02-01,59.53101,53.636734,45.33226,27.304892,52.789864,15.353729,41.53423,48.333336,80.00561,20.270721
1995-03-01,51.6548,59.41026,44.678596,30.099882,54.17448,25.920275,45.403103,48.101494,80.30507,34.39702
1995-04-01,70.408295,44.09094,45.314552,46.103462,74.05176,34.19738,33.36017,33.305428,77.5294,29.333513
1995-05-01,67.82582,43.38575,31.257484,62.366253,70.61759,38.312584,48.809902,17.123138,77.24926,24.102566
1995-06-01,79.00578,44.509544,43.049255,55.99058,62.78486,36.407932,61.184498,15.947823,81.34354,22.687359
1995-07-01,78.553375,41.58092,80.48218,62.17627,62.93781,64.54783,77.01259,32.828865,80.697914,36.417595
1995-08-01,81.32904,37.626717,87.29255,56.94371,72.06983,73.697556,79.57896,26.878237,77.69202,46.531727
1995-09-01,70.472694,35.22779,59.115623,53.28414,72.37573,49.40883,73.60579,21.536196,81.44658,26.32761
1995-10-01,69.91402,42.783604,51.685394,63.98915,73.04228,57.97573,76.70024,28.860168,79.83012,32.79666
1995-11-01,64.97287,36.441742,30.660168,41.3845,66.95319,38.15802,63.552834,20.91473,81.95534,36.531906
1995-12-01,46.97126,48.107933,44.804176,57.933872,67.851585,15.105785,22.020811,61.21026,83.39148,17.702744
1996-01-01,58.2891,48.414143,39.022858,53.041264,63.57079,27.347033,40.80277,48.52861,84.00107,32.220825
1996-02-01,55.103317,55.06301,40.546425,33.83468,64.009315,21.617138,30.297426,47.696697,80.26228,10.476578
1996-03-01,47.87082,75.11441,49.72167,31.45985,65.22011,23.132643,36.627075,53.24763,75.96245,24.340208
1996-04-01,65.1798,59.23548,33.152702,37.90235,67.336975,18.745743,37.77176,26.621525,75.004776,23.65662
1996-05-01,55.80464,42.02323,35.82418,68.15599,68.20113,29.942734,40.348118,23.250336,83.1095,34.669815
1996-06-01,73.63599,46.73258,67.656204,53.19604,72.54612,71.35951,71.188614,22.457115,75.325615,51.377438
1996-07-01,79.40781,42.476273,76.91689,50.7406,68.05281,67.84,76.913666,21.241486,82.11314,39.31951
1996-08-01,80.52992,32.132156,82.571014,40.288464,71.456245,68.942764,80.54927,26.176548,79.006355,43.21629
1996-09-01,79.24658,43.00347,69.2765,45.795868,71.16282,63.848095,70.35025,22.676378,82.61454,34.28288
1996-10-01,61.30721,44.567345,43.617737,57.22502,67.91738,54.985622,72.8863,20.936775,81.17642,28.149927
1996-11-01,73.790764,45.852295,20.72557,56.23027,70.950005,42.558495,48.456062,21.617138,79.9608,36.083748
1996-12-01,57.49749,35.50012,20.332184,26.964931,60.862232,35.25022,37.421906,21.11412,75.35141,33.1398
1997-01-01,57.743042,52.65503,26.970882,27.348566,52.97829,35.38878,38.27336,40.43226,74.38917,29.644358
1997-02-01,52.094276,50.86392,37.193085,17.725052,42.391598,10.519371,41.692307,32.02591,79.59263,15.267632
1997-03-01,52.801815,62.166397,46.09752,37.97319,63.44623,27.41289,37.475113,44.492775,82.5069,23.951061
1997-04-01,58.084442,53.45493,46.81495,59.108643,74.34793,27.711407,39.757706,37.029808,73.60411,20.443054
1997-05-01,58.881042,51.037094,44.345985,63.987194,72.33252,27.163849,37.988037,19.857563,81.27818,27.851595
1997-06-01,74.05106,48.777588,69.79924,64.785446,60.215305,66.152695,65.96303,24.277618,82.31888,24.124235
1997-07-01,79.36008,39.254677,79.65035,63.287903,62.641388,60.030586,79.4244,25.923594,75.19731,27.553078
1997-08-01,73.78554,34.102345,76.15389,54.67869,71.06423,62.511093,78.771286,26.65752,75.50078,30.213356
1997-09-01,75.6756,37.915466,70.077965,63.761246,75.72013,48.637398,74.377625,18.45898,79.943924,26.086872
1997-10-01,77.0379,37.508095,66.12795,71.44191,79.49532,41.27174,51.3686,35.878613,83.80982,38.566933
1997-11-01,79.683334,48.355373,35.459698,72.61125,64.091095,49.64016,55.605583,56.710598,79.930725,40.9089
1997-12-01,75.100006,54.525307,40.834682,78.865295,83.88569,29.269972,63.144417,51.972233,80.46674,23.09179
1998-01-01,55.617374,62.937416,29.279425,78.25813,75.98993,16.819988,34.579063,44.811596,82.5963,24.554686
1998-02-01,43.632065,57.528748,44.737255,50.780296,63.580048,24.866915,49.32488,40.51142,80.940994,38.45137
1998-03-01,54.158653,48.599648,45.42119,40.058773,62.418686,14.161907,46.916252,44.1987,79.04118,25.62849
1998-04-01,63.444584,52.177895,41.159008,56.020466,66.46776,28.856512,43.376003,25.996887,71.4849,21.764446
1998-05-01,65.66488,51.916878,31.53111,60.618,77.21571,24.779358,41.056583,15.974159,74.53781,23.62956
1998-06-01,77.3264,44.306084,49.344704,58.44396,64.19625,59.57228,67.25411,17.34037,81.95532,23.556873
1998-07-01,81.34738,44.319298,83.549515,57.19504,68.52616,67.75963,73.971176,25.36582,83.929474,39.460747
1998-08-01,79.48723,48.37663,79.925,62.5112,67.17647,73.31698,78.95528,23.725378,84.60184,56.559017
1998-09-01,79.024666,42.449226,71.28171,49.075428,68.195755,55.987423,79.809364,23.755114,75.59509,31.526155
1998-10-01,67.10048,38.34729,46.96251,53.47637,62.1395,57.280945,70.39788,18.850304,82.48892,41.59514
1998-11-01,61.726498,47.07154,31.630232,50.580406,64.37797,49.010998,59.149364,23.302464,78.67609,31.397299
1998-12-01,65.64836,43.447037,17.624516,39.9167,79.43271,22.263351,11.024746,20.794716,72.08954,19.587101
1999-01-01,44.789948,52.623253,44.03183,40.658794,63.03546,8.05167,25.760118,40.02021,76.521065,13.252041
1999-02-01,52.281036,46.455177,32.83367,34.716682,69.909256,24.366693,33.467346,53.47961,76.21814,20.41893
1999-03-01,54.232815,60.77913,32.0117,31.859423,58.23789,23.485773,34.90007,35.042522,77.32503,31.558142
1999-04-01,58.994366,51.336258,21.956444,35.022873,66.98486,16.395844,26.431452,17.61898,79.76311,20.017765
1999-05-01,77.82115,44.9586,39.79916,53.703934,69.36564,36.473606,50.558495,14.19191,78.718445,19.51836
1999-06-01,68.67793,42.500866,65.82886,56.10436,57.219425,52.32197,72.800896,15.153061,81.78857,22.182407
1999-07-01,79.078674,48.528122,75.40763,56.0798,63.47101,66.12523,78.61693,24.103073,80.56871,34.941
1999-08-01,76.98772,33.87342,79.24733,61.643673,63.29908,61.08532,80.90437,21.99083,81.87044,37.20716
1999-09-01,70.21709,36.58495,74.348236,52.741146,72.638794,59.906395,80.25597,24.45675,76.747025,29.41315
1999-10-01,82.3813,40.02512,47.123238,58.529343,68.944824,52.413666,74.1452,22.472225,82.47955,43.03957
1999-11-01,65.588165,57.938244,30.700146,58.398354,69.39511,43.57827,40.205235,35.926716,80.459,29.58999
1999-12-01,59.21214,32.864784,18.33125,65.33109,77.2628,32.927002,27.014364,15.927547,78.43518,22.820992
2000-01-01,56.8768,44.69159,31.395433,37.057213,74.04954,13.74921,27.060421,47.858772,79.97232,11.358345
2000-02-01,55.56676,46.76791,40.54062,22.459385,55.51155,14.629261,54.238316,30.048584,79.055466,16.471348
2000-03-01,59.346302,48.34899,33.811394,41.823887,65.17874,11.860275,32.186813,20.64574,77.66679,10.376232
2000-04-01,64.0427,43.408318,27.17252,32.29389,70.765236,27.659393,35.859276,15.584602,77.81235,30.93533
2000-05-01,67.710144,43.520416,47.78181,63.88376,71.762405,38.211655,60.090836,11.808407,70.745155,17.886795
2000-06-01,75.6942,40.527233,62.565353,59.035107,67.109505,58.765736,79.06718,12.03595,80.64156,25.897614
2000-07-01,67.00745,42.31578,79.59421,61.454414,62.60718,58.20692,78.50668,18.678173,80.51608,39.924915
2000-08-01,76.6897,38.318733,79.08391,58.36921,67.838974,66.743095,81.97336,22.333904,83.46744,47.537537
2000-09-01,77.44594,46.227497,66.08054,57.597908,72.388145,67.0911,73.53255,23.920006,81.26563,40.29969
2000-10-01,67.01749,59.8131,29.111647,54.479244,67.4023,61.066254,56.70447,23.752695,76.8386,38.992996
2000-11-01,66.232796,47.433804,33.337906,57.02738,76.12251,30.095432,38.09956,37.329933,80.90759,37.58759
2000-12-01,42.14345,53.077183,22.446003,51.35054,72.32289,17.50867,11.062202,28.07767,81.97168,23.896582
2001-01-01,61.28549,55.95492,22.953613,35.607018,64.16172,32.539932,26.363905,29.601757,80.12663,15.624084
2001-02-01,57.95556,40.222713,27.053665,41.14686,43.925983,15.917065,23.085873,27.281351,78.64834,9.849857
2001-03-01,56.66477,45.961777,38.20868,34.9859,51.56691,17.551056,43.862366,33.591312,78.80571,22.071323
2001-04-01,71.58668,49.2147,39.904617,46.50421,74.032646,28.26744,42.298687,15.71114,79.97763,22.620453
2001-05-01,62.705185,41.28916,45.84961,66.13557,65.221466,36.27501,51.849846,13.864525,74.6839,22.237068
2001-06-01,73.84179,38.556908,73.65763,60.682785,62.613106,51.617138,75.54275,17.273144,76.21074,21.542286
2001-07-01,77.62375,41.963852,84.01239,51.2371,67.59712,56.01854,80.45812,26.2216,76.314545,38.074745
2001-08-01,79.93913,39.79747,79.39168,61.375893,69.59441,69.87902,85.555984,20.897728,80.39953,46.787148
2001-09-01,72.17432,35.558464,64.42289,41.488388,71.99518,54.987247,72.56105,22.71923,84.904724,34.80174
2001-10-01,72.42042,53.314747,37.982666,54.67418,72.998,49.703556,72.27309,16.938309,81.30358,29.816051
2001-11-01,69.81205,43.360115,19.74255,54.637344,66.19417,40.17416,70.95384,32.12641,78.82246,27.664738
2001-12-01,57.059875,49.055653,28.35952,61.163273,70.92873,26.005632,26.63847,37.97932,82.31311,20.849178
2002-01-01,59.341263,54.80278,30.396912,41.50756,52.84119,15.973358,36.8601,42.453144,76.63846,27.45285
2002-02-01,55.7316,53.738155,36.68238,37.448578,67.199356,12.278191,26.131712,36.001694,76.87988,17.202286
2002-03-01,53.937668,44.714844,32.16905,43.88829,67.2681,26.01435,36.11235,30.737257,75.41624,26.721865
2002-04-01,67.44414,64.15805,29.40941,60.082306,72.87791,29.139482,33.277264,25.120737,79.67306,28.292812
2002-05-01,73.608894,57.61439,31.528599,58.811462,60.342175,38.40422,44.47174,14.395702,74.52095,24.051085
2002-06-01,74.976974,41.861317,58.85338,49.281826,58.829906,57.604332,69.010056,14.756165,79.502045,29.657543
2002-07-01,72.6566,39.723686,74.97027,54.56135,61.735405,56.41229,78.74927,19.65511,81.99343,35.435013
2002-08-01,72.37662,34.06693,77.458305,55.495205,61.465477,61.76894,82.52491,22.300743,77.42813,43.080185
2002-09-01,62.786617,23.65206,61.356503,67.77777,68.87425,59.582687,76.65858,20.4146,77.049225,30.428766
2002-10-01,77.65614,38.667442,45.227875,57.807198,76.47751,48.034454,69.382256,22.329243,77.42645,30.25105
2002-11-01,74.10181,47.025158,29.406057,56.385464,75.55875,52.090084,33.713173,36.46946,79.072845,32.69717
2002-12-01,49.00016,50.098316,34.647026,52.65509,77.47004,21.975487,29.17972,41.588036,85.3164,32.76088
2003-01-01,57.99256,45.89973,26.884375,30.59344,59.28434,35.111465,28.908373,41.074745,79.87285,19.471039
2003-02-01,63.856724,59.72399,34.830086,25.608583,54.347446,15.00737,41.671074,40.87011,80.22617,14.815521
2003-03-01,56.929405,64.20844,38.03715,39.04755,60.628876,21.72206,41.28418,29.813257,74.37,15.630878
2003-04-01,65.16769,60.822323,30.332846,51.61201,73.02387,24.961096,31.878822,26.491085,75.92877,27.837221
2003-05-01,53.946163,54.122025,25.239277,63.771988,67.21246,42.986835,37.79734,19.234428,85.09272,19.859531
2003-06-01,74.7489,45.098763,51.77668,57.86786,69.89035,59.554527,63.688854,12.941807,81.81212,26.11858
2003-07-01,76.605034,41.469635,82.36688,70.24047,65.07976,65.674484,85.2446,34.110657,81.01914,37.13866
2003-08-01,75.06545,39.256985,80.15263,50.85581,58.87027,68.00544,82.75377,26.57262,81.47638,44.58717
2003-09-01,70.593796,39.240997,72.689735,57.584885,69.77364,60.64646,76.256516,22.08657,83.58351,32.334465
2003-10-01,71.90795,28.478313,37.635868,43.770214,61.93824,36.73738,72.027855,21.803595,83.46361,27.723711
2003-11-01,71.7241,50.38738,19.087345,59.708004,80.98717,38.994793,30.022692,25.826012,81.22538,36.615875
2003-12-01,49.511272,51.15957,36.273746,58.507355,66.2868,14.239979,41.52399,31.910797,80.793724,19.859531
2004-01-01,48.710358,52.052235,39.49947,46.159306,75.05792,12.727791,28.006989,49.01489,83.423775,23.45496
2004-02-01,49.74353,45.94406,21.828665,38.78996,54.21425,19.089474,34.416504,25.731771,77.328354,11.637218
2004-03-01,47.40135,53.182667,21.434847,21.699518,54.764317,21.691545,29.054514,19.832466,77.76204,15.643963
2004-04-01,69.3069,48.059837,32.987915,49.349712,73.31205,27.841171,39.655724,23.92212,78.16542,23.69412
2004-05-01,76.73045,41.42711,33.015022,46.27251,59.683064,45.28876,49.62076,14.505554,79.79012,18.564915
2004-06-01,73.78558,32.08229,63.613274,64.13464,59.177635,58.648293,69.16499,13.743431,80.83127,27.525478
2004-07-01,80.24134,50.158077,72.709366,65.223625,69.56041,63.31831,78.81913,19.674622,82.33798,38.730965
2004-08-01,73.48265,32.235355,77.67912,56.5086,61.554893,63.530365,81.83575,26.235603,80.587326,42.85251
2004-09-01,76.82771,32.657875,59.2733,54.4279,69.31487,71.58052,74.50307,18.778564,78.32805,37.377316
2004-10-01,79.0551,43.386635,46.17525,64.24785,71.673,49.187084,68.519264,24.972834,82.63614,26.302568
2004-11-01,70.872604,53.622723,30.082907,63.54631,81.66674,46.441517,30.806767,31.154348,79.53183,39.311333
2004-12-01,46.94535,50.68104,22.370762,58.565384,77.262985,13.945919,16.076046,46.10669,70.89174,25.70945
2005-01-01,55.917023,60.33869,35.5744,39.317825,69.62877,15.037769,33.241287,39.886837,81.59271,24.900114
2005-02-01,42.267235,59.402836,52.176865,31.868484,65.82828,13.017689,28.521254,48.920937,80.016106,17.493164
2005-03-01,56.609947,58.10014,47.26933,27.04247,61.972363,21.176258,35.0755,37.935238,78.97591,29.525585
2005-04-01,69.817894,50.461674,30.322855,44.60035,72.092316,30.291878,39.919445,24.629465,81.45249,29.429392
2005-05-01,60.806618,50.238308,39.03739,65.247856,68.31955,30.50057,40.726498,21.675163,83.06823,31.193495
2005-06-01,75.7216,43.75743,49.74266,51.31764,60.95662,59.952286,59.14197,18.570866,80.26719,30.164705
2005-07-01,76.830284,36.736885,81.64815,63.728313,63.519623,64.88428,78.94003,24.60175,81.08565,40.035202
2005-08-01,67.33967,40.899323,79.68839,58.38546,64.50276,60.219673,76.86615,23.709915,82.716064,40.10042
2005-09-01,75.24226,31.904352,68.172806,50.086678,71.27874,67.14076,79.41285,19.415417,75.45259,34.581486
2005-10-01,71.80536,36.948837,32.399998,62.440292,70.67549,50.41276,80.01936,19.809975,83.368225,31.516315
2005-11-01,75.20313,48.46931,28.641903,46.936726,70.84831,29.638084,37.201553,34.64344,79.386765,24.546314
2005-12-01,54.338787,43.517757,15.95895,24.810442,57.66482,21.1893,49.444298,32.197826,77.20364,21.45832
2006-01-01,52.548805,54.67142,24.571232,38.612026,64.48649,20.846088,20.130966,28.702694,77.87392,24.460712
2006-02-01,37.675865,46.88633,32.223053,27.551996,66.85777,20.774578,21.962658,33.0877,77.1653,19.13792
2006-03-01,59.019043,56.009026,41.0597,27.95344,65.68757,27.121296,38.195953,29.178902,80.714905,20.932228
2006-04-01,59.386356,40.289314,28.468655,48.35233,69.937675,23.119856,36.226116,25.235971,75.52539,20.803833
2006-05-01,69.99456,49.10646,42.532204,52.54393,68.3579,39.504307,52.56018,14.6602745,76.05523,22.801302
2006-06-01,74.6071,33.37375,56.97444,66.370186,62.575157,65.39177,74.07889,15.80122,82.75464,27.709648
2006-07-01,70.4919,35.712524,78.73369,56.901306,63.681973,61.832405,80.88719,22.282837,78.17622,36.801464
2006-08-01,70.44476,26.12175,78.35338,64.90256,65.00495,66.75863,81.955,27.483734,74.94029,51.13156
2006-09-01,77.33758,36.302505,64.61651,62.440258,66.6221,63.808746,75.63266,25.042562,77.7569,28.636057
2006-10-01,80.516624,49.446144,47.328403,68.04585,77.51311,54.125324,57.6018,26.632088,78.31112,35.376095
2006-11-01,78.86697,49.13084,41.501774,61.05552,83.35924,61.721886,56.51124,38.3146,75.36286,36.39352
2006-12-01,43.999832,53.278553,26.133125,72.70878,81.529175,19.918056,24.532225,44.555676,75.533516,31.987385
2007-01-01,39.426186,37.208183,25.823723,63.78863,61.51886,16.904793,17.042305,32.38552,73.42263,17.666775
2007-02-01,47.997288,59.410866,52.111355,27.925245,44.942883,29.255077,43.375233,42.132763,76.26834,26.750723
2007-03-01,59.134224,57.971024,36.1194,37.513947,44.650063,25.034237,43.17948,35.991596,75.548416,29.67894
2007-04-01,65.39511,55.858177,30.128689,40.90162,70.57207,27.617863,38.835686,25.16366,66.39329,28.240717
2007-05-01,60.06769,40.51011,36.98169,66.55022,73.6928,44.400917,51.469086,18.079315,73.11525,27.858915
2007-06-01,76.6372,41.286655,64.87094,69.052956,68.43495,69.64183,71.888954,35.074303,75.18118,31.861353
2007-07-01,80.45197,41.267242,82.26714,60.729374,65.6394,57.49701,79.65763,26.888235,82.85925,33.58431
2007-08-01,79.88574,31.122017,82.90617,70.620605,67.56781,70.60442,80.58463,23.621897,79.34863,42.43044
2007-09-01,81.789894,31.960037,67.81534,64.48428,67.058205,70.36661,82.911026,20.84737,77.56582,27.481968
2007-10-01,75.53224,26.357597,29.632025,52.428444,76.271576,58.57608,66.359314,20.963852,84.171295,34.368942
2007-11-01,66.06002,38.800095,25.977415,53.358677,68.69057,42.315575,48.340263,20.300556,83.40122,39.79666
2007-12-01,59.410866,49.64259,23.738379,48.927525,72.45842,41.639336,35.51758,41.589184,83.60345,35.43184
2008-01-01,33.024857,45.483917,32.585045,53.893406,65.11602,22.720036,23.373941,58.226776,82.21051,22.296822
2008-02-01,64.77247,49.31939,27.979494,36.921738,47.08051,21.717602,50.116024,28.845837,74.29393,13.631744
2008-03-01,59.1761,33.380024,30.364424,28.844177,66.52839,23.539907,36.01722,15.409237,78.28043,11.1455765
2008-04-01,64.60319,46.24404,36.978165,42.866634,74.32215,20.491112,32.107063,18.331898,80.11934,16.994213
2008-05-01,65.66703,46.605846,41.47584,56.51235,68.971405,52.60717,43.13052,16.046547,81.37736,31.254002
2008-06-01,74.06324,40.317398,78.53436,64.09533,71.143906,49.530167,77.407455,12.189499,77.17012,24.452719
2008-07-01,78.65552,35.68695,78.89949,63.454704,70.13317,61.967648,81.156624,18.862988,78.70531,32.360992
2008-08-01,77.81739,28.996864,79.85047,55.468426,68.20299,66.69933,81.29105,29.227558,81.754105,43.598545
2008-09-01,68.96477,37.804672,62.88212,43.28985,56.741383,53.39551,75.12708,23.48182,80.78984,30.53039
2008-10-01,68.84196,50.750015,43.02928,52.288517,66.299355,49.037247,60.21173,23.096779,78.026505,42.184513
2008-11-01,70.111595,46.456474,24.404589,54.630295,66.80223,38.128307,50.960793,31.84318,78.34184,30.882238
2008-12-01,58.147114,55.92981,28.065796,38.25444,71.89241,49.46378,19.599876,37.851143,81.05373,12.071663
2009-01-01,43.807594,52.89611,28.698423,34.221542,52.727566,31.719284,18.772038,42.998898,76.39531,32.563637
2009-02-01,42.5435,54.53133,32.722458,30.805246,39.7317,19.793037,34.451675,33.625153,80.60733,17.11575
2009-03-01,55.800285,50.18803,35.672012,31.080755,62.973213,24.693836,27.862175,31.42595,76.71133,15.931068
2009-04-01,61.858215,68.56926,30.233164,50.79577,66.478645,23.293608,31.547497,35.469433,79.32865,21.668114
2009-05-01,69.48654,55.63822,33.474434,61.79177,68.69243,24.264368,43.33599,16.245472,80.31076,22.441154
2009-06-01,79.82619,34.3674,42.736355,61.644295,56.693256,40.952038,62.10131,18.575943,79.79215,23.620975
2009-07-01,75.09393,30.539463,76.91877,68.747536,63.14176,61.97004,82.78546,17.41557,82.81788,26.473291
2009-08-01,77.01925,42.047585,81.555405,64.9277,78.999664,58.82439,80.86501,23.087788,80.91525,39.508053
2009-09-01,77.13756,45.669704,53.675636,52.781044,70.10076,64.67488,77.97704,21.559528,77.45196,31.455122
2009-10-01,70.97591,28.6417,36.6606,55.09045,65.255066,48.4734,51.28844,25.834763,79.63982,26.228577
2009-11-01,71.85429,43.715218,32.39671,47.428093,77.06949,51.194447,53.422817,31.878107,80.408,27.959414
2009-12-01,69.66157,55.646328,30.19751,48.358334,77.466545,33.009308,23.570736,44.45909,83.97501,37.48712
2010-01-01,56.80682,47.628666,25.3785,40.00018,57.931313,38.677055,40.97693,25.97604,80.734695,30.523256
2010-02-01,47.175587,58.157852,32.859245,33.550354,66.6728,28.834057,34.899746,47.812527,77.9801,32.96595
2010-03-01,53.208447,54.621857,29.23953,41.20347,60.375645,29.30191,35.845306,22.346478,75.777084,24.950045
2010-04-01,66.07526,57.88863,25.263588,58.285896,72.766396,29.715591,30.716965,24.73992,71.10346,26.750874
2010-05-01,72.749985,53.497364,29.965115,65.30535,68.99566,39.499493,46.420456,19.51801,80.11253,35.78128
2010-06-01,78.87969,30.592203,53.303658,65.81917,73.06024,65.216705,67.98279,18.081615,80.88244,31.406433
2010-07-01,77.7552,30.85814,79.40501,68.58854,67.4542,71.69772,82.52239,23.878084,81.36671,42.516743
2010-08-01,82.30406,29.945415,77.96861,66.329704,67.0241,73.71359,78.3035,22.41378,81.4652,44.828106
2010-09-01,79.56096,30.693981,67.63313,56.122276,68.82822,77.18721,78.00308,18.51828,81.67369,31.063341
2010-10-01,74.486786,43.580498,39.366524,41.69102,52.16111,50.233875,76.873665,24.242517,78.605545,33.771973
2010-11-01,79.35904,33.60781,39.97227,37.92849,72.300186,62.31601,61.969635,20.058094,79.82361,36.071846
2010-12-01,61.180027,27.441984,20.499683,30.820385,61.793983,30.8565,36.51179,18.22115,79.57245,18.876144
2011-01-01,49.73367,54.787373,23.493153,30.73343,69.38353,15.267857,30.730175,42.455944,81.353516,14.113514
2011-02-01,43.755188,61.913685,45.505424,20.683006,53.362762,9.431023,30.593412,44.106865,75.77067,16.845512
2011-03-01,49.660404,52.778267,33.581024,27.486946,54.683174,23.375927,29.289284,27.604172,73.629684,17.579796
2011-04-01,66.076805,42.02286,39.883503,32.70835,60.840748,25.85882,41.64188,26.016748,76.96083,26.628923
2011-05-01,64.158875,51.28853,38.595654,67.81401,68.75507,37.34688,49.508987,18.927887,73.48152,27.898863
2011-06-01,73.37732,41.755848,64.0742,55.86031,56.9365,59.580578,75.48575,15.446949,81.1093,27.280174
2011-07-01,81.08976,32.00174,78.01097,64.49426,67.986595,67.38744,79.29394,21.795017,85.66805,36.35861
2011-08-01,81.59285,37.48527,83.310524,68.35781,71.32426,68.26501,83.07119,28.589188,76.581474,46.12411
2011-09-01,75.42062,44.181755,66.24613,52.892235,69.714035,60.780506,75.71694,20.74813,80.54597,25.58855
2011-10-01,68.78438,53.07784,38.35469,54.98275,67.80099,68.18197,70.863495,29.71748,78.8576,35.173332
2011-11-01,68.445724,65.51672,30.220572,58.676968,77.03247,52.74896,36.176258,31.199076,78.69967,43.33513
2011-12-01,52.42822,38.567978,21.06887,64.178406,70.58183,25.642279,37.6432,19.012547,77.675575,21.685932
2012-01-01,49.0943,42.10911,34.32905,32.87069,46.287895,16.733063,39.432484,39.056137,79.721405,19.607597
2012-02-01,46.781044,52.74749,30.187576,42.72068,66.68704,21.755386,24.294128,42.430305,78.95897,17.1451
2012-03-01,56.103817,54.97477,28.393423,29.21588,50.82194,18.0,32.09366,23.414896,76.008194,15.938183
2012-04-01,64.743645,50.89332,51.053913,41.19095,68.84781,25.476711,35.73874,33.78399,76.10877,26.879913
2012-05-01,56.645634,44.540787,31.517778,66.63351,65.45904,32.42621,41.95825,18.313084,80.18049,23.116413
2012-06-01,75.63184,39.580105,50.473167,58.829113,65.08917,60.3848,68.23786,16.76875,82.036285,23.52034
2012-07-01,76.81605,34.04841,75.515045,55.235943,66.297714,61.922646,80.425446,19.013874,85.29041,45.423264
2012-08-01,79.7279,32.38079,81.46203,66.393425,68.6791,66.794106,82.00708,25.142538,78.407425,40.945995
2012-09-01,64.90587,38.752785,63.324226,51.086357,70.679276,51.58924,81.19112,23.101812,76.97989,28.750307
2012-10-01,72.31769,36.776947,40.592358,64.59116,81.48636,52.956753,60.14634,28.727596,83.24482,27.501215
2012-11-01,55.68367,47.084396,32.62736,50.377457,74.66015,26.510052,51.748215,43.009434,78.843796,23.267277
2012-12-01,59.44879,47.060062,27.17353,52.02399,75.395004,26.180746,37.26847,39.690414,76.44619,28.503733
2013-01-01,48.003014,40.55046,25.744871,44.738205,60.50205,13.09977,33.922935,37.121933,76.957695,16.3726
2013-02-01,58.52294,55.948338,43.171616,37.637177,65.325424,20.226482,29.109194,37.919674,76.015495,13.833305
2013-03-01,60.72837,50.70924,32.354736,39.614677,74.28518,28.569876,32.248802,30.279324,78.415146,30.70468
2013-04-01,59.91939,48.929165,44.203705,64.23715,60.408955,25.683878,37.810528,33.67254,82.036285,24.698336
2013-05-01,65.42494,40.83617,29.81705,66.10872,69.32858,38.544067,42.340164,23.24089,80.18398,35.425323
2013-06-01,82.82921,36.877953,63.461884,65.14404,70.59984,62.696243,77.41194,19.069195,77.07648,24.025793
2013-07-01,80.02507,39.765556,84.81313,57.497272,58.14574,69.052505,85.98808,20.393417,83.65424,41.560078
2013-08-01,80.198425,44.98058,82.492134,59.728386,71.54204,74.253075,83.681526,38.813725,77.78433,44.667583
2013-09-01,79.331665,35.041702,70.34462,54.116898,62.630432,64.867966,77.01227,23.703165,80.119774,33.473503
2013-10-01,66.970665,44.951687,58.134502,64.89365,78.397484,58.709137,78.95607,25.707954,75.72497,34.995155
2013-11-01,78.78753,44.856987,26.55064,57.42986,79.254616,35.52484,52.55833,43.434853,80.61736,44.038376
2013-12-01,48.235756,47.787926,24.82514,38.58901,73.33495,20.96323,33.052963,28.211935,75.49544,15.855755
2014-01-01,59.25029,49.807545,32.33335,37.966778,72.9202,27.183222,28.468657,46.189533,74.65201,20.725842
2014-02-01,54.06324,36.716583,34.76326,35.256622,50.50564,21.09335,28.10115,47.441406,72.65506,23.441029
2014-03-01,48.510365,56.264923,44.633923,50.357967,63.007584,25.52189,40.566177,42.135212,77.27994,28.153172
2014-04-01,62.71559,53.94745,42.771217,39.545883,56.488113,25.333942,32.303146,28.550884,80.419685,23.566887
2014-05-01,68.26679,33.15898,45.966343,66.40744,75.33501,30.277662,49.841106,24.879173,81.75882,25.169487
2014-06-01,76.25461,31.589947,54.450886,61.98729,64.26952,49.66994,70.17816,15.396156,79.70481,26.317316
2014-07-01,75.79984,30.72572,78.52846,57.86081,60.045715,68.03185,81.47186,21.739422,82.97378,32.29979
2014-08-01,82.80428,27.173153,76.41235,55.47621,67.22301,75.65385,80.17972,24.04683,83.37149,37.931538
2014-09-01,76.73791,33.44594,64.70583,59.659748,74.76277,70.06237,74.84835,21.168865,81.622894,37.396217
2014-10-01,77.53837,48.3694,46.934616,52.848286,73.17863,60.16654,64.84176,29.978958,74.553,42.220795
2014-11-01,70.22515,59.394608,26.067278,54.504585,74.878555,35.53016,35.79362,32.65219,83.695366,37.463345
2014-12-01,69.06222,34.98813,22.046516,44.46443,76.30831,22.4006,25.768574,24.379095,78.911064,17.628044
2015-01-01,51.81547,53.850853,33.714043,25.366606,51.316525,28.041903,29.956903,30.812239,77.900024,21.5667
2015-02-01,53.48179,61.02458,37.62166,23.828585,53.95539,14.288429,31.376127,35.846046,75.32452,12.173851
2015-03-01,61.580547,64.03092,44.839737,42.607944,59.97917,31.339695,42.676056,41.2109,74.46918,27.52395
2015-04-01,71.670334,44.795387,43.905205,56.633858,66.90422,33.018684,45.05674,21.864483,82.59012,24.576212
2015-05-01,72.92324,41.564117,35.366108,70.704124,70.34773,26.096807,39.679214,19.787918,76.72473,35.036644
2015-06-01,75.61279,25.946333,65.614876,59.2062,60.666607,51.954857,78.15187,18.074081,81.02992,21.829636
2015-07-01,75.63814,34.76579,84.84091,66.11224,69.04097,59.928482,80.706795,23.294792,71.21099,33.915207
2015-08-01,75.33719,33.070957,82.90057,65.48341,75.245316,64.28752,80.8541,21.641146,79.230545,40.260525
2015-09-01,76.42061,43.680283,58.897327,66.045715,75.311844,57.346638,77.99664,24.77579,81.723694,28.852888
2015-10-01,77.52304,49.312824,45.02823,58.07209,75.78862,60.473362,59.581596,32.43579,76.62336,37.29061
2015-11-01,73.89738,49.998676,40.90361,58.30176,75.54152,58.742104,56.459625,39.585762,79.74375,39.432117
2015-12-01,69.76325,48.710922,25.298494,51.76637,74.73212,49.50765,40.47911,33.110558,80.71155,21.078842
2016-01-01,49.817482,47.41619,32.855827,35.93091,64.15217,22.529789,41.186474,27.358349,80.99043,21.112396
2016-02-01,57.29087,38.67153,22.455105,42.501583,64.16353,19.56836,40.95917,29.814842,73.11439,23.503944
2016-03-01,59.63696,56.995377,43.3426,44.479115,45.784485,35.117493,36.04943,38.58873,74.726616,27.199238
2016-04-01,64.18464,60.5413,35.41948,47.602905,74.846756,27.988302,35.969875,30.137938,79.50809,35.550987
2016-05-01,70.4517,52.829243,40.743233,61.09657,71.67751,48.596542,50.098366,19.21117,77.4786,32.72432
2016-06-01,77.20908,44.902874,65.236725,54.02583,64.81459,67.420456,75.32085,16.451065,79.53569,32.563583
2016-07-01,81.794106,43.47249,81.341125,55.68839,73.97652,68.84921,79.348976,26.411797,82.72443,43.108803
2016-08-01,78.19298,30.680216,80.04712,61.450512,71.54762,68.370255,78.16538,17.305073,75.51568,45.419174
2016-09-01,73.999245,44.63498,61.622612,49.255722,69.224266,71.20342,82.19351,23.878994,82.26982,33.703342
2016-10-01,67.92214,44.9321,38.768948,46.96321,73.140366,44.117054,64.247955,27.278793,78.81482,28.384459
2016-11-01,63.10333,42.241806,23.513685,56.370296,77.55653,25.030119,32.091118,35.380512,80.40756,28.105202
2016-12-01,60.073708,49.356384,22.273262,39.5158,69.724335,27.731775,32.628525,22.875614,77.24968,30.092476
2017-01-01,61.6286,52.77137,41.491074,29.771116,54.73509,19.117504,26.780428,41.430374,77.65003,18.18404
2017-02-01,40.870956,54.60877,26.983854,50.653446,51.22107,23.894733,25.91915,50.44182,73.46011,20.951618
2017-03-01,64.305954,48.893154,41.929096,31.81686,49.67241,20.557892,39.240265,40.534645,78.93621,21.599628
2017-04-01,57.053158,47.009823,28.33237,40.470665,65.8989,19.376709,33.035774,21.376514,76.29988,23.786457
2017-05-01,69.22919,41.025166,40.449337,63.897457,75.993095,26.486773,41.07438,21.146843,77.81245,38.10338
2017-06-01,80.29621,39.899757,66.364815,58.65924,56.830048,61.40877,73.66026,14.335354,76.319565,24.111282
2017-07-01,75.97669,31.956305,80.00912,58.027634,60.91497,70.59083,80.15021,21.962185,79.24791,45.771225
2017-08-01,82.440384,30.561853,82.209076,66.77167,69.64424,76.700165,80.10919,20.841702,81.33303,45.722008
2017-09-01,80.8704,38.57421,55.437237,52.907536,72.895775,61.822186,77.77307,17.86742,81.95479,33.749405
2017-10-01,76.20309,40.126152,32.771652,47.977737,63.22976,61.74344,67.58045,21.924454,81.39373,36.359493
2017-11-01,69.5212,47.449486,25.805952,55.701363,79.556335,40.908688,56.364136,31.321419,82.85216,35.639297
2017-12-01,60.01596,41.956985,23.729038,49.242588,66.60105,27.787714,31.039248,28.891792,76.59354,20.938496
2018-01-01,55.654606,40.234165,23.001385,29.42575,55.634926,26.757269,24.80388,28.030005,75.64443,13.498508
2018-02-01,51.44113,52.134903,31.615314,54.864067,74.12732,25.392687,27.190262,34.580658,79.11986,13.741249
2018-03-01,54.165375,54.939514,34.20507,46.917667,68.862526,25.661667,38.07248,24.005142,76.96802,21.564636
2018-04-01,65.969345,54.10305,35.75335,67.399536,77.70935,30.665684,39.956985,29.839062,76.177475,29.02064
2018-05-01,75.95442,40.68192,33.03566,71.64909,76.49238,33.012703,44.247547,21.60072,82.82162,44.908516
2018-06-01,81.35699,37.08841,62.31351,68.22452,69.3972,55.93507,73.92722,15.806164,77.62406,36.196182
2018-07-01,78.69342,28.823824,77.20255,60.530697,68.40329,62.447998,85.62131,19.839226,83.203766,36.543884
2018-08-01,81.10113,37.67721,77.894684,59.24812,64.43091,70.81755,85.07515,22.445385,81.72273,38.389027
2018-09-01,64.77534,33.007782,69.585815,55.197014,75.746124,65.92342,75.81993,24.236399,82.11636,33.580185
2018-10-01,71.04881,46.93407,37.98884,56.87322,71.59169,59.93205,55.197014,37.031006,83.502266,42.363045
2018-11-01,70.56661,57.626038,29.074764,52.654823,77.67491,43.24871,51.142628,36.70134,79.76443,40.15872
2018-12-01,64.88194,52.50065,23.19656,58.99718,64.74089,35.551613,49.75672,25.868322,82.0032,30.550875
2019-01-01,31.788763,48.946995,36.412132,53.764065,61.31832,9.348267,17.713837,33.41298,79.77528,11.291607
2019-02-01,48.95176,61.137325,37.963314,41.543568,72.34646,20.317661,37.734684,44.658627,81.4519,27.713148
2019-03-01,54.502342,63.058437,45.5525,33.987724,64.42227,24.434555,46.387627,44.99363,77.02857,28.699106
2019-04-01,61.88354,65.92264,39.55101,37.942673,73.76268,27.278118,37.279015,36.874153,76.274414,23.54227
2019-05-01,58.787533,51.18406,38.734932,62.575775,74.866135,26.955816,42.029404,29.024584,84.547905,32.73503
2019-06-01,73.68012,35.708786,45.866863,56.14402,63.26484,55.291428,66.8308,16.302376,77.503296,34.18936
2019-07-01,79.268814,34.394173,81.39156,65.97345,61.515198,70.86196,80.356384,24.4933,81.68846,36.67093
2019-08-01,80.4707,38.22528,77.207985,70.00461,67.164215,70.59047,82.33148,24.39645,78.17966,33.34947
2019-09-01,80.51992,42.50889,71.99716,58.787533,75.20113,76.67769,82.639496,22.727781,82.56169,41.394325
2019-10-01,81.33123,45.458824,50.72045,70.56189,81.71387,62.042313,74.980446,36.667755,83.30632,35.734188
2019-11-01,74.93599,39.876488,44.37284,74.870895,82.25209,53.1274,43.217,39.911415,83.40159,46.93856
2019-12-01,72.25437,49.40425,24.67271,56.952156,80.84857,48.76441,39.354134,44.13151,80.33098,45.785892
2020-01-01,52.213375,57.9687,40.035046,63.106434,58.791607,13.578564,44.099495,52.695766,79.95178,25.796951
2020-02-01,52.171642,45.770344,29.84471,55.159473,62.889442,16.489609,47.456215,30.849554,78.17077,22.822475
2020-03-01,63.872585,54.815624,52.739166,48.482758,45.077633,23.717154,47.903553,40.340508,79.90338,29.133638
2020-04-01,64.09459,62.846043,44.855633,64.96089,70.0185,33.455143,42.169926,37.744934,83.77087,38.617912
2020-05-01,70.21046,45.61511,40.457348,67.06573,73.90769,35.546623,42.814228,22.423542,79.66135,35.279556
2020-06-01,79.153915,28.394194,65.865585,69.20394,66.00413,64.950874,76.18111,14.900551,83.34523,28.914976
2020-07-01,82.1117,34.535103,78.95195,70.42078,70.81971,75.438324,77.49309,27.274174,84.50363,50.824615
2020-08-01,74.70389,46.902046,83.83597,61.200233,66.990616,73.45868,83.71245,27.938507,78.018875,35.638428
2020-09-01,80.55269,36.43129,60.275505,55.201202,71.4323,67.87862,78.74831,17.56456,83.12322,29.796303
2020-10-01,68.58134,31.817678,29.328934,59.390842,71.31378,59.258976,76.89886,16.825115,79.68806,33.002796
2020-11-01,71.15188,46.67671,27.56795,59.344105,76.93558,40.77449,58.217407,38.123837,81.67438,34.473343
2020-12-01,68.8,57.436234,24.371471,38.771477,72.58236,45.26625,22.602142,35.651783,84.076324,28.198898
2021-01-01,66.28195,23.278805,21.770702,28.32923,68.41729,28.797083,31.355713,16.480354,77.289375,24.769768
2021-02-01,46.793182,40.435165,24.56583,24.475002,64.72416,22.893211,27.99162,27.51177,75.79498,12.129143
2021-03-01,54.200012,56.636967,31.994942,32.178314,71.89449,28.46633,29.239231,22.163155,80.48381,18.572845
2021-04-01,63.569088,40.887596,29.89731,36.510674,60.04733,26.211033,34.485023,20.221474,79.704056,25.289034
2021-05-01,79.8343,39.273243,46.081974,64.71045,71.344376,36.171352,51.704792,25.24105,84.33632,26.156193
2021-06-01,75.05636,27.614595,62.13982,59.60861,56.047436,47.37414,74.50282,13.659523,81.8411,24.74406
2021-07-01,78.07428,32.778126,78.60896,61.48174,69.56893,70.33669,81.20358,30.894714,80.32443,59.05678
2021-08-01,82.416916,29.455164,73.19523,56.302784,68.12081,72.49259,80.7066,25.628357,82.52317,40.01187
2021-09-01,78.764915,33.069466,76.70499,48.746857,63.77474,74.81472,80.86426,19.386875,77.2294,40.251793
2021-10-01,85.25489,36.270752,41.75818,49.4752,61.803925,60.045616,70.986206,30.233206,80.15305,36.546665
2021-11-01,77.55158,35.850883,18.752789,44.501896,64.46367,50.760513,74.58851,36.22448,80.84541,33.948616
2021-12-01,54.82039,41.463417,25.616362,75.318565,75.702446,35.412163,44.77781,30.382303,76.94148,24.28135
2022-01-01,54.295193,41.825153,46.65746,37.13395,63.37714,23.344196,35.07055,40.855705,78.030106,22.280125
2022-02-01,56.119553,47.73481,34.95767,31.556295,48.204594,25.779438,28.02544,31.951378,79.910904,15.9239235
2022-03-01,52.020973,59.291843,27.696758,27.862759,59.252003,30.342823,33.657875,20.244946,71.41494,19.990963
2022-04-01,68.903336,45.74943,20.832592,39.202328,59.398083,27.88102,26.534746,19.175896,79.99556,31.325552
2022-05-01,73.71572,56.219154,32.736565,50.85564,60.41733,34.695385,57.05912,15.664963,82.64661,19.884724
2022-06-01,79.05599,32.10576,45.394188,64.53417,69.68852,70.69283,67.057396,17.700142,81.685455,28.468664
2022-07-01,81.97596,36.02008,84.226944,62.879135,74.15396,73.52482,80.43381,39.27371,73.61778,52.147133
2022-08-01,77.867424,32.373024,80.04038,61.962807,71.049736,71.38174,77.92884,20.007565,74.73331,50.077095
2022-09-01,74.26187,31.09647,71.3087,63.734047,65.31604,70.88207,81.32025,23.656279,82.38267,36.625984
2022-10-01,76.11942,40.716263,35.077187,57.206863,68.00361,62.04747,72.99196,17.76654,83.11971,29.94442
2022-11-01,67.05408,49.53095,27.950739,52.80782,80.483604,47.042583,49.81647,35.570213,77.495575,29.94442
2022-12-01,60.186592,60.39741,20.054043,44.28032,78.45175,35.981895,49.388187,44.202297,76.476326,41.20099
