,mgv50_cluster1,mgv50_cluster2,mgv50_cluster3,mgv50_cluster4,mgv50_cluster5,mgv50_cluster6,mgv50_cluster7,mgv50_cluster8,mgv50_cluster9
1965-01-01,-0.10272777,0.01412878,0.09330861,0.026491404,-0.03252555,0.22488257,-0.02281208,-0.09669366,-0.06696441
1965-02-01,-0.15114817,-0.034438826,0.25166833,0.10861478,0.05386586,0.18234918,-0.0070643425,-0.103463694,-0.10213909
1965-03-01,-0.16365801,-0.050628018,0.14776318,0.16880913,-0.0008830428,0.0013245702,0.111411095,-0.42091903,-0.16071454
1965-04-01,-0.07079093,0.14923492,0.065492645,0.02443099,-0.10802607,0.06225481,-0.17484328,-0.061077405,-0.05460174
1965-05-01,-0.18058304,0.101108864,0.13643074,0.17499046,-0.20324795,0.07491181,-0.11038084,-0.03914838,-0.09433885
1965-06-01,-0.1586541,-0.105818465,-0.008388949,-0.026638603,0.16321652,0.034586,-0.020015717,0.04032581,-0.010007858
1965-07-01,-0.30523986,-0.14231773,0.05312997,0.022223283,0.13495898,-0.013245678,0.13451748,0.0039737225,-0.01457026
1965-08-01,-0.10464106,-0.13275138,0.045918442,-0.11935854,0.062401988,-0.0,-0.027815986,0.0060341596,0.031053806
1965-09-01,0.20736885,-0.18588135,-0.05651498,0.13113241,-0.1240681,0.01192112,-0.08580272,-0.12745309,-0.015894841
1965-10-01,0.10243344,0.14982362,0.28684303,0.11494322,-0.1314268,0.037970997,-0.16351083,0.10670149,-0.029876422
1965-11-01,0.0088305,-0.062254786,0.20942926,-0.025166845,-0.03988428,0.107731715,-0.14408381,-0.41429615,-0.0075058937
1965-12-01,0.105671264,-0.047978878,0.044446684,-0.064020894,0.025755549,0.29537916,-0.030023599,-0.14143462,-0.03694079
1966-01-01,0.0135986805,-0.024448682,0.35125113,-0.05323739,0.029801369,0.26358303,0.026329374,-0.121664904,-0.025606012
1966-02-01,0.109946825,0.031682014,-0.006076026,-0.16651157,0.011573339,0.13251483,0.013743353,-0.18083353,0.001012659
1966-03-01,-0.025750732,0.10227947,0.13598685,-0.048463393,0.018806696,0.18517359,0.11240616,0.14900687,0.030958723
1966-04-01,-0.15638486,0.02271266,0.104449466,0.09070611,-0.0711761,0.10589614,-0.09461212,-0.13945885,0.002025318
1966-05-01,0.005352688,-0.12369017,-0.002025342,0.19327493,-0.1777956,-0.0075226785,0.21121354,0.07204411,0.0034719943
1966-06-01,-0.08361745,0.2129496,0.10618548,0.22871833,0.06524475,0.037324093,-0.14162883,0.049620725,0.016492033
1966-07-01,-0.0018806458,-0.06148343,0.07667343,0.02227869,0.12021818,-0.046004105,0.027776003,-0.019819355,-0.016492033
1966-08-01,-0.116022825,0.0075226785,0.05396073,-0.054394722,0.05916872,0.13164683,0.0075226785,-0.014756012,0.025895357
1966-09-01,-0.030669307,-0.010560656,0.036456037,0.068716764,0.07681811,0.064232066,0.02994604,0.077975415,-0.0494761
1966-10-01,-0.080145456,0.0120073315,-0.084485434,0.15320225,0.032694697,0.10473881,-0.018083382,0.061049413,-0.055552054
1966-11-01,-0.048463393,0.039928056,-0.059602737,0.15652952,0.013164664,0.23696434,-0.10372615,-0.14553484,-0.049042035
1966-12-01,-0.056420088,0.07233343,0.1641969,0.10676422,-0.1021348,0.25417966,-0.21627696,0.13671021,-0.09620345
1967-01-01,-0.022647822,-0.00049958227,0.19733576,-0.06477942,0.029475475,0.27010858,-0.08026655,-0.10141559,-0.3248963
1967-02-01,-0.01582017,-0.0013322234,-0.103913546,-0.10258131,-0.032972563,0.2832643,-0.077768624,-0.10041642,-0.15587029
1967-03-01,0.045295645,-0.012989199,0.10374701,-0.124563,-0.0016652823,0.24845996,0.03763535,-0.21532086,-0.027643656
1967-04-01,-0.028143262,-0.044296492,-0.0048293113,0.019150734,0.001998329,0.28992543,0.06378025,-0.16902603,-0.19233999
1967-05-01,-0.18084955,-0.022814345,0.02764368,0.18018341,0.16802685,0.015154052,-0.14821002,-0.053622056,-0.0014987469
1967-06-01,0.1380518,-0.026311446,0.12939233,0.027477145,0.109408975,0.039467167,-0.019150686,-0.02697755,-0.009159053
1967-07-01,0.008659458,-0.03613658,0.09625326,-0.05012498,0.038301468,0.054787744,0.06744389,0.020482946,-0.013655305
1967-08-01,-0.046461344,-0.16835994,0.06594515,-0.010824347,0.061115813,0.028143246,0.042964257,0.023980046,-0.03680272
1967-09-01,0.082931,-0.08609502,-0.05711913,0.23097453,-0.036636185,0.11590357,-0.19350567,0.06494596,-0.044129945
1967-10-01,-0.3502086,-0.08859293,0.0064945817,0.3896757,0.066944286,0.069109164,0.00033307076,0.1368861,-0.0597836
1967-11-01,-0.13305596,-0.09392184,0.094254926,-0.052123286,-0.108409785,0.21065807,0.15437154,-0.09458796,-0.07410501
1967-12-01,-0.03597007,0.0058284877,0.22930917,0.07343888,-0.14821,0.31090793,-0.006161547,-0.2328063,-0.11273952
1968-01-01,0.09513135,-0.03524958,0.15996793,-0.09640546,0.010192657,0.27675867,-0.038788676,0.051246382,-0.01967746
1968-02-01,-0.058749296,0.044026565,0.022508765,-0.046857856,0.05053854,0.27534303,-0.09881204,0.19125369,0.023641277
1968-03-01,-0.0138733145,0.041195296,0.036523663,0.032559823,-0.0033975362,0.19592531,0.00976795,0.039496493,-0.07970083
1968-04-01,0.06950817,-0.071490094,0.1090047,0.0355327,-0.046433188,0.044734396,0.21277153,-0.20866612,-0.05223732
1968-05-01,0.068375684,-0.22834356,-0.0041053654,0.0838062,-0.052803565,0.0005662441,0.1272665,0.09867047,0.02831291
1968-06-01,-0.22508761,-0.14765182,0.05252043,0.20243728,-0.024773788,-0.038647126,0.053369857,0.031852018,0.029162299
1968-07-01,-0.16987744,0.014864278,0.051954187,-0.061014272,0.12047143,-0.035674237,-0.17171773,0.02675569,0.024065971
1968-08-01,-0.13165502,-0.113676324,0.083947755,-0.19337718,0.118489526,-0.0049547674,-0.20314512,0.000707829,-0.004388499
1968-09-01,-0.06922507,-0.20399447,-0.0062288404,0.18714836,-0.04615004,0.008352304,-0.0726226,-0.025481606,-0.0060872794
1968-10-01,-0.016421486,-0.15019998,0.11622448,0.10263431,0.011891425,0.057333637,-0.30790287,0.10249273,-0.01599679
1968-11-01,-0.08437246,-0.004388499,-0.075595476,0.118914224,-0.04600848,0.07417981,0.015288973,0.2047023,-0.042186238
1968-12-01,-0.13108876,0.011466742,0.11792324,0.03624053,0.05436077,0.119338915,-0.024207544,-0.10758905,-0.044592835
1969-01-01,-0.028617358,0.020592403,0.09857092,-0.040124882,-0.0046938537,0.14853777,0.010144782,-0.11810341,-0.03664235
1969-02-01,-0.115226544,-0.002422619,-0.16519336,0.018018354,0.065713964,0.20652957,0.008176374,-0.14778073,-0.05572059
1969-03-01,-0.0702564,0.07192197,0.16216508,0.12325151,0.027406061,0.15156606,-0.04724138,-0.13279061,0.0028768778
1969-04-01,-0.033311225,-0.0077221515,0.091303036,-0.02468059,0.051178146,0.10205348,-0.2047126,0.11689212,-0.035582434
1969-05-01,-0.030737186,0.08055258,-0.021955108,0.03815651,0.06556253,-0.0039367913,-0.1389987,0.0258919,0.061322927
1969-06-01,0.03346262,-0.0037854195,0.04057913,0.10175065,-0.019986724,-0.0363395,-0.057537604,-0.0015141487,0.023772096
1969-07-01,-0.01408155,-0.07101347,0.03891356,-0.02392354,0.18139477,-0.019229699,-0.09720822,-0.028314542,-0.021500874
1969-08-01,-0.022409368,-0.08782049,0.048452687,0.10750441,0.20062442,-0.048149846,-0.094785556,0.030585766,0.02362069
1969-09-01,-0.044515908,-0.29071617,0.012113178,-0.057991814,0.20123005,-0.015898537,-0.1324878,-0.038307905,-0.026346147
1969-10-01,0.0060565947,-0.021349479,0.052540876,0.06086869,0.106747314,0.101447806,-0.0991766,-0.08721483,-0.00075707433
1969-11-01,-0.015292859,-0.0991766,-0.013475919,-0.03149425,0.0991766,0.38186774,-0.010144782,-0.036793757,-0.04724138
1969-12-01,-0.115075134,-0.09221153,0.13748449,-0.043153178,0.052692294,0.42123556,0.12294872,0.19820176,-0.03649093
1970-01-01,-0.044135094,0.0654823,-0.05788635,-0.057886362,0.06797063,0.1419656,-0.059196018,0.049242713,0.015846705
1970-02-01,-0.054088354,-0.06587525,0.09612803,-0.08630569,0.09455645,0.31785113,0.04570664,0.20037587,-0.19042253
1970-03-01,-0.114201166,-0.10634327,0.01545384,0.11747527,0.058803104,0.23809369,0.018596983,-0.22643784,-0.10424783
1970-04-01,0.07163765,-0.09966407,0.08892498,0.019513726,-0.0958661,0.15309763,0.20901951,-0.037455894,-0.10817675
1970-05-01,-0.0070720674,-0.121797085,0.1557169,0.27004904,-0.062339164,0.021740127,-0.05435028,0.050683282,0.008512688
1970-06-01,-0.06574426,0.0040598987,0.06260109,0.1092245,-0.08329348,-0.05330261,0.035098504,0.023704577,-0.007072091
1970-07-01,-0.03169346,-0.0747808,0.0117868185,-0.08303156,-0.023180747,-0.023311686,-0.10071178,0.03863454,0.030252814
1970-08-01,-0.03182441,-0.0047147274,0.0513381,0.0039289473,0.16265807,-0.054350317,-0.20037588,0.03156247,0.01597767
1970-09-01,-0.06626809,-0.100580834,0.0340508,-0.11957073,0.2822287,0.03562238,-0.26612002,-0.07019703,-0.014537072
1970-10-01,-0.15427634,-0.024359416,0.07936454,0.23049769,0.09377067,0.027502561,-0.148121,0.010346198,-0.015715767
1970-11-01,-0.08276965,0.065613255,0.15087128,-0.103069186,0.15859815,0.09822349,-0.028812218,-0.10018794,-0.014929962
1970-12-01,-0.09167524,0.10490265,-0.0017025471,0.0064172745,0.068756424,0.1779809,-0.12873824,-0.38451213,-0.020954322
1971-01-01,-0.16022551,0.14726928,-0.15273967,-0.009357286,0.043763302,0.034693934,-0.19607112,-0.22932544,-0.013388109
1971-02-01,-0.055423927,0.10638513,-0.015547466,0.02317729,0.056863498,0.25624567,-0.22529463,-0.10508947,0.0040308237
1971-03-01,-0.16814323,0.08738264,0.087814525,0.07226703,0.034406018,0.1809555,-0.2874846,0.00431875,-0.02245748
1971-04-01,-0.098467425,-0.08824639,0.14194283,0.024328899,0.07730557,0.03383019,-0.011516655,0.060462426,-0.03253455
1971-05-01,0.09544431,0.022745395,0.087814525,0.24544878,0.020010209,0.016843116,0.08853431,0.02144978,0.036709346
1971-06-01,-0.011660623,0.030231226,0.059310816,0.1717422,0.11012806,-0.053840376,0.0786012,0.0012956143,-0.025336647
1971-07-01,-0.21780881,-0.1626728,0.064349316,0.06118224,0.23479585,-0.036133517,-0.010364997,0.0289356,0.030375171
1971-08-01,0.01137271,-0.1695828,-0.012956262,-0.10364994,0.07644184,0.040020395,0.0909816,0.05168102,0.0116606
1971-09-01,-0.12610741,-0.071547225,-0.026776243,0.042179774,0.047506236,0.028791642,-0.1893051,-0.15619467,-0.04318745
1971-10-01,-0.20557237,-0.13215366,0.10926428,0.112287425,0.079321004,0.048513927,-0.07888913,-0.11847763,-0.08464744
1971-11-01,-0.032390594,-0.14482197,0.12869866,0.24069819,-0.038292885,0.10696097,-0.051537048,-0.03195872,-0.048945785
1971-12-01,-0.012812281,0.14870885,0.041603945,-0.004606652,-0.055423904,0.4834118,-0.22975735,-0.36536598,-0.16641572
1972-01-01,-0.19176254,0.014730727,-0.14651819,0.079835296,-0.0061816694,0.30724096,-0.07654719,-0.23845367,-0.17992537
1972-02-01,-0.012889385,0.017098177,-0.23161443,0.025778795,0.09995856,0.22661653,-0.10863914,-0.13481247,-0.16124888
1972-03-01,-0.08891048,0.09351385,-0.07207537,0.08404408,0.021438504,0.09035726,-0.1348125,-0.014467669,-0.0051294565
1972-04-01,-0.0040772436,0.07299602,-0.01972866,0.04708574,-0.08193965,0.11902957,0.0356431,-0.041298628,-0.006313181
1972-05-01,-0.2660738,0.11902957,0.038536645,0.23108836,0.09969549,0.003288126,0.0032880784,0.093513824,0.02327981
1972-06-01,-0.15480423,0.028146219,0.02577877,0.3878654,0.10877065,0.017755771,0.11587298,0.033670235,0.018150378
1972-07-01,0.020123195,-0.096012786,0.01854496,0.038799666,0.14270394,-0.11955567,-0.24673972,-0.028146219,0.0023674488
1972-08-01,-0.23503406,0.071680784,-0.0032880784,0.23069377,0.07168081,-0.061158847,0.027751636,0.026304865,0.01972866
1972-09-01,-0.15059543,0.023805905,0.029329944,0.16374786,0.11587298,0.011705661,-0.16874576,-0.13888972,-0.005392504
1972-10-01,-0.017492723,0.017361213,0.0009206772,0.24660823,-0.02091236,0.042482376,-0.21727829,-0.2547627,-0.018150378
1972-11-01,-0.27909476,-0.07549499,0.2324036,0.23621778,-0.08864741,0.17742638,0.06326322,-0.1419148,-0.02327981
1972-12-01,-0.22280231,0.03077669,-0.121002436,0.029066872,0.10179987,0.22201315,0.019860173,-0.19544521,0.005655527
1973-01-01,-0.0138515355,0.049034454,-0.21774618,-0.013574505,0.039061345,0.072166525,-0.080477454,0.0023547648,-0.07258206
1973-02-01,0.0112197455,0.06773402,0.16164745,0.033382207,-0.0056791306,0.20998935,-0.06870363,-0.08629509,-0.0062331976
1973-03-01,-0.051527727,-0.06274746,0.19253638,0.026594955,0.013990054,-0.033659242,0.023963168,-0.1396235,0.017452937
1973-04-01,-0.03795321,-0.046956718,0.25805417,0.20583382,-0.09225124,0.2044487,-0.10471763,-0.075352356,0.05956161
1973-05-01,0.06828809,-0.10056217,0.016898882,0.05194328,-0.047926325,-0.0074798344,0.020777296,0.013020444,-0.003601396
1973-06-01,-0.12189354,-0.10208585,0.03795321,-0.0026317835,0.076876044,-0.037814688,0.06288598,0.02590238,-0.026594957
1973-07-01,-0.21109743,-0.20223245,0.060115673,0.07258205,0.08380182,-0.011081219,0.19863106,0.07881526,-0.021746922
1973-08-01,-0.027980108,-0.34933585,0.046402656,0.013158965,0.23367545,-0.033105183,0.2573616,-0.0074798344,-0.025625337
1973-09-01,0.012881923,-0.13823836,-0.04529453,0.18367139,0.05152772,0.018284023,-0.028118622,0.027564561,-0.07715307
1973-10-01,-0.14280936,-0.06565629,0.041693132,-0.065656304,0.04889593,0.09072758,-0.0810315,0.24101678,0.01565224
1973-11-01,0.15305953,-0.088511325,0.30307168,-0.015513724,-0.002493286,0.0739672,-0.0005540609,-0.6024034,-0.019946218
1973-12-01,0.071750976,-0.045571554,0.20652644,0.0051250695,-0.017037394,0.12951188,-0.037676185,0.1052717,-0.02437871
1974-01-01,-0.0018241644,-0.028625537,-0.30421665,-0.026941698,0.038167406,0.19827408,-0.12839404,-0.124886036,0.04083352
1974-02-01,0.040693186,-0.024977196,0.038869012,0.043359302,-0.0025257827,0.21988356,-0.10692487,-0.099207185,-0.009401536
1974-03-01,-0.101312,-0.054444693,0.14453101,0.09597981,0.03564162,0.18045326,-0.0688978,-0.026520729,-0.04349961
1974-04-01,-0.04349961,-0.15435347,0.07352837,0.10173299,-0.12432472,0.17919037,0.051217318,0.0893847,-0.06258333
1974-05-01,-0.082368635,-0.06426717,0.049814057,0.31993264,-0.03943031,-0.004911256,0.05963657,0.013751507,-0.008559609
1974-06-01,-0.14242618,-0.036202908,0.01978531,0.20108052,-0.0042096437,-0.059075285,0.07591381,0.09191046,0.017259527
1974-07-01,-0.10552164,-0.02455623,0.04700763,0.23335437,-0.02638042,-0.04869149,-0.25075424,0.03957062,-0.007577372
1974-08-01,0.21834001,-0.22732058,-0.026380396,0.07731706,-0.10271523,-0.023012698,-0.12727146,-0.042377044,0.013049888
1974-09-01,-0.017680502,-0.2274609,-0.021469165,0.120395705,0.13835685,-0.01206764,0.023854632,-0.059917223,0.008559609
1974-10-01,-0.022591745,-0.19995788,-0.0143127795,0.03760612,0.013330531,0.049814083,0.098926544,-0.013891816,-0.01992563
1974-11-01,0.19981761,0.05963658,-0.07044132,-0.08699922,-0.084473446,0.06903811,-0.16964853,0.045043148,-0.0029467582
1974-12-01,-0.12432472,0.06342524,0.21384974,-0.049814083,-0.051778577,0.17778715,-0.048130214,0.07044129,-0.057251118
1975-01-01,0.06335302,0.018925358,0.07529881,-0.038656067,-0.013019609,0.14334965,0.05583656,-0.016375136,-0.010469365
1975-02-01,0.047917437,0.061608125,0.019999146,0.007919121,-0.031005383,0.026978731,-0.14764476,-0.046843648,-0.004697752
1975-03-01,0.021072935,0.034495186,0.029126287,-0.001879096,-0.025099564,0.051944066,-0.050199173,-0.12670597,-0.029528951
1975-04-01,-0.052883647,-0.07194324,-0.023891592,-0.008858681,-0.00818758,0.08549972,0.04590409,-0.10348554,-0.012751127
1975-05-01,-0.095566414,-0.044427656,0.060534336,0.19878349,-0.009395552,-0.022683596,-0.13006158,-0.017180491,-0.005905771
1975-06-01,-0.35783717,0.06925881,0.02120719,0.22549371,0.07556727,-0.07194326,-0.22012492,-0.04509876,0.0024160384
1975-07-01,0.06308458,0.026978731,0.05946059,0.033689834,0.08133884,-0.024025846,0.013959122,0.042682745,-0.00899291
1975-08-01,0.1970386,-0.25448582,0.01812005,0.07395659,0.1999915,-0.02053604,-0.037984945,0.00805335,0.0042951107
1975-09-01,0.066842794,-0.09637175,-0.012616873,0.12080021,0.02093873,-0.042280078,-0.047380544,-0.048454307,-0.03181076
1975-10-01,-0.02563653,-0.058923673,-0.019059563,-0.08872106,0.022952031,0.052615214,-0.049125433,-0.12106869,-0.059460543
1975-11-01,0.051407218,-0.0495281,0.05932634,-0.047783207,-0.0076507092,0.2143533,-0.042682745,-0.0782517,-0.07838593
1975-12-01,0.13637006,0.09570062,0.031005383,-0.10965977,-0.052078295,0.32508686,-0.046977878,-0.009932446,-0.15381896
1976-01-01,0.010191488,0.0100573655,0.10003729,0.01783507,-0.024942279,0.24607027,-0.08863895,-0.053102873,-0.22287126
1976-02-01,-0.04317963,-0.032988165,-0.046532094,0.015287185,0.04197275,0.38942128,0.002816081,-0.088504836,-0.21066833
1976-03-01,0.06530583,0.033926867,0.01756687,-0.112910725,-0.014482612,0.33524558,-0.103523836,-0.091320895,-0.121493004
1976-04-01,-0.043984223,0.04787307,0.049348153,0.09467337,-0.04317963,0.30225745,0.011934757,0.006034416,-0.11183794
1976-05-01,-0.041704558,-0.018237377,0.02655145,0.12068839,-0.032451767,0.02105341,-0.112776615,0.06450126,0.015287196
1976-06-01,0.0036206245,0.05068914,0.010861945,0.16145428,0.0028160573,-0.030440282,-0.08314091,-0.001743275,-0.0033524632
1976-07-01,-0.0081799505,0.010057378,0.060612418,0.054041594,0.052164216,-0.013007546,-0.1217612,0.008045888,-0.02051704
1976-08-01,-0.029769802,0.0073754312,0.099500895,0.13838938,0.123504475,-0.0072412966,-0.010996059,0.019444246,-0.019444246
1976-09-01,-0.13932806,-0.14026673,-0.014750814,0.23467192,0.09735532,-0.012605226,0.28187448,0.049079955,-0.033256363
1976-10-01,0.043984223,-0.17030476,-0.13932805,-0.06543994,0.042240955,0.05819864,-0.19015129,0.026417356,0.011934745
1976-11-01,-0.21321622,-0.058466833,-0.014080316,-0.17553458,0.13128218,0.21871424,0.0033524514,0.18787163,-0.04009537
1976-12-01,-0.0046934364,-0.1448261,0.071340255,0.01327573,-0.08971171,0.1837146,0.10660808,-0.15622444,-0.10137825
1977-01-01,-0.06407461,-0.12523675,-0.07988522,0.002080345,-0.016226673,0.25283122,0.022883791,-0.056446694,-0.060746063
1977-02-01,-0.087790534,-0.02690579,-0.10221426,0.1012434,-0.018584441,0.20858923,-0.072395995,0.19707796,-0.10068867
1977-03-01,0.060329996,0.10817792,0.2546342,-0.07170254,-0.014562416,0.09555717,0.008043999,-0.23951697,-0.044103302
1977-04-01,-0.04077475,-0.19361076,0.019693935,0.11414158,-0.030650388,0.07253468,0.09153516,0.11941179,0.0061023473
1977-05-01,0.035781957,0.038417023,0.01761359,0.025380204,-0.01664276,-0.0022190332,0.113586806,-0.0066571,0.0049928306
1977-06-01,0.03716879,-0.13036826,0.14118604,-0.05062172,-0.05852704,-0.03522718,-0.10332378,0.05353421,-0.0031898618
1977-07-01,-0.0,-0.07697272,0.061023474,0.108039185,0.09417026,0.005131507,-0.047847938,-0.01650406,0.007073176
1977-08-01,0.02413199,-0.18112867,0.04077474,0.15921569,-0.08182688,0.039803922,-0.0030511736,-0.05103779,0.009846961
1977-09-01,0.07933049,-0.18681493,0.05353421,0.06504545,0.03411765,-0.012343377,-0.01692013,0.028015291,0.013591588
1977-10-01,-0.12773319,-0.108594,0.10748448,0.2280058,0.06518413,0.044935446,-0.13452893,0.17197514,-0.014562413
1977-11-01,-0.05242468,-0.09833096,0.109703496,0.023161173,-0.0667097,0.27418938,-0.18736969,0.088484004,-0.044103306
1977-12-01,-0.27945963,-0.039665233,-0.05256338,0.09500237,-0.1109517,0.1391057,0.075031064,-0.11566715,-0.12079867
1978-01-01,-0.01139605,0.011279762,0.27571464,-0.0026745915,-0.00546546,0.21594353,-0.10163417,0.053142805,-0.095703565
1978-02-01,-0.07546975,-0.026396966,0.091517285,0.007209754,0.02814126,-0.03442073,-0.003953737,0.14768352,-0.15919586
1978-03-01,-0.09744786,0.009419185,0.07616749,0.11442566,0.040583897,-0.022443224,-0.020117521,0.002442026,-0.028373837
1978-04-01,0.20966406,-0.1450089,0.14954409,0.1114022,-0.013140345,0.14047375,0.17896453,-0.016745234,-0.13256632
1978-05-01,-0.09628496,-0.16512647,-0.014419508,-0.01511721,-0.074772045,-0.0457005,0.21036181,0.01139605,-0.0
1978-06-01,0.0774466,-0.05721283,0.0681437,0.05860827,-0.10395988,-0.08640067,-0.12198424,-0.02686212,-0.008256316
1978-07-01,-0.09349413,-0.11151849,0.1351246,0.06860886,0.034071863,-0.021978091,0.07721405,-0.0030234337,0.0139543535
1978-08-01,0.06360855,-0.26873747,0.04256072,-0.15256754,0.12210052,0.03221128,-0.027792418,0.008023751,-0.030001855
1978-09-01,-0.02814126,-0.21233864,0.05546851,-0.032909013,0.0616317,0.004651451,0.013721776,0.06977175,-0.03779303
1978-10-01,0.028722703,-0.14233434,0.05837568,-0.10930906,0.09861072,0.068725154,-0.16152158,0.04372362,-0.009768045
1978-11-01,-0.107681036,0.009070325,0.014768362,0.09279642,-0.059305955,0.12884516,0.0062794564,-0.27141207,-0.06209684
1978-12-01,-0.015582358,-0.14698578,-0.08233066,0.02558298,0.005465448,0.14617178,0.048607636,-0.4377013,-0.10116901
1979-01-01,-0.013385248,0.0481869,-0.0077337027,-0.03554528,0.06454665,0.23662147,-0.0511614,-0.17058754,-0.10381006
1979-02-01,-0.045509856,-0.07837807,0.0321246,0.03182714,0.031678427,0.015616107,-0.0028257729,-0.15065844,0.02097023
1979-03-01,0.0053540943,-0.11541061,0.099794485,0.04402261,0.035099108,0.0678186,0.022606205,-0.10842053,-0.008031154
1979-04-01,-0.16136663,-0.0922095,0.059936177,0.08819394,-0.041643012,0.0993483,0.14946863,-0.07956788,0.04253535
1979-05-01,0.022606278,-0.11600552,-0.024837082,0.06915714,0.030786078,-0.08864011,0.25372487,0.056812953,0.008328592
1979-06-01,-0.24004216,-0.056218058,0.0422379,0.37374592,0.024688352,-0.0032719611,0.009815854,-0.0208215,-0.00074362755
1979-07-01,-0.20940483,-0.08477326,0.17594166,0.12879583,0.19423488,-0.034950387,0.009964568,0.025283253,-0.018144453
1979-08-01,0.028406477,-0.16969523,0.091912046,-0.042832803,-0.052499928,-0.03182714,-0.10574345,0.02245747,-0.022606205
1979-09-01,0.21237937,-0.19363995,0.010410738,0.06766987,0.06930585,0.024688352,-0.3560477,0.08923501,0.016359752
1979-10-01,0.10871796,-0.071536735,0.010856926,0.17638788,0.035099108,0.08938374,-0.2009275,0.019929146,-0.018144453
1979-11-01,-0.04952543,-0.01963172,-0.05071523,0.13414995,0.011898005,0.24004212,-0.042832803,0.0020821572,-0.0031232238
1979-12-01,-0.11719529,-0.12760606,-0.13652954,0.08358345,0.015169948,0.20107622,-0.026919222,0.10306643,-0.049822878
1980-01-01,0.020346105,-0.02519684,-0.0637332,-0.036515206,0.057804514,0.08906479,0.027352715,-0.27676105,-0.053088535
1980-02-01,-0.009836209,-0.039210062,-0.1285443,-0.015091157,0.050797917,0.07464733,0.023310447,0.07087454,-0.0064676404
1980-03-01,-0.13864999,-0.05578338,0.27676103,0.15185478,-0.012126821,0.11843864,0.020211363,-0.09485869,-0.045947183
1980-04-01,-0.025601078,0.13096967,0.15333693,0.016977549,0.014013219,0.15360641,-0.16977549,0.17395253,-0.005793929
1980-05-01,-0.07572527,0.22016916,0.1395932,0.15158525,-0.020346116,-0.004042268,-0.11938183,0.031260252,-0.0060634017
1980-06-01,0.04028797,0.020615602,0.08866055,0.12301986,0.026948493,-0.04931574,0.0075455783,-0.04352182,-0.030182313
1980-07-01,-0.056052852,0.21639642,0.09202911,0.21181512,0.048911512,-0.041231204,0.09903572,-0.033820353,0.0066023767
1980-08-01,-0.09337654,0.0018863917,0.041365933,0.17678209,0.12827483,-0.041904904,0.0010779381,-0.091894366,0.022367239
1980-09-01,0.067505956,-0.12126823,0.06979659,0.1253105,0.028565407,0.040287994,-0.100787364,-0.035033047,-0.0014821648
1980-10-01,-0.04244387,-0.17381778,-0.090412185,0.13083497,0.036515214,0.12611896,-0.14808197,0.18904369,-0.046216667
1980-11-01,0.27891693,0.01711229,0.0026948513,-0.14040165,0.059690904,0.19375968,-0.29131323,0.24401863,-0.021289324
1980-12-01,-0.14201857,-0.00026948453,0.19416389,0.0013474226,0.009701455,0.022232508,0.018324971,-0.060634114,0.015225899
1981-01-01,0.037342407,0.030860329,0.26928824,-0.1144228,0.061720658,-0.060875226,-0.11484556,0.2732338,-0.03804698
1981-02-01,-0.03734245,0.03734245,0.062707044,0.01972804,0.014655113,0.104981616,-0.07341661,0.035651445,-0.033396818
1981-03-01,0.0543931,-0.038328838,0.087226294,-0.0063411715,0.027337456,-0.014232445,0.0500247,0.09103098,-0.13682827
1981-04-01,-0.061579753,-0.18516207,0.24406442,0.11935482,-0.040160656,0.124568656,0.09018545,0.057070445,0.04988389
1981-05-01,-0.063411616,0.08370338,0.030296708,0.23476405,-0.0400198,-0.016346121,-0.011414146,0.06524353,-0.05833874
1981-06-01,-0.106672525,-0.00028190613,0.02916937,0.14429674,0.090467356,-0.03128309,-0.039878894,0.099908635,-0.023955535
1981-07-01,-0.20869485,-0.1416194,0.045092773,0.12654153,0.10230412,-0.016346121,-0.107095286,-0.012259578,-0.019023513
1981-08-01,0.10188141,-0.077925876,0.043965437,0.021137238,0.111322686,0.06594815,-0.09807663,0.013386917,0.015923405
1981-09-01,0.05960698,0.10174046,-0.06651177,0.3549644,0.13950567,0.037765123,-0.19206686,0.057775117,-0.033255864
1981-10-01,0.056788683,-0.20686293,-0.042556286,0.16670223,-0.013809681,0.09680853,0.010568619,-0.1761435,-0.0171916
1981-11-01,-0.015218735,-0.09173556,0.25688773,-0.075812146,-0.013386917,0.084408,-0.113436416,0.15458354,-0.06749816
1981-12-01,0.072289325,-0.010145855,0.10624981,0.0005636215,0.0050728796,0.12625961,-0.0073275566,-0.005777502,-0.071443796
1982-01-01,-0.041381836,0.0033265115,0.100327656,-0.056683827,0.03845451,-0.004257941,-0.07717514,-0.32400241,-0.030470848
1982-02-01,0.013039947,0.01051178,-0.19107497,-0.02927332,0.015701126,0.078505754,-0.07478001,-0.015568065,0.019027662
1982-03-01,-0.03126924,-0.06054256,0.1848211,-0.023684788,0.015834188,0.12773812,-0.045905925,-0.23764615,-0.00731833
1982-04-01,-0.025414562,-0.04883323,0.20025615,0.051228307,0.0034595965,0.06666336,0.088219166,-0.13931441,-0.01649952
1982-05-01,-0.24030738,0.060941745,0.11017416,0.05961113,-0.004923248,0.03379736,0.031668402,0.034595728,-0.00452404
1982-06-01,-0.041514896,0.011975479,0.05721605,-0.009580421,0.11895613,-0.03446269,0.038853694,0.051893614,-0.0046570776
1982-07-01,-0.21888462,0.1716481,0.12387936,0.033664323,-0.11696024,0.0017297745,0.14051194,0.025946807,-0.02395091
1982-08-01,-0.10924272,-0.017164802,0.051228307,0.059345055,0.0731833,-0.009447289,-0.12800424,-0.021422744,-0.023817826
1982-09-01,-0.1551486,-0.2274005,-0.032200646,0.2150259,0.002927327,0.073715545,-0.016898703,-0.07531228,-0.007850552
1982-10-01,-0.046305083,0.036059428,0.023684764,0.2582705,0.008382845,0.076110646,-0.1414434,-0.08356202,-0.060010314
1982-11-01,-0.0006652832,0.10392032,-0.08116694,0.1351895,-0.0026612282,0.20823976,-0.11696021,-0.10179134,-0.03153534
1982-12-01,-0.15568085,-0.060143374,-0.008382845,0.064268254,0.009979558,0.27995938,-0.0013306141,0.10711374,-0.018495416
1983-01-01,-0.24963169,0.0021462142,-0.0036217452,0.118712544,0.0012072443,0.25647277,0.026559424,0.26492348,-0.03997327
1983-02-01,-0.0049631237,0.12327325,0.18752563,-0.0030851841,0.023742508,0.032193184,-0.03125427,0.19932978,-0.11951737
1983-03-01,-0.036888085,0.035278417,0.1818918,-0.048558135,0.010060382,-0.10932283,0.011670047,0.18028212,0.005097264
1983-04-01,0.05030193,-0.13346778,0.081690334,0.16485617,-0.06317922,0.36552733,-0.035680834,-0.015828336,-0.037692916
1983-05-01,-0.09993317,0.08705587,0.042387757,0.1550641,0.06988613,0.01784041,-0.14768645,-0.060630582,0.0002682805
1983-06-01,-0.06411819,-0.028303217,0.11844428,0.14889368,0.07028856,0.007914161,-0.01113348,0.07940997,-0.011804181
1983-07-01,-0.036888074,0.04104637,0.122066,-0.009121406,0.04735088,0.0028169155,-0.1478206,0.033132195,-0.0077800276
1983-08-01,-0.20965843,-0.014352823,0.047887422,0.109457016,0.05674057,-0.0063045146,0.004158282,0.048289847,-0.014352816
1983-09-01,0.08236102,-0.053252958,-0.035144277,0.16405134,0.06854475,0.014889372,-0.11334702,-0.14379644,-0.035680834
1983-10-01,-0.07847102,-0.21475565,0.061703693,0.11898079,0.03849774,0.033400483,0.00804832,0.11495666,-0.046411913
1983-11-01,-0.014621091,-0.06250852,0.35332075,0.041717052,-0.026156997,0.05217986,-0.03501014,0.025486302,-0.076593064
1983-12-01,-0.13024846,-0.05727713,-0.08665345,0.111469075,0.021864569,0.10207937,0.009926247,-0.18645248,-0.08906794
1984-01-01,-0.13451035,0.011938786,-0.016183699,0.1142144,-0.03183677,0.13344908,-0.06354089,0.018704105,-0.05253067
1984-02-01,-0.113285825,-0.018571448,0.018571448,0.09537765,0.04404087,0.09962256,-0.05027554,0.07441845,-0.12933686
1984-03-01,-0.016051019,-0.11713276,0.06632662,0.049479652,0.0025203943,-0.11089806,0.086357236,0.0070306184,-0.062347006
1984-04-01,0.01883676,-0.040061235,0.059428643,0.08662252,0.01724491,0.049346983,0.018438792,-0.011142862,-0.018040847
1984-05-01,0.22935736,0.061418425,-0.03223473,0.14804097,0.033561252,0.003581643,-0.22444916,0.17125528,-0.005836749
1984-06-01,0.023877572,-0.07123478,0.10638785,0.21529612,0.020428587,-0.046826553,-0.1288062,0.031040858,0.014724493
1984-07-01,-0.1207144,-0.03754084,0.16395935,0.2626533,-0.048683714,-0.0045102118,-0.16714302,0.08052049,0.025336767
1984-08-01,-0.017377567,-0.091928676,0.12575522,0.19354098,-0.20707159,0.04735718,0.018836737,0.05651026,0.007826519
1984-09-01,-0.16289811,-0.26199007,-0.010877562,0.11129598,0.044040848,0.014326548,-0.1561328,-0.025867378,-0.01618371
1984-10-01,0.13013278,-0.12270419,-0.09935723,0.20176551,0.106255196,0.04059186,-0.39729628,-0.09816337,-0.02401023
1984-11-01,-0.12230625,-0.0025204183,-0.03024497,0.20203082,-0.07627559,0.08476536,-0.05651026,0.00079591275,-0.03395922
1984-12-01,0.0441735,-0.19818386,-0.038469423,-0.027193904,0.04802047,0.16939811,0.05836741,-0.28241864,-0.037540864
1985-01-01,-0.105472304,-0.049728394,0.24690409,0.04277711,0.0025398969,0.04077196,0.017378211,0.051867247,-0.029676605
1985-02-01,-0.07151799,-0.0871584,-0.007084942,0.124187306,-0.009491158,0.21040995,0.0410393,-0.2100089,-0.08822779
1985-03-01,0.031414438,0.03154812,0.033285953,-0.008421731,0.051065184,0.2888792,-0.037296318,-0.1352826,-0.007218623
1985-04-01,0.015506697,0.12619248,0.123919964,-0.040237237,0.014036226,0.056144953,-0.085554264,0.13421318,0.009624839
1985-05-01,0.044113897,-0.09785266,0.012432098,0.12592511,-0.027805138,-0.07151798,-0.083950065,0.030879736,0.030746054
1985-06-01,-0.44381255,-0.11135416,0.06790867,0.35585213,-0.011897373,-0.040103544,-0.004678726,0.16455817,-0.022859026
1985-07-01,-0.19771048,-0.09036665,0.12071166,0.08341537,0.10894797,-0.0026735663,0.024195801,0.03141446,-0.02379477
1985-08-01,-0.10587335,-0.032350183,-0.0020051717,-0.030077647,0.09290655,0.011362672,0.041707683,-0.0025398731,0.016041398
1985-09-01,-0.0695128,-0.043712854,0.032216527,-0.03021133,0.080608115,0.031414438,-0.11215625,-0.0969169,-0.013501525
1985-10-01,-0.20078507,-0.0945107,-0.03141446,0.12913342,0.014169907,0.010694265,-0.15119036,-0.122716844,-0.08916354
1985-11-01,-0.30411857,0.014838314,-0.043579172,0.37149248,-0.014303589,0.22110423,-0.023393726,-0.3641402,-0.08368273
1985-12-01,-0.046653785,0.039034106,-0.0002673626,-0.0633636,-0.012966824,0.19062552,0.033686973,-0.05574392,0.053337716
1986-01-01,-0.015034181,-0.015034181,-0.036937427,0.05754461,0.021644035,0.08592813,-0.07854063,0.15708128,0.009979586
1986-02-01,0.03253086,-0.005702621,0.033438087,0.015034181,0.036548607,-0.13660367,-0.009720375,0.04315847,0.0069986717
1986-03-01,0.024754548,-0.018533517,-0.02734666,-0.08761297,0.05637818,-0.016200613,-0.012701291,0.0060914336,-0.112497136
1986-04-01,-0.023588121,-0.002721709,0.022940088,0.098499805,0.03175323,0.120532654,-0.12584648,-0.08242878,0.04795385
1986-05-01,0.096166894,0.041214395,0.00466578,0.20736799,-0.038363077,-0.001944077,-0.062080793,0.097851776,-0.051064372
1986-06-01,0.06869065,-0.043806493,0.078281425,0.092408374,-0.028513098,-0.03512297,-0.18170622,0.088131405,-0.016200626
1986-07-01,-0.03434532,0.07452287,0.13777013,0.12558722,0.047435425,-0.029031526,-0.120143846,-0.03136441,-0.022162458
1986-08-01,0.06752424,-0.06441368,-0.0054434105,0.02695784,0.02177364,-0.067265,-0.21073775,0.0045361756,-0.041992024
1986-09-01,-0.22629035,-0.0646729,0.016978258,0.170301,0.1529339,0.044065703,-0.06765381,-0.08372483,-0.014645365
1986-10-01,-0.17691083,-0.12092149,-0.022680873,0.2360107,0.07737419,0.09914782,0.04302888,0.053786077,-0.02877231
1986-11-01,-0.040955186,0.010627615,-0.0029809237,0.17911412,0.052101213,0.13038263,-0.227716,-0.17185625,-0.04289926
1986-12-01,-0.010498005,0.06545053,0.14217667,-0.04691701,0.04588017,0.12636487,-0.049249902,0.05469332,-0.021903247
1987-01-01,-0.0445428,-0.010541797,0.22820763,0.021677494,0.016480828,0.13229214,-0.0029695272,0.13555859,-0.033704042
1987-02-01,-0.14342782,0.032961678,0.17000504,0.08700695,0.08151332,0.06488401,-0.05463917,0.07557428,-0.023013782
1987-03-01,-0.17416236,0.019598842,0.33674353,0.03711901,-0.0016332387,0.09636092,0.034891866,-0.116405204,-0.10586338
1987-04-01,-0.11328719,0.11892929,0.21336003,0.13110428,0.018856442,0.08329503,-0.10779357,0.17817123,0.03474338
1987-05-01,-0.09205513,0.085670665,0.03414948,0.039197683,0.017371679,0.010690284,0.008017707,0.10155759,0.0046027424
1987-06-01,0.03504028,0.11744454,0.08270113,0.14209156,-0.019598817,-0.026131773,-0.056123924,0.079583146,-0.012768936
1987-07-01,-0.13214365,0.034297943,0.020489693,-0.0041573048,0.01855948,-0.059093453,-0.000890851,0.0048997044,-0.004305816
1987-08-01,-0.219596,-0.18010144,0.10853597,-0.0155899525,-0.011729622,0.04513669,0.10719967,0.005196667,-0.04112785
1987-09-01,0.09205513,-0.010244846,-0.006384468,0.21870518,0.05775716,0.032070827,-0.05404527,0.009799409,-0.017817128
1987-10-01,0.005493617,-0.15248486,0.03756442,0.31016642,0.048551656,-0.00014847517,-0.041276336,-0.015144562,-0.04112785
1987-11-01,-0.14224002,-0.19658224,0.16035408,-0.06622028,0.07364409,0.10734816,0.13644943,0.12783785,-0.06547792
1987-12-01,0.06770506,-0.075871244,0.1621358,-0.07705903,0.051818132,0.1676294,-0.032367777,0.06622033,-0.07661362
1988-01-01,-0.05599761,0.013558745,-0.009626711,0.068200484,0.026032787,0.18263626,-0.033761274,-0.034439184,-0.057895847
1988-02-01,-0.08121689,-0.09314855,0.0603364,0.054912925,-0.020744884,-0.051116455,0.048811484,-0.0606076,-0.1890089
1988-03-01,-0.12311338,-0.030371595,0.21124521,0.10480909,-0.0025761724,0.045964133,-0.060743164,0.104673505,-0.095589146
1988-04-01,0.17002669,0.058031432,0.0756578,-0.086640395,0.010169056,0.02481252,-0.02101605,0.023998976,0.06291257
1988-05-01,-0.15945086,0.06738695,0.07633571,0.168264,0.053421456,-0.08148806,0.07620014,0.076878086,-0.023456622
1988-06-01,-0.116062835,0.050438534,0.096945,0.12596074,-0.0073217154,-0.029422473,-0.008542013,0.12284225,-0.010711414
1988-07-01,-0.10331762,-0.0006779373,0.046777688,0.17517896,0.074979864,0.019795764,-0.10087709,0.06399728,-0.0073217214
1988-08-01,0.08352189,-0.069420755,0.071725786,0.2904283,0.04989618,-0.021151638,-0.1514512,-0.023863386,-0.022507519
1988-09-01,-0.030236,-0.20731315,-0.0013558746,0.16731492,0.10331763,0.045150615,0.08392862,-0.016134907,-0.03972713
1988-10-01,0.24215913,-0.15280704,0.10643615,0.06603108,0.07389516,-0.011796111,-0.258972,-0.0035252809,-0.06331934
1988-11-01,0.114164636,-0.09762297,0.40947405,-0.005559084,-0.022507537,0.052472346,-0.038371246,-0.072810456,-0.07484427
1988-12-01,0.04515062,-0.0248125,0.10467352,-0.041354172,0.01938901,0.11470698,-0.05762466,-0.0950468,-0.06386169
1989-01-01,-0.03537627,-0.019772595,-0.25263658,0.019534374,0.03597183,0.17783423,0.0015484572,-0.05193286,-0.04776392
1989-02-01,-0.0015484572,-0.043714117,-0.12887922,0.040617198,-0.009052509,0.26407132,-0.0070276023,-0.45238742,-0.033589583
1989-03-01,-0.03906874,-0.009290743,0.07766104,0.069323204,0.035018932,0.18355162,0.0070276083,-0.016199242,-0.02715754
1989-04-01,0.0048835874,0.0337087,-0.017866796,0.009290737,-0.020368153,0.15043847,0.026681095,0.1319761,-0.01846236
1989-05-01,-0.12697342,-0.09469405,0.0077422797,0.16759062,0.06920408,-0.028944219,-0.14984293,-0.009052512,-0.036924724
1989-06-01,-0.10827281,-0.063129365,0.03561449,0.049907945,0.1050568,-0.014055228,-0.13650239,0.05240929,-0.002144015
1989-07-01,-0.23786668,-0.0021440028,0.08099618,-0.10684349,0.19963174,-0.03799672,-0.11053596,0.045977235,0.0028586865
1989-08-01,-0.20951803,-0.18736319,-0.002144015,-0.12947473,0.20606378,0.060389794,0.033708703,-0.013936102,-0.0098863
1989-09-01,0.037758507,-0.13257167,-0.0545533,0.1615159,0.16044387,0.048002142,-0.05407685,-0.110655054,-0.017271245
1989-10-01,0.023584176,-0.27145624,0.0991012,0.14936647,0.12423383,-0.0023822426,-0.19260414,-0.07480235,-0.012506759
1989-11-01,-0.20606379,-0.10076876,0.13126144,0.0645587,0.032755803,0.10088787,0.031207347,-0.045024347,-0.018462365
1989-12-01,-0.06658361,0.04978882,0.1685435,0.027157545,0.06825119,0.10553324,-0.22357325,-0.05074172,-0.029897118
1990-01-01,-0.04137521,0.023044419,-0.29866093,0.12831552,0.050409663,0.1343385,-0.09859346,-0.117971756,-0.009165394
1990-02-01,-0.112341546,0.056432646,-0.16589364,0.103438035,-0.030900478,0.18723595,0.013617158,-0.10003374,-0.026186848
1990-03-01,0.0007856131,-0.0111294035,0.027365256,0.008379782,0.0003927946,-0.0684786,-0.08903527,0.03351916,-0.02775805
1990-04-01,0.09676038,-0.010867548,0.1852719,0.06114627,0.005761099,-0.003535223,-0.18016548,-0.061670016,0.022389758
1990-05-01,0.045826983,0.08091736,0.1476938,0.13918307,-0.032078885,-0.042815484,-0.11312716,-0.021473218,-0.006284845
1990-06-01,-0.015973996,-0.15712109,0.03247168,-0.059967875,0.2105422,-0.037185322,-0.08419068,0.072668456,0.006808579
1990-07-01,-0.23502691,-0.05446863,0.073977806,-0.09833159,0.16131096,-0.021080405,0.08353603,0.023830008,-0.0111294035
1990-08-01,0.013748097,-0.08117922,-0.01034379,-0.008772587,0.049755,-0.046219777,-0.012831569,0.029329251,-0.047529113
1990-09-01,-0.03692345,-0.15672822,0.039673068,0.23437223,0.039934933,0.004713631,-0.10658045,-0.036661576,0.01243875
1990-10-01,-0.076989315,-0.04333923,0.008772587,0.09780786,0.09204675,0.08864248,-0.03535223,0.0061538937,-0.036661588
1990-11-01,0.0673002,-0.004058957,0.04504137,0.06677644,0.031424213,0.15397863,-0.20648324,-0.15083618,0.05342115
1990-12-01,0.045696042,-0.020687604,0.036530636,0.08026266,0.022651624,0.26776046,-0.10435456,-0.33885774,-0.042684555
1991-01-01,0.021607017,0.052780498,-0.1085299,-0.022266775,0.050306417,0.15735187,-0.12898234,-0.07834604,-0.0895619
1991-02-01,-0.031668294,-0.1251888,0.07306801,0.0095664505,0.1017674,-0.025565553,0.061192393,0.14597109,0.03397744
1991-03-01,0.054759763,-0.0064326287,0.02573049,0.014514637,0.040245127,0.32410526,0.0036286593,-0.20831802,-0.044863414
1991-04-01,-0.18357718,-0.06317166,0.05970793,0.13409546,0.0034637214,0.2627479,0.020947259,-0.00016493797,0.054924708
1991-05-01,0.0009896398,-0.02061739,0.05261556,0.17681465,0.004453349,0.034967083,-0.10803507,0.031338423,-0.026060373
1991-06-01,0.05409999,0.13211617,0.02556554,0.27313906,0.06877958,-0.025400614,-0.1397034,-0.010885978,0.009401524
1991-07-01,-0.083459154,0.1364046,0.040575027,0.0996232,0.1507543,0.005772865,-0.0070923804,0.03447225,-0.010391164
1991-08-01,-0.07125367,0.004783231,0.031173468,0.15141407,0.09022166,-0.011050915,-0.16279487,0.072408244,-0.03232805
1991-09-01,-0.044368602,-0.2566452,-0.09253081,0.12271462,0.15982595,0.061192382,-0.10984941,-0.05146098,0.0036286593
1991-10-01,0.3659998,-0.12683812,-0.075707026,0.30629188,0.08560337,0.041564632,-0.39601868,-0.20139055,0.009401518
1991-11-01,-0.14267227,-0.0481622,-0.027544826,-0.049481712,0.08147989,0.14465156,-0.38777173,-0.030348778,-0.031338423
1991-12-01,-0.05970795,0.025070738,0.07339792,0.117271684,-0.023586273,0.09418023,-0.078840874,-0.0004947662,-0.0519558
1992-01-01,-0.11228235,-0.017263938,0.014052009,-0.024892157,0.03680291,0.082973875,0.06811887,0.20556101,0.010840136
1992-02-01,-0.042156063,0.0107063055,-0.119910575,0.08190322,0.046706248,0.16915965,-0.027702559,0.060222946,-0.062230397
1992-03-01,-0.08029729,0.0776207,-0.14386597,0.09916713,-0.038408864,0.15055743,-0.020475805,0.016193295,-0.1357024
1992-04-01,-0.16420792,0.10853515,-0.06570993,0.19338259,-0.03867651,0.14386593,-0.20408893,0.28893632,0.0006691456
1992-05-01,0.034394026,0.17263916,0.041620754,0.034795474,0.0046840073,0.010840142,-0.29937506,0.09662439,0.029576164
1992-06-01,0.12941246,-0.005085492,0.086988725,0.20074315,0.14092173,-0.07052778,-0.14868383,0.06570993,-0.0147211645
1992-07-01,-0.013650537,0.033323385,0.12258717,0.22054982,0.12285483,-0.027702559,0.063033365,-0.00950185,-0.012446076
1992-08-01,-0.040951613,-0.066379085,-0.029576158,0.07360584,0.067315884,0.008297384,-0.14560573,0.009635675,0.0016059459
1992-09-01,0.067985035,-0.11536044,0.043494355,0.068252705,0.12379165,-0.011375451,-0.20355363,-0.035196975,-0.03733824
1992-10-01,0.09180655,-0.13382879,0.077754535,-0.0056208135,0.014855003,0.031449772,-0.27756095,0.0232862,-0.0060222982
1992-11-01,-0.16367263,-0.09234187,0.31155348,-0.0068252683,0.06905566,0.13556857,0.07240138,0.13878044,-0.04898134
1992-12-01,-0.11897381,0.0994348,-0.2003417,-0.10278052,0.03011148,0.16126367,-0.18950155,-0.18615595,-0.076550074
1993-01-01,-0.06499996,-0.00673213,-0.14706245,0.013464284,0.009982157,0.31072313,0.0016249896,-0.024839258,0.0049910545
1993-02-01,-0.1302321,-0.08809819,-0.041205216,0.15124102,0.024142837,0.109107114,0.07033925,-0.079973176,-0.16087493
1993-03-01,-0.099008895,0.040741064,0.12651782,0.11734817,0.037258912,0.03377676,0.060705326,0.10922317,-0.09506245
1993-04-01,0.0029017925,-0.09726782,0.12558922,0.051651765,0.11595531,-0.05455351,-0.07126784,0.09262495,-0.010562492
1993-05-01,0.031687498,-0.078232124,0.05733929,-0.0069642784,-0.0016249657,0.0896071,-0.06569643,0.057803534,-0.00011610985
1993-06-01,-0.16273208,0.037491035,0.0609375,0.14555354,-0.02089281,0.0026696443,-0.10852673,0.05826783,0.02774105
1993-07-01,-0.20451775,-0.05466962,0.10225892,0.13893743,0.12837496,-0.07416961,0.05362501,-0.047589254,-0.038767863
1993-08-01,-0.15483923,-0.19140176,-0.02901783,0.11282136,0.09401782,0.047241043,-0.020428563,-0.0059196474,0.016598176
1993-09-01,-0.086008884,0.024839258,-0.03180356,0.22459812,0.108294584,0.0061517716,0.09134817,-0.13046423,-0.027160693
1993-10-01,-0.17410707,-0.07324104,-0.034241058,0.3298749,0.122107126,0.07811604,-0.1326696,-0.10922317,0.03342855
1993-11-01,-0.0425982,-0.13034816,-0.04190178,0.08020534,0.10365172,0.13208923,-0.20428567,-0.24827671,-0.03505359
1993-12-01,0.012883926,0.029714275,-0.004642868,-0.13475886,0.05490179,0.21043745,-0.046312474,0.04201784,-0.01149106
1994-01-01,0.0016527057,-0.032799687,-0.09496651,-0.035215165,0.030892726,0.12687631,0.04932666,-0.0105518345,-0.03674073
1994-02-01,-0.0035596609,-0.013857221,-0.07310009,0.06458231,0.05581032,0.0324183,-0.0050852178,-0.304732,-0.035850815
1994-03-01,-0.094839394,0.062421106,0.16603251,0.10551836,0.05898858,0.05008943,0.105899766,0.04220734,-0.025934633
1994-04-01,0.06890476,0.049453795,-0.095475055,0.08810147,-0.009789055,0.01563706,-0.22273274,0.034960903,0.0036867857
1994-05-01,0.073481455,0.033689596,0.025807511,0.27155083,-0.020722281,-0.013221574,-0.18866177,0.122426726,-0.020722276
1994-06-01,-0.08657591,-0.012840176,0.0781853,0.04792822,0.20785847,-0.049835183,-0.025044728,0.068777636,0.0053394795
1994-07-01,-0.0127130505,-0.044622827,0.044622827,0.13628396,0.16793947,0.008136356,0.10373855,0.013221586,0.016145581
1994-08-01,-0.19527254,-0.0781853,0.05403049,-0.0038139105,0.06140406,-0.078566685,-0.12293525,0.018688202,-0.016526973
1994-09-01,0.09636495,-0.013984364,-0.09102549,0.02364626,-0.025680374,0.019705236,-0.27968723,-0.0076278327,-0.0073735714
1994-10-01,0.17149916,-0.0924239,-0.06318389,0.24103956,0.011187491,0.022120714,-0.20277324,0.011441743,-0.018433934
1994-11-01,0.006483662,-0.06826911,0.26468584,0.0648366,0.08161782,-0.044622827,-0.24904875,-0.4340238,-0.029875685
1994-12-01,-0.19285707,0.09992461,0.0016527176,0.031401254,0.06470946,0.11785003,-0.15980312,0.007119298,-0.073481455
1995-01-01,-0.08670875,0.07106116,0.22224262,0.092591286,0.014824021,0.23824313,-0.049531046,0.19188869,-0.031295147
1995-02-01,-0.021647772,-0.015529921,-0.08906176,0.10223864,0.009529722,0.20494795,-0.0058825375,-0.018353533,-0.010588586
1995-03-01,0.085179284,-0.019294754,0.16047588,-0.0321187,-0.004470736,-0.1360045,0.04764862,0.11012127,-0.07670841
1995-04-01,-0.030706894,-0.1750646,0.14482829,-0.08294392,0.010823893,0.18035892,0.015294624,-0.04517796,0.11518027
1995-05-01,-0.027295018,0.020235967,0.08353217,0.11706269,0.02364784,-0.0020000697,-0.020588923,0.002823627,0.04482501
1995-06-01,-0.046354484,0.042119034,0.03870716,0.099179745,-0.027647972,-0.09188537,-0.04047192,0.0688258,-0.022706633
1995-07-01,0.15765223,0.21306586,0.116356775,-0.041648436,0.097885594,-0.049883973,-0.344129,-0.048589837,-0.012000394
1995-08-01,-0.04176606,0.019530047,0.029648041,0.17024088,0.10976833,-0.030471599,-0.1261218,0.021647776,-0.017177038
1995-09-01,0.06659043,-0.2229485,-0.015529925,0.18012357,0.118474506,0.041413132,-0.09294424,-0.0061178477,-0.056354802
1995-10-01,-0.1378869,-0.061531436,-0.040236626,0.06470802,0.15482864,0.030824548,-0.13412209,-0.012706292,-0.037413
1995-11-01,-0.110356584,-0.045413256,0.23918435,0.079179086,0.062707946,0.07635546,-0.03353051,-0.031059837,-0.03105985
1995-12-01,-0.06200204,-0.12023928,0.016941737,0.033295218,-0.04329555,0.07129647,0.049413383,-0.0035295486,-0.039295413
1996-01-01,0.002544868,0.09237866,-0.17928587,-0.0305384,0.031301863,0.22776559,-0.10573921,-0.16859742,-0.050770096
1996-02-01,0.005471462,-0.011960876,0.060567845,0.008270824,0.0487342,0.101158455,-0.089579314,0.013869524,-0.028884238
1996-03-01,-0.0114519,-0.071638,0.21631369,0.03206532,0.031429105,0.07062006,-0.01208812,-0.07850914,-0.01832304
1996-04-01,-0.024939692,-0.12635264,0.20842461,0.13767731,-0.030029431,-0.040972352,-0.06209476,0.18450285,0.019213742
1996-05-01,-0.14314876,-0.03588263,0.014632985,0.2621213,-0.013615048,0.002544865,-0.06642102,0.040845107,0.001145193
1996-06-01,-0.09785013,-0.021631371,0.07354665,0.31619972,0.0927604,-0.012215352,-0.13551417,0.07074729,0.011960873
1996-07-01,-0.23158291,-0.015269196,0.076727726,0.28260747,0.11006548,-0.041354083,0.00343557,0.047207274,0.016541636
1996-08-01,-0.06578479,-0.10026775,0.065530285,0.2651751,0.020486182,-0.018577527,-0.24443445,0.04275378,0.021631366
1996-09-01,-0.09645047,-0.34317532,0.01539644,0.063112736,0.13615039,0.028375268,-0.010942936,-0.077109456,-0.005344218
1996-10-01,-0.12877026,-0.060949553,0.05000664,-0.06896589,0.13462345,0.03957268,-0.06578481,-0.077872895,-0.03575538
1996-11-01,-0.003181082,-0.03473743,0.002926597,-0.08805239,0.078254655,0.15091063,-0.15752727,-0.09734116,-0.009034276
1996-12-01,-0.07990882,-0.1288975,0.12940647,0.18984705,0.018323043,0.24176235,-0.103067115,-0.14365776,-0.053060472
1997-01-01,-0.080265425,-0.070497654,-0.22479975,-0.051386833,0.07870825,0.005804062,-0.069648266,0.073612,0.0073611974
1997-02-01,0.0094846245,0.0024065494,-0.05124526,-0.010617137,0.06554301,0.090599395,-0.030860424,-0.050395917,-0.050254345
1997-03-01,0.015854884,-0.12910411,0.20738772,-0.017553639,0.025905753,0.113673925,0.07488604,-0.029161692,-0.019535493
1997-04-01,0.10291525,-0.13434193,0.36706907,-0.011891174,0.05492587,0.034965705,0.13943815,0.17695196,-0.005096197
1997-05-01,-0.13504975,-0.06596768,0.11339078,0.21177611,0.075593874,-0.049121857,-0.09102406,0.07545228,0.0024065494
1997-06-01,-0.117354535,-0.03043573,0.080548525,0.039920352,0.01373148,0.0076443194,0.0016986846,0.07290421,-0.0016987324
1997-07-01,-0.17596102,0.032417584,0.07389512,0.19464716,0.10815301,-0.089608476,-0.069648266,0.068940446,-0.0127405645
1997-08-01,-0.054359652,-0.17100637,0.1340588,0.11664672,0.0519531,-0.013873029,-0.036664426,-0.035107277,-0.06441049
1997-09-01,-0.13717315,-0.021658946,0.018119907,0.26585263,0.00014157295,0.08536162,0.18615344,0.10447244,-0.07658477
1997-10-01,-0.09159033,-0.0025481223,0.055492114,0.12740536,0.059880566,0.11268296,-0.20908642,-0.024348592,-0.032276034
1997-11-01,-0.067666434,0.072621085,-0.07771728,0.33635026,0.03043573,0.1896925,-0.17950003,-0.074744485,-0.041335963
1997-12-01,-0.005804038,-0.029161692,-0.08635254,0.12216763,-0.015996456,0.10659585,-0.036664438,0.106595874,-0.11678828
1998-01-01,0.019852687,0.07965441,-0.016198825,-0.015346241,0.1006033,0.16893072,-0.122648336,0.1035264,0.034833573
1998-02-01,0.010718012,-0.12216115,-0.10328279,0.023263026,-0.037878513,-0.050058078,0.040923405,0.19353342,-0.14420614
1998-03-01,0.008038521,-0.09061603,0.11339192,0.0062115667,0.02167964,0.123013735,-0.062846616,-0.016564226,-0.09877634
1998-04-01,-0.13592406,-0.13945608,0.03836565,0.22130284,0.044333648,0.09682765,0.14384076,0.09317379,-0.074295424
1998-05-01,-0.25102106,-0.22045036,-0.013153935,0.42116967,0.06905818,-0.019121934,0.0923212,-0.028256606,-0.0003654003
1998-06-01,-0.19475141,-0.085500576,0.08720579,0.2741622,-0.031788684,-0.046526004,0.021679591,-0.067231275,-0.00048718453
1998-07-01,-0.080872394,-0.07904549,0.008891011,-0.064673565,0.14408436,-0.009134722,-0.17940512,0.03714776,0.019852733
1998-08-01,-0.040192604,-0.01400652,-0.050423432,0.11156492,-0.029839993,-0.023628378,-0.04409008,0.06162863,0.015224457
1998-09-01,0.12240472,-0.2413992,-0.012788582,-0.024968099,0.071372315,0.028743792,-0.04275026,-0.0032884597,-0.012788582
1998-10-01,-0.014737273,-0.1847641,-0.06516075,0.06382098,0.02228861,0.07965441,-0.07575693,0.0823339,0.004506445
1998-11-01,-0.23823252,-0.02898736,0.25382227,0.009256458,0.07989798,0.13446255,0.05017986,-0.16211013,-0.01632061
1998-12-01,0.013519335,-0.043602847,0.23835436,0.016077042,0.02107067,0.2540659,0.062968396,-0.36173344,-0.039096404
1999-01-01,-0.12951627,-0.06490332,-0.1453428,0.09350725,0.036734995,0.054303907,0.019456482,-0.061708976,-0.052416336
1999-02-01,0.035283018,0.054884695,0.3445539,-0.076664336,0.011325413,0.107010625,-0.071872815,0.06780728,-0.031653084
1999-03-01,-0.09495923,-0.19267718,-0.21997437,0.13546936,0.003339541,0.24465795,0.036880188,-0.06330615,-0.0021779656
1999-04-01,-0.06098299,-0.059821405,0.06432254,0.06809767,0.0059531033,-0.025699973,-0.021924842,-0.14447162,0.059095424
1999-05-01,-0.083779,-0.04414007,-0.011325419,-0.007985872,0.027732741,0.004210728,-0.06243496,0.069259256,0.025119185
1999-06-01,-0.11078577,-0.011615813,0.0027587533,0.10120277,0.06954966,-0.041816913,-0.09539483,0.024973983,0.0069694845
1999-07-01,-0.2353653,-0.11775526,-0.017859299,0.24770708,0.12341795,-0.058079027,0.035573415,0.003049147,-0.066210106
1999-08-01,-0.19166084,-0.07521236,0.06591972,0.16610603,0.06998524,-0.010454225,0.05909543,0.04094572,0.024828792
1999-09-01,0.096411206,-0.22839585,-0.05502989,0.17772187,0.115141705,0.06795248,0.061854172,-0.025264388,-0.018585294
1999-10-01,-0.13692133,-0.12820944,0.003920329,0.24988508,0.023086423,0.058950223,0.034702223,0.16247611,-0.029910708
1999-11-01,-0.19572636,-0.12167561,-0.038186956,0.07724514,0.0906033,0.117319666,-0.02294122,-0.061708976,-0.0042107315
1999-12-01,-0.010018634,-0.050093174,0.18599813,-0.015826534,0.02090845,0.22694385,-0.07564795,0.09960556,-0.006533891
2000-01-01,-0.034808636,0.02929839,0.15065828,0.04421638,0.058059197,0.2104646,-0.05039861,-0.28169462,-0.043410003
2000-02-01,-0.07714347,-0.023519348,0.058731176,0.03736217,0.042469226,0.04851706,-0.072439596,-0.01774031,-0.03440545
2000-03-01,-0.08399767,-0.1134305,0.18170376,0.027416825,0.10926418,-0.0032255054,0.012095666,0.047845088,-0.013842821
2000-04-01,-0.044081986,0.0052414415,-0.027013624,0.109936155,-0.017605912,0.118806325,-0.035615027,0.08977671,-0.07405235
2000-05-01,-0.12216625,-0.21328692,-0.07136442,0.022847366,-0.0542961,0.0107517,0.0509362,0.11141453,-0.065450996
2000-06-01,-0.14138488,-0.06410704,0.057252813,0.22471061,0.09958764,-0.048651457,-0.11020498,0.071364425,0.022981763
2000-07-01,-0.05496807,-0.27215248,0.079428196,0.08372889,0.17108648,-0.043275595,0.0657198,0.00927335,-0.019084275
2000-08-01,-0.14850791,0.14891109,0.07028927,0.30212286,0.041797243,0.054027297,0.012095666,-0.031448722,-0.016127562
2000-09-01,0.102275565,-0.057118416,-0.07620269,0.16960812,0.115983985,0.023922537,-0.14286324,-0.07432115,-0.0108861085
2000-10-01,-0.09488378,-0.18802042,0.04663551,0.39821625,0.11141453,0.05550567,-0.15133023,0.02620728,-0.03655579
2000-11-01,-0.20817986,0.0503986,-0.05228015,0.24581079,0.01666515,0.13627782,-0.011289293,-0.059537552,-0.069751665
2000-12-01,0.08870156,-0.036287,-0.12834844,-0.04556036,0.053624116,0.17538713,-0.039378107,0.044216372,-0.0040318845
2001-01-01,-0.045705926,0.04438286,-0.0019244552,0.05376458,0.06928058,0.15960988,-0.10139497,0.17632863,0.0051719905
2001-02-01,-0.014192891,-0.03848921,0.0864804,0.042939495,0.0356025,0.14168836,-0.12809685,-0.07613645,-0.05544851
2001-03-01,-0.09056989,0.09129155,-0.010825085,0.13627581,0.04678843,0.10849142,-0.09598243,0.023334075,-0.046187043
2001-04-01,-0.024055744,-0.028746605,-0.022371853,0.05244155,0.016839027,0.063026056,-0.09598243,-0.11582842,-0.012629258
2001-05-01,-0.09489993,-0.0864804,-0.015275407,0.2501797,0.030069685,0.004811144,-0.039932586,0.13904223,-0.0076978444
2001-06-01,-0.076737836,-0.11534731,0.046427596,0.26304954,0.0070964573,-0.05797434,-0.083593726,0.100673296,-0.012629271
2001-07-01,-0.22011006,0.08467622,0.031031907,0.15479879,-0.028145218,-0.05797436,0.107529186,-0.006254482,0.023454357
2001-08-01,-0.18330479,-0.19545294,0.00745728,-0.1917243,0.0864804,0.022251558,-0.16129377,0.13795972,-0.01178732
2001-09-01,-0.17632861,-0.14938617,-0.012148166,0.06434913,0.096944645,-0.0036083697,0.14036527,0.10789003,-0.006134224
2001-10-01,-0.18871737,-0.13230662,-0.05292263,0.011546755,0.055087663,0.042819213,-0.10163554,-0.13759887,0.007457304
2001-11-01,-0.011185909,-0.07962452,0.0905699,-0.12027875,-0.019485151,0.08395456,-0.09056989,0.25270563,-0.03415916
2001-12-01,-0.027543832,-0.20567665,0.10957394,-0.022732686,0.012629271,0.1458981,0.10776973,0.10776977,-0.03897033
2002-01-01,-0.039352607,-0.039480783,0.1701005,0.019355822,0.054093767,0.06909132,0.0016664028,-0.13907997,-0.05934932
2002-02-01,0.0024355173,-0.01679213,-0.22163066,0.0017945766,-0.008203817,0.07370601,0.035250686,0.07050137,-0.026149582
2002-03-01,-0.06639948,-0.0014100313,-0.025252318,0.14715557,0.01909945,0.19304553,-0.120749615,-0.25418943,0.048838235
2002-04-01,-0.095881894,0.061528455,0.03550706,0.20753035,-0.05806751,0.007050133,-0.13151708,-0.05793929,0.06063118
2002-05-01,0.01627941,0.20060845,-0.016279388,0.13984907,0.108059384,-0.024098659,-0.14689922,0.106649354,0.03653252
2002-06-01,0.2152214,0.056016542,-0.030636072,0.14100273,0.16228133,-0.058580242,-0.12651792,0.07191138,0.011152029
2002-07-01,-0.118955016,0.061015725,0.033840656,0.09729189,0.14010544,0.026021397,0.04383905,0.06832223,0.0112802265
2002-08-01,-0.16087131,-0.14190002,0.02012496,0.08934446,0.30853963,-0.044992708,-0.07434688,-0.027175069,-0.018073987
2002-09-01,-0.019099474,-0.2954648,0.055888366,0.04165993,0.11331493,0.02435503,-0.13279891,-0.06768131,-0.035891604
2002-10-01,0.02063768,0.020765852,0.07870515,0.07793605,0.12036506,0.08895993,-0.20073657,-0.14420736,-0.03576343
2002-11-01,0.0124338865,0.064476706,-0.06793769,0.07344961,0.077038765,0.20765857,-0.17958625,0.08716533,-0.018714905
2002-12-01,-0.11421223,-0.12395425,-0.038455296,0.0703732,-0.0067937374,0.18189354,0.019227648,0.033968844,-0.03858347
2003-01-01,-0.007607174,0.037472535,-0.0033809661,0.0060575483,0.050292112,0.10706444,-0.047897242,0.17102131,-0.018595362
2003-02-01,-0.06719701,-0.021976376,0.2100435,0.069873616,0.046065904,0.18848976,-0.0032401085,-0.0715642,-0.08382015
2003-03-01,-0.025075626,-0.018877173,0.25146055,0.0756495,0.020708513,0.02493472,0.10565567,0.028315734,-0.07677646
2003-04-01,-0.08283405,-0.08114357,0.08438368,0.29808998,0.08255229,0.10410609,0.032119323,-0.14989023,-0.057617567
2003-05-01,-0.15777917,-0.03535943,-0.066070035,0.16355506,-0.035500336,0.01493268,-0.017468404,0.16073751,0.004507971
2003-06-01,-0.21257925,-0.1338305,-0.031837605,0.10509224,-0.023244238,-0.025639152,-0.13960639,0.057335805,0.009861183
2003-07-01,-0.15707478,0.00408535,0.0036627292,0.0081707,-0.0032401085,-0.056349706,0.0035218238,0.015214396,-0.0070436955
2003-08-01,-0.15284857,-0.10466959,0.058181047,-0.12749115,0.19694224,-0.029583598,-0.06790142,0.06691527,-0.009297704
2003-09-01,0.16327325,-0.25146052,0.0036627292,-0.094808385,0.14256477,0.023666859,-0.24582557,0.0002817154,0.017468404
2003-10-01,0.043671034,-0.09001865,-0.04761548,0.024653006,0.008875084,0.055081844,-0.24765691,0.25019264,-0.013946581
2003-11-01,0.046770286,-0.007184601,-0.05747671,0.011692571,-0.006480217,0.07255025,-0.0060575963,-0.3086555,-0.016200542
2003-12-01,0.069451,-0.025216484,0.20652167,-0.07395897,0.06973276,0.07480426,-0.08015742,0.07297287,-0.030428838
2004-01-01,-0.0069933594,-0.051161956,0.49149838,0.03962903,0.025396943,0.05876878,0.057664562,-0.05741916,-0.01901703
2004-02-01,-0.12048211,-0.023556596,0.16747259,0.099379346,0.044413973,0.2312717,0.07042439,0.064044476,-0.030059194
2004-03-01,-0.055456124,-0.043677844,0.026378464,-0.018280888,0.05619228,0.16575494,-0.0072387457,0.13802686,0.0023311258
2004-04-01,-0.03766601,-0.021716213,0.18599887,0.2428046,0.097170904,0.020857394,-0.09201791,-0.0003680706,-0.0128825065
2004-05-01,-0.029936409,-0.11716948,0.0792581,0.2026848,-0.14256641,-0.018158197,0.14894629,-0.082693435,0.048585452
2004-06-01,-0.08931873,-0.08686491,0.08011691,0.108458444,0.30488604,0.016563226,0.007484126,0.049444288,0.0028218746
2004-07-01,-0.07251005,-0.030549943,0.018894345,0.059504904,0.008588338,-0.010919452,-0.017299365,0.021838915,0.0058891536
2004-08-01,-0.07999424,-0.027850758,0.016440535,0.07827654,0.13115619,0.15937504,-0.004048777,0.031163394,-0.0072387457
2004-09-01,0.14330256,-0.095944,0.0061345277,0.20955542,0.049566995,0.025396943,-0.2456265,0.003558016,0.0002453804
2004-10-01,-0.08379765,-0.022206997,-0.06760249,-0.000613451,0.10330544,0.061099894,-0.05398383,-0.15434472,-0.03386259
2004-11-01,-0.1738525,-0.102691986,0.08931873,0.097784325,0.017053986,0.17434327,-0.13336462,0.08882792,-0.018771648
2004-12-01,-0.103918895,0.011287535,-0.008956408,0.22930863,0.011287535,0.3494227,-0.1533632,-0.21875724,-0.104900435
2005-01-01,-0.01197989,0.014806604,0.009960795,-0.019787002,0.024767375,0.12612525,0.0030959249,-0.17606382,-0.024767399
2005-02-01,-0.09126242,-0.074167535,0.21644545,0.036074232,0.027459502,0.08184008,0.08574362,-0.087358855,-0.14241248
2005-03-01,-0.01521039,-0.06111083,0.265711,0.04468899,-0.0061918376,-0.20204265,-0.015075803,0.05384215,-0.1103764
2005-04-01,0.0275941,0.13177866,0.035670422,0.02732489,-0.003230524,0.08533981,-0.09005098,-0.023555946,-0.07362914
2005-05-01,0.05976479,-0.23138663,-0.058284115,0.10431917,0.11212627,0.014268184,-0.1619302,0.1683913,-0.0061918497
2005-06-01,0.0678411,-0.08480139,0.08197465,0.09489679,0.031228447,-0.021806072,-0.12814431,-0.0075379014,0.011037636
2005-07-01,-0.20042738,-0.07820573,0.09516601,0.20958051,-0.051957678,-0.04845793,-0.04522741,0.06366835,0.018306326
2005-08-01,-0.06595664,-0.20850375,0.013325905,-0.012787509,0.13339391,0.0029613257,-0.037285708,0.007403302,0.022748316
2005-09-01,-0.06339912,-0.31914932,0.025575018,0.1129339,0.18225566,-0.032574486,-0.04199686,0.040650822,-0.012249088
2005-10-01,-0.21577242,-0.14200869,0.06151464,0.25696164,0.14120103,0.050477028,0.008749342,0.048592545,-0.008345532
2005-11-01,-0.065822005,-0.016152645,-0.06218767,0.12087562,0.051015437,0.13164406,-0.11145325,-0.03472818,-0.04186227
2005-12-01,0.07174468,0.12922117,0.1527771,-0.09045482,-0.0044419765,-0.0043073893,0.09745427,0.09853113,-0.020729233
2006-01-01,0.0090452675,-0.061766196,-0.018478155,0.029332483,0.066934906,0.012404931,-0.025455946,-0.010337437,-0.043804895
2006-02-01,-0.07649705,-0.03152919,0.23375526,0.07675548,0.019770348,0.19137184,0.0067193387,-0.12404926,-0.0055563687
2006-03-01,-0.012146497,0.041220535,0.14872989,-0.09161556,0.059052624,0.17780395,-0.06706412,-0.34746724,-0.02287159
2006-04-01,-0.039282262,-0.1572583,0.1572583,-0.055434525,0.03437198,0.100273155,0.18865827,-0.19343929,-0.008140731
2006-05-01,-0.1364542,-0.060344804,0.07714315,0.073525034,0.14033073,-0.001421392,0.11836366,0.08101968,-0.021191752
2006-06-01,-0.27329603,0.20687799,0.13038091,0.17560725,-0.2227718,-0.005556381,-0.03527651,0.08980651,-0.0011629642
2006-07-01,-0.17160149,0.048844397,0.07933984,0.11138592,0.024680639,-0.112807296,0.0023259283,0.06254151,-0.013697112
2006-08-01,-0.13529123,-0.010208225,0.09161556,0.26476765,0.033209015,0.016152252,-0.06693492,-0.018865824,-0.03553494
2006-09-01,-0.12727971,-0.08205342,0.027781868,0.15066817,0.031787623,0.013697105,0.10634639,-0.008786822,-0.0147308465
2006-10-01,-0.17069694,-0.04600159,0.0374732,-0.009303701,0.087222144,0.07494642,-0.1004024,-0.117975995,0.04638926
2006-11-01,-0.086834475,0.006977773,0.048585963,0.033596676,0.03824852,0.27135777,-0.1033744,0.022354722,-0.047423005
2006-12-01,-0.017056774,-0.023776108,-0.18129282,-0.1790961,0.08554231,0.2659306,-0.24176684,0.15532002,-0.084250115
2007-01-01,-0.074375115,-0.021875033,0.02554059,0.10062516,0.008631771,0.25292268,-0.02447639,0.038310863,-0.06964538
2007-02-01,-0.0140709635,0.07614877,-0.055101417,0.049189266,0.07390213,-0.012888539,-0.051554132,-0.104290724,-0.06680754
2007-03-01,-0.011706099,-0.056047387,0.006621629,0.08241568,0.045168996,0.12947655,0.051317643,0.058412254,-0.007449335
2007-04-01,-0.06125009,0.08170621,0.06349673,0.08572648,-0.0468244,0.035709523,-0.2110645,0.09270285,-0.12368262
2007-05-01,-0.022229766,0.0004729748,0.01773653,0.18114895,-0.018564217,0.016790563,-0.19037192,0.1592739,0.00094594655
2007-06-01,-0.013952732,0.12391913,0.0800508,0.25162202,-0.02435813,-0.01560812,-0.3937506,0.12864885,-0.018445976
2007-07-01,-0.09104745,0.12581101,0.053919006,0.32126737,0.18008475,-0.029679101,0.0144257,0.10334475,0.008395282
2007-08-01,0.03358113,-0.07508459,0.0139527265,-0.032043982,0.029206127,-0.055810906,-0.116588,0.030861521,0.011469612
2007-09-01,-0.2597808,-0.20657125,0.013952732,0.27136868,0.14153738,0.056047387,-0.13964549,-0.108310975,0.013834479
2007-10-01,-0.0664528,-0.019510165,0.0005912304,0.09081094,0.0953042,0.084780544,-0.1876523,0.1042907,-0.011706101
2007-11-01,0.09104745,0.04481426,0.32386872,-0.0056756856,0.055456154,0.112567745,-0.070000105,0.13988197,-0.009932446
2007-12-01,-0.02530409,-0.12072654,-0.040793993,0.024121642,0.034408838,0.10500016,0.009814203,0.04173994,-0.0048479824
2008-01-01,0.020551682,-0.14433612,-0.18401669,-0.044265177,-0.018654615,0.09311496,0.064026415,-0.16251644,-0.021816412
2008-02-01,-0.024187759,-0.04663656,0.2747603,0.07999351,0.05106305,-0.060548443,0.032408427,0.016599441,-0.051537313
2008-03-01,-0.07841261,-0.117460825,0.090743616,0.043158554,-0.017389894,0.13184702,0.13105656,0.03936439,-0.0056912424
2008-04-01,0.22338112,-0.004426518,0.08584283,-0.021500241,-0.0047426997,0.07177283,-0.13911913,-0.095644414,0.02924664
2008-05-01,-0.046952724,-0.06371025,0.1569833,0.2652749,-0.035095967,-0.04663653,-0.2276495,-0.05912564,-0.02150023
2008-06-01,-0.119041726,-0.070666194,0.053908657,0.31001434,-0.038257767,-0.025294399,0.07050812,0.029878998,0.017073713
2008-07-01,-0.256738,-0.10275845,0.09248259,0.0058493614,0.04964026,-0.0676625,-0.089637,0.029878998,0.0014228106
2008-08-01,0.13848677,0.09769958,-0.02782383,-0.056754284,0.030353272,-0.009801579,-0.18227771,0.051379226,-0.01438618
2008-09-01,-0.2798192,-0.24156141,0.020551693,-0.048849773,0.26701388,-0.010592026,0.014228093,0.031617988,-0.02308113
2008-10-01,-0.08315531,-0.043474734,0.008536858,0.12742047,0.065607324,0.037941583,-0.14923689,0.110821046,-0.026401019
2008-11-01,-0.032092262,-0.0724052,0.04126147,-0.013595736,0.005216971,0.17943206,-0.0488498,0.09975474,-0.027507639
2008-12-01,-0.052802037,-0.2271752,0.04252619,-0.019919332,-0.023397312,0.19713816,0.14749792,-0.20298748,0.04157765
2009-01-01,-0.03308053,-0.045732833,-0.0720918,0.00039536954,0.004085648,0.18925743,-0.0007907748,-0.11663847,-0.06655641
2009-02-01,0.0030313015,0.03400309,0.042569734,-0.023459483,0.05324514,0.09344256,-0.0031630755,-0.30484155,-0.059966683
2009-03-01,-0.026886154,-0.045732807,0.34701592,-0.012520516,0.0011861563,0.17792311,0.018978452,-0.13561693,-0.049423076
2009-04-01,0.11466155,-0.1466877,0.0672154,0.05509026,-0.07723181,-0.093837954,0.18306312,-0.14998257,-0.07499127
2009-05-01,0.023064088,-0.06774254,-0.016474342,0.14853284,0.01858306,-0.045469236,0.013838458,0.09871435,-0.07499127
2009-06-01,-0.15789025,0.20164618,0.032948732,0.1316631,0.044414856,-0.031630766,-0.0987144,0.021350766,-0.041910768
2009-07-01,-0.09700103,0.17647333,0.035979986,0.060098458,0.036111783,-0.056144617,0.1619759,-0.0068533183,-0.0032948733
2009-08-01,-0.11769285,-0.22655539,-0.00092258456,-0.009357452,0.11848359,-0.04085642,0.040988218,0.028863072,-0.020560002
2009-09-01,0.123228215,-0.15406823,0.005271816,-0.0077758906,0.1001641,0.013574863,-0.12480974,0.12059231,-0.0064579486
2009-10-01,0.03202617,0.00052719115,-0.08685281,-0.1598672,-0.063525125,0.029917454,-0.24487491,-0.0059307814,-0.05258615
2009-11-01,0.21983385,0.0437559,-0.07578204,0.11966975,0.009093856,0.18293127,-0.37851486,-0.08237181,-0.025568198
2009-12-01,0.110707685,-0.040065646,0.0118615385,-0.040592812,0.0018451214,0.09357438,-0.21350768,-0.10991694,-0.014365626
2010-01-01,-0.0014744938,-0.10871066,0.026004767,0.045575373,0.037264563,0.12466204,-0.073590815,0.21527657,-0.053081907
2010-02-01,0.043564692,-0.014208794,-0.002144718,0.076941945,0.047317952,0.12104277,-0.039275266,0.10549357,-0.075199366
2010-03-01,0.0028149486,-0.06715665,0.10562761,0.06836305,0.035924114,0.2658116,-0.029355908,-0.08525274,-0.099997714
2010-04-01,0.039007165,0.05200954,0.13739634,-0.013538565,0.02184937,0.2627286,-0.015951384,-0.10589571,0.012198113
2010-05-01,-0.2162149,-0.14677946,-0.03270703,0.053349994,0.06192889,0.008310795,-0.053752124,-0.04222424,0.003485176
2010-06-01,0.01903441,-0.028819716,0.073992945,0.18029079,-0.02158128,-0.031634666,-0.23404293,0.086593196,0.027479267
2010-07-01,-0.04544133,0.061258655,0.02292173,0.17372255,0.010053389,-0.023725998,-0.053349983,-0.051875494,-0.0064341696
2010-08-01,-0.08230375,-0.14718165,-0.014476883,0.1502647,0.0036192178,-0.010053391,-0.16246279,-0.047586046,0.049060542
2010-09-01,-0.013806665,-0.07278653,0.014208791,0.32774052,-0.048122227,0.029758036,-0.17224808,0.10334885,-0.011125753
2010-10-01,-0.080293074,-0.17144379,0.024932405,-0.0658162,0.053081907,0.067022584,-0.0868613,0.15991592,-0.019034415
2010-11-01,0.06943542,-0.050669085,0.004557538,-0.10254457,0.023591954,0.39141196,-0.056433033,-0.28149492,-0.06273315
2010-12-01,0.09262523,0.10951493,0.17171189,0.0026809096,-0.036728382,0.011930013,-0.076539814,-0.15830739,0.076003596
2011-01-01,-0.084887505,-0.11614027,0.021426583,0.06004901,0.017468786,0.09485016,0.012965131,-0.03152573,-0.10726941
2011-02-01,-0.051996995,-0.055681802,-0.025930261,0.04530971,-0.014875745,0.049267482,0.040533066,-0.21481171,-0.007915544
2011-03-01,-0.0851604,0.036302377,0.070148185,0.024974942,0.005322552,-0.0656445,-0.02047124,0.00095534325,-0.11382017
2011-04-01,0.1826036,0.012692166,0.23146176,-0.15899348,0.0487216,-0.050086357,0.064416215,0.0066872835,0.106314085
2011-05-01,-0.011190939,-0.08065677,0.011600399,0.14725657,-0.02552085,0.055954766,-0.13251725,-0.02347374,-0.041078996
2011-06-01,-0.053907655,-0.13115248,0.10262923,-0.013238072,-0.06537156,-0.03493762,-0.038622428,-0.016240548,-0.045036744
2011-07-01,0.0354835,0.114775494,0.08502398,0.12378285,-0.08406863,-0.0049131154,-0.16049471,-0.021426583,0.018697072
2011-08-01,-0.19502282,-0.02374668,0.018697072,0.26598984,0.08133912,-0.047629785,-0.0066873073,0.01132741,-0.021972513
2011-09-01,0.05786543,-0.19720645,-0.027431488,0.05895722,-0.035756446,-0.001091814,-0.15885694,0.14630122,-0.02088065
2011-10-01,0.02988801,-0.25889316,-0.04435439,0.12664881,0.1131378,0.033299875,0.009826231,0.15953934,-0.025930237
2011-11-01,0.030024504,-0.02975154,-0.038076498,-0.06973877,0.10126448,0.077927254,-0.23228054,-0.30611348,0.012692166
2011-12-01,-0.11614025,-0.09539604,0.07328711,0.055954743,0.106450535,0.21740475,0.114229605,-0.12473822,-0.051724054
2012-01-01,-0.13927469,-0.07949231,0.2601448,0.06761415,0.042160947,0.1677301,-0.048034765,0.012661314,-0.0143582225
2012-02-01,-0.02897749,0.00039159058,0.1820883,0.012530809,0.048034765,0.24069591,0.029499609,0.044249393,-0.06957209
2012-03-01,0.045815766,-0.07936178,0.13444512,0.01657722,0.06591727,0.25296563,0.10129069,-0.11982586,-0.02701956
2012-04-01,0.18430729,-0.20962994,0.14997807,-0.04907899,0.036809254,-0.006526458,0.03015225,0.085888244,-0.023625791
2012-05-01,-0.14788964,0.13092084,0.042683076,0.13914418,0.019709915,-0.05495281,-0.23286414,0.060043454,-0.0
2012-06-01,0.3868886,0.20675834,0.03250178,-0.033937596,0.028324848,-0.051559042,-0.28063786,0.0071791112,-0.011094987
2012-07-01,0.24134855,-0.003132701,0.0066569922,0.07257424,0.06408986,-0.06356776,-0.079361774,0.030804897,0.0091370465
2012-08-01,-0.079100706,-0.3114428,0.06252352,0.04620733,0.17999983,-0.012530804,0.047773704,0.0035242797,0.008353865
2012-09-01,-0.04685999,-0.30713534,-0.03197966,0.2532267,0.15794039,0.022189975,0.000652647,-0.016185623,-0.022189975
2012-10-01,0.028455377,-0.05521387,-0.003132701,0.174126,0.072965845,0.030282784,-0.26171118,-0.09841905,-0.03406813
2012-11-01,0.05038429,-0.03093543,-0.18456835,0.04477154,-0.08262501,0.21602587,-0.012791866,-0.19514123,-0.010442334
2012-12-01,-0.05116746,0.032762844,-0.021145772,0.08889041,0.026366914,0.26314694,-0.06865839,-0.1713849,-0.025844792
2013-01-01,0.026345134,-0.09492846,-0.11282599,0.004295421,0.010308981,0.15320277,0.08075361,-0.14003026,-0.01761117
2013-02-01,-0.009879398,-0.024626995,0.2678901,0.01990204,0.021333838,0.093210295,0.025772428,-0.08877168,0.0015749693
2013-03-01,0.029208755,-0.12986442,0.037942745,0.0798945,0.025199722,0.21276574,0.044529032,0.0018613816,0.020331597
2013-04-01,-0.1595027,-0.032645084,0.032215547,0.03293147,-0.02963829,0.14819147,-0.040090464,-0.22464971,0.05927658
2013-05-01,-0.01761117,-0.062426545,0.007445359,0.08046727,-0.021477032,-0.044385813,0.0058703898,0.014747525,0.023481559
2013-06-01,0.14675967,0.09077623,0.036367774,-0.21577254,-0.01102488,-0.02763381,0.029065585,0.077890016,0.011597586
2013-07-01,-0.1285758,-0.0057271956,0.08547856,0.026774693,0.057272077,-0.09349666,0.1284326,-0.011740756,0.011454391
2013-08-01,0.10996237,-0.24741533,-0.0251997,0.1496233,0.10036926,0.007874918,0.046963096,0.040233634,-0.019758845
2013-09-01,0.07130375,-0.20431808,0.053549387,0.013172579,0.1792616,0.06070838,-0.027347421,0.010308981,-0.02949512
2013-10-01,0.057987977,-0.13802567,-0.036510944,0.057701636,0.025629234,0.06944238,-0.2116203,-0.15420511,-0.027490592
2013-11-01,0.049683522,-0.025772428,-0.029065585,0.008161282,-0.08103998,0.16623215,-0.058703877,-0.16823669,-0.001002264
2013-12-01,0.04395633,-0.12728718,-0.025772428,0.09120576,0.0045817615,0.17167303,0.070015095,-0.32143945,0.015749812
2014-01-01,0.02032807,0.022176098,-0.20222493,0.094908416,0.066132285,0.14757666,-0.037884165,-0.10428045,0.058608245
2014-02-01,-0.046200205,-0.080784366,-0.31983742,0.10784447,0.06600028,0.10322447,-0.04224018,-0.07497631,0.15668467
2014-03-01,0.0077880383,0.0069960356,-0.08632837,-0.02494812,0.10045244,0.09688842,-0.07999237,0.0063360333,-0.069828294
2014-04-01,-0.041448176,-0.1341126,-0.028248142,0.09530441,-0.008448029,-0.02283609,-0.012144053,-0.050028216,-0.2082969
2014-05-01,-0.16051269,-0.053460218,0.08553638,0.22413702,0.10850449,0.020724107,-0.08170839,0.045936204,0.03392415
2014-06-01,-0.040788174,-0.032604136,0.099792436,-0.07708831,0.016236067,-0.03656416,-0.21159692,0.015048051,0.02481612
2014-07-01,-0.07524033,-0.115500495,0.07669234,-0.0060720323,0.061248254,-0.038280167,-0.036432147,0.05491228,-0.051216222
2014-08-01,-0.22189295,-0.12777658,0.06890428,0.38821372,0.08038835,0.03352815,-0.1374126,0.010692048,-0.025740098
2014-09-01,0.012276053,-0.15800467,0.0015840053,0.12870054,0.08910038,0.02851212,-0.13662061,-0.034056164,-0.036036156
2014-10-01,-0.15206467,-0.035508156,0.013200045,0.26056919,0.0125400545,0.061644267,-0.28842124,0.11114447,-0.035508156
2014-11-01,0.1841408,-0.06903632,-0.24565306,0.14216462,0.03986417,0.1384686,-0.11127649,0.008184051,-0.06243627
2014-12-01,0.019272065,0.019272089,0.0126720425,-0.013200045,-0.0,0.14784065,-0.07788036,0.0076560257,-0.011088038
2015-01-01,0.033264898,-0.069670655,0.049825955,0.08551787,0.036691308,0.18788233,0.0062817573,0.046113968,0.014990616
2015-02-01,0.00028553008,0.021129632,0.12292302,0.057249855,0.07052727,0.06681528,-0.0037119626,0.033550404,0.032979347
2015-03-01,0.023271132,-0.08965816,-0.036691308,0.034549795,-0.0022842884,0.124778986,0.08009269,0.12849097,0.038690068
2015-04-01,-0.06667252,-0.011564207,0.34606895,0.008423328,0.019416427,0.13905577,-0.07609521,0.052395772,0.012135267
2015-05-01,-0.15290424,-0.011135888,0.06867125,0.1766037,-0.062103987,0.036976837,-0.28967577,-0.030980587,-0.004140258
2015-06-01,-0.032408286,0.07509585,0.14462371,0.24813032,-0.060105205,-0.03069507,-0.28924745,0.059962463,0.008423304
2015-07-01,0.14305326,0.117640615,0.08765936,-0.15675898,0.04240203,-0.022700047,-0.11464252,0.018845344,-0.012991858
2015-08-01,-0.10307832,-0.037547924,-0.013705683,0.018559813,-0.06924238,-0.08194868,-0.05282402,-0.057678152,-0.007852244
2015-09-01,0.16875145,0.0072811483,-0.08251977,0.33807397,0.071383856,0.028268004,-0.0760952,0.046256732,0.030837845
2015-10-01,-0.17332001,0.028839076,0.026412034,0.1694653,0.088658765,0.0760952,-0.018131543,0.14062622,-0.05182469
2015-11-01,0.0672436,-0.06438823,-0.029838454,0.09008644,0.036976837,0.29524368,-0.17945905,-0.16132756,-0.069813445
2015-12-01,-0.057392597,0.061532877,-0.056821536,0.01227802,0.036976837,0.46599388,-0.12563562,0.015704442,-0.07509585
2016-01-01,0.005049944,-0.048858207,0.0066911816,0.043303274,-0.034718372,0.2906243,0.04140954,0.1257436,-0.021083515
2016-02-01,-0.044944476,0.07297168,0.14367092,0.100872636,-0.009721148,0.2926442,-0.07347669,0.15894699,-0.07347669
2016-03-01,0.0077011646,0.030173397,0.1834392,-0.09695892,0.094938934,0.055549383,-0.01805355,0.08774277,-0.006943679
2016-04-01,-0.02663846,0.071961686,-0.03332963,0.010857379,0.014139843,0.14505965,-0.14581713,0.098095156,-0.034087133
2016-05-01,-0.08029413,-0.21171889,0.09708518,0.39440066,0.07852663,0.021336008,-0.0034087182,-0.047216963,0.0077011706
2016-06-01,-0.087490276,-0.19189784,-0.0036612034,0.029289674,0.0633768,-0.005049944,0.042293273,-0.02070477,-0.0011362315
2016-07-01,-0.14190343,0.073350444,0.044944502,0.24214482,0.09014149,-0.029289674,-0.11576997,-0.058705606,0.015023577
2016-08-01,-0.17927302,-0.19833654,0.022345996,0.08143034,-0.016412307,0.060851824,0.11185627,-0.05895809,0.037369587
2016-09-01,0.005302429,-0.27130818,-0.02070477,-0.054034375,0.14417589,0.001262486,-0.2090677,-0.11147752,0.0021462322
2016-10-01,-0.11602247,-0.248836,-0.09329771,0.23608485,0.06842674,0.07852664,-0.11135125,-0.03332963,-0.05883184
2016-11-01,0.09860015,-0.028532172,-0.010731131,0.035223342,-0.06552303,0.23696859,-0.06931048,0.17939925,-0.035349607
2016-12-01,-0.13192981,-0.021083523,0.2735807,0.07309793,0.0032824515,0.060725592,-0.02423973,-0.14670086,-0.12397613
2017-01-01,0.02763791,-0.01995163,0.21734166,0.020278692,0.07179308,0.07490029,-0.06263497,-0.12559703,-0.13900714
2017-02-01,-0.025348376,-0.050860215,-0.031235695,-0.012428904,0.070321225,0.0076862336,0.034342907,-0.08307715,-0.045463514
2017-03-01,-0.008013368,-0.041865684,0.079806425,0.033688784,0.008013343,-0.07310138,-0.029109716,0.13050313,0.12657824
2017-04-01,0.022568226,-0.27801424,0.122816846,0.1529078,-0.01962452,-0.033688784,0.2070388,0.035651207,0.058382966
2017-05-01,-0.16043058,0.023058843,0.04824362,0.17236881,-0.07669921,0.022895288,-0.023385907,0.04726243,-0.086184405
2017-06-01,-0.0021260022,-0.03761368,-0.0058873654,0.06639633,0.06655989,-0.008176899,-0.14767465,0.07947936,0.0027801513
2017-07-01,-0.10155697,-0.029600333,0.021914054,0.030418014,-0.06705046,-0.06328912,-0.15552445,0.012919473,-0.011938286
2017-08-01,0.11496706,-0.15650563,0.01831622,0.014227772,0.07179306,-0.0053967475,-0.25577307,0.01995163,-0.00065412524
2017-09-01,0.0654151,-0.19869843,-0.029927397,0.07473676,0.08291368,0.031072188,-0.16713563,-0.019297456,-0.052332114
2017-10-01,-0.0124288555,-0.058546543,0.046444703,0.02175052,0.07784398,0.042192746,-0.18299875,-0.16778973,-0.054294538
2017-11-01,-0.11398585,-0.016353797,0.11202335,0.07473676,-0.04480934,0.12935838,0.049879026,-0.22273842,-0.03908553
2017-12-01,0.059527777,0.032380484,0.13246557,-0.058055926,0.019133901,0.13295622,0.007849837,0.09190826,-0.047753047
2018-01-01,0.0012194633,-0.044036426,-0.11923709,0.019918006,0.027370345,0.15473722,0.0051488755,0.028183317,-0.0074523212
2018-02-01,0.015988613,-0.07967205,-0.13752913,0.009349274,0.031977214,0.13238025,0.09213774,-0.5470001,-0.035635628
2018-03-01,0.02357642,-0.12140503,-0.044036437,-0.07249073,0.0777751,0.18278505,-0.036313117,-0.17072584,-0.07628463
2018-04-01,-0.16706744,0.105958425,0.09091829,0.1690999,0.025066882,0.1350902,-0.33874172,0.094983175,0.003251922
2018-05-01,-0.1138172,0.03482263,-0.055553645,0.26354107,-0.034009673,-0.022763431,-0.21381378,0.0865824,0.0018969536
2018-06-01,-0.13251574,0.046204377,0.027370334,0.16571245,0.0043358924,-0.0104332445,-0.09593163,0.08346596,-0.0008129716
2018-07-01,-0.24768794,-0.1228955,0.10406144,0.1368517,0.028183311,-0.06761285,0.018834036,-0.013414169,0.034958154
2018-08-01,-0.014769137,-0.19254078,0.012601197,-0.2529723,0.100267544,0.10230001,-0.1136817,-0.05175974,0.00027099252
2018-09-01,0.031977218,-0.31353936,-0.007994306,0.045526884,0.12655392,0.01856305,-0.2734323,0.06341244,-0.023305435
2018-10-01,-0.072084285,-0.09945458,-0.083059505,0.32478553,0.018021066,0.070322774,-0.123302005,-0.0162596,-0.014091653
2018-11-01,-0.1345482,-0.089156814,-0.23237684,0.10026755,0.041597478,0.07072927,-0.17763618,-0.07384572,-0.024795901
2018-12-01,-0.15487273,-0.115578674,0.048236847,0.13847761,0.056502115,0.22289205,0.083872475,0.020866489,-0.003251922
2019-01-01,0.031609844,0.011427021,0.2438261,-0.05832238,0.05312829,-0.02789979,-0.037694357,0.05327668,-0.10239806
2019-02-01,0.061438847,-0.12510374,0.105514504,0.023744488,-0.021666836,0.26193127,0.05936117,-0.34741133,-0.12836862
2019-03-01,-0.035023116,-0.122284055,-0.0010388375,0.058619212,0.043778896,0.18134847,0.10121083,-0.15879118,-0.07271747
2019-04-01,-0.04912138,-0.039771985,0.06574254,0.14409928,0.017066335,-0.08473811,0.028641796,-0.008162165,0.06336806
2019-05-01,-0.091861464,0.030867815,0.02137003,0.13326588,0.023002457,-0.01869874,-0.01261425,0.012169075,-0.0891902
2019-06-01,-0.23492193,0.10981822,0.0075685503,-0.002077675,0.044520877,-0.0007420063,-0.18565214,0.017808367,-0.03517151
2019-07-01,-0.08533172,-0.08369927,0.13489833,0.2304699,0.08473806,0.017214727,0.007716966,0.040959217,-0.04363048
2019-08-01,-0.011278582,-0.020034384,-0.0,0.17422505,0.12807178,0.075388715,-0.15211305,-0.023002457,0.016175937
2019-09-01,0.08696413,-0.11115384,-0.04986341,0.254808,0.030867815,-0.011130238,-0.1942595,-0.12658772,-0.056838345
2019-10-01,-0.13252386,-0.033687472,-0.100914046,0.05387025,0.087409355,0.1089278,-0.19485311,-0.18580055,-0.043185282
2019-11-01,0.04437246,-0.14187327,-0.05283146,0.078653574,-0.0449661,0.13207868,-0.12465854,-0.07954407,-0.014395094
2019-12-01,-0.018550348,-0.24961385,-0.1252521,0.008755779,0.05164423,0.36922663,0.12376809,0.059954833,-0.10699856
2020-01-01,-0.014848018,0.015854668,-0.106452726,0.063041165,0.00440408,0.26801935,-0.047060657,0.021139527,-0.027053583
2020-02-01,0.017238796,-0.0022649528,-0.031457663,0.045299042,0.04051747,0.20950803,-0.0017616272,-0.06845188,-0.03762337
2020-03-01,-0.05536549,-0.11400256,0.04731233,0.043537408,0.026424443,0.16181824,0.035106756,-0.44367895,-0.01849711
2020-04-01,-0.105446085,-0.087452315,0.15728831,0.1326255,0.0036490797,0.07210095,0.0843065,-0.1252015,0.038126685
2020-05-01,-0.14785102,-0.18912347,0.12054577,0.17377213,-0.014722181,0.11865832,0.075246714,0.12469814,-0.011198926
2020-06-01,-0.1313672,-0.037749194,0.055617116,0.08732643,-0.0075498344,-0.020007074,-0.11475754,0.03447759,0.00037750005
2020-07-01,0.020636177,-0.100790344,0.031457663,0.48847467,0.022272015,-0.033848442,0.006165719,-0.029947687,0.025921118
2020-08-01,0.16924222,0.08367739,-0.06857769,-0.019881248,0.14470527,-0.0205104,-0.16785808,0.032464314,0.004404068
2020-09-01,-0.012708897,-0.03724587,-0.054862164,0.17968616,0.07788918,0.043159913,-0.047060657,0.05108726,0.049325608
2020-10-01,-0.16232154,-0.11387674,-0.10871768,0.09198217,0.045550693,0.06505444,-0.043789066,-0.10569773,-0.019503761
2020-11-01,-0.084809855,-0.038126685,-0.06656442,-0.035232566,0.051842224,0.19440837,-0.105571926,-0.030325199,-0.11526088
2020-12-01,0.09475049,-0.047689833,0.015225505,-0.03888167,0.038126685,0.36553806,-0.036113393,-0.047186494,-0.10997598
2021-01-01,-0.041621972,-0.07611289,0.02357607,-0.081643105,0.012661219,0.20971069,-0.0050935983,-0.0074220896,-0.08207967
2021-02-01,-0.007276559,-0.048752975,-0.034199856,-0.02910626,0.03565519,0.0430773,0.0016008377,-0.24449265,0.09837923
2021-03-01,-0.066362284,-0.053118944,0.14916964,0.12122762,0.055738498,0.19326563,0.007131028,-0.28567806,-0.10347281
2021-04-01,-0.26617685,-0.08746433,0.020519901,0.034636475,-0.013097811,0.11322336,-0.056902744,-0.08193417,-0.03943901
2021-05-01,-0.15178919,-0.15208025,0.014989758,0.01076932,0.057484888,0.07727714,0.041767478,-0.004220414,-0.071892455
2021-06-01,-0.10478256,-0.004802537,0.06839971,0.10143535,0.025904607,-0.01091485,0.009896135,0.07349334,-0.03943901
2021-07-01,-0.15688281,-0.03725605,0.0001455307,0.036673903,0.17885801,-0.03274455,-0.17478316,0.05646615,0.02139311
2021-08-01,-0.018773507,-0.005821228,0.016445016,0.11657057,0.09634175,-0.034927536,-0.12486591,-0.060249995,-0.044532586
2021-09-01,-0.044387054,-0.07975121,0.01688161,0.011933565,0.13607183,0.008586359,-0.1712904,-0.017900348,0.0064033987
2021-10-01,0.14771433,-0.28174868,-0.0841171,-0.03492751,0.03230796,0.059085704,-0.097069405,0.02430377,-0.046861123
2021-11-01,-0.061850835,-0.22484598,-0.07829587,-0.021247577,0.09939792,0.13228802,0.014844179,0.093867704,-0.0436594
2021-12-01,-0.1257391,-0.062287427,0.1596479,-0.17143592,-0.0017463684,0.13126926,0.009168481,-0.49931803,-0.014407635
2022-01-01,-0.07285347,-0.031953264,0.09176983,0.116949,0.00230062,0.072725676,-0.066974066,-0.079499766,-0.028502334
2022-02-01,-0.063267484,-0.01840508,0.09994985,0.042945206,0.056621216,0.12934688,-0.0015337586,-0.13650441,-0.032592345
2022-03-01,0.05585433,0.08461228,0.14136133,-0.07540974,0.052914638,0.1756152,-0.021983838,0.0016615748,0.002300632
2022-04-01,0.11298679,0.05470402,0.09752141,-0.12206153,0.038471747,0.20846319,-0.113370255,0.0419227,0.00447346
2022-05-01,-0.02364545,-0.019811034,0.03220892,0.14225599,0.03744924,0.08320634,-0.00945816,-0.082311645,-0.0021728158
2022-06-01,-0.07272565,-0.07477067,0.06250062,0.37666526,0.030419517,-0.073109105,-0.12359528,0.080010995,-0.0066462876
2022-07-01,-0.09573202,-0.041411452,0.08691295,0.08141699,0.123850904,0.0038343905,-0.19836597,0.018916344,-0.0053681494
2022-08-01,-0.17523178,-0.0947095,0.023517609,-0.06991378,0.14021099,-0.033742666,0.011247551,0.029269194,0.00038343668
2022-09-01,-0.14570694,-0.07681565,0.016360069,-0.06633501,0.06416218,-0.010608482,-0.069146894,0.020705724,-0.02198385
2022-10-01,-0.11835494,-0.056749023,-0.0419227,-0.06301186,0.012014437,0.014698505,0.027735448,-0.06953033,0.0026840686
2022-11-01,-0.120911226,-0.2562653,-0.037960507,-0.028246736,0.07540974,0.2502581,0.065056846,-0.30841303,-0.002939701
2022-12-01,-0.046907417,-0.095987655,-0.13254221,-0.011886621,0.045629285,0.17676553,0.017638206,-0.31620964,0.037704874
