,vo1000_cluster1,vo1000_cluster2,vo1000_cluster3,vo1000_cluster4,vo1000_cluster5
1965-01-01,-8.84665e-05,-1.4412581e-06,7.5255455e-05,-1.0553922e-06,-4.43706e-05
1965-02-01,-9.251355e-05,-9.656578e-07,3.9343413e-05,-4.12434e-06,3.223638e-05
1965-03-01,-7.683681e-05,-1.100263e-06,8.403156e-05,3.4223922e-06,-2.8263123e-05
1965-04-01,-7.475494e-05,-1.6655904e-06,0.00013002985,3.0365336e-06,-1.9083207e-05
1965-05-01,-9.4299285e-05,-2.0873485e-06,0.00012719422,-2.4462934e-06,5.441434e-06
1965-06-01,-8.506553e-05,-2.9936782e-06,0.0001621102,3.2653043e-07,-6.9240778e-06
1965-07-01,-0.000100275654,-3.3705655e-06,0.00022722207,3.8800426e-06,-1.5036145e-05
1965-08-01,-9.134699e-05,-2.885994e-06,0.00014101344,-7.7277946e-08,3.16531e-05
1965-09-01,-7.26013e-05,-2.6167909e-06,0.000115600415,-5.3716576e-06,1.0852469e-05
1965-10-01,-6.689414e-05,-1.9527433e-06,-3.2359603e-06,-2.1322194e-06,4.9869355e-05
1965-11-01,-7.4010146e-05,-1.8989085e-06,6.516921e-05,-3.4513287e-06,-5.8135985e-05
1965-12-01,-9.065604e-05,-1.9976142e-06,5.8726226e-05,-7.1843097e-06,-9.883989e-05
1966-01-01,-8.066387e-05,-1.819124e-06,2.2947157e-05,3.8999315e-06,-4.7416775e-05
1966-02-01,-9.4790434e-05,-2.030938e-06,3.726109e-05,1.1707525e-06,-3.746953e-05
1966-03-01,-9.175167e-05,-1.5584264e-06,0.00011282268,-2.3160792e-06,5.7497746e-05
1966-04-01,-8.351526e-05,-2.389399e-06,0.00015333673,1.0322583e-06,-4.4133616e-05
1966-05-01,-7.5906144e-05,-1.4280777e-06,0.00014332432,2.9386101e-06,5.1412084e-05
1966-06-01,-7.840721e-05,-1.3791941e-06,0.00016791136,-3.8232356e-06,-6.699058e-06
1966-07-01,-8.358044e-05,-2.666391e-06,0.00018520701,1.8713799e-06,1.5582447e-05
1966-08-01,-7.44886e-05,-2.7234164e-06,0.00020860463,-1.5013975e-06,5.219714e-06
1966-09-01,-7.198753e-05,-2.2671957e-06,0.00012276992,1.03522325e-07,5.544475e-05
1966-10-01,-5.641085e-05,-2.739711e-06,0.000114280956,-5.688853e-06,-5.543323e-05
1966-11-01,-4.803593e-05,-1.3466088e-06,9.46716e-05,-4.466834e-06,-4.0345352e-05
1966-12-01,-8.063129e-05,-1.9657637e-06,8.988129e-05,-1.7539496e-06,-3.8219034e-05
1967-01-01,-0.00011304525,-2.1544802e-06,4.7435973e-05,-6.8464433e-06,-4.6034373e-05
1967-02-01,-8.258357e-05,-1.8497049e-06,7.486592e-05,-9.67455e-07,3.1563497e-05
1967-03-01,-9.034736e-05,-2.1143787e-06,0.00012732769,1.9840736e-06,1.9252106e-05
1967-04-01,-9.322671e-05,-1.4807629e-06,6.125521e-05,-1.4165998e-06,1.5105532e-05
1967-05-01,-9.195948e-05,-2.0903171e-06,0.00010212744,3.4357727e-06,-5.916074e-06
1967-06-01,-7.6070966e-05,-2.0903171e-06,0.00017286782,-5.410784e-06,5.236053e-05
1967-07-01,-0.0001054579,-2.6116468e-06,0.0001776079,2.03534e-07,1.8297671e-05
1967-08-01,-9.002655e-05,-2.9485054e-06,0.00018104067,6.8475856e-07,1.7038461e-05
1967-09-01,-5.7254983e-05,-1.6251324e-06,0.00012739988,-2.2988497e-06,-4.961639e-06
1967-10-01,-6.791417e-05,-1.2882701e-06,0.00011227331,-6.1486644e-06,-8.5516876e-07
1967-11-01,-6.660683e-05,-1.280252e-06,4.9384944e-05,-1.8497049e-06,-1.4465873e-05
1967-12-01,-9.661937e-05,-2.0742773e-06,0.00010719636,-4.159592e-06,-3.886409e-05
1968-01-01,-9.095287e-05,-1.8979554e-06,0.00010506099,-2.6016642e-07,-5.225074e-05
1968-02-01,-3.092223e-05,-1.981709e-06,4.1317406e-05,3.992507e-06,-2.9535688e-05
1968-03-01,-8.147973e-05,-2.1585147e-06,7.4575735e-05,2.4105466e-06,2.8773411e-05
1968-04-01,-8.9910645e-05,-1.7304556e-06,0.00013577889,-2.893663e-06,1.7405473e-06
1968-05-01,-7.582192e-05,-1.7025377e-06,0.00016298857,1.5172118e-06,-1.7633785e-05
1968-06-01,-7.201591e-05,-1.6001795e-06,0.00012652909,-2.2422682e-06,1.7950959e-05
1968-07-01,-9.489846e-05,-2.6796333e-06,0.00017421116,-2.6889393e-06,1.4833571e-05
1968-08-01,-8.470879e-05,-2.419074e-06,0.000147048,-1.0790609e-06,-4.2988104e-06
1968-09-01,-6.909394e-05,-2.279492e-06,0.00016136939,-5.3503463e-06,-2.768387e-05
1968-10-01,-6.5083215e-05,-1.7955972e-06,6.2953004e-05,-4.7268695e-06,4.0312396e-05
1968-11-01,-7.694789e-05,-1.4512916e-06,5.807685e-05,2.1442247e-07,-1.7968785e-05
1968-12-01,-8.976175e-05,-1.6374033e-06,9.158644e-05,-2.6331036e-06,-5.781551e-05
1969-01-01,-8.313716e-05,-1.7897764e-06,2.800118e-05,-4.263333e-06,1.0234937e-05
1969-02-01,-6.596673e-05,-1.9974104e-06,3.0399679e-06,6.2176696e-06,3.148582e-05
1969-03-01,-6.193141e-05,-1.7626953e-06,6.21344e-05,1.4781981e-06,-7.0528476e-06
1969-04-01,-6.812431e-05,-1.4196485e-06,0.00010396813,4.2197644e-07,-3.2176555e-05
1969-05-01,-6.037866e-05,-1.4647885e-06,9.579818e-05,-9.2312985e-07,-1.9330335e-05
1969-06-01,-6.3854284e-05,-1.4918696e-06,0.00013326257,-2.1328233e-06,1.0539006e-06
1969-07-01,-9.898053e-05,-2.1689339e-06,0.0001216441,1.703891e-06,7.799583e-05
1969-08-01,-7.916502e-05,-2.2501845e-06,0.00015140798,-6.4328196e-07,3.9700903e-05
1969-09-01,-6.301471e-05,-1.3564568e-06,0.00014685807,1.1802913e-06,-5.7619036e-06
1969-10-01,-4.7288697e-05,-9.592404e-07,6.257675e-05,-4.750822e-06,4.508133e-05
1969-11-01,-5.9168975e-05,-6.2522304e-07,4.8430556e-05,-3.947367e-06,1.5579255e-05
1969-12-01,-6.902707e-05,-2.2801396e-07,9.3333656e-05,4.403133e-06,-9.77257e-05
1970-01-01,-7.4599455e-05,-1.5995029e-06,2.2604168e-05,-7.810995e-07,-5.926047e-05
1970-02-01,-7.639021e-05,-1.5751939e-06,0.0001036423,1.9172003e-06,-2.7334638e-05
1970-03-01,-7.6495555e-05,-1.9479303e-06,5.712296e-05,4.121219e-06,-6.4288906e-06
1970-04-01,-9.4889365e-05,-1.6400154e-06,0.00011825201,-1.956032e-06,-2.1281696e-05
1970-05-01,-8.100083e-05,-1.8587962e-06,9.839966e-05,-4.581405e-06,2.4678537e-05
1970-06-01,-9.5302625e-05,-1.956032e-06,0.00010907131,-7.081726e-07,-1.2133405e-05
1970-07-01,-8.662431e-05,-2.6285816e-06,0.00016071985,-1.7615603e-06,2.1129421e-05
1970-08-01,-8.1057544e-05,-1.4860598e-06,0.00017774425,5.802067e-07,5.7661273e-06
1970-09-01,-7.515856e-05,-2.5475529e-06,0.00013316153,-3.4550903e-06,5.5542874e-05
1970-10-01,-4.8775182e-05,-1.6724298e-06,9.468038e-05,-3.487501e-06,7.025793e-05
1970-11-01,-5.346682e-05,-4.3266846e-07,5.9367492e-05,-9.836731e-07,2.9880664e-05
1970-12-01,-0.00011167069,-1.9641375e-06,6.12717e-05,-7.000672e-07,6.4710875e-06
1971-01-01,-9.076398e-05,-1.0037293e-06,6.0539052e-05,-3.3208198e-07,-6.0564736e-05
1971-02-01,-9.240578e-05,-2.106557e-06,9.293566e-05,-4.5029265e-06,1.5845493e-05
1971-03-01,-9.077227e-05,-8.4618296e-07,7.1368326e-05,4.759171e-06,1.5770867e-05
1971-04-01,-8.195794e-05,-1.1198172e-06,4.980928e-05,2.0559964e-06,-6.720511e-07
1971-05-01,-7.044873e-05,-2.065095e-06,0.00011487614,2.1969608e-06,-4.2446845e-05
1971-06-01,-8.54986e-05,-3.0684205e-06,0.0001471235,1.1355914e-06,-2.4022156e-05
1971-07-01,-9.5026044e-05,-2.4133587e-06,0.00013114493,6.38076e-07,2.0265099e-05
1971-08-01,-7.3010946e-05,-2.4879846e-06,0.00017685011,-3.2342614e-06,-2.4022156e-05
1971-09-01,-7.607066e-05,-4.3158434e-07,0.00014235562,-2.2889799e-06,4.7429497e-05
1971-10-01,-5.330929e-05,-1.6753766e-06,9.681629e-05,-5.5394194e-06,6.022396e-05
1971-11-01,-6.264602e-05,-1.7334205e-06,7.126883e-05,-2.4465262e-06,-2.7720358e-05
1971-12-01,-0.00010376575,-1.4100333e-06,6.308468e-05,-6.012062e-06,1.4784127e-05
1972-01-01,-0.00010861857,-2.0374573e-06,8.582597e-05,-3.4909972e-06,-7.201252e-05
1972-02-01,-7.431322e-05,-1.9393701e-06,7.7069046e-05,2.721572e-07,-7.064816e-05
1972-03-01,-6.891817e-05,-1.8323553e-06,7.866527e-05,1.431421e-06,-1.789265e-05
1972-04-01,-8.856327e-05,-1.1368029e-06,0.00014048089,2.8582072e-06,-3.6619247e-05
1972-05-01,-5.861854e-05,-2.68843e-06,0.00015091427,2.454035e-07,-2.1976834e-05
1972-06-01,-7.2708084e-05,-2.1177184e-06,0.00019691038,3.1524833e-06,-1.9274848e-05
1972-07-01,-0.00010599684,-2.8846189e-06,0.00016792872,-1.7075145e-06,-4.2846514e-06
1972-08-01,-9.6918906e-05,-2.8311115e-06,0.00018379284,1.3690005e-06,3.1313724e-05
1972-09-01,-8.389053e-05,-1.6629274e-06,9.292424e-05,-1.3508179e-06,2.5767084e-05
1972-10-01,-6.3344785e-05,-1.5380865e-06,3.596862e-05,-8.6036016e-07,2.5900845e-05
1972-11-01,-8.930341e-05,-1.9126164e-06,8.7199245e-05,1.0390504e-06,5.7474535e-06
1972-12-01,-8.745751e-05,-1.8769424e-06,4.5554858e-05,-1.9839572e-06,-6.0770544e-06
1973-01-01,-9.1002075e-05,-1.7339771e-06,4.7487792e-05,-4.2999163e-06,-3.628566e-05
1973-02-01,-6.5086104e-05,-1.9374784e-06,0.00012193539,3.4863842e-06,-4.4089647e-05
1973-03-01,-9.3063674e-05,-1.8666979e-06,0.0001227848,-9.287978e-07,2.2633587e-05
1973-04-01,-9.164798e-05,-1.7693674e-06,6.430796e-05,-7.5183925e-07,4.645257e-05
1973-05-01,-8.108339e-05,-2.0082662e-06,9.5240786e-05,-1.7339771e-06,2.2447777e-05
1973-06-01,-7.9826976e-05,-2.1940723e-06,0.00013461466,-6.2287872e-06,3.0711868e-05
1973-07-01,-8.572862e-05,-1.946326e-06,0.00019251638,-1.8666979e-06,5.4948905e-06
1973-08-01,-7.711061e-05,-2.1675296e-06,0.0001677772,1.0797085e-06,4.5098815e-05
1973-09-01,-6.3909305e-05,-2.2825552e-06,0.00016025634,-7.16449e-07,-8.644311e-06
1973-10-01,-4.6655587e-05,-2.3002503e-06,0.00010961003,-3.8906728e-07,2.0483509e-05
1973-11-01,-9.7629265e-05,-1.3977478e-06,4.923086e-05,-4.069865e-06,5.759228e-05
1973-12-01,-6.496222e-05,-1.5127735e-06,0.0001038411,-1.0084332e-06,-4.350567e-05
1974-01-01,-0.0001160271,-6.9309317e-07,6.134336e-05,-1.1049997e-06,-4.2683394e-05
1974-02-01,-7.864046e-05,-1.2907622e-06,9.444939e-05,2.6587004e-06,-8.05627e-05
1974-03-01,-8.79528e-05,-1.8399733e-06,0.00010199295,2.0341395e-07,-4.4040265e-05
1974-04-01,-9.056155e-05,-1.1373049e-06,0.00010809886,-3.4229888e-06,-3.2329182e-05
1974-05-01,-6.9198904e-05,-1.7592029e-06,0.00015085645,-4.3464388e-07,-8.091265e-06
1974-06-01,-7.867277e-05,-1.961118e-06,8.106644e-05,-1.484601e-06,5.5501296e-06
1974-07-01,-9.232225e-05,-2.058041e-06,0.00013076184,1.7651473e-08,6.341905e-05
1974-08-01,-8.98185e-05,-2.5264817e-06,0.00015661507,-2.7311035e-07,2.4699773e-05
1974-09-01,-4.7182068e-05,-1.4926773e-06,0.00015911074,4.1880412e-08,-1.45525555e-05
1974-10-01,-6.6509405e-05,-9.757714e-07,0.00015200333,-2.3730245e-06,-5.8521626e-05
1974-11-01,-5.8780082e-05,-2.1549567e-06,6.832963e-05,-1.8238206e-06,-7.1786126e-06
1974-12-01,-9.414757e-05,-2.0176594e-06,5.356558e-05,2.5727786e-08,3.305099e-05
1975-01-01,-0.00011815372,-1.6282575e-06,6.2572144e-05,-5.262871e-06,-2.180289e-05
1975-02-01,-9.366612e-05,-2.3987268e-06,7.664162e-05,-2.725341e-06,2.0179445e-05
1975-03-01,-8.217605e-05,-2.0469924e-06,0.00011307991,2.1654814e-06,-8.881718e-05
1975-04-01,-8.813046e-05,-1.8376231e-06,0.00010215931,4.43502e-06,2.395643e-05
1975-05-01,-7.171606e-05,-1.4691359e-06,0.00013494624,-5.3812983e-08,-1.0321186e-05
1975-06-01,-8.641364e-05,-1.9799918e-06,0.00014761715,-3.2278222e-06,-1.0420263e-06
1975-07-01,-8.577717e-05,-1.0504009e-06,0.0001665272,-1.7203784e-06,1.7290175e-05
1975-08-01,-9.0600995e-05,-1.9046201e-06,0.00014233272,-1.5026344e-06,4.0722567e-05
1975-09-01,-5.7562833e-05,-2.0721163e-06,0.00014838763,3.1467425e-07,3.7985446e-06
1975-10-01,-7.832369e-05,-1.6115082e-06,0.00013379891,-3.1105774e-06,2.75408e-05
1975-11-01,-9.119559e-05,-9.4153074e-07,0.00012812087,-8.704872e-06,-4.7906808e-05
1975-12-01,-7.2511655e-05,-1.3853896e-06,2.8068405e-05,-8.2428596e-07,2.7448677e-05
1976-01-01,-9.7233875e-05,-1.0420699e-06,5.1496827e-05,-1.1334923e-06,7.0759997e-06
1976-02-01,-8.169253e-05,-2.1939632e-06,8.2625236e-05,-4.9639784e-06,4.5985216e-06
1976-03-01,-9.7014476e-05,-1.2431992e-06,0.00012163402,-5.9056038e-06,-3.0350202e-06
1976-04-01,-8.2643295e-05,-4.6612695e-07,0.00010559901,-5.5754936e-07,-2.2114313e-05
1976-05-01,-7.948931e-05,-2.3950852e-06,0.00012048213,-1.2157689e-06,1.50843625e-05
1976-06-01,-8.336551e-05,-2.3128086e-06,8.669341e-05,-1.6911508e-06,6.676392e-05
1976-07-01,-0.00010343213,-2.8978902e-06,0.00018206245,3.0352458e-06,1.3850193e-05
1976-08-01,-7.4964046e-05,-3.0533047e-06,0.00011364394,8.86881e-07,5.576716e-06
1976-09-01,-8.014754e-05,-2.3036628e-06,0.0001544994,-4.112735e-07,2.0936204e-06
1976-10-01,-4.1970678e-05,-1.5631667e-06,0.00011623112,1.4811085e-06,-6.013576e-05
1976-11-01,-8.3402076e-05,-1.2889068e-06,0.0001093015,-7.312483e-07,-2.9171919e-05
1976-12-01,-8.4745945e-05,-1.9105573e-06,4.3726155e-05,-1.5083133e-06,-3.4574812e-05
1977-01-01,-6.5828615e-05,-1.4232683e-06,5.1248444e-05,-7.5879507e-07,-3.104908e-05
1977-02-01,-8.698644e-05,-2.484805e-06,5.8881793e-05,-2.7198002e-06,-6.158247e-05
1977-03-01,-9.339618e-05,-2.1201558e-06,0.00010900905,-3.732719e-06,-7.889732e-06
1977-04-01,-8.2886145e-05,-1.3179233e-06,0.000108401306,-1.5853329e-06,-5.6126955e-06
1977-05-01,-5.938646e-05,-1.5205078e-06,0.00016629157,1.5344522e-06,-4.746645e-05
1977-06-01,-8.782918e-05,-2.2498098e-06,0.00014960679,3.0254669e-06,-5.3543954e-05
1977-07-01,-9.75856e-05,-2.2741187e-06,0.00024257641,-1.0667209e-06,-1.317311e-05
1977-08-01,-8.838831e-05,-2.59015e-06,0.00022060014,-4.810463e-06,-6.147515e-06
1977-09-01,-7.5625554e-05,-2.6468733e-06,0.00010988421,-1.6663689e-06,6.1199346e-05
1977-10-01,-6.3041065e-05,-8.8844536e-07,6.2260886e-05,1.169803e-06,2.8988568e-05
1977-11-01,-6.664705e-05,-2.0472253e-06,7.341108e-05,-3.1654854e-06,-4.160773e-05
1977-12-01,-8.590059e-05,-2.6306661e-06,2.2700377e-05,-5.134596e-06,3.0941475e-05
1978-01-01,-7.384384e-05,-2.0241023e-06,0.00012152085,1.9573781e-06,-5.8411362e-05
1978-02-01,-5.950032e-05,-2.5260415e-06,1.7347324e-05,4.2033425e-06,-2.2629105e-05
1978-03-01,-7.027923e-05,-2.151708e-06,0.00014967193,7.2380135e-07,-7.257624e-05
1978-04-01,-7.855696e-05,-1.9645486e-06,0.00013081946,3.8034923e-06,-7.2210416e-05
1978-05-01,-6.8135356e-05,-1.7008169e-06,0.00013285274,1.5380283e-07,-1.8919858e-05
1978-06-01,-8.28277e-05,-1.266937e-06,0.00019235373,-1.3605204e-06,-4.8883037e-05
1978-07-01,-9.364064e-05,-2.4749934e-06,0.00016459398,1.5575279e-06,3.1554737e-05
1978-08-01,-9.012707e-05,-1.5306687e-06,0.00016408353,-5.6932913e-07,3.4515324e-05
1978-09-01,-6.590641e-05,-2.2027561e-06,0.00010793447,-9.5216456e-07,4.0827843e-05
1978-10-01,-4.0971125e-05,-1.0627591e-06,8.838439e-05,-3.2406642e-06,5.621779e-05
1978-11-01,-8.553306e-05,-2.2027561e-06,7.85583e-05,-3.6660313e-06,5.4090928e-05
1978-12-01,-9.390437e-05,-6.4589403e-07,2.0503583e-05,-4.2190186e-06,-4.52844e-05
1979-01-01,-7.6536875e-05,-2.2655222e-06,2.1863889e-07,1.8483843e-07,-1.2793633e-05
1979-02-01,-9.5168085e-05,-2.214827e-06,7.1279166e-05,2.1958258e-06,-5.3680906e-05
1979-03-01,-9.435693e-05,-2.1303313e-06,9.4997e-05,-7.276092e-06,-5.780427e-05
1979-04-01,-8.706498e-05,-2.5021109e-06,0.00015427888,4.8057336e-07,-3.548907e-05
1979-05-01,-6.902525e-05,-1.7163038e-06,0.00015290162,3.5308512e-06,7.071205e-06
1979-06-01,-7.8894285e-05,-6.1786704e-07,0.00012843178,-3.8624858e-06,1.0113035e-05
1979-07-01,-9.0444795e-05,-2.0965344e-06,0.00014420705,1.5949263e-07,3.292676e-05
1979-08-01,-8.828171e-05,-2.603505e-06,0.00015083993,-1.8092505e-06,2.8051383e-05
1979-09-01,-3.630867e-05,-1.3360768e-06,0.00013013014,-7.709605e-08,5.5410957e-05
1979-10-01,-5.28275e-05,-2.1303313e-06,5.9737114e-05,-6.929662e-06,9.1995025e-07
1979-11-01,-6.847603e-05,-1.5980113e-06,9.135525e-05,-6.684626e-06,-1.1678301e-05
1979-12-01,-9.1796726e-05,-1.8768442e-06,6.207763e-05,-5.915721e-06,-5.8311245e-05
1980-01-01,-0.00010175708,-2.3941975e-06,4.096732e-05,1.109518e-06,-2.8038368e-05
1980-02-01,-7.931014e-05,-2.0463121e-06,8.099907e-05,2.3354005e-06,1.5596484e-05
1980-03-01,-9.783923e-05,-2.3527828e-06,6.020045e-05,-2.8203067e-07,-3.8193328e-05
1980-04-01,-7.2518094e-05,-2.104287e-06,7.5051874e-05,-1.8392311e-06,4.6202178e-05
1980-05-01,-7.204596e-05,-2.2865133e-06,0.00015266359,-2.903107e-07,-3.7423008e-05
1980-06-01,-9.798831e-05,-1.7564016e-06,0.00015996092,-1.3422541e-06,-1.2424913e-05
1980-07-01,-0.000102278915,-2.4687397e-06,0.00014872917,-2.4687397e-06,1.9539195e-05
1980-08-01,-7.9492376e-05,-1.772969e-06,0.0001505183,-6.5356944e-06,1.36085655e-05
1980-09-01,-8.643354e-05,-1.6321574e-06,0.00010589777,-3.512403e-06,5.750019e-05
1980-10-01,-7.197141e-05,-1.3256868e-06,9.9519864e-05,-1.60731e-06,-3.375364e-05
1980-11-01,-8.170393e-05,-9.52954e-07,5.313505e-05,-1.3836689e-06,3.8889266e-07
1980-12-01,-6.829376e-05,-2.1788364e-06,0.0001289825,-4.2284228e-07,-2.5371242e-05
1981-01-01,-3.2230324e-05,-1.799388e-06,4.2947097e-05,2.058645e-06,-1.1023658e-05
1981-02-01,-9.44671e-05,-1.599401e-06,6.677855e-05,-6.424023e-06,7.891518e-06
1981-03-01,-6.208631e-05,-2.5076588e-06,8.1427395e-05,3.3335455e-06,-3.7021615e-05
1981-04-01,-0.00010974089,-8.911229e-07,7.273642e-05,-5.1241223e-06,-1.141103e-06
1981-05-01,-5.9153208e-05,-7.911294e-07,0.00014712222,-1.1618249e-07,-2.9397212e-05
1981-06-01,-8.0851496e-05,-1.6660633e-06,0.0001310735,-3.0076262e-06,2.9923118e-05
1981-07-01,-9.112569e-05,-1.1661032e-06,0.00016242935,8.170755e-07,5.675434e-05
1981-08-01,-7.913497e-05,-2.0993612e-06,0.00015063862,-2.990957e-06,3.341451e-05
1981-09-01,-6.148636e-05,-1.9077124e-06,0.0001311735,-6.578048e-07,-1.3906763e-05
1981-10-01,-6.400282e-05,-1.124441e-06,6.8703404e-05,4.213507e-08,9.174753e-06
1981-11-01,-6.181966e-05,-1.9327053e-06,6.430375e-05,-3.078385e-07,6.7695146e-05
1981-12-01,-8.983412e-05,-1.6910562e-06,8.511044e-05,4.5043998e-07,-9.575033e-05
1982-01-01,-9.4736766e-05,-1.9052386e-06,8.03501e-05,-2.231718e-06,-4.3531225e-05
1982-02-01,-9.342226e-05,-1.5959449e-06,0.00012156369,2.2444656e-06,-2.9466879e-05
1982-03-01,-7.4606796e-05,-1.7849597e-06,8.724911e-05,-1.4670732e-06,4.00644e-05
1982-04-01,-7.898848e-05,-1.5615806e-06,6.044352e-05,-5.305992e-07,3.8217222e-05
1982-05-01,-6.8455265e-05,-2.2059467e-06,0.00017167811,-3.2798853e-06,6.189549e-05
1982-06-01,-8.361072e-05,-1.9739746e-06,0.0001779843,1.3954559e-07,-6.5532586e-06
1982-07-01,-0.00010454829,-3.3657998e-06,0.00016105038,-1.2007367e-06,-4.9588256e-05
1982-08-01,-0.00010363759,-2.472283e-06,0.00014130704,-6.079208e-07,4.549425e-05
1982-09-01,-7.2854134e-05,-1.7076381e-06,7.582236e-05,-9.601717e-07,5.1834802e-05
1982-10-01,-6.813738e-05,-1.9653817e-06,0.00016625685,-3.4946788e-06,-4.946797e-05
1982-11-01,-9.505465e-05,-2.309047e-06,8.780755e-05,-6.828188e-06,-3.3350254e-05
1982-12-01,-0.000106008854,-2.300454e-06,9.089192e-05,-1.050537e-05,-9.1360285e-05
1983-01-01,-8.7350316e-05,-1.5701116e-06,5.5610897e-05,-5.965194e-07,4.176332e-05
1983-02-01,-6.1428495e-05,-2.1699125e-06,6.884998e-05,-2.0742918e-06,-3.8823855e-06
1983-03-01,-4.9371625e-05,-1.5961887e-06,9.927465e-05,3.1848322e-06,1.2738179e-05
1983-04-01,-6.786114e-05,-2.6393209e-06,7.995933e-05,-1.0746226e-06,-1.1279928e-05
1983-05-01,-0.00010076324,-2.091674e-06,0.0001238578,-4.55173e-06,-4.845019e-05
1983-06-01,-7.4858806e-05,-2.7088608e-06,9.8527074e-05,-1.9178187e-06,2.650752e-05
1983-07-01,-0.000100997946,-2.4741566e-06,0.00018091711,-9.963878e-07,-4.096572e-05
1983-08-01,-8.839344e-05,-2.03952e-06,0.00017812672,5.509246e-07,-1.0271568e-05
1983-09-01,-8.6541884e-05,-2.082983e-06,9.118169e-05,-4.829897e-06,3.443532e-05
1983-10-01,-7.3328876e-05,-1.4484103e-06,8.4653424e-05,-3.0391857e-06,4.8161197e-05
1983-11-01,-7.6666896e-05,-1.5788028e-06,1.0399828e-05,-4.36918e-06,4.9007576e-07
1983-12-01,-8.985383e-05,-1.5179539e-06,5.631501e-05,-1.7091952e-06,-7.3160263e-06
1984-01-01,-7.289228e-05,-1.0595832e-06,0.00014050683,-8.955976e-07,-7.4113945e-05
1984-02-01,-8.042729e-05,-1.4613397e-06,0.0001130233,-1.8057035e-06,-4.59253e-05
1984-03-01,-7.522903e-05,-2.3878456e-06,5.6785375e-05,5.6391145e-06,1.3042947e-05
1984-04-01,-6.7185676e-05,-9.2019764e-07,5.021786e-05,9.2460687e-07,1.2485405e-05
1984-05-01,-8.355936e-05,-1.4941397e-06,0.00010659517,9.0001413e-07,-6.12167e-05
1984-06-01,-8.781472e-05,-2.0434818e-06,0.00013905558,-2.1582673e-06,8.492418e-06
1984-07-01,-8.680623e-05,-1.7893035e-06,0.00017305743,-1.4449397e-06,3.6385907e-05
1984-08-01,-9.080741e-05,-2.7568021e-06,0.00015158387,7.442286e-07,5.186589e-05
1984-09-01,-5.598565e-05,-1.641718e-06,0.0001226081,-1.6089252e-06,-1.5187325e-06
1984-10-01,-8.2665654e-05,-9.2839764e-07,0.00011809857,-3.986679e-06,1.110795e-05
1984-11-01,-4.4129687e-05,-2.510831e-06,6.0179824e-05,-5.077163e-06,-3.869365e-05
1984-12-01,-0.00011531465,-2.8060022e-06,4.5946108e-05,-7.3647243e-06,-7.725488e-06
1985-01-01,-8.112659e-05,-2.4141118e-06,5.7575002e-05,1.0247022e-06,-1.3309436e-05
1985-02-01,-0.000105025465,-2.0166626e-06,4.4666496e-05,-2.3449902e-06,3.392669e-05
1985-03-01,-0.00010690039,-2.3449902e-06,0.00015862248,-2.5696354e-06,-4.129514e-05
1985-04-01,-8.529982e-05,-1.455046e-06,6.934299e-05,-6.6651046e-06,2.170077e-05
1985-05-01,-5.989756e-05,-1.7574494e-06,9.31209e-05,-2.7942806e-06,-1.6938335e-05
1985-06-01,-7.967504e-05,-1.6710474e-06,0.00012904697,-6.515038e-07,-7.701929e-06
1985-07-01,-9.193552e-05,-1.0316726e-06,0.00018916569,3.766836e-07,1.4417055e-05
1985-08-01,-8.81079e-05,-2.232664e-06,0.00019183551,-2.1084998e-07,3.7806156e-05
1985-09-01,-6.0502367e-05,-2.1117012e-06,0.00013645165,-5.092581e-06,7.889909e-05
1985-10-01,-5.656242e-05,-1.653767e-06,9.795943e-05,-2.9065995e-06,5.8456302e-05
1985-11-01,-6.516809e-05,-5.996626e-07,5.233902e-05,2.6436464e-07,-2.969995e-05
1985-12-01,-9.7015974e-05,-1.5587284e-06,6.648307e-05,-5.749236e-06,-3.0209725e-05
1986-01-01,-7.710346e-05,-1.4235775e-06,9.163678e-05,-1.624765e-06,-9.702934e-05
1986-02-01,-6.6449495e-05,-2.149587e-06,5.1198953e-05,2.573841e-06,-6.865376e-05
1986-03-01,-6.0632672e-05,-2.12335e-06,0.00013977205,-3.9602382e-06,-3.5773424e-05
1986-04-01,-8.446852e-05,-1.8871797e-06,0.00012248779,3.9471342e-06,-6.203222e-05
1986-05-01,-6.794524e-05,-1.9046711e-06,0.0001644651,-2.2370587e-06,2.7363112e-05
1986-06-01,-9.009289e-05,-2.2545573e-06,0.000121726785,-2.2720487e-06,1.598314e-05
1986-07-01,-0.000100668134,-2.901841e-06,0.00014786312,-5.838592e-07,4.6370555e-05
1986-08-01,-9.397661e-05,-1.484812e-06,0.00020224381,3.520836e-07,-1.451798e-05
1986-09-01,-9.6478274e-05,-2.4469919e-06,0.00012240907,-6.04205e-06,1.7155253e-05
1986-10-01,-8.199308e-05,-2.0008883e-06,0.00014738203,-3.4441618e-06,1.7846272e-05
1986-11-01,-9.585723e-05,-1.5897749e-06,7.6932905e-05,-2.726898e-06,-6.101036e-07
1986-12-01,-9.4623894e-05,-1.9134168e-06,6.9655325e-05,-3.146757e-06,-2.9877883e-05
1987-01-01,-6.994478e-05,-2.0844018e-06,1.6480422e-05,2.3307766e-06,-2.5178524e-05
1987-02-01,-7.797637e-05,-2.5145127e-06,8.2374594e-05,9.263458e-07,-7.520262e-05
1987-03-01,-6.5678825e-05,-2.0054067e-06,6.2756444e-05,1.628563e-06,3.2348798e-06
1987-04-01,-5.887611e-05,-2.400404e-06,7.788041e-05,5.613634e-06,2.1992819e-05
1987-05-01,-7.426341e-05,-1.873741e-06,0.00011709916,-2.8743962e-06,6.7196233e-06
1987-06-01,-9.6277865e-05,-2.9007278e-06,0.00015401815,-1.5226324e-06,2.0657171e-07
1987-07-01,-0.00010753965,-2.3916218e-06,0.00016324352,-2.9709554e-06,1.5058438e-05
1987-08-01,-9.96134e-05,-2.1019587e-06,0.0001124031,9.263458e-07,6.0086313e-06
1987-09-01,-6.807513e-05,-2.479399e-06,9.1907175e-05,-5.570837e-07,3.9407765e-05
1987-10-01,-4.0179606e-05,-1.5138576e-06,8.4990344e-05,-1.1100783e-06,-1.7796483e-05
1987-11-01,-5.9753867e-05,-2.0668522e-06,7.743275e-05,-4.3666078e-06,-1.0177442e-05
1987-12-01,-7.889803e-05,-2.0844018e-06,2.5512672e-05,-2.7515125e-06,1.89294e-05
1988-01-01,-0.00010047053,-2.7074348e-06,7.540622e-05,-7.937229e-06,-7.8265715e-05
1988-02-01,-8.5011285e-05,-2.8661525e-06,8.56198e-05,-1.4456164e-06,1.0894804e-05
1988-03-01,-8.61858e-05,-2.3265056e-06,0.000109340384,-2.3265056e-06,-3.9490613e-05
1988-04-01,-5.0045437e-05,-1.7233724e-06,0.00015986865,3.673078e-06,-3.6395588e-05
1988-05-01,-6.591735e-05,-1.9852596e-06,0.00013794952,2.911227e-06,-3.931602e-05
1988-06-01,-6.183828e-05,-1.7868624e-06,8.8087894e-05,3.8635408e-06,-1.7746079e-05
1988-07-01,-9.122514e-05,-1.7709899e-06,0.00017316932,6.9709495e-07,2.3068565e-05
1988-08-01,-7.0829716e-05,-1.9455802e-06,0.00016663803,-2.088429e-06,2.5671561e-05
1988-09-01,-6.266362e-05,-2.167788e-06,0.00010105525,-3.6914935e-06,6.223253e-05
1988-10-01,-6.859971e-05,-1.0805597e-06,6.411335e-05,-2.080491e-06,2.5893767e-05
1988-11-01,-7.364698e-05,-1.31864e-06,3.27425e-05,-8.17531e-06,6.995422e-05
1988-12-01,-9.8510354e-05,-2.1043015e-06,7.079543e-05,-3.1597847e-06,2.4417679e-05
1989-01-01,-0.000114447554,-2.0657317e-06,5.882149e-05,-6.168135e-06,6.955161e-05
1989-02-01,-8.560099e-05,-1.5766273e-06,9.643182e-05,6.7918154e-07,1.6430015e-05
1989-03-01,-6.0347767e-05,-1.8461287e-06,8.718894e-05,9.187497e-07,-5.8187725e-06
1989-04-01,-8.610007e-05,-1.6165577e-06,0.00014720777,-9.977084e-07,-7.113778e-05
1989-05-01,-7.677733e-05,-1.5965925e-06,5.3291733e-05,4.332418e-06,3.0793402e-05
1989-06-01,-8.8974746e-05,-2.8542709e-06,0.00015395526,-1.686436e-06,8.7881926e-07
1989-07-01,-9.4963645e-05,-1.9659055e-06,0.0001455708,4.7955837e-07,2.1480657e-05
1989-08-01,-7.200618e-05,-2.085697e-06,0.00015858668,2.4998735e-07,-4.062036e-06
1989-09-01,-4.926829e-05,-1.6265403e-06,0.00012464955,6.691989e-07,4.4268447e-05
1989-10-01,-6.958067e-05,-1.5566766e-06,7.6638484e-05,-4.3315376e-06,8.1020364e-05
1989-11-01,-8.835588e-05,-2.405097e-06,4.4138687e-05,-5.0701638e-06,3.7035788e-06
1989-12-01,-6.6676046e-05,-1.4768157e-06,8.734263e-06,7.5904245e-07,1.4264027e-05
1990-01-01,-0.00011471476,-2.3792963e-06,7.770672e-05,-6.8887166e-06,-1.6757767e-05
1990-02-01,-8.9291956e-05,-2.15424e-06,6.447019e-05,-2.9544353e-06,-9.681062e-06
1990-03-01,-9.4559895e-05,-1.8208266e-06,7.6014636e-05,-3.6796082e-06,0.00010785567
1990-04-01,-8.329884e-05,-2.7043752e-06,0.00012424296,-2.2125896e-06,-2.2877794e-07
1990-05-01,-8.962537e-05,-2.2292588e-06,0.00013580409,1.5299811e-06,4.8883085e-05
1990-06-01,-9.4334835e-05,-1.9875333e-06,0.00014714015,-4.296424e-06,-2.682687e-05
1990-07-01,-9.197594e-05,-5.621914e-07,0.00015795944,5.2974065e-07,3.81805e-05
1990-08-01,-9.313455e-05,-2.062552e-06,0.00017127098,9.630094e-08,3.7080237e-05
1990-09-01,-7.361317e-05,-7.2889816e-07,0.000112681824,-2.0958942e-06,2.2234984e-05
1990-10-01,-2.4576322e-05,-1.2456876e-06,9.920358e-05,-4.5798297e-06,-4.008007e-05
1990-11-01,-9.156751e-05,-1.7708153e-06,7.860693e-05,-7.647235e-06,-2.4201232e-05
1990-12-01,-0.00010647944,-1.5624319e-06,8.976796e-05,-3.7712998e-06,-9.731069e-06
1991-01-01,-0.0001030746,-2.0634761e-06,7.840228e-05,-2.603454e-06,-4.9723967e-06
1991-02-01,-7.585786e-05,-2.8560244e-06,0.0001068993,-2.4728142e-06,-4.0854953e-05
1991-03-01,-8.126637e-05,-1.9938016e-06,6.390991e-05,-1.5931728e-06,-1.862867e-05
1991-04-01,-8.49243e-05,-2.5686168e-06,0.00012884688,-2.8386057e-06,-7.794231e-06
1991-05-01,-9.027185e-05,-2.089604e-06,0.0001254241,-7.0626484e-06,2.0772462e-05
1991-06-01,-8.227665e-05,-2.0721855e-06,0.00016580068,-5.1320967e-07,1.6818412e-05
1991-07-01,-9.539295e-05,-1.7499406e-06,0.00013749527,1.394139e-06,9.24127e-06
1991-08-01,-9.442621e-05,-2.411849e-06,0.000114145485,1.8208957e-06,2.5222944e-05
1991-09-01,-8.820774e-05,-1.4015604e-06,0.00013293157,-1.2709206e-06,1.394139e-06
1991-10-01,-6.813266e-05,-1.5931728e-06,6.927487e-05,-7.271672e-06,6.8113586e-06
1991-11-01,-8.8869645e-05,-1.2186647e-06,0.000108379885,-6.627175e-06,-3.9679187e-05
1991-12-01,-0.00010641029,-1.8457431e-06,5.2875155e-05,-2.7689312e-06,6.824717e-05
1992-01-01,-8.556872e-05,-1.6310805e-06,5.3961856e-05,-8.258867e-07,4.028205e-05
1992-02-01,-7.277977e-05,-1.4597608e-06,7.374917e-05,1.701068e-06,6.190248e-05
1992-03-01,-9.1059475e-05,-1.9651561e-06,0.00010372996,2.6090565e-06,1.292245e-05
1992-04-01,-7.076677e-05,-1.0742951e-06,0.00014159997,2.9625517e-07,-9.7687225e-06
1992-05-01,-8.532886e-05,-1.6996128e-06,7.351789e-05,1.99231e-06,1.394179e-05
1992-06-01,-8.023214e-05,-2.0765146e-06,0.00013335097,-2.0056905e-07,-5.1921706e-05
1992-07-01,-0.00010163841,-2.9673683e-06,0.00015483434,-4.147223e-07,4.301459e-05
1992-08-01,-9.2549955e-05,-2.6333e-06,0.00014537755,-5.603433e-07,-8.072668e-06
1992-09-01,-7.950403e-05,-1.9308936e-06,0.00016801732,-3.9010556e-06,2.8598115e-05
1992-10-01,-7.419315e-05,-1.9308936e-06,0.00010564872,-3.8839207e-06,-4.911208e-05
1992-11-01,-7.771374e-05,-1.6139529e-06,7.561655e-05,-6.496535e-06,-3.38904e-05
1992-12-01,-0.0001087567,-1.4683319e-06,5.868169e-05,-3.2757453e-06,-5.288741e-06
1993-01-01,-8.856638e-05,-2.1021333e-06,5.794888e-05,-1.6703852e-06,2.1471176e-05
1993-02-01,-7.24287e-05,-1.104323e-06,6.4741675e-05,3.5585326e-06,7.514195e-05
1993-03-01,-8.060308e-05,-2.476314e-06,7.1851086e-05,3.7791979e-06,4.445923e-05
1993-04-01,-8.010417e-05,-2.5242844e-06,0.00011498727,-1.4880934e-06,-4.395267e-05
1993-05-01,-7.542213e-05,-1.7279526e-06,7.595747e-05,-2.4571273e-06,-1.8143888e-05
1993-06-01,-9.432299e-05,-3.253459e-06,0.00013814803,-5.143542e-06,-8.616691e-06
1993-07-01,-0.000104435436,-2.1980813e-06,0.00015766293,-1.5840415e-06,4.6608366e-05
1993-08-01,-9.634741e-05,-1.9486251e-06,0.0001605796,-1.7375496e-06,2.7083865e-05
1993-09-01,-7.8924066e-05,-2.2268578e-06,0.00020273717,-1.1810771e-06,-7.402135e-05
1993-10-01,-7.9298254e-05,-2.5722547e-06,7.1227456e-05,-4.3184264e-06,2.5606336e-05
1993-11-01,-6.529051e-05,-1.6799822e-06,8.2980536e-05,-6.611481e-06,2.9664749e-05
1993-12-01,-8.177359e-05,-1.4593097e-06,0.00010666897,-1.2962118e-06,-6.979025e-05
1994-01-01,-9.508846e-05,-1.5853548e-06,0.000107443586,-1.2459459e-06,-3.7110265e-05
1994-02-01,-9.261686e-05,-1.3329736e-06,4.042316e-05,-1.1676202e-06,-7.0737966e-05
1994-03-01,-6.356684e-05,-2.6383968e-06,0.00011414476,3.6537422e-06,4.9543716e-05
1994-04-01,-8.622899e-05,-1.3677854e-06,0.00012581525,-4.3789587e-06,-3.6266094e-05
1994-05-01,-6.6186396e-05,-1.7420061e-06,9.26836e-05,2.3831308e-06,-2.711943e-05
1994-06-01,-8.553277e-05,-2.4556357e-06,0.00015475211,2.4223846e-07,3.1398336e-05
1994-07-01,-9.4688134e-05,-1.4374054e-06,0.00015606623,-3.0126175e-06,1.403621e-05
1994-08-01,-8.769106e-05,-2.1423366e-06,0.00017636122,-1.6984923e-06,-7.015915e-06
1994-09-01,-7.6786426e-05,-2.0117914e-06,0.00017833676,-1.0022668e-06,-1.0906078e-05
1994-10-01,-5.8075362e-05,-1.1066986e-06,8.68266e-05,-4.848913e-06,1.9501582e-05
1994-11-01,-6.6212495e-05,-1.5070291e-06,6.669698e-05,-6.0411985e-06,6.029615e-06
1994-12-01,-6.4585074e-05,-1.5244332e-06,6.197135e-05,-5.2361065e-07,-3.4647368e-05
1995-01-01,-0.000101361235,-2.669858e-06,8.94156e-05,-4.182184e-07,-6.6212466e-05
1995-02-01,-8.000376e-05,-2.1483393e-06,0.00011203961,2.879824e-08,-5.1469193e-05
1995-03-01,-7.884483e-05,-2.0241678e-06,0.00011731275,1.2042874e-06,1.1336666e-05
1995-04-01,-8.666763e-05,-1.502649e-06,9.415894e-05,-9.06628e-07,1.7495564e-05
1995-05-01,-7.916767e-05,-1.8917199e-06,0.00019754398,1.8665341e-06,1.0839982e-05
1995-06-01,-7.680014e-05,-2.0821135e-06,0.00012384416,1.7340826e-06,2.0003825e-05
1995-07-01,-8.4026906e-05,-2.0241678e-06,0.00017973782,-2.570523e-06,-4.515874e-06
1995-08-01,-5.8282058e-05,-2.1483393e-06,0.00017110378,-1.0970216e-06,1.9904488e-05
1995-09-01,-5.198243e-05,-9.149044e-07,0.0001971963,-1.7178791e-06,-2.3580309e-05
1995-10-01,-5.3753945e-05,-1.9827785e-06,6.460617e-05,-9.267496e-06,6.830647e-05
1995-11-01,-8.67504e-05,-1.502649e-06,7.111274e-05,-4.234418e-06,-1.1014174e-05
1995-12-01,-7.954847e-05,-2.5374102e-06,2.6684243e-05,3.7074642e-08,-3.2057076e-05
1996-01-01,-7.933007e-05,-1.8078063e-06,9.360658e-06,-2.725763e-06,-2.1678847e-05
1996-02-01,-9.205546e-05,-2.2577806e-06,0.000111406756,-4.2187457e-07,-7.0654496e-05
1996-03-01,-7.177945e-05,-2.0147927e-06,3.1940574e-05,2.2870008e-06,1.871121e-05
1996-04-01,-9.287443e-05,-1.6638078e-06,9.348861e-05,-1.744811e-06,-5.928596e-07
1996-05-01,-9.1200505e-05,-1.0788426e-06,7.654243e-05,-1.6008125e-06,3.5739358e-06
1996-06-01,-8.5053805e-05,-1.0878357e-06,0.0001414743,-2.7437563e-06,6.833482e-05
1996-07-01,-9.0651534e-05,-1.8528008e-06,0.00016198432,6.490809e-07,3.301152e-05
1996-08-01,-8.1201986e-05,-2.4647743e-06,0.00022336136,-3.004745e-06,-9.8174205e-06
1996-09-01,-5.958503e-05,-2.0687949e-06,0.00013651555,1.4410398e-06,-2.3406763e-05
1996-10-01,-6.6235705e-05,-1.744811e-06,0.00012652602,-3.382731e-06,4.5188935e-06
1996-11-01,-8.819465e-05,-1.6818085e-06,9.80064e-05,-2.3927787e-06,-6.192492e-05
1996-12-01,-0.000111890506,-1.7178099e-06,1.1350567e-06,-6.091599e-06,-2.1831838e-05
1997-01-01,-8.8078035e-05,-1.7120547e-06,2.2710832e-05,-5.0206436e-06,1.1364682e-06
1997-02-01,-0.00011325467,-3.1314194e-06,7.898625e-05,-4.35501e-06,1.192365e-05
1997-03-01,-8.782354e-05,-2.5636764e-06,6.4048654e-05,9.015348e-07,8.581879e-05
1997-04-01,-5.9044665e-05,-2.1133965e-06,9.859309e-05,2.750603e-07,3.108999e-05
1997-05-01,-8.495544e-05,-1.6141712e-06,8.513358e-05,9.798459e-07,-2.0535786e-05
1997-06-01,-8.297811e-05,-1.6141712e-06,0.00013724879,-5.265363e-06,-6.798177e-05
1997-07-01,-9.426452e-05,-1.8588835e-06,0.00016559695,1.2539313e-06,1.5672733e-05
1997-08-01,-9.659424e-05,-1.2519813e-06,0.0001457552,1.3028766e-06,1.9206469e-05
1997-09-01,-6.372367e-05,-1.8588835e-06,0.000109497734,1.3801764e-07,5.61883e-05
1997-10-01,-7.640987e-05,-1.643537e-06,3.5397028e-05,-1.5260666e-06,2.4237874e-05
1997-11-01,-7.8406774e-05,-1.8588835e-06,8.568175e-05,-1.2519813e-06,-6.949902e-05
1997-12-01,-6.594572e-05,-1.4673351e-06,4.3218228e-05,-3.5142148e-07,-6.613171e-05
1998-01-01,-9.3604525e-05,-1.8173996e-06,5.0351206e-05,-3.1324998e-06,-4.1052725e-05
1998-02-01,-5.2296407e-05,-2.7318783e-06,4.6545247e-05,-3.9778752e-07,8.7748864e-05
1998-03-01,-8.744707e-05,-2.4967267e-06,7.2368275e-05,-1.5735386e-06,3.5066412e-05
1998-04-01,-8.8849265e-05,-2.8886461e-06,0.00021324093,1.7621132e-06,-9.794175e-05
1998-05-01,-9.613023e-05,-1.7303064e-06,9.3348935e-05,-2.0351326e-06,-2.0437848e-05
1998-06-01,-9.5703464e-05,-1.8783649e-06,0.00012968406,6.380287e-08,5.959988e-06
1998-07-01,-9.167979e-05,-2.8799368e-06,0.00017611326,1.8753344e-06,4.139747e-06
1998-08-01,-6.668414e-05,-2.0873886e-06,0.00015946981,-6.677765e-07,4.6597503e-05
1998-09-01,-5.6267836e-05,-2.06997e-06,0.00015937402,-1.93933e-06,-1.2190158e-05
1998-10-01,-9.2785864e-05,-1.8173996e-06,0.00013082498,-1.773853e-06,-1.7999246e-05
1998-11-01,-9.514607e-05,-2.8450995e-06,0.00010067344,-6.2155923e-06,-1.8495677e-05
1998-12-01,-0.00010243575,-2.0264233e-06,6.3223524e-05,-6.2765503e-06,-5.039834e-06
1999-01-01,-0.00010454081,-1.3981407e-06,6.2828076e-05,-3.9042206e-06,-1.8522987e-05
1999-02-01,-8.8966204e-05,-1.7676284e-06,0.00014486187,-7.5555727e-07,-3.67081e-05
1999-03-01,-9.69985e-05,-1.5266596e-06,9.147123e-05,4.6260793e-06,-1.6514918e-05
1999-04-01,-9.119918e-05,-1.6551749e-06,0.00017001902,-6.9129965e-07,-2.0386484e-05
1999-05-01,-8.348818e-05,-2.0808875e-06,0.00012535145,-3.3660544e-06,-2.0145511e-05
1999-06-01,-7.931942e-05,-2.1612068e-06,0.00017677419,-1.4463367e-06,1.1059943e-05
1999-07-01,-9.473339e-05,-2.137116e-06,0.00018308757,-1.8800783e-06,1.2444834e-06
1999-08-01,-6.505406e-05,-2.5146292e-06,0.00016600288,4.5377237e-06,-1.0040887e-05
1999-09-01,-4.3198197e-05,-1.5346923e-06,0.00014306264,-2.771667e-06,-2.2161621e-05
1999-10-01,-4.4772525e-05,-2.20137e-06,4.6972327e-05,-2.410212e-06,3.100413e-05
1999-11-01,-2.523799e-05,-1.936307e-06,9.2611815e-05,-1.831886e-06,1.6843194e-05
1999-12-01,-8.9769426e-05,-2.177272e-06,0.00011143951,-6.0408056e-06,-3.932663e-05
2000-01-01,-8.7290224e-05,-2.223831e-06,4.2275293e-05,-1.0716685e-06,3.4169894e-05
2000-02-01,-0.000106280706,-2.10297e-06,6.710714e-05,-3.1181626e-06,1.0087351e-05
2000-03-01,-9.139127e-05,-2.3446846e-06,0.00010590992,-8.057905e-07,2.282556e-05
2000-04-01,-8.1714745e-05,-1.5631522e-06,7.85965e-05,2.9085168e-06,-4.636844e-05
2000-05-01,-9.710373e-05,-1.9257204e-06,8.72095e-05,-5.8172736e-06,1.2971777e-05
2000-06-01,-9.783691e-05,-1.9015497e-06,0.000121419755,-1.1119555e-06,4.9421902e-05
2000-07-01,-9.1947215e-05,-1.4664693e-06,0.0001707934,-9.1858965e-07,1.020015e-05
2000-08-01,-9.46141e-05,-2.0626903e-06,0.00015745897,6.847695e-07,1.7999384e-05
2000-09-01,-6.212804e-05,-7.8967423e-07,0.00010564404,-2.3446846e-06,2.2567732e-05
2000-10-01,-8.2818566e-05,-1.4986945e-06,0.00012770426,-1.7001221e-06,-2.3019093e-05
2000-11-01,-0.00010049575,-2.046574e-06,0.00012972658,-3.996378e-06,-6.352997e-05
2000-12-01,-8.306027e-05,-1.7887505e-06,3.6522557e-05,-6.285336e-07,-4.1735635e-05
2001-01-01,-8.504987e-05,-1.6030608e-06,8.299918e-05,-2.1428932e-06,-9.013566e-05
2001-02-01,-0.000116426476,-2.1523665e-06,6.800697e-05,-2.834262e-06,-2.2523956e-05
2001-03-01,-4.8123395e-05,-2.78691e-06,6.392508e-05,4.382455e-06,-5.0434268e-05
2001-04-01,-0.00010197411,-1.7924758e-06,0.00014693623,-2.9952644e-06,-2.3158493e-05
2001-05-01,-6.847605e-05,-1.9913641e-06,0.00012523873,-3.885514e-06,9.2200935e-08
2001-06-01,-9.693567e-05,-1.5935948e-06,0.0001767691,-3.9080624e-07,5.4526463e-06
2001-07-01,-9.614959e-05,-2.1523665e-06,0.00021123317,-5.23396e-07,-1.9408079e-05
2001-08-01,-9.653789e-05,-2.076602e-06,0.00017965768,-3.0899682e-06,-1.7640632e-06
2001-09-01,-7.4783566e-05,-9.779906e-07,8.8028144e-05,-1.5841215e-06,2.4091089e-05
2001-10-01,-8.281477e-05,-1.1484663e-06,8.054625e-05,-9.520612e-06,4.242647e-05
2001-11-01,-7.7463796e-05,-1.1768789e-06,9.809555e-05,-7.0108654e-06,3.194234e-05
2001-12-01,-9.721031e-05,-1.7640632e-06,1.5008642e-05,-4.775764e-06,5.8877165e-05
2002-01-01,-9.7219316e-05,-2.671637e-06,6.465097e-05,-5.8770747e-06,3.0710566e-05
2002-02-01,-9.955362e-05,-2.7815913e-06,7.826774e-05,-3.7626742e-06,9.989672e-07
2002-03-01,-9.6551164e-05,-2.079607e-06,4.990935e-05,-3.838788e-06,2.3834527e-05
2002-04-01,-0.00010437446,-1.3607059e-06,8.9626315e-05,-1.8089631e-06,5.2700634e-06
2002-05-01,-8.0050355e-05,-1.8850842e-06,0.00020514042,-2.9676594e-06,-3.1148433e-05
2002-06-01,-8.323888e-05,-1.7751299e-06,0.00016165982,-2.5786067e-06,-1.5053585e-05
2002-07-01,-9.500342e-05,-2.7985006e-06,0.00020282302,5.422553e-07,2.3267865e-05
2002-08-01,-9.402235e-05,-2.485569e-06,0.0001847914,-2.0119478e-06,-7.983021e-06
2002-09-01,-5.4626762e-05,-2.0626903e-06,8.569352e-05,-3.6696365e-06,-7.1541726e-06
2002-10-01,-8.683337e-05,-1.8766223e-06,0.00010200826,3.5618723e-07,1.7686107e-06
2002-11-01,-8.470205e-05,-2.384084e-06,6.3044026e-05,-2.0880616e-06,-7.2463874e-05
2002-12-01,-9.837801e-05,-1.6313497e-06,7.1746916e-05,-2.0034859e-06,-5.3518823e-05
2003-01-01,-8.5518295e-05,-1.5714686e-06,8.2375365e-05,4.3335567e-06,-7.261409e-05
2003-02-01,-9.510527e-05,-2.1532833e-06,8.559707e-05,4.6924106e-07,-9.951385e-06
2003-03-01,-5.8902275e-05,-2.2314416e-06,5.562909e-05,-1.2501623e-06,7.576695e-05
2003-04-01,-7.289198e-05,-1.7364582e-06,8.161987e-05,-1.8232968e-06,1.04122555e-05
2003-05-01,-8.466727e-05,-1.6148842e-06,0.0001341051,3.5172743e-06,4.5147677e-05
2003-06-01,-7.7251265e-05,-1.5975165e-06,0.00014078297,-6.5966015e-07,9.847805e-06
2003-07-01,-9.572182e-05,-2.5614208e-06,0.00020592057,-2.6395792e-06,-1.385912e-05
2003-08-01,-8.1706086e-05,-1.510678e-06,0.00014117375,-3.4704135e-07,1.1766937e-05
2003-09-01,-6.5866734e-05,-1.3456811e-06,0.00014278026,-9.28856e-07,3.0914838e-05
2003-10-01,-6.023091e-05,-1.0591175e-06,4.4044828e-05,-1.606204e-06,-2.5735062e-08
2003-11-01,-8.853159e-05,-2.049077e-06,7.9188394e-05,-6.8512527e-06,-6.382317e-06
2003-12-01,-8.134136e-05,-2.1011801e-06,4.6432888e-05,-3.5427001e-06,-3.761815e-05
2004-01-01,-8.014627e-05,-2.987581e-06,0.00011306929,1.219305e-06,-7.816239e-05
2004-02-01,-9.535305e-05,-1.9690706e-06,6.0168823e-05,-3.456982e-06,2.4095898e-05
2004-03-01,-0.00011014357,-2.048786e-06,8.7668566e-05,-1.9070794e-06,3.398025e-06
2004-04-01,-8.874603e-05,-1.9070794e-06,6.723639e-05,3.3448887e-06,2.007946e-07
2004-05-01,-0.00010837225,-6.228729e-07,8.1460086e-05,-5.3434414e-06,9.978481e-06
2004-06-01,-0.00010267746,-1.7830826e-06,0.0001076402,-2.2702006e-06,2.9834973e-05
2004-07-01,-8.447715e-05,-1.7919447e-06,0.0001778199,2.733781e-06,3.322705e-05
2004-08-01,-8.303353e-05,-2.6687485e-06,0.00014263262,-4.1916792e-07,-1.3146098e-05
2004-09-01,-2.1365027e-05,-1.5173864e-06,0.00013574219,-1.7122293e-06,1.47079045e-05
2004-10-01,-7.094426e-05,-8.4428757e-07,7.406483e-05,-3.5278354e-06,-1.893832e-05
2004-11-01,-0.00010147296,-9.94849e-07,6.581048e-05,-4.333786e-06,1.539872e-05
2004-12-01,-9.462682e-05,-2.048786e-06,8.73143e-05,-1.4731049e-06,-2.8689436e-05
2005-01-01,-8.552739e-05,-2.2880777e-06,7.953577e-05,1.3954414e-06,1.2139739e-05
2005-02-01,-8.778717e-05,-2.5198533e-06,7.979237e-05,9.586074e-08,2.3273078e-05
2005-03-01,-6.696907e-05,-3.1323943e-06,5.4264325e-05,2.8854047e-06,3.5937774e-05
2005-04-01,-7.922816e-05,-1.311324e-06,0.00017987654,3.953217e-06,-2.4463705e-05
2005-05-01,-5.3981545e-05,-1.1540542e-06,0.00017212874,3.0509618e-06,6.179882e-06
2005-06-01,-7.6264776e-05,-1.5017067e-06,0.000124781,-3.6787096e-06,2.2056276e-05
2005-07-01,-8.176109e-05,-2.0728621e-06,0.00017578743,-9.967771e-07,-1.2312223e-05
2005-08-01,-8.031252e-05,-2.2632448e-06,0.00012746293,1.3089448e-08,3.8412767e-05
2005-09-01,-6.968411e-05,-1.493434e-06,0.00014279301,-2.4039618e-06,1.18086355e-05
2005-10-01,-1.7651262e-05,-1.4851539e-06,4.63013e-05,3.2247845e-06,3.24198e-05
2005-11-01,-8.270474e-05,-2.0149164e-06,9.9642e-05,-9.555792e-06,-3.0145748e-07
2005-12-01,-9.5816424e-05,-1.9073123e-06,5.35359e-05,-1.6589838e-06,-1.2699384e-06
2006-01-01,-9.153152e-05,-1.5815094e-06,7.201957e-05,-3.1996024e-06,-3.712441e-06
2006-02-01,-9.589948e-05,-2.6337148e-06,5.957883e-05,-1.2808814e-06,-3.7860373e-05
2006-03-01,-9.377739e-05,-1.9882427e-06,6.6687826e-05,1.0976255e-06,-4.393485e-05
2006-04-01,-7.9992664e-05,-1.79372e-06,0.00010255995,2.045781e-07,-9.972602e-06
2006-05-01,-8.131897e-05,-3.613095e-07,0.00013930743,-8.741481e-07,1.8056646e-05
2006-06-01,-8.315811e-05,-1.1128795e-06,0.000100906494,1.2302553e-06,2.0753465e-05
2006-07-01,-9.172603e-05,-2.412664e-06,0.00016086432,-2.9343428e-06,2.3114288e-05
2006-08-01,-8.306968e-05,-1.944034e-06,7.915509e-05,2.9102412e-06,1.82158e-05
2006-09-01,-8.086802e-05,-1.3250901e-06,0.00012904184,-3.1465534e-06,-5.2067408e-06
2006-10-01,-7.0540525e-05,-1.04215e-06,6.80495e-05,-3.9246515e-06,2.9498235e-05
2006-11-01,-7.253882e-05,-2.218134e-06,7.2762305e-05,-3.3764445e-06,5.828115e-06
2006-12-01,-0.00010561687,-2.1739252e-06,0.00011018178,-6.9132584e-06,-8.4163985e-06
2007-01-01,-0.000105978266,-1.8140126e-06,7.9868674e-05,-3.0657102e-06,-5.559312e-06
2007-02-01,-7.705245e-05,-2.2345048e-06,9.325591e-05,9.285577e-08,-7.619191e-05
2007-03-01,-9.628743e-05,-1.5891055e-06,0.00012365833,4.7423237e-07,-3.6978745e-05
2007-04-01,-6.272644e-05,-1.7651182e-06,0.00012512517,2.4984547e-06,2.6544636e-05
2007-05-01,-6.358698e-05,-2.4007459e-06,0.00012612261,-3.7652353e-07,-5.28987e-05
2007-06-01,-8.2900195e-05,-2.048706e-06,0.00013993033,-1.7064449e-06,-2.7649716e-05
2007-07-01,-8.908042e-05,-2.126937e-06,0.00018065922,1.4716788e-06,1.24142025e-05
2007-08-01,-6.444751e-05,-2.0780426e-06,0.00011839732,1.1196389e-06,2.6916226e-05
2007-09-01,-7.316047e-05,-2.038927e-06,8.652807e-05,-3.4373006e-06,4.162361e-05
2007-10-01,-3.6372454e-05,-1.8531282e-06,6.458434e-05,-6.1264873e-06,4.1770294e-05
2007-11-01,-8.718333e-05,-1.9313593e-06,6.777224e-05,-1.1588345e-06,5.329955e-05
2007-12-01,-8.956937e-05,-2.3518514e-06,4.874261e-05,-2.8407958e-06,1.5025158e-05
2008-01-01,-9.968033e-05,-2.2255153e-06,5.0836163e-05,-7.3538467e-06,-1.879333e-05
2008-02-01,-8.7281354e-05,-2.0600855e-06,6.925679e-05,-1.9899744e-07,9.068825e-05
2008-03-01,-8.5271386e-05,-1.944285e-06,0.00012423746,1.8854189e-06,-6.006812e-05
2008-04-01,-7.33356e-05,-1.8119426e-06,7.7644094e-05,-2.2007007e-06,2.4230685e-06
2008-05-01,-6.784333e-05,-1.3900935e-06,0.0001428897,-3.892419e-07,-4.6511133e-05
2008-06-01,-9.395646e-05,-2.1345295e-06,0.00019156748,-5.0378258e-06,2.0000007e-05
2008-07-01,-9.226907e-05,-2.845878e-06,0.00018520669,-3.4993282e-06,2.15838e-06
2008-08-01,-4.8579004e-05,-1.6299673e-06,0.0001815507,3.1426898e-06,1.4243044e-05
2008-09-01,-2.8189756e-05,-1.0592339e-06,5.7742865e-05,-2.6639063e-06,1.5301794e-05
2008-10-01,-6.947282e-05,-1.960827e-06,0.000118488766,-9.765208e-07,2.7427815e-05
2008-11-01,-6.264055e-05,-3.2015523e-06,9.3624636e-05,-1.6795966e-06,-1.5286216e-05
2008-12-01,-9.978787e-05,-2.2751447e-06,9.239218e-05,-4.7483227e-06,-5.0646882e-05
2009-01-01,-8.489058e-05,-1.8790342e-06,9.02609e-05,1.3704994e-07,-7.633821e-05
2009-02-01,-9.6835094e-05,-1.8070314e-06,7.043606e-05,-2.5510635e-06,8.0893915e-06
2009-03-01,-8.648264e-05,-1.6310223e-06,7.835639e-05,-1.4390171e-06,1.6785762e-05
2009-04-01,-8.790671e-05,-2.3430548e-06,0.00016551212,-6.469818e-07,-6.782585e-05
2009-05-01,-8.5138585e-05,-2.03104e-06,0.00010497353,-1.959037e-06,1.4073648e-05
2009-06-01,-7.655422e-05,-1.7190287e-06,9.166896e-05,2.945173e-06,-2.9088194e-05
2009-07-01,-9.957921e-05,-1.6230224e-06,0.0002026577,2.761164e-06,-1.7103688e-05
2009-08-01,-9.400297e-05,-1.0069962e-06,0.00015049547,-2.2150489e-06,3.008233e-05
2009-09-01,-7.912233e-05,-1.2790078e-06,7.678033e-05,-3.1096715e-07,2.8034243e-05
2009-10-01,-8.217046e-05,-1.4870166e-06,6.4963824e-05,-1.6790254e-06,1.8769846e-05
2009-11-01,-7.339408e-05,-6.149821e-07,0.000114909955,-4.0471277e-06,-6.834588e-05
2009-12-01,-9.125886e-05,-1.9990403e-06,1.6553753e-05,-5.7512007e-06,-4.6672947e-05
2010-01-01,-8.600448e-05,-2.330231e-06,3.8734874e-05,8.892748e-07,-4.4816185e-05
2010-02-01,-5.580521e-05,-3.2172356e-06,1.879366e-05,5.93207e-06,-2.1737596e-05
2010-03-01,-4.3888114e-05,-2.1495434e-06,6.2914005e-05,5.882792e-06,2.0666228e-05
2010-04-01,-8.505177e-05,-1.2625351e-06,8.8637185e-05,-2.7819442e-06,6.33493e-05
2010-05-01,-7.710156e-05,-1.656761e-06,0.000107510714,-1.8374485e-06,-2.4809266e-05
2010-06-01,-7.640346e-05,-2.026347e-06,0.00015756086,7.825056e-07,-1.4534777e-05
2010-07-01,-7.867026e-05,-2.5109148e-06,0.00015238665,-2.9544171e-06,4.2792104e-05
2010-08-01,-7.269118e-05,-3.1186792e-06,0.00012398603,1.090375e-07,4.2406093e-05
2010-09-01,-4.2779353e-05,-2.1249034e-06,0.000118409385,-8.765237e-07,1.8645826e-05
2010-10-01,-3.868106e-05,-1.2953897e-06,4.8680842e-05,3.172494e-06,-1.0551463e-05
2010-11-01,-7.111428e-05,-9.2580376e-07,7.946324e-05,-4.2685024e-06,-5.329202e-05
2010-12-01,-3.8286835e-05,-2.5684058e-06,2.2596287e-05,2.0226726e-06,-1.9852814e-06
2011-01-01,-9.3569775e-05,-2.43455e-06,4.8274174e-05,6.543487e-07,7.4753116e-06
2011-02-01,-0.00010841343,-1.7067578e-06,8.919151e-05,-1.3174722e-06,-5.5216653e-05
2011-03-01,-9.081939e-05,-1.8506253e-06,9.2161936e-05,1.7291168e-06,4.8426504e-05
2011-04-01,-8.2322804e-05,-1.9860308e-06,5.0508337e-05,-1.918328e-06,6.3498635e-05
2011-05-01,-7.99617e-05,-1.5967453e-06,7.602349e-05,-2.1045053e-06,5.2107793e-05
2011-06-01,-7.038188e-05,-7.843191e-07,0.00013995948,-2.0198786e-06,2.847983e-05
2011-07-01,-8.365145e-05,-1.3174722e-06,0.00018855251,1.4667676e-06,-3.856294e-06
2011-08-01,-5.307558e-05,-2.4937908e-06,0.00015895833,3.9125007e-06,1.5379512e-05
2011-09-01,-5.1983887e-05,-1.35132e-06,0.0001131326,-1.1397569e-06,3.8999013e-05
2011-10-01,-4.451129e-05,-1.3259341e-06,8.453701e-05,-1.088978e-06,4.6327743e-05
2011-11-01,-6.799538e-05,-1.7500133e-07,6.024895e-05,-8.883158e-06,-2.4853289e-06
2011-12-01,-0.00010155015,-1.5628902e-06,9.848359e-05,-3.6193378e-06,-4.605997e-05
2012-01-01,-0.000106933905,-2.4162582e-06,6.611917e-05,-4.259906e-06,6.4991327e-06
2012-02-01,-0.000101527665,-2.2203167e-06,0.00015094457,-7.5965363e-07,-1.2623095e-05
2012-03-01,-0.000105045736,-2.656736e-06,9.480697e-05,-4.2242755e-06,4.8306196e-05
2012-04-01,-6.508232e-05,-2.5854824e-06,9.886833e-05,2.1171436e-06,-9.889135e-05
2012-05-01,-7.891409e-05,-2.0510925e-06,0.00011216572,-8.3981286e-07,1.1985532e-05
2012-06-01,-7.577901e-05,-1.6948325e-06,0.00023448744,-2.0599982e-06,-3.3339587e-05
2012-07-01,-0.00010207096,-8.665302e-07,0.00017905346,2.232926e-06,4.637681e-06
2012-08-01,-7.3276286e-05,-1.899687e-06,0.00016751065,1.1997763e-06,-1.8349972e-05
2012-09-01,-8.5870066e-05,-1.5523328e-06,8.508109e-05,-2.077817e-06,2.9513503e-05
2012-10-01,-2.297244e-05,-8.7543594e-07,6.782922e-05,-1.2673263e-06,-1.1563221e-05
2012-11-01,-6.0709237e-05,-1.0268486e-06,6.9129565e-05,-3.2623793e-06,-1.1429627e-05
2012-12-01,-9.3146664e-05,-2.0867228e-06,6.855955e-05,-2.0867228e-06,-6.468152e-05
2013-01-01,-0.000114067865,-2.3414395e-06,0.000115678864,-5.290938e-06,-0.00012353688
2013-02-01,-8.671649e-05,-2.91361e-06,0.000101277896,-6.974551e-07,-6.299961e-05
2013-03-01,-8.342852e-05,-1.874032e-06,3.2472337e-05,6.3458865e-06,-4.1942105e-05
2013-04-01,-8.4508385e-05,-2.8169052e-06,0.000101189245,-5.5729943e-06,-7.885854e-06
2013-05-01,-7.179169e-05,-1.4307989e-06,0.00013066814,-4.2191277e-06,-3.9709834e-05
2013-06-01,-8.592673e-05,-2.139972e-06,0.00015484437,-1.0198055e-06,2.1206211e-05
2013-07-01,-9.399353e-05,-2.2124987e-06,0.00012693694,-2.4059082e-06,4.057943e-05
2013-08-01,-8.771577e-05,-2.3575558e-06,0.00012758163,-4.798676e-07,5.2280728e-05
2013-09-01,-6.603775e-05,-1.4549769e-06,5.1966435e-05,-9.956275e-07,3.9386738e-05
2013-10-01,-7.908486e-05,-1.1245684e-06,8.3065126e-05,-5.3715266e-06,7.296818e-06
2013-11-01,-7.978597e-05,-4.6375135e-07,8.558751e-05,-4.203008e-06,-1.9579093e-05
2013-12-01,-9.965077e-05,-1.1970988e-06,7.168618e-05,-4.3077707e-06,1.2422181e-05
2014-01-01,-8.8557674e-05,-2.4094406e-06,8.907212e-05,-6.4592896e-06,-9.375224e-05
2014-02-01,-8.886987e-05,-2.2620152e-06,0.00013564975,7.944618e-08,-9.731646e-05
2014-03-01,-8.11951e-05,-2.2966997e-06,0.00013760096,2.1000305e-06,-2.5225629e-05
2014-04-01,-7.646016e-05,-2.4354522e-06,8.67827e-05,-7.357303e-07,-3.1998505e-05
2014-05-01,-7.917451e-05,-1.9584913e-06,0.00015756403,-2.9991352e-06,2.6494537e-05
2014-06-01,-8.664983e-05,-1.2820674e-06,0.00011576472,-2.5828776e-06,-2.3335117e-05
2014-07-01,-9.027474e-05,-2.2966997e-06,0.00013885842,-7.357303e-07,-1.9718871e-05
2014-08-01,-7.0008144e-05,-1.802393e-06,0.00019281596,-2.175293e-06,-1.0734613e-05
2014-09-01,-8.142057e-05,-9.785508e-07,6.0887924e-05,-7.7042205e-07,-1.9146515e-05
2014-10-01,-7.3953925e-05,-9.52532e-07,7.398274e-05,-2.2793538e-06,3.8670107e-05
2014-11-01,-7.9547404e-05,-1.6289559e-06,5.2380634e-05,-4.5947963e-06,-3.281368e-05
2014-12-01,-9.2356044e-05,-1.7503626e-06,8.415506e-05,6.604678e-07,-2.9856506e-05
2015-01-01,-9.0082336e-05,-2.5347326e-06,0.00012210045,-1.7708371e-06,-5.2823103e-05
2015-02-01,-7.5053336e-05,-1.6077538e-06,0.00021171659,2.4434703e-06,-8.335318e-05
2015-03-01,-9.192771e-05,-1.9682484e-06,8.9364505e-05,1.7911516e-06,3.1614036e-08
2015-04-01,-8.689801e-05,-2.8866343e-06,8.681533e-05,-3.556117e-06,4.4706645e-05
2015-05-01,-8.8503046e-05,-2.4488982e-06,0.00011653002,-6.096714e-06,3.6312376e-05
2015-06-01,-8.892361e-05,-2.4403125e-06,8.391424e-05,6.594928e-08,2.0991545e-05
2015-07-01,-9.088057e-05,-2.0969892e-06,0.00016512752,1.765402e-06,5.816626e-06
2015-08-01,-8.31472e-05,-1.2644305e-06,0.00015500805,-2.8866343e-06,1.7310667e-06
2015-09-01,-7.985128e-05,-8.181087e-07,0.00012926734,-3.247129e-06,2.1186133e-07
2015-10-01,-6.0762468e-05,-7.2369585e-07,3.5651476e-05,-3.023968e-06,2.4132958e-05
2015-11-01,-9.003084e-05,-1.127104e-06,8.6729495e-05,-5.212656e-06,2.3738135e-05
2015-12-01,-9.383315e-05,-1.8480787e-06,2.9583225e-05,-6.1482133e-06,4.3187436e-05
2016-01-01,-6.800572e-05,-1.7283164e-06,6.4670254e-05,-4.0792074e-06,-3.5359815e-05
2016-02-01,-8.976965e-05,-2.2534296e-06,0.000111082205,-2.423083e-06,-7.588241e-05
2016-03-01,-8.804889e-05,-1.2920718e-06,0.0001256238,-3.3198157e-06,-8.335518e-05
2016-04-01,-7.8944235e-05,-2.6008129e-06,0.000104627354,1.5273836e-06,-3.9014776e-06
2016-05-01,-7.651255e-05,-1.6152189e-06,8.989186e-05,8.5685315e-07,6.1564606e-06
2016-06-01,-8.043879e-05,-1.4213292e-06,0.0001810758,1.5596961e-06,-4.1438398e-06
2016-07-01,-9.084411e-05,-2.2857494e-06,0.00014356653,-1.5748228e-06,4.5725777e-05
2016-08-01,-7.9437035e-05,-1.8656574e-06,0.00010633195,-3.384448e-06,6.544581e-05
2016-09-01,-8.266849e-05,-1.4132529e-06,0.00013981803,-1.534434e-06,2.4034554e-05
2016-10-01,-4.2590225e-05,-2.983943e-07,4.2914406e-05,-1.8010251e-06,3.90528e-05
2016-11-01,-9.281531e-05,-9.931609e-07,7.9074525e-05,-3.869165e-06,-1.706971e-05
2016-12-01,-0.00011109733,-2.0837833e-06,6.4985325e-05,-3.5621779e-06,3.4690318e-05
2017-01-01,-8.115325e-05,-2.5057598e-06,7.5578864e-05,-2.542074e-06,-5.1702424e-05
2017-02-01,-8.3840496e-05,-2.378656e-06,8.342273e-05,-4.221605e-06,5.9002923e-07
2017-03-01,-9.2365255e-05,-2.66009e-06,0.00010698157,2.151537e-06,-4.884336e-06
2017-04-01,-8.314145e-05,-2.7962742e-06,7.368145e-05,-2.8053473e-06,6.287797e-05
2017-05-01,-7.873835e-05,-2.2515596e-06,7.116669e-05,1.4615725e-06,3.6332283e-05
2017-06-01,-8.00729e-05,-1.7522398e-06,0.00012827985,-3.2592798e-06,9.577794e-06
2017-07-01,-9.508882e-05,-1.2983073e-06,0.0001734184,7.2620605e-07,1.8683582e-05
2017-08-01,-8.657314e-05,-2.4422043e-06,0.00014071746,-1.6069826e-06,4.8461232e-05
2017-09-01,-4.2333362e-05,-1.7431594e-06,0.00016439433,-2.6964044e-06,1.9437102e-05
2017-10-01,-5.8847247e-05,-2.206165e-06,4.1888357e-05,-5.728645e-06,5.4434917e-05
2017-11-01,-6.497526e-05,-1.0804215e-06,6.634597e-05,-3.0595475e-06,2.1851996e-05
2017-12-01,-8.847963e-05,-1.5434343e-06,0.00010480272,-3.3046672e-06,-3.7666985e-05
2018-01-01,-8.226155e-05,-2.5523404e-06,9.280167e-05,-5.863956e-06,-4.4502303e-05
2018-02-01,-0.000110734596,-2.2536187e-06,0.00010275358,-5.3774565e-06,-4.346956e-05
2018-03-01,-8.1826256e-05,-2.0914522e-06,8.141586e-05,6.033959e-06,-8.717775e-05
2018-04-01,-7.082453e-05,-2.3218963e-06,8.364352e-05,-1.4544639e-07,-1.5303769e-05
2018-05-01,-5.9097314e-05,-1.4598554e-06,0.00014156263,-3.337569e-06,-1.4006437e-05
2018-06-01,-8.258588e-05,-1.5537371e-06,0.00016380507,-1.5452024e-06,-3.5847726e-05
2018-07-01,-8.489035e-05,-2.8596041e-06,0.00021274528,-2.3933535e-07,-4.0422536e-05
2018-08-01,-9.21025e-05,-3.4741315e-06,0.00012980128,-2.7827919e-06,4.1889863e-05
2018-09-01,-7.9444966e-05,-2.1767992e-06,0.00011266282,-1.229404e-06,4.713041e-05
2018-10-01,-7.0269736e-05,-7.6850847e-07,4.369077e-05,-3.5850899e-06,5.2060495e-06
2018-11-01,-9.48764e-05,-1.5366677e-06,8.3011924e-05,-1.2208693e-06,-4.0456674e-05
2018-12-01,-9.204275e-05,-2.5011323e-06,6.877539e-05,-1.9634244e-06,-8.159899e-06
2019-01-01,-7.9479505e-05,-3.0207302e-06,0.000119228425,1.379085e-07,-7.159279e-05
2019-02-01,-8.696153e-05,-2.3495231e-06,5.8010075e-05,-2.1915912e-06,2.5347785e-05
2019-03-01,-7.482052e-05,-2.2310705e-06,0.000100898455,-1.1749071e-06,4.9057307e-05
2019-04-01,-7.660712e-05,-1.9941726e-06,9.30907e-05,-6.813643e-07,-2.5299e-05
2019-05-01,-7.447504e-05,-1.3130921e-06,0.00013801244,-3.0404772e-06,1.2338147e-05
2019-06-01,-8.537235e-05,-1.9250801e-06,0.00017468227,-2.9516377e-06,-1.2940829e-05
2019-07-01,-8.547105e-05,-2.2310705e-06,0.00021179626,-1.7177954e-06,-2.5150941e-05
2019-08-01,-7.5995136e-05,-2.4877154e-06,0.00019227192,-3.1614763e-07,2.1725224e-05
2019-09-01,-3.545599e-05,-1.3229655e-06,0.000106366846,-1.8559876e-06,2.9355306e-05
2019-10-01,-7.167175e-05,-1.8658538e-06,0.00011763923,-3.909103e-06,-2.264377e-05
2019-11-01,-7.286611e-05,-1.3821918e-06,0.00016186017,-2.0435255e-06,-0.00014139869
2019-12-01,-8.377328e-05,-2.5765476e-06,5.874051e-05,-4.2447064e-06,-3.8802173e-05
2020-01-01,-7.135929e-05,-2.9045768e-06,7.672738e-05,-4.5080633e-06,-6.9840353e-06
2020-02-01,-8.13575e-05,-2.4408255e-06,0.00010607747,1.6091144e-07,7.478782e-06
2020-03-01,-0.00010489889,-2.4565452e-06,0.00010739799,-1.3403915e-06,-3.108944e-06
2020-04-01,-6.818376e-05,-1.442575e-06,8.7008564e-05,2.3853536e-06,1.2894478e-05
2020-05-01,-7.40868e-05,-1.9220497e-06,7.829157e-05,-1.2224882e-06,2.370229e-05
2020-06-01,-8.551557e-05,-1.8434475e-06,0.00012399879,-1.2617893e-06,-3.789045e-05
2020-07-01,-8.054791e-05,-1.7176826e-06,0.00016493484,-1.1674674e-06,3.9792176e-05
2020-08-01,-7.3418676e-05,-1.5840596e-06,0.00019380546,-2.0852167e-07,-5.0111194e-06
2020-09-01,-5.146506e-05,-1.874887e-06,0.00013153674,-5.6399367e-06,3.8809645e-05
2020-10-01,-5.9608254e-05,-1.2617893e-06,0.00013901968,-2.4801266e-06,-1.6156919e-05
2020-11-01,-7.499858e-05,-2.0556727e-06,5.833445e-05,-5.9464874e-06,4.0947627e-05
2020-12-01,-8.916271e-05,-2.472265e-06,0.00011410276,-3.407633e-06,-7.542303e-05
2021-01-01,-0.000106330976,-1.7798666e-06,8.768104e-05,7.7838195e-07,-7.5813485e-05
2021-02-01,-8.41883e-05,-2.6182097e-06,4.4873592e-05,4.6589703e-06,2.7143542e-06
2021-03-01,-8.4473504e-05,-2.5836416e-06,7.2046336e-05,-5.5259443e-07,6.826082e-05
2021-04-01,-8.6348984e-05,-1.7452912e-06,0.00011736017,1.9067375e-07,2.1011016e-05
2021-05-01,-8.6158834e-05,-1.6070117e-06,0.00017833462,2.8785653e-06,-1.8096034e-07
2021-06-01,-8.1474485e-05,-1.6847989e-06,0.00017283786,-7.164286e-06,-5.522168e-06
2021-07-01,-8.336724e-05,-1.8576466e-06,0.00020839405,-1.0884469e-06,-1.9246821e-05
2021-08-01,-7.479364e-05,-2.393499e-06,0.00019747828,-1.1057346e-06,1.3488025e-06
2021-09-01,-7.238233e-05,-1.7798666e-06,0.0001363396,-3.7331192e-06,2.0777661e-05
2021-10-01,-6.3748244e-05,-1.0279473e-06,0.00010570977,-2.3070752e-06,4.1407857e-05
2021-11-01,-7.9642225e-05,-2.4107867e-06,0.00012583005,-5.6777353e-06,-3.8459613e-05
2021-12-01,-0.000101430545,-2.1687883e-06,6.576307e-05,-4.882604e-06,-4.247848e-05
2022-01-01,-6.3367246e-05,-2.263827e-06,7.6328964e-05,1.2684322e-06,4.740663e-05
2022-02-01,-9.082822e-05,-2.6701964e-06,0.00012256876,-3.4360419e-06,3.4637353e-05
2022-03-01,-8.913243e-05,-2.224755e-06,8.6675675e-05,-4.7489157e-06,6.551192e-06
2022-04-01,-8.106763e-05,-1.9121653e-06,0.00012567121,-3.818961e-06,-1.1117925e-05
2022-05-01,-7.385462e-05,-1.4354664e-06,8.756656e-05,-4.5691777e-06,6.605893e-06
2022-06-01,-7.558167e-05,-1.8809078e-06,0.00017685772,-9.587675e-07,-3.2491225e-05
2022-07-01,-9.1226786e-05,-1.9746876e-06,0.00014121472,-2.7952337e-06,4.1193915e-05
2022-08-01,-8.138803e-05,-2.3810499e-06,0.00016608901,-1.3416939e-06,1.5881986e-05
2022-09-01,-4.2580054e-05,-1.2869859e-06,0.00015335882,-3.4921686e-07,-2.5200075e-05
2022-10-01,-5.181707e-05,-1.5995756e-06,9.420126e-05,-2.045017e-06,5.4166376e-05
2022-11-01,-6.571166e-05,-1.1775846e-06,9.140359e-05,-6.6400826e-06,-5.317683e-05
2022-12-01,-9.7283206e-05,-1.544875e-06,1.4584741e-05,-7.171482e-06,-1.5595768e-05
