,mgu600_cluster1,mgu600_cluster2,mgu600_cluster3,mgu600_cluster4,mgu600_cluster5,mgu600_cluster6,mgu600_cluster7
1970-01-01,0.04226456,0.3757244,0.79471207,1.2230175,-0.4349617,-1.9757977,-0.8655971
1970-02-01,-0.03960266,0.57340395,1.0443074,0.9115227,-0.16107216,-0.8902237,0.23229027
1970-03-01,0.32613793,1.12085,1.389082,-0.30217704,-0.21232224,0.16306916,1.0822456
1970-04-01,0.4892067,1.2183586,1.3890816,-1.7814461,-0.10050392,1.3524746,1.3900802
1970-05-01,0.4309681,1.1102005,0.570076,-0.8546146,-0.105162814,1.0250051,1.7461697
1970-06-01,0.6456207,-0.1810402,0.6003601,-0.030284118,-0.25059432,1.3394953,1.8985894
1970-07-01,0.641626,0.11947288,0.30983084,-0.28287467,-0.35176316,2.5744936,0.39336243
1970-08-01,0.7594353,-0.038936995,0.70585597,0.3560894,-0.40933686,1.0729275,0.24526902
1970-09-01,0.49220237,-0.04592552,0.0945137,0.08386421,0.09118576,1.1401517,0.83997154
1970-10-01,0.25358886,0.6549381,1.2865814,0.25924644,0.0545784,1.3511432,0.12679443
1970-11-01,-0.101169206,0.8023659,1.35547,0.9993801,-0.0009983063,-0.15807724,-0.06655884
1970-12-01,0.43196678,0.43263206,1.5614693,-0.48288423,-0.03694,1.389082,2.0173965
1971-01-01,-0.04703331,0.06597748,1.7585316,-0.032008745,-0.08328857,-0.89820975,0.50169104
1971-02-01,0.08524857,-0.23190156,1.4237444,0.61894834,0.0068588257,-1.472084,1.6223304
1971-03-01,0.22438927,0.87175333,1.5556996,0.32792816,0.16461715,0.22765541,0.8407246
1971-04-01,0.20936432,0.87893903,1.0605408,0.21263047,0.054872513,1.9133503,1.918903
1971-05-01,0.431794,0.6362591,0.73457223,-0.80283624,0.36940917,1.287543,2.271001
1971-06-01,0.5751808,0.27762833,-0.019924164,-0.2733822,-0.24039344,1.547534,1.6295159
1971-07-01,0.4673954,-0.45041162,0.16461754,0.28187484,-0.21393737,0.5461117,0.5235748
1971-08-01,0.42199555,-0.47850075,0.25574493,0.25182533,-0.19238052,1.4292969,0.6225414
1971-09-01,0.3331543,0.15057258,0.42460823,-0.1727829,-0.022210311,1.6066526,0.7998966
1971-10-01,0.47066194,-0.062711336,0.82472,-0.057812117,0.01665764,0.8880846,1.4123127
1971-11-01,0.08622818,-0.15645179,1.1392567,-0.32988778,0.058465194,0.7394716,1.8330011
1971-12-01,0.24463959,0.6444248,1.2375702,-0.5310871,-0.011431503,1.628863,0.88285863
1972-01-01,0.2639637,1.2351782,1.259279,-0.37155762,-0.15493545,0.67597675,0.11505394
1972-02-01,0.06082649,1.3981472,1.4592606,-0.028405,-0.28519553,0.23814125,1.2716169
1972-03-01,0.08607483,-0.540839,0.7832836,1.1663182,-0.12509613,-1.177508,-0.17961025
1972-04-01,0.18305321,1.3757675,0.8802616,-0.37299234,0.41029167,0.91210973,0.7385246
1972-05-01,0.41201323,1.3419113,1.0472476,-0.98670805,-0.059965514,0.64470273,1.1643095
1972-06-01,0.5190331,0.68142813,0.25248718,0.61830634,-0.3070015,1.4807793,0.49349746
1972-07-01,0.63064384,0.28203964,0.16210823,0.25793839,-0.5904751,1.1786554,0.34745637
1972-08-01,0.42463723,-0.41975975,0.31589586,-0.21059684,-0.20715408,1.4738932,0.12050514
1972-09-01,0.6880272,0.31933862,0.24158439,0.42922783,-0.13829383,0.32966787,0.05910492
1972-10-01,0.51042557,0.77811927,0.619167,-0.006599045,0.058818053,0.12595654,0.65273666
1972-11-01,-0.044758987,0.68085444,1.7252327,-0.08722267,0.07918892,1.2610009,1.8870538
1972-12-01,0.01319809,0.45992813,1.3740461,0.7600435,-0.07373772,-1.0343363,-0.4217682
1973-01-01,0.1095829,0.4475685,1.203179,0.7575218,-0.2902027,-0.8817581,0.7957481
1973-02-01,-0.10416718,1.2452282,1.5182291,0.2962555,-0.3032635,0.10257454,0.3908659
1973-03-01,0.41507608,1.4981601,1.6727276,-1.8606746,-0.076453015,1.9916004,2.1961124
1973-04-01,0.22362518,1.8020607,1.4806395,-0.9161617,0.057976913,0.988155,0.7890587
1973-05-01,0.3271553,1.2305744,1.2382199,-0.11181259,0.049057007,2.3620791,1.9138731
1973-06-01,0.3405342,0.48611337,0.38130912,0.22681046,-0.03217392,1.644058,2.15247
1973-07-01,0.3494541,-0.31887284,-0.048101425,0.21566124,-0.19718476,1.7698867,0.2949814
1973-08-01,0.5100052,0.22075805,0.15641022,0.68648416,-0.12869605,0.73363036,0.07390442
1973-09-01,0.23190728,-0.07836418,0.58677673,0.32110253,0.23318176,1.4280783,1.3328304
1973-10-01,0.06976318,0.20196304,1.0518658,0.2752304,-0.047782898,0.4902548,0.95821077
1973-11-01,0.2774605,0.012423706,0.8690159,-0.17456779,0.064984895,0.72789633,1.3290079
1973-12-01,-0.008919525,-0.22999611,1.2391756,1.0735276,-0.031855393,0.29880372,1.9571966
1974-01-01,-0.017093277,-0.47926712,1.2602952,1.2293961,-0.04503403,-1.2948103,-0.7521011
1974-02-01,-0.15581092,0.08086395,1.8490244,0.2531109,-0.12622681,1.0624087,1.5584402
1974-03-01,-0.14726448,0.76196253,1.1189476,0.98713267,0.014792251,-0.3803238,0.3326601
1974-04-01,0.36191598,0.36060065,1.0042255,-0.5798542,0.0009860992,1.0476162,1.5019009
1974-05-01,0.47795257,0.8086403,0.25672683,-0.55783004,0.13871765,1.7773647,1.2241367
1974-06-01,0.3283867,-0.36947632,0.1515377,0.29945984,-0.0023010254,1.6195812,1.481192
1974-07-01,0.39840317,-0.2754635,-0.14562073,0.40760726,-0.17586288,1.8966885,0.52923167
1974-08-01,0.5144394,-0.28236657,0.43291816,0.21366501,-0.34219283,-0.01873703,0.66170424
1974-09-01,0.31556663,0.110119626,0.484198,0.031227876,-0.003287506,0.33791962,0.37769395
1974-10-01,0.32115516,0.5180553,0.84512746,0.4444233,-0.11373558,0.9296074,1.7888695
1974-11-01,0.45658606,-0.042404175,0.82671964,0.018079376,0.00756073,1.7195108,1.3953972
1974-12-01,-0.31326562,-0.25639802,1.6110344,-0.22385482,-0.23437424,0.81948775,2.4456432
1975-01-01,0.14346123,0.55769235,1.0656646,0.0367363,-0.092473604,0.48485357,1.2468121
1975-02-01,-0.22801742,1.3554367,1.245862,0.4994217,-0.075372316,-0.11590882,0.8658327
1975-03-01,0.14821129,0.9963093,1.2677132,-0.3721115,0.08233948,1.4786295,1.3947067
1975-04-01,0.08899002,1.430809,1.4051571,-0.89148486,0.007917022,1.0023266,0.95355606
1975-05-01,0.27488747,1.5869377,0.89813536,-0.6229309,-0.025335312,1.3966067,1.7003132
1975-06-01,0.58682823,0.49403763,0.5627594,-0.0063339234,-0.22516708,0.93930495,0.4335495
1975-07-01,0.281538,0.29388887,0.13079338,-0.5133556,0.07188912,1.8038709,1.1654224
1975-08-01,0.5570591,0.09690742,0.26190338,-0.04370346,-0.31669083,1.2002586,0.508289
1975-09-01,0.4468506,0.4861206,0.48643723,-0.033885576,0.04750366,0.092473984,0.8930683
1975-10-01,0.37147826,0.21471635,0.6685341,0.0038002015,0.19793205,1.9764675,1.7459167
1975-11-01,0.14346123,0.18114738,0.9864918,0.2989563,0.031985857,0.9446886,1.599922
1975-12-01,0.062387846,0.27488786,1.3858391,0.54090804,0.00063323975,-0.46205217,1.4738792
1976-01-01,0.12312164,-1.2322242,1.0963196,-0.087126926,-0.22605935,-0.066942975,1.4929321
1976-02-01,0.037340164,0.55572855,0.925766,-0.10192833,-0.019511033,1.4135422,1.7617134
1976-03-01,0.23682404,0.48542136,1.3085861,-0.3871933,-0.09183655,1.5171528,0.9886726
1976-04-01,0.13691369,1.1938747,0.9486408,-1.4636654,0.025566483,2.2256057,1.7987175
1976-05-01,0.4645645,1.3661102,0.70878947,-0.218322,-0.107983395,1.2527443,1.3990772
1976-06-01,0.5681755,0.8342659,0.37037355,-0.18501854,-0.17829056,1.4566014,0.6209896
1976-07-01,0.6892784,-0.22134933,-0.033976365,-0.37407416,-0.5675026,1.9474052,1.6927525
1976-08-01,0.581295,-0.022874832,0.14835128,0.1473423,-0.47061998,1.0445141,0.9291302
1976-09-01,0.46994704,0.097891614,0.69937056,0.29602966,-0.3575905,1.9373131,1.4737571
1976-10-01,0.18232766,0.7171993,1.3654373,0.39089394,0.01614685,0.8598324,0.86622393
1976-11-01,0.14229584,0.5352085,1.3812481,0.60652465,-0.110674664,0.23985139,0.7262821
1976-12-01,-0.052814484,-0.4430355,1.7933352,0.27550966,-0.099573515,-0.07468033,1.5945241
1977-01-01,-0.23069915,0.37152442,1.6131235,1.224261,-0.24025269,-1.4171002,0.54101026
1977-02-01,0.17762375,-0.61673087,1.2380607,1.1085575,-0.26678926,-1.3962243,1.5122811
1977-03-01,0.29403457,1.7369648,1.9612949,-1.1641098,-0.19248505,1.901851,1.4294841
1977-04-01,0.19248505,1.6202004,0.69209707,-0.1910698,0.043167878,1.1754322,0.91288835
1977-05-01,0.4139839,1.4510682,0.69563484,-1.0572525,-0.16453171,1.1828629,1.4273609
1977-06-01,0.38850784,0.89555055,0.011676788,-0.38921624,-0.19708481,0.48793563,1.419931
1977-07-01,0.5640091,0.51978,0.34994048,0.5066887,-0.36515504,1.5756172,0.30465013
1977-08-01,0.4582138,-0.020875549,0.24131393,0.33472595,-0.36409378,1.2699054,0.6432678
1977-09-01,0.43309173,0.09341202,0.09199677,0.039629363,-0.08385849,0.8913048,0.5498562
1977-10-01,0.39452362,0.38886222,0.8821049,0.16948585,-0.040690612,1.2709671,1.4241768
1977-11-01,-0.0063690185,0.23069878,1.0261151,0.008138275,-0.04387512,0.532872,1.9612945
1977-12-01,0.21477585,0.26218987,1.613477,0.8053234,-0.008491516,-0.9730396,0.32304916
1978-01-01,-0.10032272,0.7287838,1.4130176,1.5969989,-0.16289672,-1.3987343,0.41761398
1978-02-01,0.21526794,0.41081238,0.7583706,1.2215545,-0.15813522,-0.97295874,0.6475056
1978-03-01,-0.2421341,1.064439,0.8083618,0.38054544,-0.05577278,0.099982455,0.8172035
1978-04-01,-0.02754631,1.534425,0.9634369,-0.4121727,-0.07719727,1.4106371,0.8682152
1978-05-01,0.4284958,0.8940609,0.90256274,-0.15813561,-0.17649993,1.3276583,1.055597
1978-06-01,0.45434266,-0.23805313,0.35401994,0.45298156,-0.20268555,0.90596354,0.24587555
1978-07-01,0.3825859,-0.7151806,0.36490172,0.5947937,-0.23431244,1.1681626,0.28838462
1978-08-01,0.5777901,-0.11698608,0.28396377,0.58391154,-0.2890648,1.5728534,0.13092919
1978-09-01,0.44754106,0.40571135,0.23635331,0.15439491,-0.1288887,1.8350525,1.2739265
1978-10-01,0.33531493,0.64104384,0.6400238,0.32749367,-0.23873368,1.2797077,0.88045806
1978-11-01,0.19214325,0.8804577,1.0756619,0.14521293,-0.12208748,0.3774849,0.71348035
1978-12-01,0.10440369,0.46726495,1.5408863,-0.05543251,0.06699524,0.9018825,0.48392907
1979-01-01,-0.26520616,0.78045464,1.6691319,0.4212967,-0.18255195,0.08651886,0.27234134
1979-02-01,0.3329937,1.5282043,1.0730135,0.05084114,-0.088897325,1.1425854,1.1098804
1979-03-01,0.041326903,1.0884739,0.93059903,0.43140525,-0.22447357,-0.09960079,0.54289913
1979-04-01,0.44656867,1.39352,1.08223,-0.42218858,0.030623626,1.3191912,0.5565754
1979-05-01,0.6142548,1.0025494,0.8345661,-0.14033318,0.023190688,1.1461532,1.7143238
1979-06-01,0.5761982,0.1920658,0.33418313,0.040732194,-0.060949706,0.68501586,0.3939438
1979-07-01,0.39126778,0.14895515,0.21763535,0.09454651,-0.22625694,0.7828331,0.9118679
1979-08-01,0.37818566,0.03627243,0.15965882,0.4456768,-0.11625023,0.22001381,0.53576356
1979-09-01,0.5634136,0.08057251,0.24350205,-0.046084214,-0.027352905,1.2841078,1.0209831
1979-10-01,0.2824501,0.73912734,0.68144834,-0.118629076,0.014865875,1.1532886,1.503824
1979-11-01,-0.022893142,0.84616125,1.0599312,0.49384156,-0.10643921,0.6196064,0.938032
1979-12-01,0.38710517,0.1730381,1.3147312,1.2680527,-0.07581558,-0.4177288,0.21763515
1980-01-01,0.17388305,0.27213556,0.91499674,1.3660799,-0.055035017,-1.4015316,-0.5641918
1980-02-01,-0.17084427,0.643874,1.5328726,2.01333,-0.20123176,-1.7209362,-0.438591
1980-03-01,0.05604782,0.84949493,1.7688811,-0.5571011,-0.38051683,1.8489008,1.5271327
1980-04-01,0.23634605,0.67628706,1.2111046,0.3477661,-0.19515458,1.8850276,2.1325161
1980-05-01,0.4436554,1.0551163,1.1081253,-0.43116266,-0.07799454,1.3907273,1.0983334
1980-06-01,0.49936524,-0.08576012,0.037139893,1.0780754,-0.23938522,0.8042515,-0.13708076
1980-07-01,0.55001146,-0.26673317,0.3072502,0.42981187,-0.26639557,1.2165066,-0.040516663
1980-08-01,0.45817336,0.15193672,0.17050667,-0.032413103,-0.324807,0.632394,-0.41056672
1980-09-01,0.313665,-0.19481659,0.08677254,0.7546188,-0.2778755,1.401194,0.6020069
1980-10-01,0.40786552,0.17658424,1.3441334,-0.094876096,-0.1566639,1.3090194,1.968762
1980-11-01,0.14045715,0.13336678,0.9862381,0.5773598,-0.15531273,0.17928544,1.7881263
1980-12-01,0.20291977,0.636446,0.8299122,1.5855439,-0.041867066,-1.5024855,0.05233345
1981-01-01,-0.116355136,0.6214188,0.9451588,1.7401936,-0.25473404,-1.8462715,0.11415329
1981-02-01,0.28299713,0.3780636,1.5430863,1.2578869,-0.117456816,-0.65188444,0.17361565
1981-03-01,0.040742494,0.6122429,1.569514,0.044413377,-0.18095703,0.2870346,1.278442
1981-04-01,0.18976593,1.2380661,0.8038437,-0.14058113,0.019820403,0.3707226,1.1257484
1981-05-01,-0.0921299,0.5080002,0.95433503,-0.13213882,0.1681099,0.2661125,1.5944741
1981-06-01,0.3182335,0.2591385,0.035971068,-0.29143983,-0.105343625,0.6441761,2.2559013
1981-07-01,0.43936157,0.3116272,0.1952713,0.6015984,-0.15819931,1.1532772,0.18059006
1981-08-01,0.40265578,-0.6258236,0.43642426,0.30869064,-0.34906617,0.83651125,0.21802863
1981-09-01,0.4834076,-0.16737595,0.34392777,-0.14094849,-0.2382164,1.9435399,1.6396214
1981-10-01,0.4298172,0.4929512,0.90588415,0.43495673,-0.09396515,0.9389187,0.15673141
1981-11-01,0.016150665,0.57186663,1.1995258,0.79687005,-0.08992767,0.73777467,1.2993641
1981-12-01,0.14021377,0.030098343,0.84605485,0.66179466,-0.14278336,-0.36741868,1.4872948
1982-01-01,-0.28309172,-0.12617835,1.4672245,0.09835434,-0.09641266,0.18764934,0.8919821
1982-02-01,0.39276963,0.26432687,1.3002813,1.0116892,-0.0016178131,-1.1608384,-1.0061891
1982-03-01,0.08541298,1.3543113,0.8877762,-0.411211,0.026529694,1.3222815,0.35847512
1982-04-01,0.15659027,1.1158669,1.272781,-0.2128849,0.18764953,0.98645383,0.6506256
1982-05-01,0.5079479,0.9123646,0.9832184,-0.8945702,0.010676575,0.9916302,1.2763398
1982-06-01,0.5839779,-0.14817849,0.57524264,0.57653695,-0.23812103,1.192868,0.55162466
1982-07-01,0.5247711,-0.33000413,0.42932892,0.51183015,-0.3503868,1.0822197,0.83762854
1982-08-01,0.6140671,0.16791382,0.13361931,0.70206755,-0.31350404,1.4510479,0.27079773
1982-09-01,0.48562354,-0.35782814,0.24232635,0.0035587312,-0.116471864,1.2549865,0.6279785
1982-10-01,0.45618248,0.11970711,0.45941734,0.50180054,0.14914894,0.83212817,0.3138275
1982-11-01,0.25365028,0.5600365,0.79298055,0.7175972,-0.03817711,0.9401882,1.1977209
1982-12-01,0.28470954,-0.24815026,1.2821633,0.94698256,-0.03785362,0.0006469727,1.1889858
1983-01-01,0.26582986,0.8280743,0.6110504,1.651268,-0.15682983,-1.470686,0.5352386
1983-02-01,0.2267849,0.3471733,0.6553013,1.6717666,-0.2567192,-2.2506053,-0.036767196
1983-03-01,0.07093124,0.09663582,0.757143,1.4010563,-0.22222976,-1.8582054,0.9357731
1983-04-01,0.44445953,0.81148034,0.99824464,-0.38394013,0.18708953,0.8534538,0.82416993
1983-05-01,0.66245997,0.54825366,1.1313221,-0.06279679,0.084597014,1.345092,0.44738808
1983-06-01,0.51701814,-0.08589859,0.10151634,-0.9204807,-0.18318482,2.1106954,1.9362953
1983-07-01,0.5726563,-0.0426239,0.34196702,0.050107576,-0.38101196,2.092149,1.3951995
1983-08-01,0.452269,0.14836998,0.28535193,-0.011062622,-0.23231658,0.37417907,0.46853715
1983-09-01,0.5271042,0.30682677,0.75616723,-0.18058205,-0.16789246,1.6271908,0.55248374
1983-10-01,0.2752655,0.67807734,0.4698387,-0.4102955,-0.043600082,1.2032295,1.092603
1983-11-01,0.22841187,0.53458786,1.0831668,0.46886253,-0.16008377,0.006507492,2.387913
1983-12-01,0.07223282,0.23882408,1.7169937,0.8384865,-0.01887169,-1.2347908,0.4412058
1984-01-01,-0.23664132,0.09168129,1.2115761,0.3777958,-0.1636425,-1.08599,0.8438131
1984-02-01,0.4245018,1.1108997,1.023024,0.3971699,-0.0041519166,0.21726723,1.6890099
1984-03-01,0.037018586,0.51479876,1.2340637,0.87840956,-0.169524,-0.47916412,1.4260753
1984-04-01,0.023871612,1.2548218,1.3786781,-0.61339873,-0.11659088,1.7523224,2.1626387
1984-05-01,0.003113556,0.66494864,0.058122255,-0.59783095,-0.040132143,0.8535,2.7608159
1984-06-01,0.49749985,-0.42865258,0.19858475,-0.15949097,-0.14669037,1.7993736,1.7135738
1984-07-01,0.46670914,-0.29580194,-0.07403717,-0.38367766,-0.18509217,1.0545067,0.46705514
1984-08-01,0.45529252,-0.05535431,0.076804355,-0.011070633,-0.28265533,0.82028735,0.76216507
1984-09-01,0.44318312,0.28819007,-0.22557068,0.4926567,-0.13873291,1.815634,0.3584217
1984-10-01,0.43211251,-0.00830307,1.0842602,0.029061127,0.07645874,0.8317043,1.8875954
1984-11-01,0.23906288,0.31517562,1.4174263,-0.21795884,-0.18751411,0.763203,2.4145026
1984-12-01,0.23698768,0.69227946,1.0164505,-0.103443906,-0.06262054,-0.11866684,0.888097
1985-01-01,-0.30920333,0.18925056,1.3870159,1.157312,-0.0805542,-1.3001297,0.2465887
1985-02-01,0.21704026,0.52870524,1.5266674,0.046784975,-0.2800064,0.27578506,0.63142127
1985-03-01,0.34578666,0.7408207,1.233646,-1.135503,-0.23990479,2.3336196,1.7584813
1985-04-01,0.33910292,0.8125809,0.70177424,-0.7728313,-0.11045494,1.2642492,0.36548537
1985-05-01,0.33875123,0.85444146,0.47910613,-0.19452667,-0.1818634,1.4394295,0.39327544
1985-06-01,0.53961027,-0.020754242,-0.054875184,0.22618599,-0.2149292,0.40417975,1.3335476
1985-07-01,0.34543458,-0.5206146,0.3974968,1.0391185,-0.26628724,1.6001866,0.46046257
1985-08-01,0.46784973,0.07985077,0.37885284,0.6943878,-0.1794014,0.9420315,-0.4995083
1985-09-01,0.3580986,0.41191864,0.24377441,0.39925498,-0.047136687,1.1214321,-0.1786972
1985-10-01,0.27508163,-0.2909111,0.5832294,0.119600676,0.01864357,1.5555122,0.62790334
1985-11-01,-0.25045776,0.42212027,0.81187785,0.89665335,-0.22266845,-0.3964409,-0.17377242
1985-12-01,-0.26910096,0.11045456,1.2164093,0.8755474,-0.13578185,-0.45518607,0.2036728
1986-01-01,0.13521118,0.15319519,0.9471451,1.4613483,-0.01831665,-1.3357948,0.83524626
1986-02-01,-0.024311066,0.42428398,0.8842022,1.9415815,-0.17450905,-2.3585384,-0.41362685
1986-03-01,0.038298797,0.93515664,0.79261816,1.3777568,-0.27108842,-0.28840676,0.8235901
1986-04-01,0.45192567,0.8552284,0.904517,-0.5251926,0.16551742,0.9394857,1.5063076
1986-05-01,0.70003545,0.9324921,0.6171101,0.08392449,0.016651154,0.6753906,1.2312222
1986-06-01,0.3729965,0.22879371,0.35334778,0.1075695,-0.17484207,1.9858754,1.2149036
1986-07-01,0.51586837,0.002997589,0.41795653,0.26975632,-0.38365403,1.0806919,1.0064255
1986-08-01,0.451593,-0.21613769,0.34835282,0.3919796,-0.31738052,0.899855,0.3300354
1986-09-01,0.38831633,0.092250064,0.27874833,0.52719116,-0.1795044,0.47423857,-0.4535904
1986-10-01,0.15319481,0.3346981,0.91617316,0.3097206,0.274086,0.31704712,0.71868515
1986-11-01,0.09857788,0.38232154,1.1939228,-0.048955537,0.09191704,1.1396385,1.2595303
1986-12-01,0.04862213,0.24711037,1.2362179,0.67405856,-0.16418533,-0.18749733,1.1669471
1987-01-01,0.2457428,0.3457737,1.4047697,0.35110894,-0.13404159,-0.46547812,1.193704
1987-02-01,0.24741021,0.45214042,0.8045832,0.61952573,-0.25641328,-0.8649353,-0.19372673
1987-03-01,-0.08535995,1.1513577,0.83592623,0.3377716,-0.25274506,-0.13037376,0.8425951
1987-04-01,0.41079408,0.6488682,0.6238602,-0.4934868,-0.13670921,1.5071347,1.5344769
1987-05-01,0.39845735,1.1070102,0.47781524,-0.2694172,-0.043013383,1.967611,0.45114022
1987-06-01,0.49982184,0.5601738,0.041012954,-0.32976913,-0.2940918,1.7115316,1.0359886
1987-07-01,0.48915178,-0.07602348,0.2720848,0.21673393,-0.2594139,1.5988296,0.6145245
1987-08-01,0.50782394,0.19772835,0.39312172,0.8005821,-0.24574356,0.11003418,0.21406631
1987-09-01,0.3357708,-0.086026765,0.5028225,0.7505665,-0.1447113,1.2407185,-0.12070389
1987-10-01,0.5041565,0.6838791,0.5628414,0.9339569,0.15338096,1.4211079,0.7619034
1987-11-01,0.1000309,0.29442483,0.89527816,0.13204117,-0.08636017,0.65787125,1.5958287
1987-12-01,0.19406013,0.34310645,1.2090423,0.6662067,-0.21239929,0.7508997,1.2187119
1988-01-01,-0.015016174,0.77483904,1.3507961,0.2903141,-0.14849396,-0.49787253,0.74614143
1988-02-01,0.19788094,0.7271206,1.2203213,0.06573753,-0.09577026,0.25027084,1.3417864
1988-03-01,-0.011345672,0.79352605,0.901643,0.24693413,-0.14849433,0.74580765,1.6441139
1988-04-01,0.15550193,1.137899,1.0304493,-0.4608322,-0.07741699,1.5173099,1.959789
1988-05-01,0.38541755,0.55359954,0.54325485,-0.2582794,-0.05606079,1.8843743,1.8336525
1988-06-01,0.35371628,-0.18119621,0.32068062,0.056394197,-0.05405884,1.330107,1.6414444
1988-07-01,0.27763367,0.14949493,0.5866356,-0.23058319,-0.22224121,2.5020428,1.4328849
1988-08-01,0.5312424,-0.3033287,0.31967926,0.3530487,-0.07374649,1.2877277,0.029365158
1988-09-01,0.48052025,0.39409333,-0.41978797,0.22591133,-0.051722717,1.2630346,0.60465467
1988-10-01,0.34170341,0.16150856,0.9470253,0.6673893,0.044715118,0.87928563,0.6864101
1988-11-01,0.17752571,-0.25761223,1.4178689,-0.17585716,-0.08809547,1.2753811,2.2460992
1988-12-01,-0.014682388,0.2749645,1.4105275,0.35071334,-0.14549065,0.48318997,1.2817215
1989-01-01,0.22698554,0.30113983,1.5382553,-0.7011528,-0.06511116,1.2048613,1.3914535
1989-02-01,0.13836136,0.6058971,1.4113487,0.3653469,-0.047929384,-0.4428177,0.28546485
1989-03-01,0.09284401,0.46813852,0.6921093,0.30385286,-0.22698554,-0.33399695,1.2199335
1989-04-01,0.28184777,0.6348354,0.15373497,-0.19955444,-0.2725029,0.40996036,0.18990803
1989-05-01,0.26376113,0.6484005,0.41568795,-0.061192703,0.14589767,0.454875,0.32766685
1989-06-01,0.30325013,-0.0774704,0.4407074,0.30656585,-0.12087784,1.3733671,1.0523319
1989-07-01,0.49918708,-0.5929352,0.3765003,0.40453416,-0.40784988,1.3350842,0.73159826
1989-08-01,0.4871292,0.110629275,-0.047929,0.44703752,-0.22005233,1.4568663,-0.24477044
1989-09-01,0.4886368,0.33037987,0.47899017,0.23904304,-0.012660598,0.7626467,0.45035324
1989-10-01,0.45427245,0.5534466,0.3505764,0.7837475,-0.063603975,1.0788586,0.50099564
1989-11-01,0.026527023,0.3795147,1.6434586,0.29390526,-0.26014405,0.4407074,0.44794178
1989-12-01,-0.17754897,0.3972996,1.2307851,0.7032627,-0.24477044,-0.594141,0.11726055
1990-01-01,0.36991423,0.7884838,1.2267094,0.34123573,-0.10730095,1.3874996,1.2627987
1990-02-01,-0.17851257,0.47753716,1.0246747,0.20106812,-0.16916808,0.07282295,0.1814125
1990-03-01,0.5116928,1.0488415,0.8432621,0.35573617,-0.17915687,0.4939707,0.6937496
1990-04-01,0.44434777,0.4485367,0.7449833,0.042533495,-0.06605606,0.05284462,0.9892298
1990-05-01,0.48881492,0.42823678,0.55809325,-0.5655041,-0.04382248,1.426811,0.97569656
1990-06-01,0.590316,-0.075078204,-0.06541176,0.0696003,-0.30965805,1.8853369,1.2605431
1990-07-01,0.40858117,0.14532356,0.046722412,-0.25294647,-0.15885696,1.3688107,0.7891285
1990-08-01,0.44015884,0.09731178,0.28871346,0.44241446,-0.28162462,1.3008213,0.1833458
1990-09-01,0.3782917,0.19043465,0.20686837,0.13565674,-0.22523537,1.669124,0.47689286
1990-10-01,0.40858078,0.30708045,0.3480026,-0.34091377,-0.010955429,1.9887711,1.2689209
1990-11-01,0.3518692,0.43886986,1.261832,0.19236831,-0.11890106,0.19236831,0.622538
1990-12-01,0.10536766,1.1545311,1.1194088,-0.25552407,-0.21073493,0.114711955,0.156279
1991-01-01,-0.14963722,0.5237301,1.5268774,0.8114449,-0.1830326,-0.9260809,0.42547053
1991-02-01,0.20486793,0.6717617,1.4417832,1.190033,-0.288678,-1.4331135,0.19073907
1991-03-01,-0.21610717,1.4539856,2.067305,-0.3448719,-0.012202454,1.1582432,0.35289955
1991-04-01,0.23697892,1.2465489,1.1990242,-0.7321304,0.020230103,1.6328437,1.6607803
1991-05-01,0.30377007,0.8580055,0.3143669,-0.35065192,0.15316963,1.3965069,0.9125946
1991-06-01,0.2735855,0.33877105,0.10949822,-0.68845975,-0.11688385,1.9404669,0.83873904
1991-07-01,0.40299302,-0.16890374,-0.063258745,-0.069359586,-0.2835396,1.6707348,0.6724041
1991-08-01,0.55359346,-0.24629097,0.46817818,0.09825973,-0.40556183,1.4976562,0.41102067
1991-09-01,0.4373516,-0.20583153,0.15252724,-0.181427,-0.21996002,1.6646332,0.610751
1991-10-01,0.44891167,0.47620583,0.6595596,-0.21257477,-0.016376114,-0.095048524,0.60561293
1991-11-01,0.16023369,0.26523668,1.349625,0.10917778,0.01701889,0.09536972,1.9667978
1991-12-01,0.04013901,0.52951014,1.1116822,0.07610321,-0.112709425,1.5477495,1.3024216
1992-01-01,-0.052915573,-0.6625786,1.3040555,1.1686833,-0.05096779,-1.3215859,0.88625145
1992-02-01,0.08635292,1.2917194,0.5836922,0.96676064,-0.11719284,-0.94695777,-0.73237455
1992-03-01,-0.036359023,0.40384522,1.5108477,0.4152073,-0.20451966,0.103882596,1.0589567
1992-04-01,0.23893051,0.3421646,0.42234915,0.7343227,-0.2028965,-0.7284792,0.4288416
1992-05-01,0.40384483,0.87066877,0.23990479,0.62686884,0.13050309,-0.896315,-0.4239723
1992-06-01,0.61193544,-0.026620101,0.32008934,-0.43793145,-0.21231079,0.6427757,1.4585816
1992-07-01,0.43273774,-0.21425858,0.15972023,0.04252701,-0.32236177,1.512146,-0.048046112
1992-08-01,0.42299882,-0.068173215,0.6982883,0.5742775,-0.31911546,1.5631138,0.5220116
1992-09-01,0.5418148,0.3863144,0.45708466,0.07758751,-0.1207634,1.3696315,0.35644835
1992-10-01,0.40903932,0.274316,0.5512287,0.6879002,-0.13699532,1.1524513,0.6736158
1992-11-01,0.13634643,-0.0074668885,1.5283778,0.6989376,-0.09479332,0.47201806,1.3147686
1992-12-01,-0.16231728,0.6190773,1.5949275,-0.17367935,-0.13732032,1.1164169,1.161541
1993-01-01,0.19612083,0.95643616,1.3158356,0.6658182,-0.064754106,-0.85698164,-0.7646532
1993-02-01,-0.31292534,1.3805892,1.7638452,0.999502,-0.19240265,-0.83839226,0.14221057
1993-03-01,0.17381287,0.623682,1.1206443,0.91987646,-0.14221077,-0.10534096,0.4675289
1993-04-01,0.18806496,0.4269417,0.947451,0.6162456,0.009294892,0.11742439,2.0498157
1993-05-01,0.4669094,1.5946796,0.3237694,-0.41114044,0.16606712,0.6713951,1.278966
1993-06-01,0.5397186,0.41330948,-0.1673069,-0.42446288,-0.18248825,0.77487737,1.9562479
1993-07-01,0.47341576,0.004337692,0.4318989,-0.05607872,-0.32655716,1.4152899,0.44305268
1993-08-01,0.5329029,0.27016908,0.21130219,-0.0034080506,-0.2921669,0.7652729,0.45110816
1993-09-01,0.46226197,-0.3457672,0.079935454,0.4015358,-0.13322563,0.42880058,-0.12300148
1993-10-01,0.3352329,0.2996029,1.2157612,0.36683503,-0.0944973,1.0571299,0.507497
1993-11-01,0.044924926,0.7497814,1.5268276,0.18589592,-0.10286255,0.9660408,-0.08179436
1993-12-01,0.17102471,0.87185365,1.5348829,0.51059496,-0.043995284,0.5583084,1.8332465
1994-01-01,-0.06568146,0.38628465,1.2118543,0.51374567,0.08193932,-0.4148983,0.4275795
1994-02-01,0.28353578,0.9133617,1.6690228,0.26825333,-0.2051731,0.39473876,0.6984339
1994-03-01,0.067957304,0.26370087,1.4999421,0.55373955,-0.10339966,0.42985535,1.0076568
1994-04-01,0.31832734,0.60348856,0.820042,-0.29426575,0.019834518,0.6542126,1.5152245
1994-05-01,0.25622255,1.4066226,0.7751709,-0.41717416,0.13396378,1.4560461,1.7694957
1994-06-01,0.55569077,-0.09299469,0.090718076,-0.052350234,-0.13526459,1.6306547,1.0980499
1994-07-01,0.5303284,-0.24191551,0.3846588,0.5062672,-0.52480125,0.84507906,0.32678145
1994-08-01,0.5517887,-0.24484214,0.092019275,0.66656876,-0.21232681,-0.059178162,0.3167015
1994-09-01,0.5277271,0.0074783326,0.47537726,0.21882935,-0.32808152,1.4963655,0.48740807
1994-10-01,0.1872898,0.3840084,1.1133324,-0.39246255,0.11640549,1.6241516,1.7285264
1994-11-01,0.19119148,0.8174408,1.1221116,-0.9796936,-0.026337814,0.7007101,2.0927005
1994-12-01,0.14631996,0.35832137,1.3981683,0.5215496,-0.10730133,0.6893299,1.8563124
1995-01-01,0.14647523,0.64664346,1.415465,2.0537782,-0.24227448,-1.265866,0.2707363
1995-02-01,-0.13467407,0.99131125,1.290163,1.1697199,-0.3182888,-2.1329162,-1.4022754
1995-03-01,0.2512989,-0.023949813,1.2998813,1.1124485,-0.2381092,-1.1166141,0.0739315
1995-04-01,0.23220864,0.62547034,0.9034958,0.22144851,0.10169983,0.7889534,0.79797804
1995-05-01,0.31134683,0.6063797,1.0204678,-0.11141815,0.06803131,1.2429575,1.0062367
1995-06-01,0.4081871,-0.21207695,0.47274703,-0.061783217,0.032974243,0.80110186,1.8319829
1995-07-01,0.35646972,-0.2988514,0.43630257,0.17424317,0.024990845,1.4453156,0.26726532
1995-08-01,0.40610427,0.54529077,-0.20478782,-0.32939568,-0.032280732,1.2360153,-0.12217865
1995-09-01,0.5373074,0.24296837,0.37139434,0.49739113,-0.08781586,1.1013416,1.0791276
1995-10-01,0.37451857,0.078791425,0.1797966,0.07080803,0.10898857,1.545974,1.7656868
1995-11-01,0.050675966,0.31967697,1.2356682,0.5525799,-0.11002998,-0.011454391,1.10273
1995-12-01,0.05518837,-0.28878555,1.1679844,1.228379,-0.21381226,-1.0381699,1.3262608
1996-01-01,-0.042697143,-0.07116203,1.3196411,0.5408314,-0.018866349,-1.0422752,0.7443876
1996-02-01,0.5487747,1.2931626,1.0687538,1.1733456,-0.22209167,-0.5464579,-0.33561993
1996-03-01,0.15291557,1.271648,1.2236551,0.79304236,-0.26114807,-1.0095074,0.062887385
1996-04-01,0.21745758,0.30417594,0.49647903,0.40016174,-0.10690842,-0.5646618,2.0557542
1996-05-01,0.20256309,-0.17807046,0.0066196444,1.1015213,0.13471146,-0.53586656,0.5143522
1996-06-01,0.3008667,0.19164085,-0.14397888,0.5471199,-0.18601379,1.3543946,1.190226
1996-07-01,0.3955284,0.19362679,0.35647163,0.22275352,-0.41472548,1.3365215,0.5497681
1996-08-01,0.45940858,0.21977463,0.09002838,0.3339649,-0.17972565,0.2028946,0.35382384
1996-09-01,0.5361969,0.8774437,0.7956902,-0.33197898,-0.14828186,0.9810425,0.943972
1996-10-01,0.30285224,0.050971605,0.68183136,-0.01721115,0.03740158,0.8400425,1.4503807
1996-11-01,0.42333108,-0.026809692,0.88704264,0.39585915,-0.2508877,0.14761963,1.1319723
1996-12-01,0.18899307,0.4580845,1.2600635,0.7665638,-0.17608452,-0.28861982,0.3951973
1997-01-01,-0.10712357,0.10191421,0.9820179,1.7159269,0.17322083,-1.530008,-0.78730774
1997-02-01,0.6134354,-0.28685609,1.3815327,-0.0911686,-0.26569137,-0.72381514,1.8308647
1997-03-01,-0.07358589,0.48645058,0.9621563,-0.1146122,-0.08009796,0.30574092,1.8816586
1997-04-01,0.24420242,1.099561,1.0064385,0.1859192,-0.08791275,-0.8136818,1.5384735
1997-05-01,0.5261742,0.86838263,0.3855137,0.3477436,-0.17875595,0.050468445,-0.45193672
1997-06-01,0.44281998,-0.4086315,0.4170971,-0.82214737,-0.31290436,1.3528801,2.4924896
1997-07-01,0.6342743,0.24127197,0.33439407,0.02181549,-0.49035797,1.3711135,0.6385075
1997-08-01,0.5134758,-0.24485321,0.25364456,0.69744146,-0.35620958,0.7550732,0.02897873
1997-09-01,0.5059868,-0.814658,-0.1839653,0.3568611,-0.08628464,1.4316756,1.1943111
1997-10-01,0.46691436,0.55873454,1.127237,-0.14587021,0.05470123,0.94327146,1.5394504
1997-11-01,0.18331452,0.31648597,1.3154354,0.81465834,0.18429108,0.5069634,0.8462418
1997-12-01,0.33537063,0.39235154,1.152634,0.351651,-0.2585289,0.5046841,1.1705425
1998-01-01,0.5277588,0.31344873,0.4554495,1.7671568,-0.17504692,-2.0148401,0.09095917
1998-02-01,0.28596458,0.6543816,0.96619433,1.3856525,-0.09881172,-0.445961,1.22173
1998-03-01,0.51401675,0.31181258,1.0636969,0.74632186,-0.030755997,-0.41389617,0.8520048
1998-04-01,0.5091087,1.4592705,1.4988607,-0.2205265,0.12924042,1.4576343,0.8781799
1998-05-01,0.5895977,1.4445469,0.65339965,-1.2469234,0.10175629,2.089767,0.880143
1998-06-01,0.573238,0.38215867,0.34322318,-0.46330222,-0.3268631,1.7174238,0.7486122
1998-07-01,0.6210079,-0.38084984,0.3190109,-0.2872734,-0.14854431,1.3480259,0.94492686
1998-08-01,0.44726944,-0.19860458,0.23754044,0.117134474,-0.10339203,1.0794022,0.4407257
1998-09-01,0.4963482,0.56113166,-0.21365547,-0.34943962,0.01014328,1.1968638,0.77642363
1998-10-01,0.4561035,0.25717163,0.5650581,-0.1285862,-0.09815712,1.5106394,1.4759572
1998-11-01,0.25815353,0.87458074,1.146149,-0.14985314,-0.1482174,1.2351449,2.1614215
1998-12-01,0.17177506,0.7005154,1.3715832,0.41455078,-0.1950058,0.62722474,1.3869612
1999-01-01,0.16182022,0.70288503,1.0801322,0.019311905,-0.09922294,-0.12985572,1.4104321
1999-02-01,0.36725846,0.6669251,1.0591561,0.083573915,-0.0958931,0.91298485,2.1203094
1999-03-01,0.24139825,1.6348492,1.2392887,-0.5280796,-0.27336273,1.9368467,1.6957815
1999-04-01,0.34827957,1.3927848,1.2732513,-1.5372909,0.042951964,0.704883,1.6964474
1999-05-01,0.4211979,0.6652603,0.84006613,-0.39689216,-0.18246345,-0.00066604617,1.410765
1999-06-01,0.3496109,0.22941169,0.23307419,-0.15915641,-0.03862381,2.1978898,1.4084343
1999-07-01,0.4591568,-0.017980194,0.36958924,0.3059929,-0.30466157,1.1370693,0.25471687
1999-08-01,0.4052166,-0.47214204,-0.08224182,0.54639244,-0.12486114,1.3062146,0.097558215
1999-09-01,0.414872,0.43185347,0.42253035,-0.37957802,0.107547,1.8845714,0.74483836
1999-10-01,0.48912278,0.72719157,0.9063255,0.29800186,0.13152047,1.4067692,1.1177574
1999-11-01,0.28501663,0.4758045,0.0562706,-0.25338516,-0.118867874,2.1066577,2.0197544
1999-12-01,0.051276397,0.2154274,1.1836841,0.06925659,-0.088235095,0.9529406,1.4673687
2000-01-01,-0.14229965,0.45741615,1.4051659,0.07989349,-0.15464363,0.75127333,1.1685715
2000-02-01,0.10903855,0.33397523,0.99163973,1.2573795,-0.13441315,-0.061034393,1.6832501
2000-03-01,0.22596511,0.63091886,1.0399876,-0.27568436,-0.08263703,-0.13681336,2.160897
2000-04-01,0.32574615,1.0187283,0.67137986,-0.5283947,-0.27774125,1.3767059,1.3167
2000-05-01,0.5417671,0.19887657,0.12858391,-0.42827073,-0.020230103,-0.39775315,2.7006066
2000-06-01,0.54279554,0.4419857,0.12275467,-0.5595978,-0.15498658,1.9805359,1.4456269
2000-07-01,0.35729218,-0.004800415,0.41592637,0.14332847,-0.16630173,1.1768005,0.017144393
2000-08-01,0.5894287,-0.035660554,0.0072006225,0.54622495,-0.21533509,0.7015545,-0.032917786
2000-09-01,0.38026506,-0.019887542,0.10423889,0.3219742,0.15018615,0.4711315,0.50747794
2000-10-01,0.34906235,0.3137451,0.69435346,-0.28837126,-0.12069778,1.9102436,1.6774209
2000-11-01,-0.06549187,0.797221,1.6253017,-0.14161377,-0.24516639,0.9614655,1.724397
2000-12-01,0.36209258,-0.34871978,1.0183853,0.7550453,-0.05932007,-0.42072678,1.4000225
2001-01-01,0.3180973,-0.14016151,1.5947931,1.1560841,-0.17462158,-1.0242065,1.731641
2001-02-01,0.25282136,0.7631016,0.8737728,0.29755324,-0.28264236,0.6043844,0.9261265
2001-03-01,0.44268495,0.9572735,1.347605,-0.30583724,-0.16103669,0.4794653,0.8668148
2001-04-01,0.5165764,1.2313007,0.697163,-1.225668,-0.29291457,1.5291855,1.4493301
2001-05-01,0.56561625,0.9092274,0.15904884,-0.7713852,-0.13419724,0.7962368,1.8953285
2001-06-01,0.38933793,0.08084984,0.3104763,0.38933754,-0.2697197,1.4221588,1.2170525
2001-07-01,0.46654207,0.16269341,0.015242005,-0.03545456,-0.19847946,0.85422325,0.095760345
2001-08-01,0.52585375,-0.2988785,0.1616993,0.12723847,-0.4234665,1.3363392,0.80153847
2001-09-01,0.35288888,-0.06527634,0.5536877,0.12127457,-0.027833557,1.5517174,0.9917339
2001-10-01,0.24519996,0.36051026,0.76840323,-0.44334793,-0.15639801,1.914547,1.0139347
2001-11-01,0.2763466,0.32207337,0.70743483,0.9052513,-0.2935772,1.0682758,1.6150053
2001-12-01,0.25447768,0.23360252,1.3509185,0.66767234,-0.13618545,1.0404427,1.3837223
2002-01-01,0.009014892,0.9950714,0.9646069,0.7056583,-0.21946907,0.5306425,0.04973793
2002-02-01,0.17159614,0.7208904,1.2649002,0.5517815,-0.12030373,0.06621399,0.90336686
2002-03-01,0.293454,1.6568978,1.4178445,0.20952149,-0.21853638,0.08579807,0.31863403
2002-04-01,0.16662255,1.1309181,0.8657524,0.14455108,-0.104449846,-1.4246833,0.38609162
2002-05-01,0.57696116,0.80855405,0.17967835,0.07585029,-0.18713951,-0.02704506,1.0998319
2002-06-01,0.45945472,0.17936783,-0.0021759034,-0.25366363,-0.37490082,1.2670761,2.3066006
2002-07-01,0.3257843,-0.44297943,0.28879166,0.3220539,-0.51261294,1.9139814,0.72772944
2002-08-01,0.53872454,0.0015544891,0.41655618,0.68700635,-0.34008408,1.3768104,0.28723717
2002-09-01,0.41220436,0.0071495054,0.16600075,0.5349945,-0.19397812,0.9167339,0.36868286
2002-10-01,0.43427506,0.4038105,1.0718544,0.024868775,0.044142533,0.7986061,0.5197624
2002-11-01,0.4038109,0.29407614,1.1685326,1.0936146,-0.19180222,-0.7364334,1.5686128
2002-12-01,0.2657875,0.46442872,1.674617,0.9313446,0.069633104,0.5393467,1.4713131
2003-01-01,0.03370743,-0.0644989,0.7237457,2.0189035,-0.26771775,-2.0039947,-0.2268795
2003-02-01,0.14390679,1.6824738,1.6834462,0.047644805,-0.34842223,-0.8193596,1.0021594
2003-03-01,0.014260864,1.1308323,1.737249,0.8507984,-0.11279144,-1.4403608,1.2410313
2003-04-01,0.37856445,1.6007973,1.0306813,-0.4839016,0.11603241,1.0378116,0.9240478
2003-05-01,0.6346146,0.3059639,0.5030243,0.30207404,-0.22493514,1.1139786,1.4400368
2003-06-01,0.43431243,0.3662483,0.77495575,-0.03111496,0.009399414,1.1113857,1.2287147
2003-07-01,0.5662262,0.010047913,0.4450081,0.41713446,-0.39282608,1.1412041,0.4501938
2003-08-01,0.44760132,-0.24049263,0.25896683,0.80963594,-0.265773,1.4899505,0.4223202
2003-09-01,0.37597197,0.25053978,0.6738323,0.10047493,-0.1828003,1.546022,0.79472697
2003-10-01,0.20581207,0.4317192,0.55455816,0.116032794,0.03662491,0.34356079,1.8224909
2003-11-01,0.20062637,0.94543993,1.1032829,0.5156647,-0.04861679,0.3296234,-0.22720376
2003-12-01,0.29105377,0.39865988,0.8128769,0.79472655,-0.1497406,0.8692726,1.8241112
2004-01-01,-0.17401962,0.5036377,1.0016835,1.053001,-0.43751678,-1.7175007,0.51745415
2004-02-01,0.17961273,0.63028795,1.3375515,0.9582607,-0.24672012,-0.66713107,0.97766954
2004-03-01,0.5542976,0.06612091,0.8868763,0.21382408,-0.27139205,0.8612175,0.9704323
2004-04-01,0.16579589,1.2053096,0.7135143,0.17829628,-0.12368889,0.38258058,0.9724058
2004-05-01,0.576009,0.6983822,0.3635006,-0.032238007,0.03190918,-0.16217728,0.26316833
2004-06-01,0.49442673,0.07862167,0.46153107,0.33389473,-0.43981934,1.597759,0.87766534
2004-07-01,0.4473854,-0.14803162,0.30626184,0.31580162,-0.23257446,0.90496904,0.89213943
2004-08-01,0.59344405,-0.28422126,0.411858,-0.08026657,-0.48061067,1.3628814,0.3171177
2004-09-01,0.42337188,0.44804344,0.39047545,-0.23849602,-0.044080354,1.3977512,0.95201033
2004-10-01,0.27139205,0.2927742,0.7733852,-0.11118851,0.027961731,1.5194664,0.96483994
2004-11-01,0.28487968,0.76121366,1.4237388,0.39014664,-0.16316414,0.9368782,0.85036165
2004-12-01,-0.104609296,0.90398216,0.98260385,-0.3783043,-0.35955352,-0.073358156,1.0724099
2005-01-01,0.23396531,0.9790989,1.0990455,1.5976613,-0.16562423,-1.7287655,-0.79848176
2005-02-01,0.13215026,1.2308476,1.1659924,-0.1854988,-0.26813585,0.16283493,0.43620148
2005-03-01,0.0714798,0.50524026,0.96619797,0.9226128,-0.25384063,-0.8099884,0.027894592
2005-04-01,0.5627731,1.4874775,1.409024,-0.052651215,-0.14086762,1.0565068,1.1593678
2005-05-01,0.38459626,1.0760326,0.32253075,0.2189724,-0.020224,0.18236084,1.9065933
2005-06-01,0.53592455,0.1736435,0.35949135,-0.46026,-0.27441254,1.6203253,1.214111
2005-07-01,0.5010567,-0.048467256,0.21234742,-0.064855196,-0.28766328,1.4735302,1.0014149
2005-08-01,0.44631273,0.366465,0.5045433,0.52651024,-0.23640594,0.93586236,0.44631308
2005-09-01,0.5512665,-0.38843232,0.1122757,0.28940582,-0.2608139,1.4215767,0.20049171
2005-10-01,0.3486824,0.6387852,0.6509892,-0.34101066,0.0076705934,2.1775193,2.008757
2005-11-01,-0.09867706,0.50768054,0.83335,0.062762834,-0.14226227,-0.03974991,0.7545479
2005-12-01,-0.06659851,0.2440773,1.5711613,0.9152905,-0.17608452,-1.5094445,0.9602703
2006-01-01,0.24951859,0.48123664,1.1479728,0.29323882,-0.1267891,0.29667434,1.5030453
2006-02-01,-0.10617828,1.0118153,1.2775726,-0.1392807,-0.2373394,0.46999437,0.23046875
2006-03-01,0.2557644,1.0492897,1.1763912,-0.35226136,-0.08431816,1.7503779,1.1436011
2006-04-01,0.38942376,1.4502681,0.81132585,-0.3909855,-0.14958611,2.0576699,1.4405874
2006-05-01,0.43158302,0.88377684,0.3304016,-0.37505874,-0.031541444,0.9415501,1.2919381
2006-06-01,0.4478218,0.11710815,0.15645638,0.1464634,-0.13990554,0.28824252,1.1585909
2006-07-01,0.4871704,-0.5446316,0.41721764,0.3838028,-0.3344612,1.3971794,0.9759018
2006-08-01,0.5374485,0.31697312,-0.068078995,0.61833155,-0.22234955,0.6255142,0.27606314
2006-09-01,0.4034771,-0.132098,0.87034833,-0.28511924,-0.14427757,1.2666428,0.52089727
2006-10-01,0.13865623,1.0068184,0.8028938,-0.12835045,-0.272628,0.7376259,0.6636135
2006-11-01,0.13584557,0.36350402,1.0314896,0.7007759,-0.008119583,-0.16457614,1.4499562
2006-12-01,0.2548275,0.66923445,1.2316662,0.5914749,-0.06464386,-0.3394577,1.8515593
2007-01-01,0.38869017,0.08544769,1.1294498,0.3787319,0.017988587,-0.25248796,0.91197604
2007-02-01,-0.26180345,1.2123276,1.3909321,0.23835373,-0.39543572,0.076453015,0.6141945
2007-03-01,0.5390259,0.70124817,1.0950779,0.33215332,-0.10761261,-0.94409883,0.9020178
2007-04-01,0.3186615,0.9942112,0.74975395,-0.2563427,0.10472145,0.6986786,2.4024894
2007-05-01,0.46032447,1.0263344,0.54063225,-0.542881,0.13684464,0.6032726,1.6357104
2007-06-01,0.49309006,0.22935906,0.58014375,-0.43398362,-0.16061553,1.1031086,2.1615663
2007-07-01,0.48730773,-0.003533554,0.76035464,-0.040153883,-0.2248619,2.2454076,1.8313401
2007-08-01,0.50690305,0.027626038,-0.06617393,0.021201324,-0.16286469,1.346281,0.61033976
2007-09-01,0.526498,0.4105339,0.20462456,-0.2171524,-0.14937286,1.4969383,0.32444382
2007-10-01,0.32733458,0.22325592,0.093157195,-0.6434261,0.17988968,1.8939804,1.6447048
2007-11-01,0.31673393,0.13684464,1.2955265,-0.22004318,-0.03276558,0.3115944,1.7793007
2007-12-01,-0.028268432,0.43815956,1.4143817,-0.18149567,-0.0032123565,1.1378018,1.8785614
2008-01-01,0.045050047,0.22652856,1.4879326,0.1041584,0.08275147,0.9508451,0.791732
2008-02-01,-0.01917038,0.74572337,1.4051807,0.58437383,-0.07412529,-0.1750885,1.2524574
2008-03-01,0.16965675,0.41248053,1.1128342,0.33995247,-0.18722954,0.6479546,1.9662304
2008-04-01,0.34346732,0.5894855,1.1658719,0.17700538,0.030033493,0.47094935,0.8140976
2008-05-01,0.2763714,0.36391562,0.7358185,-0.18659058,0.123967744,0.23643303,1.2792962
2008-06-01,0.2856373,-0.14761123,-0.22716752,0.1278019,-0.058149718,1.7534403,1.0396675
2008-07-01,0.48053437,-0.028435897,0.03866005,-0.47446442,-0.0552742,1.2201878,0.673196
2008-08-01,0.5003441,0.034186937,0.5348503,-0.6374115,-0.0022369386,1.8649476,1.1377556
2008-09-01,0.5128048,0.5217506,0.4402775,-0.014377594,-0.13067703,0.93966275,1.0955807
2008-10-01,0.34187013,0.16997604,0.43133125,0.35816422,0.16646194,2.0556915,1.4275459
2008-11-01,0.053996276,0.64156497,0.7364578,0.01948967,0.03866005,0.9192139,1.934919
2008-12-01,-0.15240364,0.8431721,1.094622,-0.7176075,-0.08594666,0.4683935,1.4847374
2009-01-01,0.29870415,-0.05016174,1.4181162,0.37993318,-0.104206845,0.3171505,0.32232857
2009-02-01,0.42977142,1.4287956,1.3330033,-0.1239479,-0.084789276,0.8135883,0.330743
2009-03-01,0.43689117,1.1886673,1.1420658,-1.0145581,-0.14401206,1.9643921,0.90226096
2009-04-01,0.14142303,1.5414165,1.273133,-0.35663223,-0.28252298,1.3016119,0.3239464
2009-05-01,0.4653698,0.0556633,0.5145607,0.4155323,-0.05857582,-0.17734547,1.0339756
2009-06-01,0.48090363,0.21423836,-0.07087364,-0.74756926,-0.02880249,0.3139143,2.197077
2009-07-01,0.5430393,0.07605133,0.37604982,-0.07249145,-0.48996505,1.3627768,0.574107
2009-08-01,0.53106534,-0.28446466,0.28770104,0.07054977,-0.18317032,1.4514496,1.3478901
2009-09-01,0.58219796,0.31423798,0.86245537,-0.48672906,-0.22977296,1.9841328,1.4711902
2009-10-01,0.23300858,-0.43721503,1.0718396,0.09838142,0.013915634,0.25242615,1.4407698
2009-11-01,0.28381768,1.1064675,0.31488532,-0.31294364,-0.1482193,1.9207026,2.1643908
2009-12-01,0.08673096,0.3805809,1.0957874,1.0692505,-0.21391487,-1.155658,0.17928734
2010-01-01,0.24625969,0.2220974,0.6351784,2.0518343,-0.2740635,-1.8022645,0.060240936
2010-02-01,0.32867736,0.008605957,0.4213558,0.941679,-0.23533706,-1.0618302,0.98239136
2010-03-01,0.31874734,1.2706875,0.76790696,-0.3905731,-0.2664505,1.6129357,1.8469486
2010-04-01,0.2942543,1.4944397,0.36839676,-1.2736664,0.24592896,1.945585,1.3891834
2010-05-01,0.33298033,1.2524827,0.4763012,-0.7732029,0.23500633,1.2865756,2.2312331
2010-06-01,0.43294066,0.028796768,0.08473472,0.08440361,0.2267311,0.9741165,1.936979
2010-07-01,0.5127102,0.413081,-0.23103409,0.008274841,0.047001265,0.955912,-0.08969955
2010-08-01,0.5633526,0.030451585,0.3352974,-0.46239892,-0.074804686,0.51966095,0.1376938
2010-09-01,0.64345324,-0.1393486,0.29293022,0.08572769,0.3260296,1.2299753,0.5189991
2010-10-01,0.21183625,0.8235138,0.6652988,-0.3766716,-0.06288872,1.3964653,1.8125254
2010-11-01,0.1393486,0.5951279,0.6947571,-0.17774391,-0.16649017,0.7106449,1.1008873
2010-12-01,0.23533706,0.50278056,0.7937244,0.8807758,-0.078445815,0.12511596,0.8701841
2011-01-01,0.12036133,0.4940792,1.5232929,0.24949607,-0.19861373,-0.9664017,0.6477768
2011-02-01,0.094394304,0.39196473,1.5513656,0.6035622,-0.07193603,-0.9800869,0.30072862
2011-03-01,0.32669562,0.5253094,0.94534683,0.5109226,-0.15615425,0.8249855,1.8850796
2011-04-01,0.16562843,0.71409833,1.0741303,-0.1312397,0.36038285,0.26984844,1.2015102
2011-05-01,0.40459746,0.76147115,0.9551727,-0.672691,0.06807633,2.6163726,1.9654373
2011-06-01,0.5481186,0.0989563,-0.762524,-0.23230132,-0.15159301,2.1598408,1.2506374
2011-07-01,0.5133789,0.060005188,0.23686294,-0.63374025,-0.23265152,1.1060627,-0.20142135
2011-08-01,0.4979393,-0.12632675,0.019300079,0.3491539,-0.20738678,1.148523,0.19861412
2011-09-01,0.48074418,0.2645851,0.5646118,0.008070374,-0.16247101,1.6692711,1.5955803
2011-10-01,0.0122818,0.25370675,0.67409515,0.09685135,-0.17685775,1.844725,1.2948517
2011-11-01,-0.05298691,1.1250118,1.1162395,-0.20212325,-0.06386528,1.5608402,1.2158973
2011-12-01,0.2902008,0.7460308,1.4773239,-0.5509262,-0.004210663,0.8242836,1.7966506
2012-01-01,0.07032166,-0.21297379,1.0641987,0.97378504,0.002009201,-0.91819763,1.5269814
2012-02-01,-0.110169984,0.5481728,1.2175667,0.2578457,-0.3576351,0.53611755,1.0759188
2012-03-01,0.82376593,0.62954485,0.8900692,-0.008706665,-0.064963534,2.0945754,1.6719773
2012-04-01,0.27425385,0.8512249,0.20091859,-0.5907005,0.17747803,1.1887681,1.8628498
2012-05-01,0.7912842,-0.5053104,0.5177002,-1.2761676,-0.07634964,1.3002777,2.0490346
2012-06-01,0.5826637,0.22100982,-0.0388443,-0.8009949,-0.35997924,1.5109075,2.1310763
2012-07-01,0.41020888,-0.2297165,0.2548317,0.02109604,-0.30204773,1.3572048,0.79597205
2012-08-01,0.46445695,-0.20359726,-0.046211243,0.5454937,-0.38944703,0.5696041,0.14767532
2012-09-01,0.497274,0.1962307,0.34624976,-0.51234245,-0.30740508,1.304966,0.60945284
2012-10-01,0.49258536,0.23239593,1.0625241,0.7574627,0.085725024,-0.54013616,1.2356491
2012-11-01,0.13093261,1.0347302,0.79396325,-0.048220444,-0.1413128,0.7658346,1.4569943
2012-12-01,0.19388656,0.7812382,1.2105343,-0.06128006,-0.29066238,0.7685137,1.4734024
2013-01-01,0.24651031,0.36847076,1.2221978,0.43737754,-0.12875442,0.09705124,0.6745056
2013-02-01,0.4254078,1.1710838,1.939406,-0.7172081,-0.15851708,1.420829,1.8666172
2013-03-01,0.4435234,0.69585687,0.88057745,-0.061789323,-0.20833664,0.18342666,-0.13004856
2013-04-01,0.32738608,1.2978973,1.0921494,-0.43543625,0.058230974,-0.710738,0.9032227
2013-05-01,0.3387085,0.32641524,0.8983704,-0.07893486,0.13425407,0.5295757,0.648949
2013-06-01,0.6049522,0.15269355,0.17792702,-0.03687973,-0.35520706,1.1950232,1.3690685
2013-07-01,0.43834764,0.23356971,0.3031231,0.38173446,-0.42476043,-0.2710964,-0.39499816
2013-08-01,0.42573088,-0.6243622,0.017792892,0.48654976,-0.32026902,0.98636323,1.2885158
2013-09-01,0.6062466,0.70685613,-0.43705368,-0.23259926,-0.15916367,1.4163,0.80778885
2013-10-01,0.32900316,0.32868004,1.1189998,0.09413948,-0.16886902,1.0840614,0.43511277
2013-11-01,-0.03687935,0.44675866,1.0552696,0.81231844,-0.07214127,-0.20251313,0.23615798
2013-12-01,0.47943306,0.6327736,1.4874706,-0.28597754,-0.1161377,-0.12099037,0.9378376
2014-01-01,0.07747612,0.025715638,1.0404927,0.30430108,-0.09231224,-0.71080554,0.5209057
2014-02-01,0.3079277,-0.412109,1.4420513,1.3339138,-0.041870497,-0.7533348,0.50409126
2014-03-01,0.056046676,0.4318901,1.3006153,0.31155434,-0.14572182,0.2835308,0.97752225
2014-04-01,0.61948204,1.3177593,1.2158859,-0.5805786,-0.007912445,1.1667621,1.5106264
2014-05-01,0.6115696,0.28979492,0.42134017,-0.026704406,0.22253875,-0.961038,0.8641098
2014-06-01,0.6039864,0.17077789,-0.09692802,-0.5710182,-0.23638535,1.9111961,0.84696615
2014-07-01,0.5364014,-0.28880578,0.09165268,0.2657276,-0.4589241,0.7701489,1.0968689
2014-08-01,0.49914628,-0.15989837,0.26045266,-0.23111077,-0.2904541,1.3592999,0.7243225
2014-09-01,0.49288216,0.20275764,0.08670769,0.2749588,-0.18660279,1.0457674,0.59772265
2014-10-01,0.3854042,0.45529786,0.65970385,0.03296852,0.033628084,1.2218205,1.6916246
2014-11-01,0.10220299,0.17803077,0.98180807,0.64157104,-0.051760864,-0.06626701,0.63233966
2014-12-01,0.14440307,0.359029,0.9455425,0.6682755,-0.2037468,0.013187408,0.7935566
2015-01-01,0.15557976,-0.59175265,1.4292538,1.4509556,-0.20387383,-1.5368452,0.48324433
2015-02-01,0.10820274,0.037901305,1.0636879,1.3641491,-0.303212,-1.4191673,-0.68803483
2015-03-01,0.16933402,0.051350404,0.7247135,1.0098919,-0.16077575,-0.51778334,0.5795263
2015-04-01,0.7586422,1.3017948,1.3629265,-0.53490067,-0.10453491,1.8186619,1.4955819
2015-05-01,0.684367,1.1425472,0.7623097,-0.4126377,-0.20723572,0.91574955,0.45053902
2015-06-01,0.6434082,0.22588082,-0.08252754,0.2304657,-0.52909315,0.57860947,0.84881055
2015-07-01,0.6577743,-0.1033123,0.1482441,0.16780587,-0.27539748,1.742553,-0.1552742
2015-08-01,0.63393325,-0.6538013,0.2607258,0.4358673,-0.36984557,0.6061188,-0.755891
2015-09-01,0.5462101,0.18400574,0.079776384,-0.2598091,-0.33255538,1.346421,0.4609314
2015-10-01,0.5559906,-0.37106782,0.7167667,0.7354118,-0.013449097,0.31054783,1.2831497
2015-11-01,0.43372804,0.8081585,1.1743358,-0.039429855,-0.08741798,1.0132542,0.98238295
2015-12-01,0.76934016,0.6626652,0.959153,-0.08955765,-0.08619537,0.41691667,2.4473987
2016-01-01,-0.06307869,-0.15119858,0.653927,1.8131183,-0.27101707,-1.6923492,0.8697895
2016-02-01,0.32014886,0.2218853,0.9328686,1.042543,-0.12520638,-0.87612915,1.1484139
2016-03-01,0.26974908,0.26911506,0.32997474,0.32965773,-0.13503304,0.06719971,0.6777008
2016-04-01,0.49829063,0.63364065,0.878348,-0.0057056425,0.08685188,1.0983315,1.7069305
2016-05-01,0.7455341,1.7078816,0.94713247,-0.95315516,-0.06086006,0.34677488,0.776281
2016-06-01,0.64314955,0.60162544,0.053569414,-0.47705308,-0.39368743,1.9430796,0.74838674
2016-07-01,0.5975052,0.3131748,0.46342278,-0.09794655,-0.28401262,1.3817104,0.0906559
2016-08-01,0.53918076,0.09445991,0.38544616,-0.37657052,-0.4713478,0.9975319,-0.22790757
2016-09-01,0.34867668,-0.015848923,0.20381737,-0.17528915,-0.093508914,1.9072607,1.0117962
2016-10-01,0.35564995,0.09445953,0.25294876,-0.034550857,-0.07987861,2.1253424,1.8197749
2016-11-01,0.28084335,0.47737008,0.6095501,0.16799888,-0.16609688,1.0495167,2.1636968
2016-12-01,0.28116035,0.24407348,1.3664951,0.285915,-0.16514587,1.1354177,0.67960244
2017-01-01,0.29460374,0.37909967,1.4574779,1.0712559,-0.2428051,-1.2509315,0.40402755
2017-02-01,0.46489105,0.60830766,0.901292,0.8041706,0.010359955,-1.7876927,-1.1887738
2017-03-01,0.5322288,0.7659691,0.5121571,0.6546024,-0.017805481,-1.2936653,0.8443142
2017-04-01,0.5726963,0.18744545,0.4331642,0.7562569,-0.0019424439,0.28230134,1.2363632
2017-05-01,0.64294815,1.2745647,1.0042416,-0.81194,0.14665413,1.0120115,1.7439877
2017-06-01,0.62870294,-0.17676201,0.11978378,0.2541359,-0.032050323,1.2512554,1.7391319
2017-07-01,0.6309692,0.10392074,0.080934905,-0.014244461,-0.24442367,1.3849598,0.40532264
2017-08-01,0.5824089,-0.15377656,0.7543144,0.5833794,-0.2538124,1.6031609,0.5574802
2017-09-01,0.4859337,0.1670498,0.1518341,-0.51798403,-0.18064651,1.1742054,1.0223713
2017-10-01,0.40435106,0.070575334,0.33604202,0.15507165,-0.09874077,1.651722,-0.3088478
2017-11-01,0.27420768,0.61348724,0.6902138,0.4461136,-0.08773384,0.37553865,0.4208622
2017-12-01,-0.05179863,0.40499878,1.3111473,0.6050701,0.035287477,-0.013920975,0.1670498
2018-01-01,0.41906053,0.54674304,1.3488506,0.38828582,-0.21378632,-0.7994884,1.9086891
2018-02-01,0.14045067,0.2828659,1.4149837,-0.6462696,0.028155517,0.049108505,0.7651127
2018-03-01,0.6904675,1.0371742,1.5037063,0.10902099,-0.07890091,0.4282276,-0.012768174
2018-04-01,0.42789993,1.0476509,0.98741114,0.41578674,0.09330635,0.4694786,0.5405226
2018-05-01,0.74579656,0.38468438,0.39712524,0.6731159,0.14241524,1.2070904,0.5054916
2018-06-01,0.5568916,0.06416855,-0.38763124,-0.5781723,-0.3601303,1.4431393,1.4765332
2018-07-01,0.4678421,0.058603287,0.4884674,0.2553646,-0.34998092,1.4293888,-0.09821739
2018-08-01,0.59355927,-0.4203697,0.3417961,0.62073326,-0.29530638,1.19334,-0.3044735
2018-09-01,0.6148399,0.062531665,0.71764106,0.14077798,0.02357254,0.9216057,-0.20363693
2018-10-01,-0.021280289,0.35456467,0.70028913,0.06809731,0.01702423,1.1638746,0.77984506
2018-11-01,0.3408142,0.72124213,1.166494,0.42495346,0.049763106,0.3041462,0.93371904
2018-12-01,0.49305075,0.85187113,1.34394,0.14405212,0.09035988,0.7618389,1.8271691
2019-01-01,0.34651643,-0.69071615,1.4376953,0.70594025,-0.17739487,-0.48088646,1.3662078
2019-02-01,0.45705718,1.3341045,1.4386883,-0.54244536,-0.14264373,0.5623032,-0.44977608
2019-03-01,0.5993706,1.1355278,1.4393501,0.3862316,-0.10756226,0.1198082,0.18401451
2019-04-01,0.4858509,1.637265,1.2579834,-0.3789505,0.17176895,0.28197938,1.3344357
2019-05-01,0.89260215,0.36372605,0.67913246,-0.5086872,0.14098969,-0.037067413,1.3847414
2019-06-01,0.5970543,0.5341713,0.36935273,-0.5497265,-0.2108223,0.71620005,0.89061624
2019-07-01,0.59870833,-0.10127411,0.35412866,-0.01423111,-0.16018525,1.3264927,1.0230007
2019-08-01,0.66754836,-0.069833376,0.46764833,0.438855,-0.20321044,0.2578186,0.7066021
2019-09-01,0.3574379,-0.13999633,-0.015555191,0.45209312,-0.18302155,1.3264923,0.50934905
2019-10-01,0.44249496,0.35214272,0.70594025,0.06188965,-0.049313355,0.5788511,0.810524
2019-11-01,-0.04467964,0.41965866,1.178553,0.32930642,-0.15753785,0.13403912,0.81019324
2019-12-01,0.5652817,1.1917912,1.1970867,0.26278305,-0.15257302,1.0577519,1.4410051
2020-01-01,0.23211975,0.11965599,1.0618675,-0.11082916,-0.10788689,0.37891158,2.028272
2020-02-01,0.27625543,0.8732292,1.8128248,-0.45900917,-0.035635374,1.3822587,1.1475232
2020-03-01,0.0944828,1.7964783,1.4649715,-0.9955009,-0.14090653,0.47110558,0.3534111
2020-04-01,0.1530033,0.75716937,1.6552448,-0.2572937,-0.18994598,-0.74801505,0.7879003
2020-05-01,0.49268302,1.0301552,-0.07028999,-0.17981109,-0.17163849,0.711726,1.7121308
2020-06-01,0.43448943,0.047404863,0.13665657,-0.35406455,-0.23931198,1.9507897,1.9406544
2020-07-01,0.4207588,-0.08565559,0.31352577,0.1487526,-0.12979126,1.6627643,0.13829155
2020-08-01,0.3485077,-0.2350624,0.4014694,0.37433434,-0.24323502,2.090715,0.44331664
2020-09-01,0.37596932,-0.0058849333,0.38120002,0.17359963,-0.18504182,1.3253729,0.6522247
2020-10-01,0.3844692,0.117041014,0.71597594,0.29914054,-0.045770265,1.1602733,0.13992576
2020-11-01,-0.17981109,0.7388611,1.1233304,0.28115922,0.019615937,1.1553692,1.5450699
2020-12-01,0.16608009,0.29587135,1.3149109,0.6633404,-0.012423324,-0.26350516,1.7981132
2021-01-01,0.17720337,-0.13174133,1.4776909,-0.13705063,-0.10618973,0.3902462,2.0889435
2021-02-01,0.47022018,0.64609605,1.5012519,-0.7386795,-0.11813583,0.259832,1.1332394
2021-03-01,0.16857529,1.0851227,1.8111919,-0.98855627,-0.08926506,0.74797136,1.1408718
2021-04-01,0.6261856,0.91256446,1.5171802,-0.38460463,0.0026550293,0.6504097,0.047453307
2021-05-01,0.27310562,0.546212,0.54720724,-0.13539162,0.025219727,0.8452009,1.0758308
2021-06-01,0.4665695,0.011282349,-0.23162575,0.29069367,-0.010618592,1.4617628,1.2792499
2021-07-01,0.60926133,-0.11581268,0.51700974,0.24954453,-0.37498093,1.2072403,0.91820604
2021-08-01,0.4888031,-0.42409402,0.299321,-0.06736374,-0.13804626,1.344291,0.14999238
2021-09-01,0.44599533,0.7081505,0.4174572,-0.06039543,-0.1546379,2.7373626,1.0074714
2021-10-01,0.37664032,0.26480943,1.1458496,-0.021901703,0.081632994,2.094585,1.3997082
2021-11-01,0.09225197,0.00033187866,0.8913269,0.72109187,-0.07267342,0.2070694,1.8357483
2021-12-01,0.13804626,0.46491012,1.3356628,-0.33582383,-0.24987641,0.34577903,0.55450743
2022-01-01,-0.1363308,0.015979003,1.4653003,0.40355223,-0.06799545,-1.2551944,1.4013844
2022-02-01,0.115932085,0.31345862,1.2079376,-0.0037395477,0.00102005,-0.701712,0.8618412
2022-03-01,0.4317707,1.0620877,1.6240692,0.36037558,-0.031277847,0.46848792,1.1229435
2022-04-01,0.64493597,0.6330368,0.97403336,-0.408992,0.18494758,1.5492744,1.8188759
2022-05-01,0.56878126,0.6112782,0.7890865,-0.0149589535,-0.09519348,0.21622524,1.9898846
2022-06-01,0.34099656,-0.22982445,-0.013938904,-0.3375969,0.21350555,0.6530956,1.9412677
2022-07-01,0.5368233,-0.28524017,0.43755037,0.38485336,-0.16012955,1.5819118,0.059835814
2022-08-01,0.5772804,-0.13395043,0.41511193,0.09859314,-0.14007035,0.47154808,0.82818335
2022-09-01,0.503846,0.2862606,0.09893341,0.111852266,-0.2339035,0.6660145,0.4134117
2022-10-01,0.265522,0.34847602,1.0481488,0.65547526,-0.07275505,0.17440796,-0.061195754
2022-11-01,-0.1499298,0.549403,1.5026977,-0.32161826,0.017338943,0.63405687,0.31481856
2022-12-01,0.0785347,0.2954399,1.4139637,0.94003564,-0.10301323,-0.75236875,0.9471754
