,r900_cluster1,r900_cluster2,r900_cluster3,r900_cluster4,r900_cluster5,r900_cluster6,r900_cluster7,r900_cluster8
1965-01-01,28.290318,84.83995,61.109844,80.853,79.9488,81.96521,71.75866,83.38211
1965-02-01,26.459002,85.58689,51.407803,84.83995,88.67949,81.68347,73.974915,89.32815
1965-03-01,45.253735,88.9989,56.163,80.94472,91.47397,80.01596,73.74722,85.52628
1965-04-01,33.151985,87.81625,70.87085,84.3338,85.20196,73.93887,71.13785,77.18545
1965-05-01,39.538654,88.93502,75.419655,84.76296,79.18548,76.96595,79.09866,86.563156
1965-06-01,45.417534,87.49356,62.45958,67.27046,77.42951,80.30261,80.17648,83.1577
1965-07-01,39.057076,85.43947,75.32956,69.86018,82.420586,81.26578,69.195145,87.893234
1965-08-01,36.69176,89.88999,78.81037,81.39191,80.402534,78.82511,80.19942,85.87682
1965-09-01,26.296837,87.40838,72.60552,66.99528,85.575424,73.0609,77.719444,84.9366
1965-10-01,27.366468,88.751564,62.903484,83.850586,86.24538,74.48926,66.79544,87.88013
1965-11-01,21.456467,87.79823,66.91665,80.848076,80.97093,65.24095,71.89462,75.0986
1965-12-01,51.240726,88.19955,63.683186,82.736725,82.43205,80.294426,73.98147,84.672874
1966-01-01,58.421165,88.63968,55.09693,91.15953,88.38522,80.59093,79.74879,89.90699
1966-02-01,36.45496,88.526405,69.1293,84.493004,84.281235,75.06039,83.621315,86.193695
1966-03-01,30.006767,90.30426,66.350075,89.66731,89.64269,77.45876,77.92662,85.944176
1966-04-01,29.166271,90.14667,69.84175,83.467,86.149376,77.66232,83.601616,85.82598
1966-05-01,39.78576,88.949936,73.798004,81.912415,80.50392,78.888596,72.512634,80.74524
1966-06-01,41.561966,89.04843,71.22562,85.087265,81.63006,83.73459,73.25627,80.47601
1966-07-01,42.546925,88.82846,79.771774,68.64667,85.13979,80.36439,70.46228,80.9373
1966-08-01,49.305378,89.56554,78.913216,55.696114,82.68561,85.60272,74.241234,80.838806
1966-09-01,31.12962,88.94173,79.5124,79.08394,81.01446,66.361565,75.75807,75.81717
1966-10-01,24.062546,89.04022,70.10113,73.54356,75.705536,81.57917,74.90115,71.22562
1966-11-01,27.77748,88.81204,63.697258,87.510254,78.79174,75.61525,73.747116,76.42127
1966-12-01,35.005432,88.91711,68.39058,88.36717,78.057945,81.98464,75.490486,75.22783
1967-01-01,29.131943,86.31567,60.430553,88.552,83.832726,78.77563,80.35829,88.97427
1967-02-01,56.143673,88.491196,58.814106,84.20432,87.808815,79.06953,78.2233,88.08751
1967-03-01,50.899086,89.13643,66.75953,84.79043,85.89847,84.0827,78.476654,65.062004
1967-04-01,34.278564,88.11453,64.4134,90.40662,87.62639,77.02743,75.65083,75.87886
1967-05-01,42.164864,89.41006,69.408,93.467224,82.522,81.346405,77.09161,84.44417
1967-06-01,69.35902,89.889755,67.98411,91.19541,82.32438,86.322426,76.78927,84.45768
1967-07-01,41.6801,87.050415,77.00547,79.97487,84.02021,83.19087,80.41403,81.90717
1967-08-01,32.462803,85.63159,77.71488,56.29569,80.59307,78.02736,75.51233,86.92542
1967-09-01,23.122204,87.00988,75.069786,73.922905,80.59645,74.66103,81.077835,76.07986
1967-10-01,25.0714,87.6568,63.33239,66.0214,79.137085,69.2222,73.782715,77.203094
1967-11-01,24.04613,88.3679,62.491226,83.45268,78.77901,66.42678,75.87379,78.17769
1967-12-01,27.914118,87.9186,62.972614,88.1044,84.27188,71.90277,64.009705,78.49186
1968-01-01,44.76979,87.7858,53.04464,87.05827,79.924614,82.16354,76.11796,87.175766
1968-02-01,58.0456,85.87201,54.14559,82.25529,85.27647,80.76482,73.59736,87.035736
1968-03-01,42.97672,90.61705,61.525513,87.024475,84.36384,80.50407,88.9109,80.3592
1968-04-01,34.09828,92.04636,68.49982,89.937805,85.82211,67.265274,77.04669,87.88881
1968-05-01,61.70096,90.26938,86.61725,88.07231,79.83609,73.91766,75.47574,70.67758
1968-06-01,46.366493,90.658905,74.34259,85.94283,76.98552,80.58132,79.049,75.06207
1968-07-01,53.2233,90.71684,80.04694,73.37524,80.75677,83.47374,78.73514,78.22168
1968-08-01,35.720734,85.260376,77.891716,56.120544,83.21942,70.78381,72.49158,75.4516
1968-09-01,29.050638,86.46756,75.05081,42.546963,83.45764,75.61095,61.863525,79.67513
1968-10-01,23.974026,88.49724,67.43911,90.91965,78.257095,70.60837,78.71582,72.97284
1968-11-01,23.26742,85.85269,68.50304,78.49209,74.848,72.93743,71.17333,73.022736
1968-12-01,30.579739,87.94032,66.18203,80.52016,81.34265,83.25484,79.9552,77.20282
1969-01-01,30.319077,86.80395,52.216152,84.155174,83.16919,74.04973,71.70845,82.95027
1969-02-01,43.201973,87.71639,66.55128,85.27317,85.27818,81.67686,85.694305,85.72939
1969-03-01,45.29592,90.55734,70.182686,90.23816,92.576096,84.964005,65.19598,89.25552
1969-04-01,35.768696,90.37854,69.85848,90.81972,86.37446,85.963356,79.62803,90.06436
1969-05-01,43.146824,91.92937,79.94722,87.45904,83.05389,81.1705,81.73869,86.252464
1969-06-01,49.734497,90.75621,72.664345,63.727036,81.265755,77.4572,76.845566,86.864105
1969-07-01,49.40695,88.23111,78.15742,42.436584,81.34263,77.199844,71.23718,79.73498
1969-08-01,30.624897,86.96939,77.33688,57.512028,79.71326,74.94881,76.076836,77.63769
1969-09-01,27.3461,87.32033,83.27782,57.445183,76.39435,70.7325,63.046875,73.636955
1969-10-01,29.165983,88.86447,70.38824,74.85355,75.24794,77.27338,72.13459,68.68199
1969-11-01,16.79279,89.076706,72.51561,74.45248,81.426186,69.890236,74.68978,78.78911
1969-12-01,33.208496,86.15053,63.92256,86.551605,81.7905,72.94343,64.95867,85.375114
1970-01-01,22.500877,88.29973,69.84216,80.65721,84.55956,78.73747,74.98076,86.99895
1970-02-01,44.973343,87.06349,55.3399,84.56453,92.09451,80.28816,64.304726,86.31877
1970-03-01,35.189323,89.16858,67.69239,86.55873,87.43089,81.58398,75.10984,85.052734
1970-04-01,37.246414,89.94475,69.8372,91.12637,89.65347,79.3167,72.498344,89.00474
1970-05-01,37.03293,91.37958,81.506195,87.57818,81.5757,81.16031,77.635284,80.62742
1970-06-01,29.559208,90.86986,78.328705,85.428406,80.256714,80.14418,79.84629,72.95511
1970-07-01,33.193462,88.0366,77.09412,84.60756,79.17438,83.91414,77.709755,78.95593
1970-08-01,29.267939,90.34856,76.64563,62.188053,72.37422,81.757744,66.19467,61.587307
1970-09-01,27.866201,90.03577,76.19052,82.75899,70.43629,78.975784,67.53517,68.521515
1970-10-01,25.01308,87.39779,65.14213,89.30263,73.52441,76.96007,71.78672,65.206665
1970-11-01,28.797935,89.36717,65.636955,88.38579,74.43628,78.01261,76.20707,72.69528
1970-12-01,33.33413,86.74243,64.50993,90.54384,80.34939,79.703964,74.90132,75.9158
1971-01-01,24.300808,88.091095,67.68138,87.499405,78.8473,77.477974,75.297195,82.4684
1971-02-01,41.508667,87.134254,67.34158,88.08433,80.6139,85.06336,68.22234,84.30431
1971-03-01,61.037613,86.003296,62.259865,89.34885,87.9102,83.932396,80.808304,90.47473
1971-04-01,53.91712,86.69979,64.1093,92.66396,87.73101,79.126236,68.989845,89.59228
1971-05-01,43.42065,89.2677,78.018936,88.446106,75.425674,72.80029,64.92413,84.06764
1971-06-01,51.452335,89.12569,80.691666,85.30511,80.852264,81.61976,78.12882,85.6635
1971-07-01,39.018524,88.44272,79.00282,72.15282,82.2013,82.76594,69.348236,87.84258
1971-08-01,43.61506,89.53142,79.290215,83.63656,77.26158,72.15112,63.302917,76.01567
1971-09-01,27.690311,89.147675,73.68781,80.762665,75.79083,72.60419,75.06897,71.365036
1971-10-01,24.831633,86.228134,71.23148,70.3896,75.40708,60.557503,59.852554,66.74313
1971-11-01,32.531975,85.93567,75.21774,86.70993,65.8218,65.86237,51.621387,59.940464
1971-12-01,28.148443,87.474045,68.36435,85.81734,77.91751,78.21166,74.28457,77.98006
1972-01-01,40.563225,83.3459,65.47577,85.6392,80.20421,78.453766,60.78679,87.78947
1972-02-01,44.743484,87.34413,63.601803,82.45361,86.29582,83.45805,67.23759,89.86009
1972-03-01,43.36361,87.31325,64.013,85.598564,87.66107,81.91727,83.826996,86.074776
1972-04-01,35.731216,87.56517,64.05851,89.788574,85.90575,81.80025,61.597813,89.00031
1972-05-01,48.686455,87.82034,63.56117,81.81812,77.86703,80.49513,81.73524,83.88388
1972-06-01,43.67079,84.634766,65.73744,70.818115,81.11275,71.206566,75.05364,82.702286
1972-07-01,35.238754,85.80823,81.83763,84.34221,86.094284,79.23065,77.07226,87.35713
1972-08-01,34.193687,88.306305,79.62885,56.539886,84.52262,68.44356,70.31753,84.87369
1972-09-01,27.967175,87.44653,68.75724,83.67909,83.48568,76.18973,77.12914,81.81162
1972-10-01,22.384281,83.91476,67.96897,85.18574,83.17362,73.02202,66.62648,87.035324
1972-11-01,27.188658,90.68086,62.308067,87.06296,84.226814,67.54802,76.4839,83.01597
1972-12-01,27.895662,90.066505,57.934395,80.189575,83.47268,81.09975,73.00252,87.83659
1973-01-01,48.39292,88.79359,59.216904,86.26947,88.79851,79.81712,67.74011,89.41599
1973-02-01,78.94838,88.389595,71.22165,89.36015,92.16181,77.728195,87.10701,87.141495
1973-03-01,46.121708,90.15007,71.73732,89.31089,90.69365,75.826485,66.0716,87.12508
1973-04-01,55.02099,91.44908,71.346466,90.78069,86.4419,76.422615,79.32117,87.92648
1973-05-01,45.9542,90.02362,75.48818,87.48637,83.11145,78.802216,78.66099,84.12471
1973-06-01,50.00724,90.297874,81.833786,87.622665,81.9159,80.06674,79.75964,77.49992
1973-07-01,59.745705,87.7639,69.43326,84.47778,80.21619,81.51519,82.847046,68.7041
1973-08-01,39.608597,90.17799,77.908844,82.64012,76.49487,77.46708,75.19258,63.20754
1973-09-01,33.15296,89.404495,76.66895,92.63149,77.28315,78.88761,75.2517,62.204132
1973-10-01,29.996584,89.343735,73.75726,91.04181,74.869064,70.5549,77.719986,63.575397
1973-11-01,35.222183,85.98044,73.791756,90.86116,72.61755,78.56081,70.344696,66.74327
1973-12-01,51.253696,86.845894,60.760605,88.96274,76.5852,82.21478,82.66312,59.382767
1974-01-01,90.86279,85.44404,63.967308,84.700386,72.618484,86.35791,72.922554,76.95977
1974-02-01,72.66641,87.74275,65.467834,87.35936,84.17156,78.64043,87.91297,84.20627
1974-03-01,56.648098,83.33371,62.27508,88.309586,89.11273,85.65226,72.48793,86.20587
1974-04-01,51.892017,89.74071,80.36075,91.155304,89.89935,81.34898,57.727226,87.27838
1974-05-01,62.23542,89.59859,79.53777,89.1557,85.53989,79.119675,79.89803,89.03175
1974-06-01,53.71645,87.50148,81.53903,81.64479,79.79227,80.94741,73.27455,88.50293
1974-07-01,40.5075,88.79213,85.05238,76.77138,79.72781,81.2647,76.79286,76.22438
1974-08-01,45.544518,87.68326,80.14592,66.19496,78.7842,70.66185,54.1048,67.340195
1974-09-01,39.363926,89.50604,80.53096,81.937294,79.24196,78.49004,62.255253,64.405235
1974-10-01,35.083786,88.32611,74.53215,91.08259,74.946945,67.7963,58.31058,59.21949
1974-11-01,27.89678,86.40253,71.78559,79.80549,80.59872,70.02396,65.016685,77.94139
1974-12-01,31.45971,86.74791,61.10837,88.3542,75.434456,77.25227,69.89506,81.32089
1975-01-01,38.8349,84.71751,60.76129,87.16383,81.43982,79.38695,69.580246,83.2935
1975-02-01,62.38614,87.649475,51.963737,85.45667,78.45023,79.842964,81.59128,84.31088
1975-03-01,48.853973,87.60338,67.40391,88.1417,92.05648,76.15866,76.09775,89.10476
1975-04-01,41.259827,88.94342,70.60092,89.65625,88.62076,81.68347,79.63224,88.86276
1975-05-01,36.810017,91.79472,70.26344,90.01184,81.736145,80.59694,74.78898,81.81846
1975-06-01,45.589462,90.51065,76.835266,88.363945,82.86877,73.44893,82.01272,82.65146
1975-07-01,43.875717,88.25694,78.3992,90.4695,77.81149,79.92528,67.11252,85.88634
1975-08-01,39.90661,87.443695,82.27776,92.79071,79.681625,74.034996,77.151344,74.86141
1975-09-01,44.102898,88.80843,74.56509,90.84155,75.72076,78.25927,82.04729,74.68197
1975-10-01,46.20516,90.05629,78.49304,76.84514,72.03316,75.322365,59.47722,76.47803
1975-11-01,32.74872,88.69484,67.44836,90.783936,71.49812,77.53327,73.159195,71.82079
1975-12-01,59.70769,88.686615,66.63675,87.34492,71.51788,78.4239,62.185295,73.14602
1976-01-01,70.70865,85.941414,64.486305,87.84387,82.60884,79.31398,52.541836,89.72829
1976-02-01,73.30649,86.56464,61.965553,86.05621,85.88073,80.752304,74.04286,86.18906
1976-03-01,52.464756,87.75859,64.42235,86.49083,90.76152,84.767136,74.93505,86.230064
1976-04-01,40.641647,88.1768,71.41879,90.484344,89.027985,78.397194,77.66737,89.03783
1976-05-01,48.423676,88.00459,74.31511,87.59786,85.22963,79.59771,79.81419,90.895996
1976-06-01,49.01573,89.28383,80.753944,84.19148,80.876945,79.80927,73.07196,89.04439
1976-07-01,46.324413,88.04723,77.099915,74.26755,86.0759,73.67221,81.521484,86.66631
1976-08-01,32.794018,88.25716,74.76941,77.57389,83.12381,78.964645,77.25736,85.07875
1976-09-01,27.841074,86.84836,75.4205,66.66921,81.42636,68.69139,69.9083,79.92408
1976-10-01,41.737198,89.602005,77.956024,72.45366,76.40453,62.388683,76.90475,80.38329
1976-11-01,31.939554,89.064064,70.45772,89.91033,80.23405,74.77432,55.123272,86.59743
1976-12-01,36.067554,87.281334,58.086838,85.64948,72.83907,74.21507,62.362442,81.50508
1977-01-01,56.03954,84.90704,54.978733,79.28137,86.825584,79.93767,64.37326,88.52157
1977-02-01,64.272545,88.68727,60.625523,87.34218,91.4798,84.07692,77.79657,87.12286
1977-03-01,64.694916,88.20641,68.86827,89.384186,91.20038,79.79796,79.648506,87.19272
1977-04-01,52.949722,88.999176,78.095474,85.51948,89.367935,77.137024,74.26002,89.42642
1977-05-01,54.5986,89.54013,76.414116,88.66777,77.25561,84.42131,69.323135,84.13052
1977-06-01,50.837864,90.85599,86.31549,88.42735,78.0175,81.529686,78.046745,76.990814
1977-07-01,48.599293,89.63274,72.23913,84.94278,81.8822,83.14932,75.99336,80.991974
1977-08-01,28.967117,87.946495,63.778694,86.024704,81.94719,80.77917,74.4777,74.523186
1977-09-01,30.356071,87.06276,71.95647,86.552666,80.80191,70.97363,58.083168,71.15071
1977-10-01,24.176443,89.02192,59.108234,86.91656,82.69771,76.81699,64.023994,71.78589
1977-11-01,34.93556,88.113815,63.75595,90.04536,77.059044,78.69655,78.46912,79.07181
1977-12-01,43.662415,88.98456,55.137936,87.21872,79.99128,74.219406,63.180874,82.14538
1978-01-01,49.788372,88.74449,63.48392,85.559006,78.0396,77.01473,69.485825,84.14605
1978-02-01,38.738155,85.90274,60.939964,87.86377,83.780136,77.17471,76.70743,91.423096
1978-03-01,35.943924,91.207664,69.77412,87.11136,85.647705,74.08427,79.90876,83.14018
1978-04-01,34.100105,89.5777,66.5316,87.562805,82.240456,74.05417,74.19673,83.297005
1978-05-01,57.630917,90.244576,75.96294,87.88278,78.63045,74.76382,72.09155,79.04071
1978-06-01,53.466496,91.22826,83.376205,85.2327,81.936325,81.6512,83.53303,66.09124
1978-07-01,52.256294,90.36179,82.254715,80.12736,79.70759,79.57611,77.86219,78.94884
1978-08-01,49.420876,88.373825,82.0076,76.059555,72.45589,80.76414,58.627274,67.21748
1978-09-01,36.46032,88.560745,77.50261,73.1291,84.409,76.80881,66.98939,64.17139
1978-10-01,37.51687,89.520676,67.66102,78.755585,70.90195,75.85997,77.40123,62.27055
1978-11-01,32.245205,87.76715,69.07872,78.34532,75.09963,73.655,47.39648,73.550446
1978-12-01,28.114046,88.45778,66.88801,83.694595,74.66878,80.5297,62.348167,81.252014
1979-01-01,54.636936,84.8733,55.10129,86.56568,82.263535,83.66792,82.94308,87.92962
1979-02-01,71.46044,84.781075,57.536316,84.396,85.53181,79.3949,81.49986,88.62372
1979-03-01,44.788437,87.52351,66.89457,86.6207,89.65112,77.37407,81.82022,83.88959
1979-04-01,42.44402,89.54596,73.88899,87.63515,86.39903,73.21431,78.22674,87.46689
1979-05-01,59.712463,89.04439,80.61484,88.40206,79.84793,73.75956,72.38592,85.80362
1979-06-01,49.245907,90.72545,72.133514,87.01871,81.20863,74.964935,74.875946,82.15837
1979-07-01,40.352,89.21913,78.85289,76.90163,83.501274,79.87058,73.3033,81.13905
1979-08-01,37.010925,88.54444,79.538895,64.01299,78.93055,75.08952,69.5108,73.29682
1979-09-01,36.845894,91.30629,76.33534,66.16164,77.767235,79.1425,71.19025,74.53133
1979-10-01,29.490664,88.186874,73.32757,76.36609,79.10043,68.917015,70.59646,79.407845
1979-11-01,25.251617,89.6301,69.141914,78.3044,76.69777,66.789406,76.65085,62.90793
1979-12-01,31.831846,88.23541,62.39989,68.632256,75.41473,69.57876,79.27517,81.21672
1980-01-01,44.963726,89.71101,68.51724,84.42275,83.570435,69.13,79.46206,87.71304
1980-02-01,49.122627,90.0239,56.369736,83.26569,84.85136,80.78535,76.63622,86.26264
1980-03-01,42.372562,85.22455,64.263824,87.48489,89.89842,79.37732,68.80895,83.18584
1980-04-01,42.077595,92.20276,65.61807,86.182785,90.80614,73.68816,84.4472,86.95361
1980-05-01,44.12445,90.44762,73.0526,89.05914,83.97623,78.89657,81.85114,84.57757
1980-06-01,43.831112,90.665985,80.77231,81.507286,82.9528,81.56432,79.30072,85.28484
1980-07-01,46.564056,87.97542,81.40625,82.17871,83.93222,80.685936,79.639694,79.10027
1980-08-01,38.800343,88.92877,76.14896,68.958885,84.11311,81.45351,71.7065,81.79574
1980-09-01,19.164536,88.710396,70.210464,80.90594,83.81978,70.443504,57.26931,83.45148
1980-10-01,33.575645,90.24716,67.60952,92.691666,82.69042,72.288284,78.52989,82.65457
1980-11-01,24.623905,89.199295,61.309246,89.41604,79.60221,66.64802,72.79348,80.685936
1980-12-01,30.524914,89.01189,58.229183,88.045494,85.36307,78.05403,69.59445,88.58165
1981-01-01,69.87883,88.05316,56.35941,84.19214,83.76016,79.73069,86.65051,84.09039
1981-02-01,53.7626,87.677895,62.682148,85.09276,89.06553,80.1243,77.420746,85.30791
1981-03-01,34.01384,89.193954,66.69994,88.563515,91.09194,76.735275,72.59572,87.968094
1981-04-01,42.31629,90.8401,67.12357,88.67526,85.099434,76.55014,77.635895,82.04564
1981-05-01,52.183167,91.43051,76.1115,90.20799,76.76029,75.20421,82.31082,79.93584
1981-06-01,41.49572,89.12557,84.85426,89.95114,77.304,79.89081,74.005035,83.17642
1981-07-01,49.958282,88.87039,83.30318,83.55836,80.96989,82.10401,69.458534,77.89775
1981-08-01,26.962257,86.11014,82.540985,87.67456,80.71138,68.27104,66.35137,72.03366
1981-09-01,36.115303,89.71599,71.2231,47.775093,82.97629,77.560844,55.076847,75.32262
1981-10-01,30.73155,89.43412,65.82433,87.94475,83.35322,77.29733,66.3964,82.17406
1981-11-01,41.634148,88.98714,70.73609,88.52182,80.58128,75.01907,79.23035,81.975586
1981-12-01,26.840508,87.397705,64.18486,91.27707,83.24981,71.18974,67.55554,84.987686
1982-01-01,41.445534,87.12921,59.793,88.11045,83.29758,81.71956,81.10347,85.213394
1982-02-01,44.439102,87.59248,58.541527,84.068085,88.80536,82.301865,84.2579,90.37694
1982-03-01,55.20372,89.84128,68.238045,86.6756,88.4386,78.587654,69.8788,85.749054
1982-04-01,40.514164,89.76889,70.32438,90.93994,86.189804,78.20159,79.42572,88.20053
1982-05-01,39.074486,89.6756,74.68845,89.931366,82.07666,79.50776,76.92599,86.14638
1982-06-01,41.955452,89.98123,72.228935,87.70187,84.39302,81.77586,86.31045,89.54048
1982-07-01,34.977432,86.66594,73.361374,70.36298,84.53458,79.88256,80.95709,86.489
1982-08-01,39.47502,87.45093,61.14099,63.808018,86.31206,79.744225,71.58872,87.22412
1982-09-01,34.32274,86.61929,67.96137,74.40695,84.652,72.12116,70.01553,88.54477
1982-10-01,22.789219,86.41179,63.729195,86.85254,85.40321,67.99998,67.39676,87.33511
1982-11-01,30.478231,87.349594,49.2761,85.6445,88.28418,80.4343,83.19302,89.17211
1982-12-01,26.907185,90.06166,63.569946,81.56192,87.66487,71.517944,59.13831,92.746376
1983-01-01,30.470669,91.99614,59.396072,89.911644,93.32555,84.734795,68.54514,92.551254
1983-02-01,28.066217,89.719666,46.895485,87.01926,91.18506,79.75632,77.92938,90.1852
1983-03-01,56.85724,89.834854,69.65058,88.49104,90.2332,78.38692,76.4208,88.37587
1983-04-01,54.132835,92.53206,73.50282,90.42517,87.82555,83.96371,79.66833,88.57744
1983-05-01,67.93563,91.63139,79.054016,90.62514,89.764465,85.79064,80.576996,92.12892
1983-06-01,59.28409,90.72432,81.39608,77.05751,90.821915,80.34503,83.55576,91.71778
1983-07-01,47.75776,89.28613,82.467926,89.95804,87.15204,80.07147,82.16397,91.11947
1983-08-01,46.43795,91.00588,78.516495,77.24468,83.76853,75.44814,74.68346,88.22549
1983-09-01,27.283932,89.479706,79.743515,94.20382,81.700035,67.959625,76.966324,79.66193
1983-10-01,30.576254,88.27668,78.468506,76.48159,77.8094,77.37426,66.64622,84.784386
1983-11-01,37.869595,87.78555,72.616554,87.64317,75.7681,76.324814,61.227806,86.065796
1983-12-01,33.65101,90.054016,62.889965,82.81987,75.36975,79.62034,68.1868,81.2809
1984-01-01,69.28124,90.25669,73.74948,83.687294,78.26205,83.29005,82.04413,83.285126
1984-02-01,51.542892,90.86898,65.53364,85.409256,85.650566,81.12979,84.826515,81.05757
1984-03-01,47.224033,89.586945,69.195885,83.90726,88.29507,80.72598,84.47195,83.18991
1984-04-01,42.563736,90.759,67.989365,87.451324,88.930336,79.02536,70.66177,84.97589
1984-05-01,39.80761,90.737656,71.592514,88.27208,84.1814,78.47873,81.98503,74.93959
1984-06-01,50.149235,91.013435,73.37521,84.16498,81.44168,76.91763,83.60194,81.36946
1984-07-01,58.690105,90.04822,81.46631,76.95046,80.23024,80.02176,59.55519,85.18929
1984-08-01,39.641815,85.8377,84.1026,72.25077,82.01622,65.344864,70.87845,77.710495
1984-09-01,38.230103,91.023285,80.25158,44.80442,81.92265,63.071342,73.335815,81.282455
1984-10-01,32.368202,89.16507,71.03604,60.842148,79.98237,79.182945,76.61231,81.576294
1984-11-01,25.631372,87.492355,67.93027,88.80722,72.963196,79.91835,84.27332,76.06239
1984-12-01,38.80792,87.474304,65.40067,89.96614,82.6991,77.756454,78.73645,81.279175
1985-01-01,22.642336,88.80635,61.0972,84.065125,82.64111,75.01904,71.97251,82.71986
1985-02-01,39.523758,90.44364,61.67468,84.68854,84.22098,80.629776,81.83067,80.39189
1985-03-01,38.99386,88.27481,65.992645,87.84006,84.14387,80.69868,81.8684,80.5822
1985-04-01,35.191025,88.701355,68.80458,89.41173,90.81933,78.209946,77.64066,82.53284
1985-05-01,43.741653,89.41008,73.001144,91.07526,80.948044,78.64633,81.38608,77.32896
1985-06-01,49.52957,85.85498,80.92672,66.8441,79.2599,81.963554,69.47065,83.67139
1985-07-01,43.871258,89.42321,76.3315,85.22992,80.5986,80.80039,73.77549,81.93567
1985-08-01,34.205044,89.4675,82.68869,80.154015,80.32955,73.07825,81.92746,78.82515
1985-09-01,26.950462,88.81456,75.75729,63.110172,81.151474,69.87259,67.606964,79.60278
1985-10-01,36.874245,89.36415,66.401146,79.32881,78.475716,74.3743,77.28302,84.03067
1985-11-01,47.044113,89.585625,73.143875,88.7637,74.60562,77.28302,69.761024,74.49242
1985-12-01,30.293936,88.13701,77.263336,84.71314,80.80368,67.94656,71.30644,80.32627
1986-01-01,30.06955,86.82003,67.62273,85.940865,84.669685,79.34712,80.67407,88.127304
1986-02-01,31.962381,86.841354,60.34008,83.98079,88.01412,80.72,75.42204,87.91734
1986-03-01,30.566542,89.91187,58.061794,86.96765,88.44714,82.627594,80.736404,83.58385
1986-04-01,35.766083,88.54228,72.43025,90.731995,87.95999,77.613396,75.26458,88.09122
1986-05-01,42.532055,88.844086,79.35532,83.98407,83.569084,76.95894,78.10219,82.863785
1986-06-01,54.691113,89.64944,82.79326,77.19678,82.491455,78.80421,83.22627,88.645615
1986-07-01,54.24989,88.61445,87.63359,66.03497,81.60245,83.009766,66.25477,81.9305
1986-08-01,40.460438,85.4816,77.81514,51.71245,80.79381,79.00595,83.68883,85.0699
1986-09-01,30.84538,87.15956,80.41164,66.16948,83.79544,70.84907,73.89006,79.00595
1986-10-01,37.790134,90.61554,76.22411,74.40018,87.06935,68.62983,65.2247,79.7457
1986-11-01,28.471962,89.554306,71.28865,81.01032,87.264534,71.94638,79.00595,91.39957
1986-12-01,31.967302,89.690445,70.15852,76.64565,86.418175,73.97864,62.382175,88.3028
1987-01-01,45.089195,90.20152,67.57789,88.65451,89.19267,79.489716,66.4341,89.97983
1987-02-01,65.094315,89.40151,59.217922,87.26494,93.973465,74.66073,65.52806,89.74529
1987-03-01,36.713165,89.90915,68.96747,86.42958,93.025665,78.35396,60.548065,89.98947
1987-04-01,41.804005,90.0473,67.10399,86.13399,90.871414,78.12424,81.56847,90.130844
1987-05-01,47.972775,91.232864,82.21747,87.39667,85.104256,82.15964,81.66485,87.13802
1987-06-01,61.79467,89.237656,78.7395,72.29925,80.41342,80.29455,59.118324,82.97893
1987-07-01,43.261055,86.82798,77.268,72.60447,82.71225,79.886505,80.92107,83.21507
1987-08-01,42.053005,87.40148,80.27848,59.71271,81.57007,75.178,68.13693,89.867386
1987-09-01,29.966076,87.68422,69.73695,74.18683,81.431915,74.387634,64.297516,87.54767
1987-10-01,23.333044,88.68825,70.73617,76.56758,80.60459,60.65409,70.43095,79.1877
1987-11-01,34.526787,88.72841,68.55621,87.216736,81.82388,70.90967,66.69916,86.013504
1987-12-01,44.252235,89.38223,65.33207,93.27948,84.169304,72.255875,75.29527,85.83037
1988-01-01,30.393356,90.41315,56.572823,86.011086,85.78797,82.45589,78.900696,84.76848
1988-02-01,29.245207,85.349884,58.27958,86.05343,88.42139,86.10066,52.949226,86.64134
1988-03-01,39.106274,89.56465,60.009132,88.08101,81.03251,76.55879,73.982376,79.42347
1988-04-01,58.79747,89.81708,66.073975,87.792755,89.66725,80.11236,62.476437,83.4135
1988-05-01,49.610634,90.68186,82.11063,87.40352,78.83392,73.751114,80.06024,83.60404
1988-06-01,46.39581,88.921364,75.42856,87.471924,76.863335,72.2235,71.485756,78.36489
1988-07-01,47.86642,89.7894,80.77356,73.55569,78.33232,80.60094,63.364014,84.62028
1988-08-01,44.24934,88.4735,78.128746,74.95627,82.06828,82.64806,78.234604,77.5848
1988-09-01,28.829918,90.55646,70.023285,82.439606,82.25069,71.19098,72.97754,87.00289
1988-10-01,23.431166,87.10875,63.181614,72.33099,70.50535,63.377045,54.027348,82.14972
1988-11-01,27.929312,88.89531,72.638794,75.23638,75.25592,71.60627,57.73726,84.24245
1988-12-01,43.17122,86.918205,68.65854,85.24077,80.328964,81.433136,73.56383,81.7214
1989-01-01,28.567097,88.48456,65.08559,86.10186,78.39226,83.094185,67.89144,84.81774
1989-02-01,37.55431,87.49991,64.05536,85.46875,86.53316,82.77031,62.924225,78.41016
1989-03-01,64.27833,88.77101,69.92748,86.91562,88.915855,80.578026,87.31925,75.4741
1989-04-01,62.253685,89.98677,77.2953,88.83122,87.96701,78.33855,73.72776,88.86377
1989-05-01,71.353195,86.65522,79.42737,90.14952,81.42434,83.116974,66.11743,84.88284
1989-06-01,57.46712,89.60593,80.32902,86.86842,82.18765,84.07233,76.43597,83.9877
1989-07-01,51.240196,90.20323,82.63685,75.24136,79.42899,79.44202,80.02141,84.89586
1989-08-01,35.52641,87.94422,83.71265,43.9863,82.01188,77.30181,72.32809,88.93376
1989-09-01,24.9491,88.08907,71.52083,82.06071,82.54408,60.328316,65.565704,82.55873
1989-10-01,27.064888,85.83983,73.97677,90.13487,79.36552,55.976307,62.297626,82.92167
1989-11-01,47.501762,88.103714,71.34018,86.76427,81.82797,79.00746,53.124874,73.475494
1989-12-01,38.664284,87.31437,62.10232,82.692184,83.35133,75.252754,74.74008,80.18742
1990-01-01,34.256653,87.89734,62.690132,86.801155,79.31797,83.556854,71.58245,76.52427
1990-02-01,33.417725,89.54406,68.44138,82.78183,82.96371,72.15922,82.16574,86.855225
1990-03-01,52.046215,87.54341,66.69471,88.53636,90.11427,83.36842,83.95994,84.531784
1990-04-01,63.175137,88.465904,78.42006,90.101166,89.41789,80.70908,83.77478,89.3376
1990-05-01,61.475975,89.196686,75.298645,76.56032,83.338936,82.52294,68.86904,87.57946
1990-06-01,68.66258,86.92732,82.793304,66.86675,82.737595,81.33665,62.069126,86.30468
1990-07-01,42.83274,88.15622,84.81853,58.441414,84.38924,79.798065,66.67832,80.787735
1990-08-01,35.262714,85.659096,84.43511,43.27842,81.48903,67.44843,71.24492,75.4838
1990-09-01,36.229446,87.17146,73.59621,36.113113,85.31173,78.71991,60.692757,83.42413
1990-10-01,29.30992,88.148026,70.073364,92.13458,85.075775,56.650494,79.47691,77.20099
1990-11-01,25.662544,84.64812,62.049465,94.05003,86.02285,75.12005,73.02436,88.70677
1990-12-01,29.865383,88.26764,61.554626,89.140976,80.34697,76.11791,70.23721,81.82657
1991-01-01,67.7943,88.69103,67.30802,87.02615,86.27613,82.37602,84.77774,84.812355
1991-02-01,72.40652,88.03497,55.241753,87.14978,88.53938,84.56839,52.497173,86.658554
1991-03-01,37.11268,89.45589,64.08211,89.08335,87.25693,78.73306,77.28907,87.55693
1991-04-01,38.352276,89.0306,70.81416,91.00539,88.55751,73.51259,74.432396,85.59204
1991-05-01,47.9954,90.261955,74.80658,81.07709,82.72218,77.714355,76.46487,83.08483
1991-06-01,49.863033,89.05533,79.4122,79.27209,79.3133,74.97142,69.36192,84.9228
1991-07-01,40.70124,87.30968,83.9453,86.769,84.31289,76.44839,71.93672,87.2322
1991-08-01,31.318563,85.46512,82.072716,89.292694,82.938126,68.27399,83.64364,85.55578
1991-09-01,25.47994,84.14805,77.15555,70.54547,76.028046,49.510277,74.39778,78.566574
1991-10-01,21.945778,87.492645,64.01947,68.9251,83.71617,73.21918,62.410633,88.63499
1991-11-01,40.693,86.88109,66.17887,85.92337,85.09423,75.42638,77.90887,88.410805
1991-12-01,28.52453,90.2125,66.454155,76.98247,87.71188,72.19222,81.11335,86.431076
1992-01-01,27.679901,88.06624,73.23683,81.06607,86.20082,71.60945,63.640957,91.03114
1992-02-01,53.541485,86.255875,64.12674,82.7307,84.64469,80.21271,78.19022,86.641266
1992-03-01,36.100178,89.267746,68.58787,86.22511,89.628845,79.49537,80.306625,84.12004
1992-04-01,43.092247,90.453064,71.35037,85.94983,87.28412,77.673676,82.933105,90.25874
1992-05-01,54.817482,89.5495,76.81221,86.204056,88.04033,79.21847,81.466034,91.20279
1992-06-01,43.777203,89.01352,82.295105,88.98113,83.78162,79.29944,80.74707,85.48024
1992-07-01,34.390213,89.175446,77.07939,75.18483,80.1787,82.36798,70.58607,85.0155
1992-08-01,33.63401,87.64684,80.342255,75.6107,76.65839,68.100464,75.979904,87.12705
1992-09-01,30.30476,86.16844,83.39461,89.71304,80.944626,54.239395,65.04164,81.8158
1992-10-01,34.655777,87.408806,71.07509,77.98943,84.293304,80.51066,65.96625,87.167534
1992-11-01,29.342905,86.10367,74.19383,81.55024,78.44445,59.126396,64.220665,79.53099
1992-12-01,39.701466,86.60402,71.98675,85.996796,77.97162,75.22531,82.39551,73.39067
1993-01-01,49.01889,87.88389,68.726654,81.35388,79.73252,73.09909,74.72363,78.70624
1993-02-01,53.1622,88.92449,68.53413,84.2036,84.631615,79.290184,55.305454,85.3699
1993-03-01,32.173573,89.80438,73.20092,85.44469,85.01667,78.512115,75.90903,87.06764
1993-04-01,34.663696,90.57768,60.688255,88.58558,88.75265,78.87331,78.13821,87.41609
1993-05-01,48.940926,87.5052,72.09985,87.74228,78.02524,78.96877,82.32765,83.52578
1993-06-01,51.249657,87.70886,83.21073,78.47871,81.135895,77.8693,72.276474,82.41039
1993-07-01,48.38562,89.813934,77.194664,70.70761,82.89728,79.92823,66.083786,90.82907
1993-08-01,33.9811,87.530655,71.94074,61.81637,80.71107,76.796875,58.748665,76.22566
1993-09-01,35.677246,88.4917,72.917694,79.05629,85.36513,67.74016,80.37692,83.40644
1993-10-01,30.017588,88.70969,72.69017,68.863495,83.0007,74.03786,57.76216,86.97853
1993-11-01,29.280893,87.820244,69.768845,92.72252,80.98633,76.45319,78.222534,86.72237
1993-12-01,44.587585,87.90776,72.43399,90.53471,83.18527,75.1071,79.185165,86.97217
1994-01-01,32.860085,87.19297,64.5325,84.79086,87.28325,77.18793,74.87126,85.73558
1994-02-01,58.227364,86.0693,67.87934,88.50849,87.862015,81.76646,67.89385,84.50873
1994-03-01,41.79788,89.80144,69.53986,85.364784,80.189766,81.424675,65.59008,77.017044
1994-04-01,36.755054,89.32263,67.46663,90.43341,81.67618,79.59004,79.1209,84.07345
1994-05-01,34.573807,90.12226,75.50484,78.09235,76.9187,77.49101,75.145325,85.09395
1994-06-01,45.399437,88.47948,76.880005,75.801476,79.704506,79.38046,65.03872,86.96243
1994-07-01,37.420876,87.22844,71.69209,67.59077,76.87034,75.56933,79.61584,87.12526
1994-08-01,30.752996,85.97579,76.53823,81.16995,78.177795,78.282585,70.004166,86.25308
1994-09-01,23.130722,84.93756,73.842705,32.6634,82.306526,63.834442,70.50716,84.11859
1994-10-01,24.017408,87.202644,65.983444,80.50736,84.48455,57.953297,79.793175,74.89222
1994-11-01,36.06505,89.14207,64.34066,86.15797,82.237206,59.77664,67.5553,85.482475
1994-12-01,32.81817,89.038895,56.665184,86.80444,85.68722,75.72087,67.69878,89.20817
1995-01-01,47.00346,89.573944,70.8591,84.66178,86.035126,78.624214,66.17555,87.71599
1995-02-01,54.525463,85.14639,62.15373,87.27484,87.3328,79.601494,70.05731,80.387184
1995-03-01,37.35623,89.11992,73.94872,87.54854,83.726364,79.74962,78.801315,81.37251
1995-04-01,33.511513,90.25498,75.00972,88.585396,85.32028,76.66965,78.806145,82.28056
1995-05-01,59.337807,88.70454,77.456955,78.675735,79.01062,77.98021,51.641922,81.20346
1995-06-01,48.5845,90.19219,79.03316,59.114014,80.743,76.373405,72.43208,73.46732
1995-07-01,37.715267,88.49846,88.289154,73.16786,82.78933,73.35301,82.30472,69.37305
1995-08-01,44.815445,90.38379,63.95051,74.20471,84.32851,82.145325,75.07735,61.894516
1995-09-01,32.891655,89.64639,69.134766,65.481636,81.44496,72.33388,71.11509,55.431904
1995-10-01,38.612045,88.657845,72.33226,52.627254,68.36357,81.07466,58.848362,46.09058
1995-11-01,40.337986,89.3421,70.6981,80.73495,73.86822,67.11742,82.75069,56.70865
1995-12-01,31.895052,85.75659,69.859276,80.78969,67.64228,69.43262,68.00131,56.93888
1996-01-01,42.406944,86.795074,66.47282,84.02042,72.789566,74.817764,82.17601,76.67989
1996-02-01,31.224464,87.83013,63.12259,88.47664,84.092964,81.471466,69.176544,82.59358
1996-03-01,46.031254,88.35895,64.90411,87.13687,83.67862,81.645584,65.39745,81.982544
1996-04-01,37.444477,87.301315,79.59321,89.32306,82.959564,80.43802,76.34616,84.60565
1996-05-01,49.33957,89.460106,72.71701,80.04947,79.74637,81.60367,64.14636,79.86729
1996-06-01,49.191242,89.90669,78.10512,60.788067,80.82335,72.775055,71.02417,63.503075
1996-07-01,41.391235,86.606445,82.43236,53.70712,79.0386,72.71379,75.21599,61.442635
1996-08-01,39.57908,87.58507,81.656876,80.26067,84.394455,76.289734,82.06155,80.60408
1996-09-01,24.60139,85.95671,75.5739,73.75046,84.481514,57.304024,67.383736,85.43435
1996-10-01,43.556473,88.83295,71.26761,86.52744,81.44728,78.366295,70.256744,68.76058
1996-11-01,21.939587,87.19652,72.65253,83.77858,79.96725,69.445786,66.17778,68.27369
1996-12-01,37.7508,81.40375,66.77753,90.74022,83.19817,76.97655,75.36592,79.141785
1997-01-01,48.787483,86.83624,59.057514,83.605316,73.04666,79.95217,71.37924,71.149994
1997-02-01,64.64855,85.09625,56.873875,86.38928,82.95385,80.97307,64.09605,84.2007
1997-03-01,51.276237,85.98686,74.10384,85.37993,88.78238,86.19797,59.017933,85.818634
1997-04-01,35.265083,89.02812,61.627083,82.37825,84.530556,76.61569,60.146034,87.25021
1997-05-01,53.331234,85.19686,73.440834,78.56843,83.55089,79.01868,68.4056,89.50642
1997-06-01,53.695724,86.145195,69.51721,87.36071,78.24022,78.11158,83.31339,84.779594
1997-07-01,45.61263,88.42449,76.72619,66.96249,85.17872,76.23636,79.36008,86.11386
1997-08-01,34.468483,82.703156,70.74592,58.312042,85.64052,77.12202,63.69857,84.711975
1997-09-01,33.16061,88.96051,70.16867,65.76016,83.164955,57.010765,73.02027,83.842804
1997-10-01,26.86368,87.93466,67.77063,82.86644,83.85271,77.68112,80.99286,88.241425
1997-11-01,35.974274,88.591064,63.038864,75.79435,83.30019,73.11098,72.92131,87.62789
1997-12-01,50.961227,85.46404,61.63698,88.368416,90.04573,76.74103,71.62334,91.315674
1998-01-01,44.61666,88.59639,64.3978,84.92233,92.30019,83.47352,68.61041,89.3844
1998-02-01,45.569866,89.43066,55.627285,86.827095,88.662476,76.38971,76.222855,86.8783
1998-03-01,33.06913,88.62778,60.598175,90.71592,87.47468,76.710205,72.350555,88.16687
1998-04-01,50.506065,89.78419,71.29492,88.91853,86.76927,78.34569,70.49205,90.269875
1998-05-01,49.384354,90.309525,67.61921,70.63908,83.1712,81.519196,69.907234,81.454765
1998-06-01,44.258175,91.05127,73.38966,88.62117,81.64805,81.99332,70.54161,85.51871
1998-07-01,50.915764,90.393776,81.5258,91.32056,82.27911,77.18102,85.79624,76.860535
1998-08-01,45.624382,90.21536,68.49642,91.0711,84.557236,74.59398,79.469055,81.83638
1998-09-01,50.760475,89.41414,73.63912,78.42499,83.924515,75.59014,73.10387,73.622604
1998-10-01,34.859905,87.72248,71.45847,91.00667,77.73114,71.33457,59.53098,77.81044
1998-11-01,36.305412,85.14865,68.37748,80.582504,72.26795,76.5797,71.47169,69.5471
1998-12-01,36.32193,87.520935,62.886208,85.68225,73.6259,75.48607,43.39583,71.13633
1999-01-01,49.183083,87.56858,64.55169,87.147766,77.28573,85.09775,69.133125,81.2777
1999-02-01,37.143303,85.00278,64.71216,85.25002,86.1293,78.986984,63.397324,86.93819
1999-03-01,52.44805,88.78026,74.63478,86.188255,87.52765,81.32519,75.57956,85.667564
1999-04-01,50.79428,87.534195,70.012405,90.93834,85.8575,78.32547,74.04368,81.105774
1999-05-01,44.622932,89.93953,71.79226,93.25198,79.68942,79.587906,78.947685,82.90363
1999-06-01,47.79457,88.98984,73.31995,88.90961,77.747475,72.185234,75.466576,83.54385
1999-07-01,45.053566,87.45068,70.7607,90.61905,79.00663,79.00172,66.41341,60.075047
1999-08-01,38.130653,87.92226,81.24495,54.640526,80.47374,79.29973,65.426056,50.86469
1999-09-01,30.002613,88.78844,71.28958,70.45942,80.30181,75.47149,71.64162,54.717484
1999-10-01,36.5522,89.615326,69.825745,85.787094,85.212364,75.73675,69.58341,69.93873
1999-11-01,49.33372,87.15105,66.801476,73.85538,76.74211,79.3423,67.67093,51.37883
1999-12-01,53.2864,87.268936,67.39585,83.63064,76.295105,81.66904,75.970894,74.253265
2000-01-01,32.59672,89.24634,61.844246,85.562164,75.05173,72.58223,77.285324,80.166405
2000-02-01,69.22096,89.2614,53.212704,84.51146,87.52639,85.7713,78.13023,79.08391
2000-03-01,55.250546,88.27426,66.858536,83.02574,85.09537,81.417885,85.682625,78.46151
2000-04-01,68.67386,88.89833,68.369354,86.798584,88.28765,82.057014,77.05109,88.98366
2000-05-01,65.505,87.84093,82.937065,87.48624,84.310684,84.39266,80.11287,88.23746
2000-06-01,52.96843,89.708115,81.74916,85.824844,84.13501,79.194336,79.48378,87.320595
2000-07-01,36.28424,87.807465,80.802185,72.22585,81.98005,77.33384,54.62313,70.61131
2000-08-01,34.497368,87.708755,75.47168,71.67708,82.39163,66.329834,78.46653,59.51194
2000-09-01,24.43365,89.25638,79.72303,66.980675,86.29833,67.91092,68.45468,68.64709
2000-10-01,40.313076,87.193436,75.56203,62.50847,83.194725,73.38197,62.98363,59.1472
2000-11-01,57.728413,88.29936,70.93924,84.78919,77.772194,80.07773,59.515285,56.793148
2000-12-01,65.41632,85.16229,58.620174,75.79291,84.941444,78.73088,54.253376,77.529594
2001-01-01,49.14773,89.37142,55.16973,87.31386,79.51891,81.31362,72.82556,77.21023
2001-02-01,52.419067,88.45398,60.37139,83.83828,90.04109,86.55881,58.896442,80.16347
2001-03-01,44.71452,87.85127,66.29127,86.922104,88.06891,75.93115,76.661095,80.93024
2001-04-01,37.753307,88.69003,67.36106,85.82552,88.316696,78.757164,78.837524,86.52867
2001-05-01,35.766064,88.1928,76.327934,89.03659,81.47769,75.400444,77.54674,89.433365
2001-06-01,52.74553,88.157646,80.185234,79.14557,78.999916,80.69418,63.88548,80.32754
2001-07-01,42.15471,86.50858,78.5797,63.311237,83.47498,80.1417,80.175186,69.912506
2001-08-01,33.139282,85.7753,75.63985,55.591625,79.83533,68.81425,71.66202,49.862602
2001-09-01,30.261381,89.756485,70.97895,92.06181,83.32263,71.101166,78.68517,64.384384
2001-10-01,38.088142,88.12918,77.6204,67.84657,82.16745,65.6149,59.16431,39.20314
2001-11-01,32.385906,87.63363,72.47399,86.20054,83.704346,73.17714,73.97572,55.14797
2001-12-01,33.81063,86.915405,73.97572,73.788216,80.49161,74.65376,46.554436,74.81448
2002-01-01,35.461838,87.71054,63.581314,84.806725,83.88796,76.67535,70.98338,83.4487
2002-02-01,44.726578,86.32402,70.498856,86.60904,85.393524,82.67412,59.681606,86.63921
2002-03-01,29.07745,88.82715,65.516075,85.38682,91.2565,82.9189,80.31183,84.732956
2002-04-01,32.78435,89.66711,68.09297,86.36258,86.04571,75.35756,83.18715,89.75093
2002-05-01,36.57676,87.40373,70.8459,76.51104,82.355576,73.164604,74.50586,82.65233
2002-06-01,38.803246,88.75169,73.375854,83.706894,82.93399,84.65751,62.63908,82.182884
2002-07-01,30.328173,85.17054,70.643036,65.65021,82.605385,81.98505,47.647167,62.788296
2002-08-01,28.16204,87.60828,74.75567,43.598244,84.48985,77.404655,65.164,54.284718
2002-09-01,22.144821,88.28226,67.85322,46.322674,85.22419,64.094345,64.64426,70.75704
2002-10-01,14.985855,83.91143,66.19844,53.139618,87.35511,62.094193,71.68419,66.97302
2002-11-01,25.652212,87.85474,55.19342,84.62733,88.68128,82.38911,69.668945,89.53465
2002-12-01,22.481812,89.64531,60.918915,87.95868,90.66802,78.01828,77.35603,88.77182
2003-01-01,38.427242,87.15189,53.127613,86.46443,88.11273,79.45558,63.949448,89.43489
2003-02-01,57.98137,89.089554,61.551346,88.06157,89.49724,80.41162,77.0239,84.6099
2003-03-01,32.211357,88.46925,68.392334,85.63789,88.23103,82.8433,69.631355,83.98
2003-04-01,38.894073,88.66429,65.38032,88.04239,87.02879,82.11907,63.22842,85.74341
2003-05-01,40.42566,89.24623,67.34516,70.198906,83.30693,72.373184,70.05662,76.86083
2003-06-01,39.472816,87.63951,82.976,84.03276,86.07275,73.30045,74.37959,75.25091
2003-07-01,42.76621,89.27022,78.40361,84.339714,82.31892,79.07349,75.28128,75.270096
2003-08-01,36.110672,89.33896,77.34845,56.711975,82.95042,82.274155,65.11173,57.378647
2003-09-01,24.038626,87.80258,73.08142,62.966225,81.869675,55.31788,64.46424,46.876556
2003-10-01,24.206493,87.93847,78.51233,62.26918,84.85291,61.59771,64.65769,65.58815
2003-11-01,28.45593,86.32535,57.736763,85.73381,87.20305,70.099785,71.436325,79.97357
2003-12-01,39.701435,85.26219,59.44901,91.23027,88.099945,79.03032,79.338875,85.72422
2004-01-01,46.71416,87.80998,66.41145,87.60431,84.60045,80.6511,60.76088,83.31535
2004-02-01,56.529327,87.44327,54.31629,86.92349,88.62154,81.062454,73.54164,84.610016
2004-03-01,34.698715,84.73278,60.78161,89.80299,87.38588,81.803856,72.9852,78.146286
2004-04-01,39.61746,89.31511,67.63756,87.42414,86.44358,79.8539,80.8217,86.083244
2004-05-01,44.906105,88.9181,76.78307,92.34767,83.79527,79.48718,64.16813,84.50797
2004-06-01,45.055977,87.11801,80.14249,79.26397,82.283775,78.897255,83.03155,91.27623
2004-07-01,36.366463,88.48442,82.50061,83.061844,82.44481,78.723465,71.25686,73.1829
2004-08-01,30.516584,86.55359,75.32578,77.315605,84.18749,75.19345,68.4236,70.86304
2004-09-01,27.27675,88.92288,78.08251,84.94484,85.26212,75.58886,61.40502,80.31309
2004-10-01,18.904522,86.53287,65.62222,82.902405,85.51883,59.592182,77.92786,73.8669
2004-11-01,29.853312,87.57082,66.20259,90.34669,82.77804,73.549614,70.1615,82.93269
2004-12-01,36.266014,88.63748,65.22841,86.277756,84.97673,77.39692,79.49197,84.35013
2005-01-01,40.522697,86.42525,59.135452,88.83336,83.62746,81.770424,72.768936,83.761154
2005-02-01,30.18101,88.73717,65.15329,86.51654,85.981766,79.991646,72.28633,83.35029
2005-03-01,28.335386,88.18282,64.30874,86.6535,83.642136,75.071075,79.122635,84.37256
2005-04-01,35.346146,87.33827,62.106056,82.01335,88.10457,76.408005,77.33082,82.99649
2005-05-01,33.68802,89.800186,66.73642,85.38341,82.36226,79.895454,81.98074,81.066086
2005-06-01,53.59858,90.14747,67.07228,73.11458,82.481285,81.88455,77.94222,87.54044
2005-07-01,47.409546,87.96272,77.36017,79.79274,82.75193,81.2063,63.260384,80.78892
2005-08-01,39.555862,88.4926,69.76735,54.79041,82.50574,80.36012,77.80527,77.33571
2005-09-01,27.296816,88.30022,73.957504,90.76702,79.83513,65.477745,82.41606,59.8137
2005-10-01,34.81626,88.6263,69.3679,90.299095,81.73618,57.78221,74.13196,73.40316
2005-11-01,30.73861,87.157295,67.026634,91.652336,84.01876,77.511795,81.41826,69.37442
2005-12-01,30.585352,87.65946,52.8437,89.13661,73.50425,67.93477,72.52274,61.329983
2006-01-01,49.802082,86.92998,60.62157,82.11102,80.67428,78.62642,71.76936,83.39987
2006-02-01,35.741783,87.76862,62.90509,86.26361,86.69269,80.05667,74.34869,83.45188
2006-03-01,51.24533,86.5968,57.492905,88.54876,84.42542,87.264786,83.00005,82.16791
2006-04-01,51.2242,86.98036,73.505165,89.15662,87.3363,84.048355,73.35727,83.18696
2006-05-01,38.37636,89.2395,81.282135,89.83273,84.00122,79.270035,61.738136,85.7094
2006-06-01,52.641445,89.37277,74.44783,81.34552,82.03464,81.2545,77.05153,88.13594
2006-07-01,49.27224,87.37693,80.4955,67.701294,83.47788,84.83499,74.803764,85.031654
2006-08-01,29.05213,86.55779,65.10897,73.65794,85.930435,74.19916,64.7449,83.65341
2006-09-01,30.514881,87.70361,60.693085,60.91087,86.22461,74.706245,60.381027,87.66786
2006-10-01,24.015387,87.79788,55.487312,77.05153,83.755806,80.59301,67.66716,90.874535
2006-11-01,18.647087,86.71707,57.166225,89.332146,85.155174,75.715546,66.7505,87.43219
2006-12-01,37.55722,88.76167,54.81932,88.790924,87.81413,82.349945,75.757805,87.34442
2007-01-01,58.68771,86.67403,60.905712,90.33188,88.90174,81.56178,71.9569,90.03258
2007-02-01,38.963493,88.1074,56.80297,82.77028,87.51044,83.57756,89.77535,88.12196
2007-03-01,44.447834,88.18182,64.98742,88.212555,88.96159,80.23357,71.495834,83.176346
2007-04-01,30.758013,88.52803,59.97548,88.91954,85.38788,79.15126,78.756516,88.55553
2007-05-01,43.640553,88.61539,71.827484,88.62509,82.88838,79.101105,86.38768,88.676865
2007-06-01,53.365147,89.80286,81.241455,72.369446,84.329834,78.11587,77.40404,83.18767
2007-07-01,39.238518,85.00608,78.83093,62.10774,82.98868,79.23053,66.768616,76.483505
2007-08-01,38.573605,89.86272,70.500885,73.53587,82.39495,85.674225,69.324745,65.77691
2007-09-01,25.166897,88.61377,67.79754,82.28656,79.751465,56.39367,83.2815,60.383163
2007-10-01,25.179838,87.26129,62.165977,79.034775,76.20686,74.60524,78.39899,49.977474
2007-11-01,38.918198,86.523575,58.11339,71.942345,84.17291,82.21375,74.38522,62.441006
2007-12-01,39.84034,88.83218,60.206825,87.30497,79.340546,85.58525,70.49927,75.26045
2008-01-01,39.14568,83.61624,58.513897,85.8435,85.50327,86.22854,66.48192,84.714935
2008-02-01,46.645676,87.92638,70.27092,86.91232,82.65363,83.43865,71.86585,88.63837
2008-03-01,32.99996,88.40103,50.346718,85.54974,89.356995,88.54376,84.35147,86.72478
2008-04-01,25.782106,89.1595,65.05461,87.38034,86.77955,71.98535,79.201546,85.450165
2008-05-01,34.6812,86.71482,76.45813,68.45692,80.81142,75.351135,83.32414,86.69823
2008-06-01,49.69447,88.9703,78.69203,91.0764,82.477715,79.201546,74.02009,90.73451
2008-07-01,35.368294,89.388535,78.685394,86.8924,83.236176,78.59411,82.26362,90.28309
2008-08-01,34.130188,89.23917,82.232086,64.14346,84.89417,77.23153,78.82149,91.5909
2008-09-01,36.452053,87.466644,62.993317,61.81496,86.29161,79.92349,65.89772,84.79294
2008-10-01,24.474295,89.522964,59.303894,75.86066,83.770584,78.51777,77.59831,87.84007
2008-11-01,37.306778,89.58271,69.45105,89.58271,86.47915,74.27402,70.634384,83.63947
2008-12-01,33.247253,87.098206,68.17311,81.672775,81.357445,74.839966,78.477936,76.190926
2009-01-01,77.76798,84.34128,45.235374,83.68005,83.35269,84.35586,61.01873,81.58944
2009-02-01,51.61419,84.33155,57.168102,86.28279,87.76567,82.05618,69.86739,81.44358
2009-03-01,33.732113,85.752846,61.425507,86.34276,81.122696,84.43203,70.49782,76.00473
2009-04-01,44.5855,87.331345,68.20948,88.85636,88.47389,79.76136,70.0246,82.13235
2009-05-01,49.16217,88.890396,73.11676,91.49799,83.30083,82.451614,84.15166,86.230934
2009-06-01,45.83339,87.376724,76.0728,80.53441,82.832466,76.89122,75.92694,83.11283
2009-07-01,41.1692,86.46916,77.22669,75.53637,84.63461,82.08211,74.04539,91.98743
2009-08-01,25.411777,87.79646,72.99683,56.09524,84.979805,67.16741,71.92073,87.0056
2009-09-01,25.502533,85.99594,69.094345,81.422516,86.61827,70.09266,78.272,82.72064
2009-10-01,23.7328,84.70592,69.27586,63.240616,86.97804,68.48661,75.31921,84.420685
2009-11-01,34.39171,87.409134,54.725807,54.703117,88.58572,78.96887,80.51982,84.66378
2009-12-01,42.577534,88.11087,56.626812,71.71491,85.989456,77.7064,77.65616,90.22256
2010-01-01,55.225964,88.24335,55.82186,86.788895,90.425026,80.756035,64.1152,89.00505
2010-02-01,61.65773,89.36948,60.733513,86.8956,88.4469,81.48983,75.148346,88.09068
2010-03-01,58.276047,89.4926,64.371284,87.84444,90.60724,82.81952,78.822235,89.786446
2010-04-01,59.011482,87.55881,74.27174,85.946754,89.73884,81.20419,77.48434,89.2283
2010-05-01,50.951252,89.52707,77.60746,89.2874,86.6904,79.31471,81.08435,86.585335
2010-06-01,52.111862,90.92571,81.00063,89.89972,84.822266,81.65399,81.8953,84.51036
2010-07-01,48.416634,87.393005,81.611305,94.79002,83.63211,83.374374,72.743416,82.901596
2010-08-01,45.506084,87.396286,84.385605,86.48356,85.677536,73.802246,69.475,75.71963
2010-09-01,55.09956,88.8376,81.2321,66.38716,87.453735,71.97679,72.85504,72.83042
2010-10-01,49.17341,88.26305,74.63289,90.81572,78.94208,83.080536,76.31388,58.277687
2010-11-01,49.079834,89.06578,71.87173,89.65183,77.6879,81.3109,77.1987,71.53356
2010-12-01,49.751247,87.662224,67.47061,87.243614,78.21156,81.04003,81.78039,81.96425
2011-01-01,48.922863,85.97577,66.25427,86.08648,85.4971,81.70682,64.91432,84.93865
2011-02-01,59.725483,84.528366,74.687965,84.13273,89.06432,81.701935,87.02591,87.44597
2011-03-01,76.98851,87.06661,74.79705,86.98521,82.08128,81.82404,75.147095,83.76965
2011-04-01,48.494663,87.65111,71.708496,89.88327,88.77289,77.35972,75.686005,89.79535
2011-05-01,48.369297,86.69214,75.119415,89.354126,83.619865,77.200165,64.4617,87.43945
2011-06-01,54.613163,88.52867,75.904175,86.99497,82.67555,79.87355,75.60786,90.32286
2011-07-01,45.757782,85.40755,79.153915,90.77874,85.11449,81.78822,83.63289,91.26881
2011-08-01,34.77444,88.37726,70.598114,56.107784,84.79538,75.0315,74.6261,78.781075
2011-09-01,26.557287,88.474945,69.98268,41.76236,83.68499,76.04908,64.09049,70.9335
2011-10-01,32.333878,86.69377,72.0732,81.58145,81.947784,72.56326,77.310875,72.278336
2011-11-01,42.608986,87.2392,67.47048,86.62865,76.69382,76.69382,77.40368,72.34834
2011-12-01,44.968143,87.571335,65.648605,87.1936,86.06857,80.95625,63.162457,84.21902
2012-01-01,38.207726,85.0341,61.80747,82.016815,85.50455,83.43948,74.15078,90.05481
2012-02-01,41.940403,88.29472,65.74779,83.77042,89.57626,80.69148,77.77963,87.48038
2012-03-01,62.88785,88.886826,74.99107,86.85259,88.890076,82.3445,69.29554,83.32107
2012-04-01,44.088196,89.87961,71.09456,85.84034,84.996796,77.69528,82.753296,87.504715
2012-05-01,46.22463,87.52905,75.41285,80.37678,81.27385,81.82053,81.6502,86.45677
2012-06-01,51.362133,85.20606,82.54727,77.03829,82.71112,78.33767,67.1737,86.49733
2012-07-01,51.941257,88.82356,81.41012,54.885548,84.63505,81.84649,73.307236,85.54348
2012-08-01,25.01114,87.21272,78.64751,84.40145,85.18659,76.477005,73.11257,92.67953
2012-09-01,23.727982,85.67974,70.31428,90.47821,83.53844,69.72867,75.59129,87.61502
2012-10-01,26.068813,86.07231,64.49707,95.549194,81.80593,73.87338,79.99718,78.08785
2012-11-01,31.522644,86.927216,63.98608,84.78591,84.01212,74.41519,67.696045,84.6464
2012-12-01,34.99415,87.37494,62.146507,87.881065,86.97263,76.99449,82.16281,82.51646
2013-01-01,30.388472,86.91263,58.009304,83.04751,86.86768,82.12938,66.43938,88.02016
2013-02-01,40.05769,88.76493,56.999687,85.91745,88.424644,82.68796,73.53559,85.54346
2013-03-01,40.63874,87.89977,62.269283,89.39735,88.19351,83.00738,79.24338,82.14383
2013-04-01,36.447784,89.70232,72.51474,86.267365,88.35883,74.05244,80.12941,89.406975
2013-05-01,52.498943,89.81949,70.34462,80.9753,80.64143,78.3702,77.54035,84.612495
2013-06-01,48.70445,87.8468,73.72179,84.37654,81.88861,77.57567,80.606125,85.99771
2013-07-01,45.513477,88.76814,77.85977,81.93195,85.03946,81.55315,77.85496,68.985085
2013-08-01,25.691902,89.28017,80.50821,64.853516,84.60768,77.379845,59.42662,91.727974
2013-09-01,22.32437,89.32672,66.28689,65.798935,84.5836,54.039852,71.103836,91.970345
2013-10-01,17.40469,86.82274,68.18574,77.62543,86.50011,73.55967,82.429535,94.1228
2013-11-01,25.738451,87.16945,67.46344,91.73439,84.34926,77.07808,70.91444,85.80028
2013-12-01,30.473543,87.747284,57.8183,88.490456,86.72002,74.97217,59.242035,85.89017
2014-01-01,36.788742,83.55105,53.979336,87.83023,86.64716,82.681786,63.45396,86.49949
2014-02-01,61.03748,81.304054,52.727463,85.192245,84.63007,83.47889,85.373474,80.12769
2014-03-01,40.55275,87.919174,66.63399,85.95242,88.15076,80.60428,72.95376,78.49992
2014-04-01,37.92818,88.16083,73.24743,89.36067,89.66777,78.99664,73.40853,88.22795
2014-05-01,42.937347,88.74984,74.33988,89.46808,85.29292,80.36431,73.32798,90.68471
2014-06-01,45.892506,88.15579,84.56127,78.12906,85.77622,77.306786,73.97909,91.7738
2014-07-01,29.787655,87.33183,80.2267,57.696354,84.00246,82.458595,76.044846,92.38966
2014-08-01,35.73153,89.1358,73.33637,56.080334,83.52084,77.03996,62.141678,86.1001
2014-09-01,24.16094,85.501015,70.51882,79.416176,85.43725,70.01203,81.60947,85.80643
2014-10-01,18.195248,86.64381,62.11315,65.32674,88.390724,78.8087,72.816154,82.5123
2014-11-01,28.524035,88.461205,57.385906,90.558846,84.47065,75.38367,78.39085,86.6824
2014-12-01,43.323315,86.71932,64.36517,91.04886,85.371796,76.82852,79.50679,89.58386
2015-01-01,47.738373,85.069,66.4021,86.79552,88.4745,73.99083,72.63813,85.96236
2015-02-01,31.399885,85.693085,64.11171,87.1028,87.557396,79.727905,77.629166,84.75538
2015-03-01,26.777908,88.43649,68.12386,88.76595,86.386856,80.57057,71.05734,83.13341
2015-04-01,36.53665,87.353065,73.358826,90.18676,90.0347,82.37311,75.06316,91.66617
2015-05-01,44.38514,88.9687,73.26538,90.50038,87.99298,79.47289,82.9861,91.77705
2015-06-01,53.340816,88.267006,81.05685,82.65506,86.475555,82.91641,71.9792,88.32561
2015-07-01,40.973305,86.71156,83.86836,51.224655,86.61019,79.404785,80.52147,89.23797
2015-08-01,33.976982,88.47134,82.91166,62.033558,85.55211,77.71312,84.16773,87.155075
2015-09-01,24.595219,88.47609,72.09483,66.470215,86.7274,71.983955,66.81235,83.09381
2015-10-01,22.31591,86.980835,53.69404,81.81398,87.05528,75.98661,78.78862,91.004074
2015-11-01,24.012323,89.255394,64.90843,91.64874,86.90956,81.109116,80.941216,91.807144
2015-12-01,50.716206,88.73744,47.84133,81.665085,89.043144,79.59328,80.63551,94.08962
2016-01-01,41.702774,90.212425,64.09696,85.85309,89.27724,78.82943,80.08771,89.02558
2016-02-01,35.052547,89.98675,61.60313,84.818855,90.68164,81.76001,80.43029,84.32366
2016-03-01,49.231365,89.91044,62.949085,89.129486,89.86336,80.78098,68.34428,86.734695
2016-04-01,33.38674,88.87296,65.84232,90.67839,88.955765,80.5894,73.70375,89.009346
2016-05-01,44.154396,89.87796,77.21396,88.32257,85.90991,76.718765,77.73837,87.905304
2016-06-01,52.048298,87.26561,81.08622,88.43622,80.60889,78.95932,71.177444,81.50511
2016-07-01,52.756184,87.65364,83.635254,80.41892,81.06511,80.49848,79.67207,84.50226
2016-08-01,50.465294,86.30119,77.56628,67.30356,82.250336,79.87015,62.343487,77.610115
2016-09-01,51.82424,87.06915,84.69059,55.545513,83.62389,75.24941,52.019073,77.20259
2016-10-01,29.532337,87.40199,69.24375,75.28026,80.53258,76.6116,68.26959,69.829865
2016-11-01,25.905235,86.0609,72.1792,85.73456,80.225716,69.77953,58.52318,61.73139
2016-12-01,50.699093,85.65825,63.18126,86.760666,82.66435,75.285126,71.59471,74.81104
2017-01-01,58.79048,85.3999,59.35975,83.30167,83.9185,82.64053,57.801243,85.3753
2017-02-01,39.37315,85.18828,63.733406,86.72546,90.139404,75.551796,71.416016,75.25814
2017-03-01,31.216425,84.62886,60.398205,87.763916,87.82297,80.69486,78.07985,79.78273
2017-04-01,32.897972,87.821335,72.94663,87.08965,89.045166,79.30369,81.50857,89.50616
2017-05-01,37.80152,90.711945,75.924194,86.648346,82.8013,79.66789,80.08458,90.01636
2017-06-01,41.715828,89.90317,78.07329,87.86563,82.72748,79.6482,79.416885,82.95387
2017-07-01,40.337784,86.15291,71.790054,87.59657,85.2014,71.38156,69.50807,86.80913
2017-08-01,26.829643,89.64397,78.706535,70.628555,84.28435,71.146965,78.8427,87.685165
2017-09-01,22.751282,86.331726,70.38412,71.22571,82.0844,66.564964,64.0123,85.091484
2017-10-01,37.09117,88.73183,69.990395,63.10344,80.49144,71.63748,73.43059,82.46664
2017-11-01,36.49894,86.942,58.75275,77.90596,78.60811,84.43527,68.00863,69.05529
2017-12-01,26.869017,86.17588,64.570076,88.56449,86.06268,76.703445,69.140594,85.97081
2018-01-01,34.774193,86.123184,58.013107,83.66792,81.089645,80.143295,65.455986,74.17816
2018-02-01,33.670387,85.96738,57.16352,88.86219,84.05499,76.438255,57.844173,86.689026
2018-03-01,57.54731,86.777596,60.942368,88.50629,90.645004,82.6166,81.52756,81.691574
2018-04-01,34.20835,88.150375,57.235687,87.45332,86.98753,81.06996,85.39661,84.87505
2018-05-01,38.54976,89.85774,77.69459,90.30386,83.94182,78.51137,72.38551,87.35656
2018-06-01,44.780586,89.12789,76.89913,65.33298,81.80966,76.19716,74.85062,88.89664
2018-07-01,31.093756,86.295395,75.009705,80.42375,83.52195,80.26466,76.07907,88.65881
2018-08-01,25.163069,85.07843,73.940346,52.66466,84.922615,78.62126,60.135426,87.40904
2018-09-01,20.66257,85.22768,70.69454,58.096752,85.55242,74.971985,66.42858,91.57332
2018-10-01,24.172434,89.06393,64.506355,64.94591,84.77828,57.092995,74.47995,73.90755
2018-11-01,34.54458,87.95029,70.1123,72.15753,87.161385,71.77046,73.59592,92.61644
2018-12-01,25.432049,84.47814,58.280445,85.65411,89.64453,83.94182,68.61323,90.645004
2019-01-01,34.799034,85.05597,50.964954,85.12424,87.65026,80.294464,69.59816,87.63121
2019-02-01,42.31995,88.24565,59.695698,86.46266,93.400894,81.06926,48.094402,86.416626
2019-03-01,44.44905,87.20094,61.85814,87.71218,85.01469,80.01979,76.353806,76.67134
2019-04-01,51.358704,89.46658,64.577866,88.23135,88.182144,80.90732,71.722496,89.809525
2019-05-01,52.762226,86.51506,79.18943,89.26177,83.771515,75.25671,65.97504,89.54915
2019-06-01,50.544216,90.81772,73.89764,83.933464,84.357376,82.85542,76.20297,88.65527
2019-07-01,41.07202,88.053535,84.55108,72.86087,82.40927,82.763336,72.07497,85.41319
2019-08-01,32.868397,86.57222,77.866875,42.385048,83.198364,77.18576,64.3143,86.01335
2019-09-01,20.739986,84.05254,70.57141,72.64018,82.75698,64.63343,65.879776,77.503296
2019-10-01,22.030785,87.458145,59.24479,66.34338,83.96204,68.76938,68.04063,87.98685
2019-11-01,19.450779,86.24991,66.64663,84.671745,87.486725,66.65616,63.715744,77.93515
2019-12-01,19.384094,88.086876,54.56585,82.21875,90.0969,76.23949,56.666374,90.223915
2020-01-01,43.36005,86.99572,60.83635,86.50164,88.17082,80.14708,54.90409,88.73334
2020-02-01,38.940063,87.56491,75.157906,86.071,90.35411,80.522644,68.12732,84.43019
2020-03-01,45.499935,87.693436,71.80452,86.928955,87.54154,80.22052,72.97462,83.0815
2020-04-01,33.448463,87.49814,78.02889,90.83483,87.62166,83.03142,73.03638,88.780075
2020-05-01,41.338673,88.0957,78.25924,83.981186,81.943115,80.460884,70.32897,86.35142
2020-06-01,45.93392,88.791756,77.08581,89.42938,83.53885,78.31432,82.225204,83.23006
2020-07-01,38.01033,87.25278,78.88017,69.84324,84.10971,79.52113,70.15037,88.92362
2020-08-01,33.438454,87.29784,77.69005,72.1901,83.89772,69.148865,73.02637,77.96213
2020-09-01,30.457298,89.40935,71.060074,82.48393,76.42314,77.9037,66.309586,74.13637
2020-10-01,30.00829,83.40532,74.78401,53.528687,86.44322,77.68504,63.72904,81.22537
2020-11-01,23.016098,84.558716,57.32273,87.122574,79.00202,70.41577,67.07407,82.68924
2020-12-01,40.731094,85.77221,66.70685,90.73802,88.903595,81.06012,65.75542,90.53104
2021-01-01,41.34688,87.68499,66.17399,88.031166,87.31825,80.619194,69.74202,85.53423
2021-02-01,41.09496,84.481995,69.17991,85.1315,87.86836,77.92518,69.786575,90.09624
2021-03-01,44.96118,84.98069,73.664795,87.18971,89.487854,81.35439,76.42908,88.65326
2021-04-01,35.775475,83.84619,73.07869,88.807495,88.490456,76.97576,75.716156,94.25037
2021-05-01,38.323822,86.45109,66.53559,85.59936,82.65856,78.99284,77.123146,87.1006
2021-06-01,47.170204,87.887215,81.38524,88.55557,83.150406,82.627716,82.0022,86.73215
2021-07-01,33.854362,85.94382,81.63031,88.56586,84.50427,71.64428,64.419106,89.36789
2021-08-01,29.59912,87.53247,78.4136,65.26742,82.81108,74.45312,70.70686,79.76404
2021-09-01,26.507511,87.84265,72.53029,82.33637,84.4837,78.70837,83.75879,84.14267
2021-10-01,28.795368,85.445114,74.09495,86.94122,85.68847,52.9147,71.55345,87.261696
2021-11-01,42.13521,84.32947,74.37429,92.809105,83.47602,77.261955,68.619514,78.59183
2021-12-01,27.9642,81.71257,63.838146,86.16318,87.33881,81.17616,59.570908,80.989365
2022-01-01,47.35301,85.29267,64.25197,81.49788,84.98723,77.40594,84.129,84.89427
2022-02-01,37.03933,86.416504,67.64836,82.34448,82.555305,83.68246,81.4182,83.54965
2022-03-01,29.01149,84.748184,74.65529,83.44341,89.507454,78.43182,76.86643,86.14592
2022-04-01,44.843063,84.30496,77.88568,88.50647,87.78104,81.32025,86.57255,93.14953
2022-05-01,61.416664,86.88629,78.62107,90.47524,88.28734,80.09018,72.732994,87.7993
2022-06-01,47.349686,86.01312,84.53737,87.48888,85.17315,81.6506,80.68115,91.725235
2022-07-01,45.795914,89.069214,76.37009,90.22624,85.823875,84.47429,82.31627,86.424805
2022-08-01,40.120316,87.97526,80.87869,78.73561,85.71597,82.48891,60.78586,82.86075
2022-09-01,39.036327,84.54069,80.463684,72.60019,86.946045,70.03049,64.24865,82.06229
2022-10-01,40.126957,85.85376,79.5125,81.84482,81.330215,75.073616,67.51058,79.44112
2022-11-01,35.776054,85.25449,79.56064,86.677124,82.50218,74.78975,54.71684,75.57328
2022-12-01,38.867004,84.0958,65.98835,85.8521,83.697395,76.48297,66.63243,84.633644
