,mgu250_cluster1,mgu250_cluster2,mgu250_cluster3,mgu250_cluster4,mgu250_cluster5,mgu250_cluster6,mgu250_cluster7,mgu250_cluster8,mgu250_cluster9,mgu250_cluster10
1965-01-01,0.2727646,-0.86880493,2.3333237,-0.87662584,1.1428726,1.1594923,0.61103094,-4.3055696,-1.9360721,-0.80362815
1965-02-01,-0.28188896,-0.08896637,3.7538486,-0.78570443,1.5459896,-1.1044182,0.4187599,-1.3745759,-2.5356975,-3.3768017
1965-03-01,0.09906845,-0.43081743,3.3898368,-0.93365556,1.1200607,0.18249455,0.43896484,-4.1269846,-2.0087442,-1.8343967
1965-04-01,-0.41159058,-0.43961638,1.6225725,-1.1086547,1.3967354,1.3735977,-0.019227218,-0.7961327,-2.8726604,-1.8216873
1965-05-01,0.46047288,-0.46047288,1.3576294,-0.9408245,0.8971561,0.03291435,-0.926812,2.2570672,-2.4718242,-1.1226677
1965-06-01,0.14892884,-0.3506508,0.79189605,-1.6662407,0.35619012,0.9049778,-0.8195961,2.1214993,-2.7511058,1.4668003
1965-07-01,0.46601295,-0.21410522,-0.13915253,-1.2373787,0.3170845,3.3073883,-1.7438011,2.38905,-3.164,1.8542751
1965-08-01,0.15381698,0.09646149,0.7136841,-1.0066532,-0.10004616,1.8458027,-1.0535805,1.9676831,-2.703853,0.8169891
1965-09-01,0.19552994,-0.29883498,1.4465954,-1.371968,0.63286513,0.16261558,-0.80395395,0.92387927,-2.6930988,-0.20269927
1965-10-01,0.30600435,-0.39008218,1.8588377,-0.961681,1.2442223,-0.2610325,-0.35195428,3.6766143,-1.955951,0.404747
1965-11-01,-0.69445723,-0.3832386,2.4685655,-0.85218465,0.52434576,0.69641227,0.036499023,1.5137275,-0.94017315,-0.27993354
1965-12-01,-0.063547514,-0.27569732,3.1079483,-1.180349,1.5789039,-0.9486462,0.24017563,0.07299767,-1.2214102,-2.316052
1966-01-01,-0.06958427,-0.35941163,3.283612,-0.4198063,1.466203,-1.0040553,0.7207931,-2.732186,-1.2541664,0.54683113
1966-02-01,-0.056783296,-0.7916908,2.6445484,-0.5563496,1.3920231,0.17035142,0.80350685,0.8084305,-1.7199249,-2.4538472
1966-03-01,-0.032494735,-0.32888642,2.5913754,-0.5271374,1.2508843,0.24387494,0.36597672,0.33085632,-1.9247401,-1.8462932
1966-04-01,-0.25273705,-0.26652297,2.3652248,-1.2246258,0.75821114,-0.6105076,0.3177269,0.0045951842,-2.466648,-0.37615126
1966-05-01,0.07647781,-0.17297706,2.3136926,-1.8394005,0.9886284,0.7733099,-0.7457382,1.765877,-3.4227815,0.51367986
1966-06-01,0.40897447,-0.3387329,1.2128098,-1.2387397,0.48807755,2.2473903,-0.63446844,3.7913833,-2.9770455,2.5336068
1966-07-01,0.4562393,-0.25470656,-0.57768476,-1.297493,0.39256325,3.0331726,-0.0656456,2.356691,-3.006258,2.266756
1966-08-01,-0.10700302,-0.15197067,0.44179764,-1.9598606,0.30558166,2.5766048,-0.34332886,2.7147896,-3.3722343,1.7176272
1966-09-01,-0.26324004,-0.2143341,0.60328674,-1.4832714,0.23435631,2.6901727,-0.45820922,2.271023,-3.2232177,1.3992443
1966-10-01,0.38238794,-0.27144623,2.486342,-1.6066853,0.9147766,0.797599,-0.14245148,1.6854607,-3.173327,-1.6181736
1966-11-01,-0.06564598,-0.11619339,2.5795588,-1.4566845,0.18544999,0.4404846,0.38173142,-0.0121448515,-2.3232114,-2.9317498
1966-12-01,-0.35547256,-0.4244011,3.7536373,-0.40995902,0.9594162,-0.8645576,0.46477357,-0.7532875,-2.0675204,-1.2439911
1967-01-01,-0.18645707,-1.0364506,3.3836498,-0.8976696,2.2361739,-1.0769424,0.41764984,-0.3513611,-1.115148,-3.5531266
1967-02-01,-0.13225022,-0.102207944,3.3271575,-0.78435934,1.0857589,-1.3747507,0.90060884,-2.0425332,-1.4638973,-2.3680985
1967-03-01,-0.725581,-0.3836891,2.4066303,0.4183033,1.5794938,-0.035919763,0.38662833,-2.0526562,-1.1481289,-2.849097
1967-04-01,-0.15870018,-0.05649223,2.018369,-1.0651867,1.2686237,-0.74256134,0.019919205,0.21878433,-1.1073112,-1.5497783
1967-05-01,0.14727135,-0.22760125,1.9210587,-1.6787632,0.74060214,0.9917141,-0.24033661,-0.406221,-2.8118713,-2.307034
1967-06-01,0.13355675,-0.038532257,0.31576806,-2.1532319,0.53781813,2.7844415,-0.6452511,1.3502601,-2.6260676,2.1800086
1967-07-01,0.40262908,-0.5384712,-0.10057602,-1.858036,0.101228714,2.9542441,-1.1285362,-0.7984005,-2.9764493,3.4936955
1967-08-01,0.49471435,0.071186826,0.6410057,-1.147802,-0.07837067,3.7879112,-0.5675335,2.2851555,-2.835709,3.1805394
1967-09-01,-0.2031105,-0.20213088,0.7954609,-1.4926326,0.35266763,2.5800254,-0.5423893,4.711052,-2.9542441,2.501981
1967-10-01,-0.024817277,0.31772727,2.3315248,-1.4145893,0.048001863,-0.7056618,-0.16686401,3.8166473,-1.5925554,-1.1458431
1967-11-01,-0.7601948,-0.17927285,3.2703393,-1.3110745,0.0483284,-0.567207,0.28801194,1.4358146,-2.0696363,-1.5331246
1967-12-01,-0.45226327,-0.39544487,3.4130387,-0.6880287,-0.20702896,1.1011066,0.635128,-1.5840652,-1.7427658,-1.6255367
1968-01-01,0.16337585,-0.6837692,3.7299175,-1.279287,2.0327103,-1.7588379,0.5182068,-4.8819323,0.0007293701,-2.5811844
1968-02-01,0.629068,-0.025162507,4.119393,-1.5878036,1.0940316,-1.7037716,1.020002,-8.414559,-1.0637634,-2.2467759
1968-03-01,0.15316467,0.016410064,2.8251538,-0.6695477,0.6589718,-1.1356045,0.2906479,1.1571201,0.04266739,-2.2453167
1968-04-01,-0.45402336,-0.6228687,1.8226563,-0.93539655,0.7519642,0.6024464,0.012033844,1.2792877,-1.098772,-1.1246643
1968-05-01,0.7472237,-0.48793793,1.230785,-0.96019477,0.82052386,1.8441722,-0.2669441,0.25053328,-2.4411483,-0.87595445
1968-06-01,0.33331528,-0.6483963,0.9674889,-0.9543602,0.43469468,2.3755066,-0.42740098,1.1585792,-1.8117161,2.8415642
1968-07-01,0.40953216,-0.4015091,0.23886338,-1.4554265,0.65058404,3.3747222,-0.362854,3.9844623,-2.5509162,2.812025
1968-08-01,0.23412247,-0.5058075,0.91278684,-1.5444076,0.49997252,3.6299965,-1.0506347,2.8357291,-3.1161664,1.6487049
1968-09-01,0.082417294,-0.2632965,0.06673584,-1.5611827,0.09408645,1.2493836,-0.56561434,2.4331257,-2.6643307,1.4412041
1968-10-01,0.055066682,-0.35701904,1.6683979,-1.21474,0.6411022,0.10612106,-0.3603012,3.6945443,-2.0374513,-1.3627983
1968-11-01,0.13310699,-0.30888215,2.588478,-0.81797105,0.40697974,-0.10211029,0.014222717,0.060536195,-2.3255458,-0.57400167
1968-12-01,-0.25892028,-0.7530586,3.748881,-1.0371418,0.9977566,2.9163232,0.33039778,-0.8259937,-2.4513595,-2.3350277
1969-01-01,-0.09387894,0.1419796,2.3642235,-0.4737068,1.5969374,-1.1610466,1.3544449,-0.49858665,-1.198864,-1.3869537
1969-02-01,-0.41067886,-0.78088725,3.4005413,-1.0240433,1.8984779,-0.3340496,0.44385186,1.8344543,-0.51019746,-0.9643326
1969-03-01,-0.03118248,-0.10913849,1.6291149,-0.3128193,0.6939743,-1.4181362,0.3576027,0.10714798,-2.2630465,1.046601
1969-04-01,-0.036157988,-0.12572479,1.8118969,-0.9510635,0.70890236,0.52512515,-0.485981,2.8691132,-2.5085251,-1.0665047
1969-05-01,0.18377724,-0.1253933,1.7402439,-1.4562848,0.46574554,1.5422024,-0.33272284,1.9966694,-2.6057215,-0.29391098
1969-06-01,0.36058807,-0.28760833,0.8007908,-1.6364132,-0.31381494,1.8201901,-0.81273305,2.2457967,-2.8385942,-1.5322506
1969-07-01,0.5320915,-0.11942215,0.36490098,-1.5329136,0.055730056,1.5322506,-0.7463875,1.8404255,-2.2680225,3.7624557
1969-08-01,0.5022354,-0.55531234,0.7719307,-1.6748931,0.60706174,1.497419,-0.8996452,0.0063026426,-2.5698948,1.6397305
1969-09-01,0.39276582,-0.6034126,-0.1545845,-1.158725,0.2842907,1.5322504,-0.52910537,3.3302147,-3.385945,-0.15458488
1969-10-01,-0.3665592,-0.33471298,2.4060216,-1.9067711,0.040802766,-0.45313987,-0.09122467,2.3552673,-3.2622104,-0.16520043
1969-11-01,0.21230622,-0.4524769,2.4212806,-1.6672637,0.2796467,1.2217535,0.25443497,0.09752808,-3.3468013,-2.1754704
1969-12-01,-0.3977417,-0.4813366,3.274816,-1.0313416,0.98722154,0.6568211,0.34698716,-0.098854825,-1.9926884,-0.41664964
1970-01-01,0.15175399,-0.5574295,3.9609132,-0.972757,1.2449821,1.0276676,1.0492996,-5.1103835,-1.6400082,-2.089946
1970-02-01,-0.19235459,0.044927217,3.2956588,-0.62099344,0.9920586,-0.6196621,0.65393984,-4.5093584,-1.846008,-1.3967358
1970-03-01,-0.029951477,-0.65094453,3.1805117,-0.8093548,0.6303116,1.0323267,0.05923767,-2.3645012,-2.3984458,-1.8250415
1970-04-01,-0.12679443,-0.60901296,1.7544892,-1.2429855,1.1275059,0.4283058,-0.28287467,0.89521563,-1.6579794,0.04991913
1970-05-01,0.6888836,-0.45293275,1.5454948,-1.2346653,0.80170023,1.6513233,-0.4932007,2.5881379,-2.659689,0.44760782
1970-06-01,0.32247695,-0.5763985,0.52581406,-1.1617836,0.47922325,2.8547063,-0.96476936,2.3079257,-2.3518546,3.4856834
1970-07-01,0.03361206,-0.620993,-0.06522751,-0.80036926,0.35109788,1.7245381,-0.74612427,3.2494,-2.553195,2.922596
1970-08-01,-0.025292968,-0.18703003,0.40534288,-1.1900711,0.57273865,3.8151498,-0.8492897,1.8959271,-2.5774887,3.4034836
1970-09-01,0.28354034,-0.6585991,0.9757515,-1.8000824,0.43229905,0.78273124,-0.6336395,3.0334163,-3.3182883,2.8537078
1970-10-01,0.109156415,-0.22763062,1.7924283,-1.440665,0.65626943,0.17438392,-0.37672272,2.356181,-2.716597,1.3285134
1970-11-01,-0.27522048,-0.5244831,3.2430763,-1.3528076,0.8356457,1.0509632,0.22629967,1.1178551,-2.3831372,-1.6816078
1970-12-01,-0.64262503,-1.25663,2.9332454,-0.5634201,1.669627,-1.1820843,0.35975036,0.6795654,-1.8027446,-2.5002809
1971-01-01,-0.10288582,-0.7430649,3.5435195,-0.6930912,1.3270642,0.14534664,0.81622773,-4.4077606,-0.714975,-4.19317
1971-02-01,0.046707153,-0.96255416,3.6186423,-1.1176999,1.1160667,-0.1727829,0.37986144,-4.876137,-1.0014222,-3.1698642
1971-03-01,-0.3109436,-0.44028625,2.149498,-0.9772518,1.0513954,0.02253685,0.16853675,-0.11235809,-0.97463953,-0.35536423
1971-04-01,-0.5010376,0.18650094,0.60523033,-0.37692147,1.0255924,1.1650598,-0.23288116,2.851408,-2.7011619,-0.52194136
1971-05-01,-0.053239442,-0.5712612,1.5726837,-1.4015338,1.093203,0.6506306,-0.62090796,2.3562496,-3.9811928,0.8871048
1971-06-01,0.17049637,-0.56701505,0.09374008,-1.4005543,0.6450779,1.9950058,-0.8185142,2.9562535,-2.37552,3.7930589
1971-07-01,-0.08165588,-0.5190018,0.86718065,-1.8281021,0.78977126,2.2912517,-0.919767,3.166598,-2.8138463,2.71684
1971-08-01,0.23124847,-0.33380738,0.7097496,-1.7918472,0.49777183,2.8520615,-0.8201469,2.0485713,-2.8785176,3.1202178
1971-09-01,0.17016983,-0.5252075,0.58824617,-1.2810104,0.4350605,1.2865627,-0.659449,3.3370948,-2.393811,0.9223801
1971-10-01,0.12640266,-0.10778503,1.2672924,-0.55819666,0.82504654,1.4100262,-0.28481406,2.758974,-1.2356102,-0.3579773
1971-11-01,-0.0081653595,-0.11595078,2.854021,-0.64736444,0.35634422,1.8000126,0.2113243,1.0801384,-2.119122,-0.7058296
1971-12-01,-0.41676942,-0.5539505,3.188155,-0.15089913,1.2734982,-0.4500847,0.7972832,0.51116294,-1.5266304,-1.618084
1972-01-01,-0.5015308,-0.848127,2.1082673,-0.7471325,1.2050518,-0.0014343262,0.5500202,-0.24646148,-1.4233961,-1.3751938
1972-02-01,0.30384523,-0.13542481,3.4430058,-0.8515701,1.3556836,0.32995492,0.65962255,-1.625386,-1.8216368,-4.7777433
1972-03-01,0.04906273,-0.5032528,2.0965035,-0.8570217,1.5192261,-0.2808922,0.47542152,-2.9070446,-2.2112703,-0.61744577
1972-04-01,0.16497764,-0.13571167,2.046293,-0.47427407,0.89718974,1.8451641,-0.047628403,0.8811226,-2.2382407,-0.6926178
1972-05-01,0.107019804,-0.35147324,1.5014374,-1.3023169,0.84784013,-0.17903633,-0.6317913,1.575175,-3.3153274,-1.4122059
1972-06-01,0.4395569,-0.84497106,0.79619485,-1.710026,0.41373444,0.31532174,-0.7003647,1.5516478,-2.8364627,1.7981098
1972-07-01,0.6507286,-0.37069702,-0.5402645,-1.6311238,0.21949157,2.313413,-0.90264094,2.2092621,-3.4605076,2.8571208
1972-08-01,0.58014643,-0.107019804,0.6733948,-1.3817933,0.29208183,2.358459,-1.0572895,1.8787333,-3.4992414,1.6767437
1972-09-01,0.3052799,-0.29581147,0.20830193,-1.4337246,0.6756897,0.10874138,-0.5672352,1.468442,-1.8417209,-0.69979095
1972-10-01,0.6071167,-0.79762954,2.1561825,-1.1657441,0.7990643,0.8079586,-0.00086097716,1.1221329,-2.731451,-1.0592982
1972-11-01,0.062834546,-0.80279386,2.6224225,-1.3619957,0.5448559,0.5789989,0.11017609,1.264444,-2.7851045,-1.0750786
1972-12-01,-0.875671,-0.39049417,3.5204735,-0.41115227,1.2061999,-0.4539028,0.9878559,-0.89059144,-1.765975,-2.9483604
1973-01-01,-0.5845467,-0.5052269,3.922357,-0.69635963,1.144565,-0.9492914,0.30708617,-1.8695939,-1.131823,-4.279775
1973-02-01,-0.13411102,-0.8457611,3.0801003,-1.063652,1.284729,-0.09620323,0.6170395,-1.4261672,-0.844487,-1.9788586
1973-03-01,0.12773971,-0.9155251,2.489182,-0.7435055,1.3356975,-0.29306945,0.23509331,-0.2618515,-2.0135808,-1.4105575
1973-04-01,0.43100357,-0.27714196,2.831309,-0.7941555,0.6393383,-0.033129502,-0.26726723,1.8877518,-1.3146728,-0.47146034
1973-05-01,0.7705822,-0.38799897,1.9008125,-0.72056925,0.89449996,0.42495117,-0.12009506,3.5967948,-2.4060395,-1.1649525
1973-06-01,0.40743065,-0.4641327,0.4055191,-0.9005524,0.64602774,2.0387466,-0.18985824,4.616805,-2.2085357,3.7375953
1973-07-01,0.095566176,-0.8327011,-0.035359956,-1.3000195,0.4128464,2.8940644,-0.85914075,2.4611495,-2.7230008,2.788623
1973-08-01,0.48770636,-0.64347917,0.4520279,-1.9020866,0.5115982,2.21204,-0.73299295,2.9284682,-2.2585487,1.9329865
1973-09-01,0.061480712,-0.75146943,0.8572296,-1.3885777,0.6571773,1.7090431,-0.84130096,3.7372773,-2.2706537,2.5965345
1973-10-01,-0.087602615,-0.030580902,1.7631973,-1.3978157,0.42590675,-0.051287077,-0.1423935,2.243258,-1.8928486,-1.3098946
1973-11-01,-0.6498505,-0.5058643,2.9838967,-0.7935184,0.86614877,-0.8530876,0.13411102,1.1678193,-1.5408465,-1.1311855
1973-12-01,-0.16055146,-0.8540432,3.1473148,-0.41443902,1.8383758,0.44247168,0.6488945,1.247776,-1.6259003,-2.7417958
1974-01-01,0.752758,-1.121577,3.515941,-1.1297951,1.5827652,-1.172857,0.80502474,-6.6269045,-1.1814034,-2.639257
1974-02-01,-0.012490844,-1.3852074,3.7674084,-0.6577595,1.5439765,-1.0252635,0.6541435,-1.6524528,-0.6998352,-3.2266712
1974-03-01,0.11505051,-0.4546135,1.6606705,-1.115989,1.5610695,0.31490937,0.08250733,-3.9435997,-1.312561,-0.18210831
1974-04-01,-0.43489075,-0.38098145,2.5350537,-0.5243015,0.9549187,0.8283634,-0.21169281,2.4061978,-1.8467236,0.24555054
1974-05-01,0.28433877,-0.6952335,1.3013843,-1.7816379,1.1810749,0.95754814,-0.6981918,3.4998336,-2.9130769,-0.6949047
1974-06-01,-0.015778732,-0.25606996,0.6702507,-1.6149791,0.74092484,1.2770596,-0.38065186,1.8901142,-3.6326346,0.783329
1974-07-01,0.16337128,-0.43916398,0.46841964,-1.259309,0.1475933,3.5399373,-0.48354036,2.6175618,-2.8713298,1.9022766
1974-08-01,-0.042075347,-0.7195587,0.303405,-1.5663288,0.5742661,3.0899255,-0.5371208,2.7783036,-2.8854644,3.748014
1974-09-01,0.18309402,-0.3842682,1.1531334,-1.7602714,0.3612587,2.4048824,-0.35501328,2.2132416,-2.134021,1.2576656
1974-10-01,0.00558815,-0.10814743,1.0571492,-1.0367687,0.48880005,1.3408304,-0.13904686,3.2411346,-2.1409237,-1.6941993
1974-11-01,0.16107063,-0.5348202,2.4660237,-1.5196518,0.79680634,1.2560219,0.28631133,3.0067604,-2.735899,-1.8204266
1974-12-01,-0.47795218,-0.9920635,3.4623604,-0.85071564,1.8043194,0.19657192,0.7126549,-1.415448,-2.3983083,-2.9255676
1975-01-01,-0.027235413,-0.6469997,3.166275,-0.504488,1.3015995,1.838707,0.7869762,-2.565513,-1.4634281,-3.8319595
1975-02-01,0.37242812,-0.8322636,3.8319588,-1.0897328,2.0008526,-0.35722715,1.0951169,-0.6169144,-1.6357082,-2.888537
1975-03-01,0.2201004,-1.0529972,3.482966,-0.53109056,1.3402355,-0.15074463,0.1390274,1.3187004,-1.7303989,-1.0618645
1975-04-01,0.27520448,-0.5196892,2.123729,-0.67360115,1.3136333,0.0047504427,-0.31542435,1.1233025,-2.7913132,-2.5677295
1975-05-01,0.36672822,-0.2600029,2.041706,-1.1502212,0.90098536,0.694503,-0.4452675,2.9110222,-2.9012046,-0.85348207
1975-06-01,0.035469435,-0.46205217,-0.06808853,-1.4722958,0.57922745,2.0375888,-0.95323944,1.5194829,-3.257482,1.2132423
1975-07-01,0.090573505,-0.50132143,0.4569847,-1.2224267,0.69418603,1.1277363,-0.5320404,2.7976468,-2.641835,1.7845529
1975-08-01,0.009500885,-0.5168396,0.84619826,-1.0194279,0.6726513,3.8918138,-0.47788697,1.2822812,-2.7830791,2.4502368
1975-09-01,-0.078856274,-0.51588976,0.17449646,-1.4194084,0.5703598,1.7186813,-0.3569107,2.6326509,-1.6293745,3.1323895
1975-10-01,-0.28565484,-1.0339959,1.1328033,-1.0058098,0.48232,0.76544154,-0.19888191,3.9060645,-2.4857063,0.121609494
1975-11-01,0.28850555,-0.48485336,2.5601287,-0.5500919,0.9548229,0.27647096,0.06808853,2.4933066,-2.1199284,-1.4855969
1975-12-01,0.07030525,-0.9307545,2.92654,-0.4199318,1.183157,-1.7246983,0.7062206,-0.69545364,-0.9241039,-2.4695554
1976-01-01,0.2257225,-1.011884,2.2915397,-0.45178184,2.096093,-1.5575206,0.79759824,-2.7443314,-0.47061998,-1.7021713
1976-02-01,-0.17223588,-0.4514454,2.6575403,0.037677,1.7896347,0.8672329,0.98463595,-1.0690712,-1.0347588,-2.3359444
1976-03-01,0.0289299,-0.39627647,2.258573,-0.37676543,1.9215027,-0.32630578,0.51435167,1.6698776,-1.0623436,-1.9591793
1976-04-01,-0.20890275,-0.31083146,1.8215923,-0.8399841,1.3523182,1.2167499,0.15608826,3.0188317,-2.124014,-0.8285469
1976-05-01,0.16786233,-0.3168869,1.5470924,-0.93619424,0.58499527,-0.020856475,-0.51367915,2.891337,-2.8146381,-0.17358093
1976-06-01,0.12076683,-0.48979416,1.0825272,-1.3842758,0.7864975,1.7785336,-0.7797699,1.5968792,-2.9330497,2.461084
1976-07-01,0.40569535,-0.8971718,1.302195,-1.3264157,0.2479248,1.765414,-0.6112343,3.6515949,-3.1860206,3.3118331
1976-08-01,0.3878662,-0.2556618,0.3323601,-1.7166363,0.34144324,3.291986,-0.83594817,3.6983542,-3.4800324,0.47532958
1976-09-01,0.9469589,-0.46321946,0.7195541,-1.8881989,0.33976135,3.1840024,-1.1932018,3.424863,-3.5163631,1.7529675
1976-10-01,0.3582638,-0.49955025,2.0005558,-1.727401,0.42251548,2.0954201,-0.15507928,3.3535466,-3.5247731,0.21193047
1976-11-01,-0.018502045,-0.8473854,2.4341724,-1.0142384,0.50695115,3.584652,0.13792267,3.4988701,-3.0517983,-2.755096
1976-12-01,-0.23278733,-0.95368654,3.135561,-0.7548763,1.4764484,-0.09250946,0.4191513,-2.3985138,-1.481831,-1.4246433
1977-01-01,0.19779205,-0.7511867,3.3851173,-0.9496872,1.1361568,0.06722794,0.94190294,-6.1280303,-1.6569989,-2.0108314
1977-02-01,0.17231674,-1.0342529,3.1278813,-0.8223068,0.90475047,0.015568733,0.51978076,-2.6480834,-1.4468224,-2.4711678
1977-03-01,-0.7158035,-0.8757359,1.6290458,0.36657065,1.5607561,0.6082386,0.72571105,0.7235878,-0.86158293,0.1503788
1977-04-01,0.31703416,-0.36055565,1.8852208,-0.69315875,1.2263839,0.7023579,-0.050951384,2.7266355,-2.5882866,-1.0384991
1977-05-01,0.2837738,-0.40089265,1.9195427,-1.2164768,0.36515504,1.4156849,-0.19814682,1.1743705,-2.9608722,-1.0384995
1977-06-01,0.26537475,-0.8537979,1.654876,-1.3650868,0.23989868,1.7627947,-0.23034516,2.7008052,-3.405994,1.1106812
1977-07-01,0.12737961,-0.48121262,0.41893768,-1.640015,0.16063996,4.449801,-1.0331917,2.0709832,-2.984579,3.0634835
1977-08-01,0.12030335,-0.0074310303,0.526857,-1.4213463,0.267852,3.0068705,-0.5155342,2.92372,-2.999794,1.7228115
1977-09-01,0.4207077,-0.3559555,0.7533096,-1.5197113,0.3821396,2.8150933,-0.31986466,1.1874626,-3.3026745,2.101413
1977-10-01,0.29863435,0.0060157776,1.719627,-1.2819363,0.4199993,-0.37010917,-0.07076721,3.5280662,-2.4984126,0.84601367
1977-11-01,-0.23105316,-0.5707321,2.6494994,-1.0201,0.3563095,-0.62982213,0.17090073,0.6004547,-1.9956167,-1.274152
1977-12-01,-0.5916084,-0.45962906,2.627562,-0.7550789,0.8859974,0.0346756,1.3527027,-3.1639724,-1.7213962,-2.2510834
1978-01-01,-0.3210327,-0.98112106,3.360295,-0.348238,1.4358028,-0.57608986,0.5196373,-2.9743087,-0.28736457,-2.462494
1978-02-01,-0.09726181,-0.9903027,3.0059357,-0.8896397,1.8170284,0.0054412843,1.125653,-3.4218476,-1.500077,-1.6626335
1978-03-01,0.34449768,-0.7896568,3.3732185,-0.90664405,0.81822395,-0.59921455,0.8828384,-1.0940254,-1.9632614,-2.275792
1978-04-01,0.19452362,-0.56996804,2.4468503,-0.58017004,0.9712578,0.8746765,-0.3149109,0.75700986,-2.3196614,0.422715
1978-05-01,0.28396377,-0.68219376,0.83284724,-1.3402412,0.79237825,-0.47576714,-0.9756794,0.5196369,-3.1008172,-1.0494759
1978-06-01,0.23601303,-1.0504959,0.58119047,-1.2701858,0.47712785,2.953904,-1.138916,2.4556918,-3.1589704,3.1640713
1978-07-01,-0.3152504,-0.87977755,0.0027206421,-1.3235775,0.31593055,4.1200266,-0.739666,1.6449497,-3.1249626,1.4371628
1978-08-01,0.27376097,-0.57813036,0.16629715,-1.4177792,0.062913515,2.18023,-0.767553,2.2356625,-3.395663,2.6410336
1978-09-01,0.18126068,-0.62404025,1.1548996,-1.2300564,0.5794903,3.1892364,-0.36966324,2.6332119,-3.3868213,2.5056832
1978-10-01,0.10236359,-0.17547989,1.5470073,-1.3718681,0.60125506,-0.28600445,-0.31729126,2.728773,-2.5713181,-0.59581375
1978-11-01,-0.11596604,-0.2928055,2.704288,-1.0389332,0.28226358,-0.40299073,0.3251133,0.562146,-3.1480877,-3.5486977
1978-12-01,-0.65362704,-0.79985964,3.0997968,-1.1015079,0.95901567,0.8777374,0.5604458,0.32137147,-2.286674,0.85121155
1979-01-01,-0.2726387,-0.71742326,2.3505797,-0.53992575,1.8716042,-2.015505,1.1788582,-2.312226,-0.3555897,-1.3233532
1979-02-01,-0.055003356,-0.9020569,4.2126703,0.19593124,1.9367161,0.01783905,0.39156532,0.3190197,-1.3001629,-2.6157856
1979-03-01,-0.066301726,-0.9335724,3.6810691,-0.461137,1.6952957,0.53160095,0.6026596,-2.427585,-1.2490246,-2.8283668
1979-04-01,-0.06005783,-0.29820785,2.6354089,-1.4220623,0.7144505,0.49978828,-0.4037548,2.1109428,-2.0996451,0.7733189
1979-05-01,0.3190201,-0.94041026,2.129377,-1.4624974,1.0536877,1.1384226,-0.4757057,3.0234063,-3.1821733,-2.1151059
1979-06-01,0.48967934,-0.6995842,1.0102799,-1.7065938,0.48611182,0.5669819,-0.49562606,0.93654555,-3.030542,2.8149877
1979-07-01,0.32496643,-0.06005783,0.07849121,-1.423846,0.025866318,3.4961388,-0.85597265,1.8719015,-3.3578868,2.497157
1979-08-01,0.1718483,-0.62614787,0.27382812,-1.5692337,0.17422715,2.6220295,-0.9472488,0.97489893,-2.7983377,1.0578502
1979-09-01,0.3216961,-0.7001793,1.4181976,-1.2674583,0.55122375,0.74626315,-0.4245674,2.68625,-3.0005126,-0.6891781
1979-10-01,0.3862133,0.07373466,2.0119371,-1.5115544,0.09395218,1.0950149,-0.461137,3.3141816,-2.71836,0.48997688
1979-11-01,-0.27947694,-0.46797523,2.3074691,-0.9903595,0.6270393,0.19652596,0.14449577,2.2777374,-2.0675352,-2.4593978
1979-12-01,-0.82534903,-0.7412087,3.0641387,-0.8179161,0.632391,-0.646365,0.9198955,-1.1205841,-1.8362234,-2.9883232
1980-01-01,0.061787415,-1.0274296,3.9098382,-0.7785908,1.5382751,0.35924608,0.74212646,-4.5111704,-1.2192078,-2.0460808
1980-02-01,0.09285049,-0.24242362,3.2065399,-0.71410215,1.13311,-0.2555912,0.93694305,-6.3259697,0.018232346,-2.399587
1980-03-01,-0.30826265,-0.61686325,2.7331727,-0.41563112,1.6186326,0.48889846,0.30252305,-1.0591682,-1.8921185,-1.9586327
1980-04-01,-0.12830201,-0.55811423,2.1602025,-1.1641728,1.2668145,0.9146589,-0.24714966,4.361596,-2.133529,0.37443963
1980-05-01,0.2785507,-0.36431044,2.137918,-1.6112045,0.55068624,1.7151966,-0.5365051,3.1697376,-3.1342854,-0.847469
1980-06-01,0.18941422,-0.7046486,0.6067337,-1.3177979,0.16915627,1.3218495,-1.0321563,1.8293178,-3.3233619,2.1436582
1980-07-01,0.2819275,-0.7363861,-0.0047271727,-1.1098133,0.13370438,3.2386155,-1.1418892,0.9133085,-3.350373,1.3022665
1980-08-01,0.39773637,-0.18840179,-0.06583862,-1.5028229,0.3646477,1.2975395,-0.78129274,1.3657423,-2.8466182,2.4809575
1980-09-01,0.46087494,-0.77926636,0.26504517,-1.4022068,0.66008073,0.4443306,-0.74617803,2.6261413,-2.209835,1.7114826
1980-10-01,-0.17928544,-0.49598846,2.5258636,-1.0088596,0.71342695,1.0480255,-0.26774636,3.8588543,-2.0484445,-0.01553154
1980-11-01,-0.16814347,-0.6992462,2.6764495,-1.7634789,0.7377373,-1.1175789,0.0962265,0.75597,-1.8637569,-0.64623755
1980-12-01,-0.27652436,-0.7357109,2.65923,-0.9831993,1.0973206,0.705324,0.5817486,-5.5099,-1.8087223,-0.74651563
1981-01-01,0.103508756,-1.2153091,3.5086503,-1.4072777,1.5364796,-2.2995808,0.82843626,-5.981111,-1.3834187,-1.6069534
1981-02-01,-0.030832672,-0.6948296,2.5150402,-0.60526884,1.5574013,-1.1029915,0.6467453,-3.969667,-0.31933516,-1.8525112
1981-03-01,0.054691315,-0.3619133,1.7236755,-0.2885025,1.1378609,0.6603268,0.44376603,0.7697083,-2.2962773,-1.8646244
1981-04-01,-0.2587715,-0.5043297,2.029063,-1.4604995,0.5924221,0.45734692,-0.4353241,1.3925953,-2.3436267,-0.75282323
1981-05-01,0.06313286,-0.25069618,1.9016964,-1.9589565,0.53185844,0.613711,-0.64197385,0.75612676,-2.94339,-0.0025691986
1981-06-01,0.30245057,-0.6416069,0.5351616,-1.0336189,0.7131821,3.2326272,-0.6349999,3.2351959,-3.6683173,0.118924715
1981-07-01,0.38723984,-0.70730895,0.48854598,-1.0960175,0.13911286,3.3100746,-0.7469513,2.4060256,-2.714349,2.7976704
1981-08-01,0.046982575,-0.043679047,-0.06753769,-1.0582107,-0.00073394773,4.202011,-1.1341903,0.805312,-2.8461208,3.1085632
1981-09-01,0.2818962,0.005873108,0.8310059,-1.6377857,-0.17214736,-0.026060486,-0.5964592,2.9088867,-1.7453324,1.3129448
1981-10-01,0.23601456,-0.6379364,1.5350113,-1.5151905,0.78916204,-0.29143944,-0.26831514,1.5089508,-2.8358433,-1.5214303
1981-11-01,-0.1930687,-1.0706902,3.1816065,-1.0336186,0.6074711,1.7559764,0.16884384,3.5728843,-1.7038552,-2.5767047
1981-12-01,-0.10828018,-0.81779176,2.966147,-0.5685638,1.2454071,-0.5131386,0.93561554,0.6713379,-1.0064564,-1.023341
1982-01-01,-0.010353088,-0.80689275,3.170628,-0.77842176,1.2468983,-1.7658459,0.96542394,-3.2605705,-0.06535377,-1.7428745
1982-02-01,-0.016176606,-0.43482894,3.386425,-0.26368028,1.6209028,-1.2766631,0.67780304,-3.6232517,-0.29829788,-3.2130115
1982-03-01,-0.434182,-0.29959184,2.9231253,0.18764953,1.5998733,0.086383246,0.56586,1.8800533,-1.1546913,-2.0046132
1982-04-01,-0.15723725,-0.22485581,1.998143,-0.98968923,1.1414264,2.0984383,-0.039794542,0.8654518,-2.5090022,-0.3769165
1982-05-01,0.24459152,-0.4076523,1.8531997,-1.5125191,1.038866,0.7250389,-0.32450408,0.8373047,-3.1563926,0.052736092
1982-06-01,0.42868194,-0.3866226,0.7638626,-1.4707832,0.3930931,3.0548031,-0.35556334,3.8946965,-3.2155995,1.0126598
1982-07-01,0.80689317,-0.55485994,0.05467682,-1.3384578,0.38888702,3.3087769,-1.1501617,2.9858906,-3.7254882,1.5730197
1982-08-01,0.06535339,-0.6072723,0.47203523,-1.257251,-0.39018136,0.49209443,-1.0126603,1.4947249,-2.7125049,3.4430435
1982-09-01,0.10029526,-0.36559296,0.77583313,-1.228133,0.24038544,2.490561,-0.9883949,2.4863548,-2.8713596,0.44874114
1982-10-01,0.070207216,-0.5736248,1.7972286,-1.7021096,0.41703492,0.8023632,-0.39147568,1.5455196,-2.7235053,-0.18085518
1982-11-01,-0.85704005,-0.61633146,2.6002388,-0.2775917,1.2676042,-1.358517,0.23812103,1.1825149,-1.6943448,-2.3592057
1982-12-01,-0.33712196,-0.4519764,3.4741027,-1.5047541,1.7606691,-1.0414543,0.879364,1.4526657,-0.30250376,-4.221142
1983-01-01,-0.13014908,-0.49879724,2.931937,-0.8762299,0.70736104,-0.42428628,1.2465045,-4.894586,-1.0473759,-2.6664321
1983-02-01,0.078739926,-0.29413757,3.8677094,-1.139782,1.5500771,-1.4553936,1.4414032,-5.522232,-0.1340538,-3.290498
1983-03-01,0.34294358,-0.37548065,3.1967902,-0.3426178,0.7470566,-0.32537308,1.1999756,-3.705349,-1.6886864,-3.692334
1983-04-01,0.90941775,-0.32146835,2.7422442,-0.76820564,1.0102832,1.934343,-0.2075882,2.004949,-2.4598205,-1.9411755
1983-05-01,0.8072506,-0.30162048,1.7378175,-0.9738415,0.47406846,1.2842476,-0.40411338,2.7819397,-2.696692,0.20693703
1983-06-01,0.47862396,-0.20661163,1.1072448,-1.4807727,0.50074923,1.0971581,-1.1384804,4.1446023,-3.3272653,1.6799011
1983-07-01,0.44836426,-0.5394691,0.45129243,-1.5185165,0.12949868,3.259262,-1.0034508,2.3703427,-3.3311696,2.1764202
1983-08-01,0.3133339,-0.6419609,0.7441284,-1.8744743,0.37613145,1.210388,-0.76072234,0.09208069,-3.046468,1.7293577
1983-09-01,0.40671653,-0.022776032,0.5095345,-1.2494323,0.5079071,1.4046357,-0.88826907,3.2351844,-2.2818413,2.7845426
1983-10-01,0.0016269684,-0.059542846,2.1087432,-1.5351101,0.38394013,0.6953224,-0.42721558,3.7261727,-1.3245938,-0.19001731
1983-11-01,-0.34424478,-0.56094325,3.0217395,-0.84759676,0.8121311,1.0499786,0.45487136,1.7986625,-1.4980179,-0.7233044
1983-12-01,-0.11876144,-0.37222672,3.739513,-0.903886,1.222752,0.17928085,0.44250792,-3.0110023,-1.6297935,-2.0674202
1984-01-01,0.12904587,-1.0489715,3.83954,-0.3487343,1.6800152,-0.0103790285,0.2494423,-5.622653,-1.416734,-3.072878
1984-02-01,0.3961319,-0.46117324,3.5240188,-1.044474,1.4952691,1.0250995,0.47328264,-1.9903481,-1.8578418,-2.730371
1984-03-01,-0.18163224,-0.2674324,2.5220985,-0.36464843,1.169714,2.2864952,0.5400543,-3.6897368,-1.4682839,0.64315224
1984-04-01,0.50822526,-0.5137604,2.7379818,-0.63623315,0.97597235,0.68259275,-0.024217987,2.9549026,-2.4075835,-0.9548687
1984-05-01,0.66183436,-0.38713685,1.1925476,-1.2371776,0.9707829,1.8474633,-0.21795884,1.7575119,-2.9023159,-0.6552612
1984-06-01,0.0010383606,-0.27711946,0.44837266,-1.0468956,0.5722294,0.7697765,-0.76527864,2.8251655,-1.9176944,2.8936667
1984-07-01,0.20100708,-0.34077758,-0.47016907,-1.540245,0.07438278,3.2493205,-0.90124434,0.1165905,-2.682281,0.31344604
1984-08-01,0.12523957,-0.14634399,0.753862,-1.2416748,0.44802704,2.3356223,-0.88429105,0.86422503,-3.6087804,1.1413448
1984-09-01,-0.10379028,-0.6704842,0.7628571,-1.6647927,0.25670737,1.8948606,-0.6310436,2.8947048,-3.1991553,0.37226066
1984-10-01,0.46394196,0.30860215,1.0316731,-1.5073773,0.8680309,0.4241554,-0.03321304,1.8588798,-1.6122055,-2.696466
1984-11-01,-0.3653412,-0.13215904,3.3984325,-1.2991059,0.58745193,0.5109932,0.30825654,2.0886025,-1.8094066,-0.717535
1984-12-01,-0.25774536,-0.9842758,3.7786498,-0.63692474,1.8049091,1.5886803,0.6372711,-1.0375545,-1.337162,-3.3451538
1985-01-01,-0.28528214,-0.4059387,3.7019925,-0.3999588,0.88996965,0.512524,1.1277637,-6.0050077,-1.2526413,-1.1843987
1985-02-01,0.119952396,-0.38272247,3.217961,-0.79006803,1.2033939,1.151684,0.4404114,-1.5752109,-1.5653617,-3.1233354
1985-03-01,-0.040804673,-0.5754906,2.2586937,-0.09462509,1.7975277,-0.65815544,0.6764473,3.061777,-1.0296211,-0.9216286
1985-04-01,0.17166214,-0.55508804,2.4563866,-0.86745644,1.1861572,2.2442715,0.091107175,2.7599614,-2.3948274,-1.8207442
1985-05-01,0.19241638,-0.45800018,1.2033939,-0.9874088,0.82559663,1.4848073,-0.19980316,2.3638718,-3.419524,-0.9195183
1985-06-01,-0.13015366,-0.73097074,0.52905655,-1.7563709,0.28317183,1.997331,-0.9364033,3.4571633,-2.9506187,0.7095135
1985-07-01,-0.06542816,-0.39468232,0.2870415,-1.6782792,0.11749039,2.4602554,-1.0085151,2.2815585,-1.6522478,3.398066
1985-08-01,0.07457428,-0.35071182,0.5019714,-1.270581,0.37533492,2.811319,-0.5339821,1.661042,-3.378015,2.3385448
1985-09-01,-0.023217011,-0.18995361,0.47699586,-1.3187736,0.291967,2.0402465,-0.5030258,2.1288917,-2.8141334,1.439429
1985-10-01,0.28457946,-0.14352036,1.588578,-1.6518962,0.23146248,1.1798254,-0.56352997,1.7982314,-2.8950398,-1.0950501
1985-11-01,-0.4664421,-0.3296051,3.3248982,-1.2730434,0.2743782,1.0394703,0.16884765,-0.27895126,-1.8154675,-1.2477165
1985-12-01,-0.2550308,-0.4864933,2.3406556,-0.4949356,0.6757439,1.2642494,0.8132843,-0.91283417,-1.7454662,-2.5671928
1986-01-01,0.09158401,-0.59579545,3.366296,-0.8688828,1.5192955,0.35234872,0.42794722,-1.7464249,-1.579908,-1.9469097
1986-02-01,-0.063941956,-0.5864708,3.906475,-0.3749954,1.4773338,0.15685883,0.6773888,-6.5047975,-1.045723,-1.9682243
1986-03-01,0.06993713,-0.5957962,3.7735953,-0.7340042,1.0913486,0.15153007,0.4259491,-2.3718598,-2.1317432,-1.9908702
1986-04-01,-0.23412247,-0.3360302,1.6435171,-0.66240233,1.1073341,0.60645294,-0.021980286,-0.04595833,-2.5616887,-0.83458024
1986-05-01,0.06560745,-0.3090538,2.0947769,-1.3677658,1.0653721,0.8678833,-0.9574696,1.5579275,-2.7481868,-1.0660381
1986-06-01,0.37332994,-0.5501701,0.7429962,-1.654507,0.3023941,1.295831,-0.5411785,3.9004807,-3.4888523,2.30159
1986-07-01,0.16485138,-0.3140503,0.10423889,-1.43737,-0.09291611,3.3126779,-0.9841118,3.0092845,-3.1315079,0.9754532
1986-08-01,0.29839706,0.08026047,0.50754166,-1.6511772,-0.215139,4.1329374,-1.2315552,2.0561447,-3.439563,1.3251377
1986-09-01,0.29639894,-0.12288971,0.54051286,-1.3587742,0.20448227,1.6491787,-0.9771187,1.9752182,-2.9233623,0.2138073
1986-10-01,0.16218719,-0.2727539,2.351878,-1.3664337,0.6620693,2.7205453,-0.17617455,1.9519058,-3.060239,-1.6152092
1986-11-01,-0.7779648,-0.51287,2.3548753,-1.2262272,1.3501148,1.6555065,0.33336562,0.708361,-2.1760364,-1.5309525
1986-12-01,-0.93215907,-0.09358215,2.7491863,0.31238478,1.2868389,1.3970726,0.6470833,-1.9209335,-2.0947769,-1.7094578
1987-01-01,-0.32943574,-0.9839718,3.658136,-0.74589807,1.2123764,-0.84459573,0.5321655,-2.4670997,-0.50048864,-0.8169201
1987-02-01,-0.5228287,-0.64986837,2.3140519,-0.4197975,1.4047699,-1.3527533,0.96963423,-3.076622,-1.141021,-0.46781197
1987-03-01,-0.06535339,-0.5438358,1.079335,-0.90528107,0.88194084,2.1503344,0.5224956,-0.18205719,-2.1983495,-0.7725735
1987-04-01,-0.42980042,0.16305085,1.8872528,-0.62352717,0.9753029,-0.7018846,0.27308503,0.5778465,-1.9919517,-1.2140434
1987-05-01,0.1243721,-0.26308173,1.7715499,-1.1843678,0.3157646,1.548481,-0.33810502,1.9469379,-1.5364771,0.4828163
1987-06-01,0.18572465,-0.94295996,0.49648744,-2.1363304,0.2704174,1.074667,-1.1533585,2.794868,-2.591472,-0.37178192
1987-07-01,0.22973785,-0.70488584,0.56950986,-1.765548,0.20473023,3.8718693,-1.4357792,1.6191696,-3.3947208,1.6141678
1987-08-01,0.5838478,-0.20473023,0.101364896,-1.8332363,0.29709244,1.7695496,-1.0719998,2.7021725,-2.722512,2.263703
1987-09-01,-0.117369846,-0.47047958,0.4714798,-2.1833446,0.23674011,1.0609963,-0.46547776,2.5961394,-3.220667,1.6441772
1987-10-01,0.094696045,-0.1443779,2.0396335,-1.6044983,0.47114602,0.51082534,-0.3821186,2.896233,-3.085958,-0.93495715
1987-11-01,0.2370739,-0.43613586,2.5571275,-1.3934326,0.29509163,1.1330183,-0.023007203,1.5718216,-2.2253575,0.27908707
1987-12-01,-0.103365324,-0.79724807,3.0582833,-0.562508,0.8652687,0.2824211,0.83492583,0.92195356,-1.6875241,-0.8659355
1988-01-01,-0.36539537,-0.6433636,3.1991315,-0.2829731,1.5393337,-1.4515717,0.8085419,-1.1332276,-1.4001831,-2.0085092
1988-02-01,-0.3457077,-0.45716172,2.0004997,0.050387572,1.0257778,0.9610405,1.0875111,-4.1761904,-1.223325,-1.6180862
1988-03-01,0.24726792,-0.6877449,3.0636508,-0.62567747,0.69074786,-0.57762563,0.5269043,2.3485436,-2.849419,-2.7366307
1988-04-01,-0.07141075,-0.6183365,1.7976134,-1.466922,1.1665967,0.83323574,0.37140235,2.6862426,-1.8480015,0.42078894
1988-05-01,0.15149765,-0.54592437,1.5486771,-1.334779,0.4094433,0.71410674,-0.49653777,3.3676467,-2.5160584,-0.64936984
1988-06-01,-0.017352294,-0.5339111,1.3768241,-1.3117539,0.064402774,1.6744802,-0.81955415,3.0456321,-2.4803529,0.84391403
1988-07-01,-0.07941894,-0.24359664,-0.5122215,-1.4275459,0.2022194,2.9194953,-0.88162154,2.7846825,-2.3021598,3.7517295
1988-08-01,-0.078084566,-0.66071546,0.5919739,-1.2436802,0.44047698,1.6634681,-0.9557015,1.9601231,-3.0189362,1.5012928
1988-09-01,0.07941894,-0.42245787,0.6093262,-1.7338779,0.2489357,1.4849415,-0.55293196,3.6212552,-1.8196373,1.9768074
1988-10-01,-0.39743042,-0.07274552,1.36381,-1.4962871,0.49420205,-0.27429658,-0.17085151,3.8067894,-1.3648113,-0.64670026
1988-11-01,-0.02769661,-0.88095397,3.0930161,-0.46250075,0.9226662,-0.076416016,-0.27429694,2.5754561,-1.8276459,-0.711771
1988-12-01,-0.75181425,-0.63835794,1.8510044,-0.49553642,1.5840489,-0.35471764,0.43814164,-0.92366636,-0.43947563,-1.4479011
1989-01-01,-0.110629275,-0.4090561,3.370416,-0.94743,1.6832488,1.6446642,0.18146744,-0.9781769,-2.0299065,-4.6943474
1989-02-01,-0.25954133,-0.9145733,3.7511368,-1.1997368,1.7637336,2.4597616,0.26526833,-2.0648735,-1.3383996,-4.528253
1989-03-01,0.17785072,0.051847838,2.1333008,-0.7240623,1.4737469,-0.8898552,0.56068075,-2.0874817,-0.67221415,-1.930732
1989-04-01,0.113040544,-0.24537353,3.2236145,-0.5245079,1.583773,1.0013882,-0.12690659,0.84644735,-1.8993824,-1.6726986
1989-05-01,0.13715553,-0.15252915,1.4360669,-1.1147301,0.58479613,1.2446514,-0.5254124,1.1906933,-2.1281762,-0.8771942
1989-06-01,-0.0030143738,-0.39669722,0.18930511,-1.2732884,0.7964085,2.6653447,-0.7822403,2.800089,-2.7624087,2.2002208
1989-07-01,0.061493684,-0.4886368,0.60830843,-1.6594349,-0.2999344,3.2196956,-1.4164734,2.4513214,-3.2700362,1.4749527
1989-08-01,-0.07596283,-0.36805955,-0.008741761,-1.8345722,0.3068672,3.6344788,-0.75812495,1.5105226,-3.1494594,1.9349521
1989-09-01,0.16549149,-0.3499733,0.19201812,-1.5289109,0.5260151,2.8046105,-0.45999986,3.0707834,-2.969499,1.5575478
1989-10-01,0.34123152,-0.4871292,1.6717937,-1.079763,0.5374702,1.8481369,-0.37258148,3.0442567,-2.4142442,-0.19081268
1989-11-01,-0.44854468,-0.36203116,3.4394462,-1.2711785,-0.26647416,1.2054641,0.1260025,2.132698,-2.0965247,-0.64930457
1989-12-01,-0.5112446,0.025019836,3.233863,-0.7107986,0.009344864,0.22668418,0.67221415,-2.834755,-1.5271022,-1.4894218
1990-01-01,-0.48430365,-0.8335953,3.0940013,-0.71437186,1.3024324,-0.9415407,1.1996429,-1.0894417,-0.6547607,-3.6134276
1990-02-01,-0.09795646,-0.46142578,2.0177712,-0.29676896,0.8500288,0.50718176,0.93284035,-0.013533401,-1.4416332,-2.700243
1990-03-01,-0.4520813,-0.71952784,2.684454,-0.30643576,1.0317634,1.0420746,0.4994484,-2.193061,-0.52522624,-3.5241714
1990-04-01,0.086034015,-0.33575743,2.4327967,-1.3014656,1.4406666,1.347866,-0.07024498,-1.3214436,-1.8647144,-1.9636376
1990-05-01,0.23844643,-0.3093357,1.4490445,-0.99986345,0.6309158,0.1143898,-0.3409134,3.198402,-3.2222474,1.2370205
1990-06-01,0.12534523,-0.38795853,0.7668945,-1.1058754,0.24070206,2.5017524,-0.777528,2.366096,-3.146524,0.7965395
1990-07-01,0.12695694,-0.18044586,0.6022385,-1.2721428,0.17754555,2.4176521,-0.6009491,2.6009977,-3.3881927,2.8942223
1990-08-01,0.24972458,-0.19269028,-0.11890106,-1.2257423,-0.15112343,3.7407067,-0.9637745,3.0376124,-3.1845467,2.525275
1990-09-01,0.110845186,-0.3315689,0.4810814,-1.4480778,0.07153396,1.7877029,-0.81426203,3.345337,-3.2673583,2.4447188
1990-10-01,0.22426872,-0.34768066,2.2958512,-1.3771884,0.15917893,0.56872654,-0.22684631,2.8155994,-2.7936883,-1.7851245
1990-11-01,-0.10697822,-0.20203476,2.6180758,-1.2569988,0.1279232,1.2067316,0.26712418,-0.4404812,-2.248806,-1.1271423
1990-12-01,-0.16336784,-0.6837608,3.437493,-0.17464599,0.9183403,-0.79106176,0.29547995,-1.0449746,-1.2228428,-1.9771706
1991-01-01,-0.05747833,-0.55423546,4.0591497,-0.18592301,0.98677063,-0.8319958,0.8477303,-4.537925,-1.5477493,-2.7217274
1991-02-01,0.21835403,-1.0500294,2.9410453,-0.9199791,1.6138985,-1.6611011,0.5375382,-4.188236,-0.4880867,-2.7374618
1991-03-01,-0.020872498,-0.28032875,2.6170454,0.2507866,1.305954,1.1624177,0.5112068,1.54197,-1.2083366,-1.0554882
1991-04-01,-0.025688935,-0.57607114,2.7198005,-1.4282967,1.385268,1.2189331,-0.2016571,2.5483277,-2.801684,-1.598806
1991-05-01,-0.69295466,-0.68171656,2.2484112,-1.3300369,0.7478649,0.979385,-1.0079635,3.2094932,-2.9798996,-1.3965069
1991-06-01,0.3663864,-0.66566086,0.017661285,-1.6325222,0.37955207,2.0101476,-1.5008675,1.4690775,-2.0750122,0.46946257
1991-07-01,0.32014617,-0.20454712,-0.30023727,-1.2346675,0.12940712,3.036736,-1.0410378,3.1921532,-3.054076,2.884209
1991-08-01,0.43446198,0.055230714,0.36638564,-1.3958648,0.119773865,2.8023262,-1.1360862,2.028451,-3.3453224,2.7136998
1991-09-01,0.13101272,-0.44409484,0.98741305,-1.4790322,0.2539978,2.1742349,-1.2783387,4.9861937,-3.3279827,0.8030958
1991-10-01,-0.07674561,-0.49547234,1.4681149,-1.3634326,0.80662805,-0.5018948,-0.095048524,2.0403323,-2.9044387,-2.217585
1991-11-01,-0.4187271,-0.26042023,3.1960063,-0.5063904,0.68685377,0.6733673,0.11688385,1.008928,-2.1283162,-1.7478012
1991-12-01,-0.22927245,-0.8747032,3.0730217,-1.3505878,1.2054466,0.24918118,0.4726738,1.4629768,-1.9109247,-1.6935333
1992-01-01,-0.9080013,-0.031164933,2.7240055,-0.5934311,1.0732406,-0.5797966,2.0471432,-4.2101808,0.17432861,-2.2954879
1992-02-01,0.3301529,-0.21685562,3.374897,-1.0660988,1.3300263,-0.47851068,0.22886658,-3.2541327,-0.5684341,-5.645713
1992-03-01,-0.20257148,-0.6340107,1.285876,-0.5914837,1.087849,-0.6807579,0.69179535,-0.78626406,-0.55512464,-3.579741
1992-04-01,-0.21815415,-0.16069373,1.5137691,-1.3475567,1.0417511,0.77977145,-0.026944732,-0.31586915,-1.987086,-1.1313503
1992-05-01,0.28243178,-0.1996502,1.6455705,-1.0862259,0.7791222,2.8162014,-0.49539185,-0.016231919,-2.8028915,-0.7787975
1992-06-01,0.33794403,-0.18439178,0.8291157,-1.6280403,0.62621915,1.7150425,-0.7518524,1.6812805,-3.2635474,1.2988613
1992-07-01,0.2545128,-0.64537275,0.4421524,-1.6059654,-0.04317627,2.728875,-1.2076385,3.0531845,-2.6035664,2.3019807
1992-08-01,0.42429656,-0.53694457,-0.013634491,-1.6926426,-0.21815415,2.9382644,-1.06902,2.4698167,-3.1499257,3.1632352
1992-09-01,0.050643157,-0.4596817,0.9323494,-1.039154,0.384367,3.3365903,-0.9566971,0.9813692,-2.6723886,2.3386643
1992-10-01,0.1094017,-0.30028686,1.9331963,-1.3965763,0.28795052,0.84664613,0.04285202,2.8035407,-3.309321,-0.9739025
1992-11-01,0.24444962,-0.32755584,2.3811917,-0.8917702,0.7271805,1.663101,0.46552545,2.2601027,-2.8512619,-1.1573212
1992-12-01,-0.31716806,-0.32982826,3.6391487,-0.7294529,1.3910576,-0.17432861,0.7479569,-0.32625732,-1.8234704,-1.0956405
1993-01-01,-0.15336457,-0.8771202,2.4401977,-1.0224292,1.3839973,-1.8217831,0.74575347,-1.5983979,-1.3031324,-4.2585726
1993-02-01,0.20231704,-0.54095805,1.1705267,-0.10905914,1.508548,-0.30486965,1.3997986,-4.118222,-1.4431744,-0.89478
1993-03-01,0.021997834,-0.23082122,3.1664324,-0.31912193,1.3118076,1.7616765,0.5697716,-1.4152901,-2.058181,-2.527259
1993-04-01,-0.11680527,-0.31292534,1.4075444,-1.115997,1.019331,0.40618342,0.2144001,0.39595947,-2.0519843,-0.018899154
1993-05-01,0.13384514,-0.75876653,1.3536345,-1.6340278,0.63607484,0.77239877,-0.50563776,2.0894737,-2.946765,1.1209542
1993-06-01,0.35072404,-0.65094644,0.9028362,-1.4983234,-0.055768587,1.7734497,-1.1683575,2.1012466,-2.9266262,1.1822999
1993-07-01,0.0982151,-0.14747772,-0.29557496,-1.6049042,0.17443275,1.5243492,-1.2402375,3.036615,-1.8871565,2.0216217
1993-08-01,0.23949662,-0.56109697,0.08984985,-0.9988823,-0.06692276,2.4355502,-1.4434837,2.810751,-2.629192,1.7709717
1993-09-01,0.39440995,-0.56171644,0.7355297,-1.6724465,0.21471024,2.7639673,-0.90965235,2.9622562,-2.5563827,1.0574398
1993-10-01,0.7054764,-0.21842805,1.288261,-1.2042977,0.64475024,1.00322,-0.3693138,3.2869554,-2.56165,-1.5640068
1993-11-01,-0.03655968,-0.6689167,3.132661,-1.1271508,0.92979085,0.6264702,0.0907795,0.34049988,-2.0925717,-0.89725876
1993-12-01,-0.38387528,-0.6701557,2.9300346,-0.95085907,1.4797341,0.81081736,0.87185323,-0.7538101,-0.88021886,-1.0137542
1994-01-01,-0.15737534,-0.76444054,3.4258378,-0.37197798,1.6371578,-1.098375,1.2368912,-2.332341,-1.3302113,-2.0507557
1994-02-01,-0.07413559,-0.82036704,4.024774,-0.78947794,1.9753195,0.33848685,0.9605091,-1.9496323,-0.71241534,-3.4222617
1994-03-01,-0.34336472,-0.6555134,3.2128613,-0.7342011,1.5337585,3.239849,0.72314566,-1.0528533,-2.0748172,-2.3069777
1994-04-01,0.1733078,-0.27085418,3.0870261,-1.3526471,1.0014789,0.236063,0.044546127,1.0118835,-2.503697,-0.19314232
1994-05-01,-0.108601764,-0.7758209,1.6371578,-0.92376673,0.85483396,1.8706192,-0.7215198,2.4155796,-2.3099046,-1.6732502
1994-06-01,0.18956566,-0.7689926,1.1185344,-1.3965428,0.033490755,1.8283489,-1.0645592,1.8943558,-2.902663,1.353947
1994-07-01,0.70688856,-0.45586777,-0.0058532716,-1.4521446,-0.07413559,2.2832417,-0.9257172,2.5316606,-3.0854003,3.0587373
1994-08-01,0.3979904,-0.4467636,0.53293,-1.6387837,0.053650666,2.0657127,-0.8512573,1.0388718,-2.3544507,2.4321628
1994-09-01,0.64738387,0.0055274963,0.5322796,-1.9779209,0.32873192,2.4155796,-0.8743431,2.737484,-3.5916672,-0.3963646
1994-10-01,-0.03901825,-0.6496609,1.8153427,-1.6976368,0.5095188,0.64640886,-0.18859024,3.11564,-3.001185,-2.0572588
1994-11-01,-0.1482708,-0.49813804,3.183597,-1.1978725,0.27638206,-0.89515305,0.09592094,-0.02341156,-2.0861974,-0.07836227
1994-12-01,-0.9881474,-0.7608639,2.6236796,-0.42465287,1.8208706,-2.3684325,0.8808464,-0.07543564,-1.846883,-3.1553085
1995-01-01,-0.43942565,-0.9906174,3.6903446,-0.97881585,1.6806481,-0.1128067,0.7667389,-3.1783752,-1.6181701,-2.5660942
1995-02-01,0.15376434,-0.3377266,3.5567117,-0.29781038,1.5810306,0.39256763,0.8146385,-5.6642904,-1.1016887,-4.2772875
1995-03-01,0.31169358,-0.8573319,3.1356819,-0.5685463,1.8271233,0.18812713,0.4467148,-4.2345943,-1.791372,-2.2033775
1995-04-01,0.027767181,-0.6869068,2.4484282,-0.89238894,1.1964458,2.3852565,-0.08746872,2.2932754,-2.6959093,-0.66642797
1995-05-01,-0.04720535,-0.43387222,1.0784328,-1.3224427,0.7483433,2.0076141,-0.16105346,2.577549,-1.979152,-0.078791045
1995-06-01,0.39707947,-1.0624664,0.2204071,-1.7143166,0.75910264,3.0815349,-0.6823944,1.6011623,-3.1509545,0.8163742
1995-07-01,0.3436264,-0.7504257,0.6230408,-1.5376434,0.24053879,3.878125,-1.0579544,2.205113,-3.3616428,2.795179
1995-08-01,0.043039702,-0.38458404,0.66330415,-1.7799183,0.2915619,1.0576069,-0.83095247,1.5834606,-1.6004684,2.2759209
1995-09-01,0.14508668,-0.05379944,0.9257103,-1.339798,0.21207657,0.29642183,-0.5053749,3.0614028,-2.6601582,-0.14057465
1995-10-01,-0.17840806,-0.1815323,1.8687748,-1.3401444,1.1523651,0.7469543,-0.20791169,2.9506793,-1.6924493,-1.9510372
1995-11-01,0.16244164,-0.6247765,2.7188175,-1.2186607,0.80006063,-0.38007203,0.21277122,1.154795,-1.514735,-1.6973083
1995-12-01,-0.6799644,-1.1343158,3.2863228,-0.77715224,0.7039143,-0.44081458,1.1617367,-5.9641824,-1.2328914,-2.9010441
1996-01-01,0.060570527,-1.0922539,3.8417544,-0.7304863,0.85592955,0.15589447,0.64145124,-3.666001,-1.5685428,-3.4667478
1996-02-01,0.038063813,-0.61265486,4.030748,-0.90425414,1.8121483,0.2045494,0.57459104,-3.6226418,-1.9505005,-1.655592
1996-03-01,0.25916213,-0.3005348,1.8214157,-0.71492994,1.1889015,1.6175286,0.5739296,-1.784346,-0.9687958,-1.0320145
1996-04-01,0.19792938,-0.479599,2.3390782,-0.8599014,1.3673031,0.82812655,-0.084732816,0.5722748,-1.7446274,0.41737327
1996-05-01,-0.03673935,-0.61464155,1.6929935,-1.4497188,1.0296974,0.8162117,-0.5666477,0.6017326,-3.0986907,-0.7331341
1996-06-01,0.33561975,-0.80197906,1.1915497,-1.634409,0.70830995,1.1591129,-0.6689232,0.45311967,-2.9901276,3.0698953
1996-07-01,0.2138176,-0.25717622,0.39883882,-1.2359016,0.08936615,3.2218177,-1.0257263,2.65517,-2.8931484,0.6887819
1996-08-01,0.06719055,-0.5312325,1.0184441,-1.4384655,-0.15589447,3.3194587,-1.0234085,-0.65998614,-2.130226,2.20205
1996-09-01,-0.24228135,-0.17078857,0.65568316,-1.6728032,0.36640167,1.8584862,-0.50872576,2.1391625,-2.4416835,1.4090073
1996-10-01,-0.043028258,-0.6004082,1.8257186,-1.3166625,0.4104225,-0.04567604,-0.46768302,1.7605145,-1.8760288,-1.1561344
1996-11-01,-0.14331666,-0.31741562,2.7468529,-1.5248524,0.53917617,0.53917617,0.09730987,1.356712,-2.7299728,-1.9101204
1996-12-01,-0.118823625,-1.1445496,2.832909,-0.39122543,0.9320564,-0.054612733,0.8476555,-1.6390426,-1.4407822,-1.8515358
1997-01-01,0.026699066,-0.52194136,4.194415,-0.6616249,1.5762428,0.70427895,0.9348053,-4.45848,-1.6328983,-2.60352
1997-02-01,0.18070908,-0.8381012,3.690057,-0.8768486,1.3408325,-0.2744833,0.5434311,-4.5034127,-0.37900162,-5.4903154
1997-03-01,0.11493759,-0.14261398,0.41156197,-0.046886444,1.4079068,0.74042094,1.2089634,-1.7146248,-0.5509201,-3.022245
1997-04-01,-0.17256927,-0.36109352,1.5668011,-1.3346459,0.9859253,-0.81758845,0.14554444,-0.43630752,-2.3502011,-1.6205254
1997-05-01,-0.39593315,-0.70720977,1.9031487,-0.85796356,0.61115646,1.038673,-0.730653,2.801812,-1.9441745,-2.1255355
1997-06-01,0.39528123,-0.38062972,0.8120537,-1.8702629,0.2425743,1.8393303,-0.8488472,1.3847889,-3.7795978,0.72414094
1997-07-01,0.5291046,-0.3142067,0.9908096,-1.3844627,-0.110053636,2.2241929,-1.2906891,2.4267178,-3.5090218,2.7878118
1997-08-01,0.93285215,0.1107048,0.50826645,-1.8930542,-0.25331917,2.6429183,-1.3043655,1.50689,-3.4565997,1.9236615
1997-09-01,0.55938566,-0.64795,1.0002518,-1.4730275,0.10386734,2.2746613,-1.1086773,2.4026234,-2.7165043,0.9794132
1997-10-01,-0.4304474,-0.67269516,2.5237477,-1.4026973,0.3181141,0.30704346,-0.4271904,0.47603148,-2.5032344,-2.0311108
1997-11-01,-0.013349915,-1.0829548,3.812809,-1.3336693,0.6085518,-1.2620366,0.2389923,1.57201,-1.9093354,-2.1427922
1997-12-01,-0.1816864,-0.6951622,3.6698697,-0.37509385,0.22075844,-1.7458824,0.40732878,-0.057631683,-1.1168178,-3.0704346
1998-01-01,0.029447174,-0.33635217,3.4819634,-0.42894667,1.2668825,-0.6910267,1.033596,-4.9353437,-1.2989471,-2.9558403
1998-02-01,0.5068184,-0.14069214,3.3792255,-0.71458435,1.3149796,-0.52677727,1.1405865,-2.2091918,-1.4530541,-2.9725277
1998-03-01,0.16425018,-0.18944359,2.354464,-1.0152729,1.3071266,-0.51434404,0.88537824,-2.889421,-1.786134,-1.3745285
1998-04-01,0.77904093,-0.17537422,2.0148404,-0.7577736,1.1801765,-0.064783856,0.060857393,2.8576832,-1.4438925,-0.5483715
1998-05-01,0.24408416,-0.7976906,1.1150658,-1.1710157,0.7607185,0.98713416,-0.54673576,3.1070027,-0.74010545,-1.3018917
1998-06-01,0.33962402,-0.75090253,0.40898818,-1.7645394,0.54804456,2.4218655,-0.66321564,2.7945359,-2.8576834,-1.1991539
1998-07-01,0.28105658,-0.37594223,0.051042177,-1.2858593,0.603994,2.28968,-0.7662811,1.9287891,-2.5062804,1.6117413
1998-08-01,-0.02159462,-0.44726944,0.14101943,-1.634972,0.08605118,2.2474728,-0.53233874,1.885273,-2.3223996,2.0197482
1998-09-01,-0.3180298,-0.5153252,0.6681236,-1.6274464,0.42894667,0.15083465,-0.7993271,2.4735615,-1.4870815,0.7211281
1998-10-01,0.08212471,-0.4799881,1.2564125,-0.3569649,0.50158346,0.6396576,-0.40080833,1.2691727,-1.2675369,-0.8821064
1998-11-01,-0.39001122,-0.75613785,2.738586,-0.9105717,0.77053416,0.6134823,0.00032730104,2.7618165,-1.1798499,-0.21856347
1998-12-01,-0.28367463,-0.7365063,3.117146,-0.8258293,1.1700337,-0.23426858,0.84186137,-1.0450478,-1.2511772,0.12760468
1999-01-01,-0.17147598,-0.7534958,3.473805,-1.0201988,1.3521633,-0.10188675,1.5146496,-2.687345,-0.48612633,-2.7845707
1999-02-01,-0.19711456,-0.48146516,3.169476,-1.0937843,1.8839054,0.32896766,0.46048814,0.88102037,-0.33296317,-1.01021
1999-03-01,0.04694786,-0.26736984,3.234404,-0.4458378,1.5139835,-0.13485031,0.61331785,1.8892326,-0.8007763,-2.4243045
1999-04-01,0.14550476,-0.78912276,1.9102097,-0.9316311,1.1084343,1.3674797,-0.018313218,1.2086563,-2.895115,-1.0594887
1999-05-01,0.14417306,-0.52608186,1.1420639,-1.5489445,1.093118,0.8500549,-0.35660324,1.8203099,-1.72708,-0.31165352
1999-06-01,0.18412896,-0.72253036,0.24572678,-1.5975574,0.7797993,1.5669245,-0.9682571,4.312872,-2.9074345,2.4995542
1999-07-01,0.16148682,-0.45316315,0.4038849,-1.4980011,0.38423997,2.5831285,-1.2802433,2.0347378,-1.7260809,2.6557143
1999-08-01,0.3029968,-0.13018875,0.679911,-1.364816,0.30699158,1.6375129,-0.93595886,2.2235284,-1.8662586,0.9965588
1999-09-01,-0.42752534,-0.30965576,1.5699211,-1.1970028,0.51609266,1.673473,-0.73351747,3.7924504,-2.4099877,1.9215305
1999-10-01,-0.23473892,-0.8853493,1.0601543,-1.625859,0.3469475,-0.066259764,-0.1638176,4.023527,-1.2609316,-2.6344044
1999-11-01,0.0116539,-0.36426163,3.0852368,-1.2559372,0.6149826,0.95527136,-0.21409531,3.4351814,-2.494227,-1.4633732
1999-12-01,-0.5397331,-1.3288562,3.3126507,-0.60299605,0.930299,0.515427,0.38989982,-1.967479,-1.2948936,-1.272918
2000-01-01,0.09498062,-0.7471588,3.695675,-0.6281754,1.1949737,0.98101026,0.39843902,-0.50199205,-0.6881813,-3.5190864
2000-02-01,0.30140075,-0.4066681,4.14109,-0.1567009,1.8334363,-1.4497414,0.64806366,-3.9291832,-0.7553879,-5.0312343
2000-03-01,-0.12035446,-0.2547676,3.7189918,-0.83425295,1.5172913,0.08400802,0.40495378,-1.7507995,-1.2899544,-3.6744156
2000-04-01,0.21259156,-0.52290803,2.9752617,-0.30654448,1.3492749,-0.24276638,0.04731865,2.7794716,-1.8769833,-1.2145188
2000-05-01,0.01268692,-0.41592637,1.3311012,-1.0163281,1.2045746,1.1901734,-0.6535492,0.85859835,-2.3055966,1.7628006
2000-06-01,0.35180587,-0.37203676,0.33294678,-1.5371788,0.6953827,2.717751,-0.85414046,4.159949,-2.8936539,1.7480564
2000-07-01,0.3449486,-0.4011818,0.47181702,-1.588612,0.41695482,2.0206542,-1.2594376,1.818692,-2.7314663,1.6424458
2000-08-01,0.45330125,-0.37957993,-0.4059822,-1.7062232,0.15052871,3.2437453,-1.0334717,1.1826298,-2.8929684,0.48004684
2000-09-01,0.25991058,-0.6638359,0.9467209,-1.6431316,0.7632744,0.45501557,-0.68132323,1.364019,-2.9344583,1.7785736
2000-10-01,0.1412712,-0.30962983,1.7405132,-1.6301018,0.4632454,-0.10698166,-0.48690492,3.5019422,-2.0604298,0.07372208
2000-11-01,-0.20161934,-0.27945632,2.7839289,-1.3952217,0.61103135,0.89254415,-0.1145256,1.6688492,-1.7000515,-1.9558483
2000-12-01,-0.4059822,-0.25579605,3.0596128,-0.64017713,1.0595322,-1.0159848,0.6545784,-2.252449,-1.8488659,-2.3446865
2001-01-01,-0.14181824,-0.79988176,3.7104697,-0.953297,1.6189816,-1.7001626,0.45428237,-1.9268074,-1.3439602,-4.0378447
2001-02-01,-0.37243882,-0.94898987,2.9357712,-0.7866276,1.2869675,-1.446016,0.83135986,-0.50829315,-0.5195583,-3.7684562
2001-03-01,-0.21040802,-0.44898072,4.0938435,-0.12591323,1.6690155,-0.012922669,0.92877734,-1.1332214,-1.6252778,-1.8661697
2001-04-01,0.19549713,-0.33333892,3.4616256,-0.8045204,1.3674862,0.29689026,-0.13684845,1.226331,-2.726026,0.46687374
2001-05-01,-0.027502442,-0.74421465,1.7538418,-1.3055236,1.0580044,2.2263482,-0.6686665,1.0758972,-3.2585073,-0.0702465
2001-06-01,0.32803726,-0.3800598,1.3870361,-1.5706043,0.28396797,0.6557438,-0.9417,2.6713529,-2.693885,2.4510045
2001-07-01,0.14314346,-0.65806353,0.5490494,-1.6743168,0.4393715,2.1908937,-0.5576645,2.2667732,-2.7346408,3.2833583
2001-08-01,0.36680603,0.24321136,0.054673005,-1.8012245,-0.13552245,2.7624748,-0.74587095,1.5076481,-2.9221854,2.3161445
2001-09-01,0.13154678,-0.808828,1.0464073,-1.7521846,0.7515041,0.53844565,-0.5937813,3.1919055,-3.3237834,1.0454124
2001-10-01,0.25050125,-0.30517426,2.2727375,-1.201479,0.2862873,1.6663647,-0.22101136,3.5553975,-3.2416084,0.087146
2001-11-01,-0.27005082,-0.56760484,2.7545218,-1.1120148,0.5500431,1.0354725,0.022200394,2.6826196,-2.4523296,-1.828064
2001-12-01,-0.71870077,-1.045744,2.6872578,-0.50000876,0.9678768,2.2873168,1.144487,0.24188614,-1.5739177,0.07687378
2002-01-01,0.088596344,-0.09512367,2.92615,-0.30775413,0.95652425,0.9366291,0.93694,-2.251889,-1.0221164,-4.1068068
2002-02-01,-0.024868775,-0.9431572,2.9995136,-0.9304115,1.7510895,2.0700345,0.63571393,-0.73954165,-0.3935524,-2.6715534
2002-03-01,-0.1321167,-0.26205713,3.4661179,-0.35376167,1.8051792,0.6130211,0.50421906,-0.053157806,-2.1909597,-0.77466965
2002-04-01,0.5412117,-0.4821476,1.3345331,-0.6108452,1.5058186,0.39697152,-0.27604598,-1.1862516,-2.6491716,-0.7572613
2002-05-01,0.3904434,-0.28848037,0.91082764,-1.4371178,1.038903,1.3618892,-0.9189102,2.517055,-2.8602471,-0.44422227
2002-06-01,0.38391572,-0.6195488,1.0152771,-1.2795109,0.2741806,1.14584,-0.87507856,2.9734015,-2.249713,1.4203316
2002-07-01,0.22755203,-0.23905334,0.5542679,-1.6015644,0.045697022,2.8195243,-1.1878059,3.09184,-3.042724,1.292567
2002-08-01,0.9111389,-0.25583953,0.2794655,-1.7890148,0.2045475,2.7828426,-0.79363215,2.4138484,-3.0517383,1.806423
2002-09-01,0.36961594,-0.1949112,1.4212643,-1.2061466,0.36215514,0.7675198,-0.74233973,1.1728846,-2.9028354,0.44360104
2002-10-01,0.17594834,-0.56172866,2.3302262,-1.2636566,0.8023365,1.1542327,-0.4672268,2.0862,-1.677104,-1.013723
2002-11-01,0.09356995,-0.61830556,2.946356,-0.9745544,0.95776784,-0.4125145,0.15822907,1.6799027,-2.5748756,-2.0367723
2002-12-01,-0.7348793,-0.42899093,3.34053,-0.9344532,1.3171253,0.097299956,0.6279427,1.0336189,-1.4016796,-2.4729125
2003-01-01,0.013937378,-0.4323677,3.3983312,-0.9405777,1.2565883,-1.1042551,0.7833832,-6.5749693,-1.9255593,-1.9826027
2003-02-01,-0.03824539,-0.504969,3.2168274,-0.9185379,1.7161815,-0.11830177,0.7901886,-3.888392,-1.042025,-1.4974053
2003-03-01,0.2038681,-0.82324827,1.889582,-1.203434,1.5444015,2.5167422,0.6410965,-3.0281937,-1.9125946,-2.1650786
2003-04-01,-0.17242889,-0.19997787,1.5304648,-1.178477,1.412487,2.1991107,0.12640457,2.419508,-2.7018113,0.51307184
2003-05-01,0.4090317,-0.24632645,2.0471015,-1.2682564,0.6073891,1.1681055,-0.7201805,3.0139325,-2.9137814,-3.3169785
2003-06-01,0.20257035,-0.8621422,1.6759918,-0.96002424,0.8647354,2.5258179,-0.7681488,2.033813,-3.0631976,2.753994
2003-07-01,0.41389313,-0.67707366,-0.6252152,-1.2724701,0.021391297,2.8739152,-0.94479066,2.0785403,-2.6950047,3.1672387
2003-08-01,0.20678481,-0.36722106,0.132238,-1.5068039,-0.024633026,2.765986,-0.53511125,2.637961,-3.0003197,2.435714
2003-09-01,0.1769661,-0.1711319,0.83815765,-1.3275688,0.504969,1.4257759,-0.6501724,4.048179,-2.5909643,1.420914
2003-10-01,0.07292557,-0.4586212,1.5087487,-1.6714538,0.025605012,1.1194885,-0.19673729,2.9491105,-3.4262052,-0.608037
2003-11-01,-0.3788887,-0.75226784,2.7484837,-0.8329716,0.81644213,-1.260802,0.19155121,-0.2071083,-2.3242188,-1.5845916
2003-12-01,-0.21618347,-0.92566836,2.7086177,-0.9003876,1.3667873,-1.577137,0.80412596,2.1462808,-1.3353481,-1.5836189
2004-01-01,-0.028948974,-0.6536438,2.48003,-0.43981934,1.1835988,-0.9224037,1.1658348,-4.476488,-0.7918068,-1.500716
2004-02-01,-0.12336044,-1.0967529,2.8369517,-0.7092377,1.3829479,-1.8967842,0.75397646,-4.2883234,-0.58949625,-2.4339752
2004-03-01,0.22895661,-0.49442673,3.01459,-0.83753204,2.0214596,-0.0496727,0.88161314,1.5753899,-0.74180526,-0.064805225
2004-04-01,-0.5500206,-0.25527343,2.1214633,-1.0197761,1.337223,0.99609125,0.19277039,2.5287163,-2.6297066,-0.73621255
2004-05-01,0.23685074,-0.61679995,1.2750496,-1.4757153,0.7016716,1.6750647,-0.26514205,0.48850593,-2.7652383,-1.9043499
2004-06-01,0.61087877,0.037830353,0.5651535,-1.48657,0.20362625,2.0201442,-0.78983307,1.7717788,-2.6303644,2.616548
2004-07-01,0.049015045,-0.46482086,0.5010063,-1.5444672,0.117767334,1.0171444,-0.81384736,1.5415068,-2.6987884,1.8757303
2004-08-01,0.3463951,-0.30856475,0.5197571,-1.5484154,0.039474487,2.5326633,-0.8283211,1.7428306,-3.7925804,2.3218002
2004-09-01,0.33553925,-0.37435684,0.38619918,-1.2303104,0.122702025,0.8141762,-0.5894966,2.08462,-2.5872707,0.791478
2004-10-01,0.309552,0.3151436,2.7547112,-1.5000579,0.533902,1.0957661,-0.20790252,1.8326366,-2.1556752,-0.9184567
2004-11-01,-0.3641594,-0.27270737,2.742211,-0.97503775,0.81055754,-0.36317176,-0.1128334,0.42962188,-2.2935097,-1.7010529
2004-12-01,-0.12204361,-0.43225327,3.1761098,-0.98720896,1.3013661,1.1382015,0.5029793,-1.6125618,-1.8760593,-1.3638687
2005-01-01,-0.20781478,-0.51918715,3.217289,-0.3703003,1.5669769,0.02161789,1.0028092,-4.3264456,-1.1311241,-2.3246627
2005-02-01,-0.20781478,-0.44003677,3.9408042,-0.88739586,1.6402,-0.10181542,0.33787268,-2.3215249,-1.1297299,-3.0659606
2005-03-01,0.06868973,-0.47072068,2.527945,-1.055809,0.8270737,0.049861528,0.5299965,-1.2318939,-1.6726277,-2.124868
2005-04-01,-0.17468949,-0.47839203,1.5090958,-0.948764,1.1196175,-1.2329391,0.15272292,0.5540558,-1.0195462,-2.2259858
2005-05-01,0.23431396,-0.60600966,2.1953018,-1.7437584,0.7060814,0.23780136,-0.42922744,2.580246,-2.2810776,-2.4229908
2005-06-01,0.38564223,-0.7081734,0.7517586,-1.8047783,0.13005829,2.0254936,-0.41807023,1.4247147,-3.71172,-0.3814579
2005-07-01,0.34449768,-0.39819488,0.0013946533,-1.5519832,-0.07392044,2.9114947,-0.7256073,1.9072902,-2.2734065,2.728437
2005-08-01,0.07496643,-0.2810379,0.14714356,-1.65345,0.16422883,1.3500965,-0.32706374,1.3999584,-2.7943375,2.433103
2005-09-01,0.3173004,-0.08019714,0.240242,-1.6938972,0.104953006,1.1872623,-0.63704145,2.7922451,-2.6346412,2.6691606
2005-10-01,0.16283493,-0.4257408,2.0153823,-1.3664844,0.07043381,0.4731617,-0.49652252,3.6998649,-1.674371,-1.3211563
2005-11-01,-0.42190552,-0.48292464,3.0663095,-1.1374009,0.6115879,-0.67051524,0.08089447,-2.3724322,-2.131493,-2.9550805
2005-12-01,-0.28801116,-0.9926971,2.907311,-0.9804939,1.3197609,0.75315285,0.9093628,-3.9090743,-1.2144597,-1.4442409
2006-01-01,-0.07526169,-1.3409672,3.0273259,-1.2432213,1.0427319,-1.8306357,0.7507416,-1.2625824,-0.6136471,-2.4705155
2006-02-01,-0.15083542,-0.8356842,1.6145321,-0.3032322,1.5932964,-1.1589031,0.46281204,0.008119201,-1.1717068,0.12553939
2006-03-01,0.27106628,-0.4496956,3.1634836,-0.36350402,1.4159164,1.3821892,0.3937958,1.3390938,-1.145787,-1.4996097
2006-04-01,0.18831024,-0.6205174,2.912716,-0.7804092,1.5433304,2.230053,0.37911874,1.4146671,-1.7859783,-1.1926304
2006-05-01,0.36787605,-0.5836674,1.9068344,-1.2513405,0.4909176,0.81351185,-0.38442725,0.8384949,-3.7315369,2.1429245
2006-06-01,0.5952225,-0.48592147,-0.026232148,-1.2301048,0.5327641,3.0345085,-1.0583458,1.7222717,-3.1547394,0.802894
2006-07-01,0.27575073,-0.1570816,0.024983216,-1.6682457,-0.08213158,3.1356902,-0.95622826,2.6232247,-3.1038365,3.349608
2006-08-01,0.45438004,0.10649033,0.4734291,-1.424036,0.098371126,1.6020406,-0.6820381,-0.05558739,-2.8502579,1.5542603
2006-09-01,0.43689194,-0.31791002,0.3154114,-1.0911366,0.15114745,0.31915894,-0.41815415,2.5348468,-2.427107,0.58335495
2006-10-01,0.07151413,-0.6323841,1.938063,-1.3643891,0.659866,-0.6351948,-0.39879227,2.5429661,-2.5495248,0.04184685
2006-11-01,-0.17425689,-0.1979908,2.7141006,-1.3559574,0.7051479,-0.6676731,0.23890153,-0.7129551,-2.1875815,-2.0601678
2006-12-01,-0.3397705,-0.44501114,3.1500554,-0.84380376,1.5445793,0.1455265,0.39535752,1.4177902,-1.7922245,-4.0713067
2007-01-01,-0.34789354,-0.5583004,3.3070774,-0.65691835,2.0391767,-0.6916111,0.98650205,-3.759372,-1.2977749,-4.1981735
2007-02-01,0.0022491454,-0.35977858,4.007683,-0.27304688,1.4574273,1.3038784,0.9473114,-2.405381,-2.1191635,-3.650795
2007-03-01,-0.08030777,-0.62608033,2.9264183,-0.46996155,1.6716884,-0.58335626,0.295533,-4.4098654,-0.99806595,-1.9151814
2007-04-01,0.08544769,-0.541275,1.8345525,-0.9485966,1.0362923,1.3176914,-0.29617578,2.0227942,-2.2312734,-0.26854935
2007-05-01,0.0057823183,-0.76774293,1.2210003,-1.1696037,0.9781494,-1.4015328,-0.5184677,0.45679092,-3.1622021,-1.0160551
2007-06-01,0.23257141,-0.5717918,0.6761917,-1.8091751,0.06135521,3.2910156,-0.606485,1.2791436,-3.7336724,2.8926888
2007-07-01,0.17764053,-0.46739197,0.5599068,-1.2935989,0.0041763308,2.942801,-0.98907167,3.0028713,-2.888192,1.9428076
2007-08-01,0.03983307,-0.30549088,0.09925995,-1.7532806,0.3257286,2.8300488,-0.7462204,1.7381834,-2.0035203,2.2852402
2007-09-01,0.1574028,0.070991516,0.9469902,-1.5399834,0.5367775,2.704126,-0.3951149,2.972997,-2.1104908,0.68518656
2007-10-01,0.34949952,-0.60327303,1.5120361,-1.5412681,0.17988968,-0.11724968,0.16414909,3.5550683,-1.7629181,-3.192719
2007-11-01,-0.59395677,-0.23449898,2.3363159,-0.7160252,1.2582633,-0.19145393,0.21201286,1.9058663,-2.6077566,-0.73305017
2007-12-01,-0.7314442,-1.2181091,3.2890885,-0.71184886,1.4747734,0.55444545,0.42627412,0.77480924,-0.64953005,-2.9967678
2008-01-01,-0.36679077,-1.1575649,3.667272,-0.28020555,1.7965736,-0.54156,1.1917518,-0.3597618,-1.5492771,-4.418746
2008-02-01,0.51951444,-1.4537452,3.0279434,-1.1783326,1.1013321,1.2080463,0.5987514,-2.635273,-1.5281899,-3.9647307
2008-03-01,-0.14377746,-0.35464936,2.873623,-0.33771667,1.240316,1.2732254,0.58788836,-1.874852,-1.9183048,-1.8806031
2008-04-01,-0.0006389618,-0.43356782,2.330146,-1.0265678,1.3677986,1.6869837,-0.017253112,1.6310704,-3.2027125,-1.0722568
2008-05-01,-0.07029114,-0.41120225,1.242553,-1.637141,1.1652329,1.577074,-0.79620516,1.6192482,-3.3621452,-0.47318572
2008-06-01,0.32269973,-0.38116914,0.67702943,-1.8096733,0.74220884,0.48596612,-0.5728718,1.753121,-2.0068078,3.625417
2008-07-01,-0.25624236,-0.31567,0.44091567,-1.1582038,0.527182,3.7401187,-1.016983,2.1576138,-2.4438896,2.4119391
2008-08-01,0.079875946,-1.1393532,0.22557068,-1.8703797,0.036423493,4.1174536,-0.96682054,2.2751913,-3.1982396,0.55785483
2008-09-01,0.4038536,-0.45689163,1.329139,-1.38633,-0.11661911,0.83869934,-0.53389204,3.2145343,-2.119273,-0.12588462
2008-10-01,0.07252769,-0.5971535,1.7921005,-1.0812031,0.68246114,-0.059108354,-0.19521713,3.8404434,-1.3578942,-0.7243164
2008-11-01,0.34794006,-0.7882172,2.5605087,-1.194627,0.5204727,1.0907882,0.38500252,0.5163193,-1.4936832,-1.8294823
2008-12-01,0.047286607,-1.1179459,2.9736283,-0.4543354,1.0505307,0.76297647,1.0220944,-1.1291287,-1.2860054,-0.87512285
2009-01-01,0.13106766,-0.96439666,3.235583,-0.91650045,0.6530712,-0.92329675,0.60226285,-2.7456176,-1.4132618,-2.8831577
2009-02-01,0.11262131,-0.49643785,2.8507953,-0.8566303,1.2469196,0.24336472,0.4812271,0.25857466,-1.3857536,-2.587366
2009-03-01,-0.48252183,-0.27249068,2.3129342,-0.31035462,1.725558,0.97248745,0.63883173,0.7679573,-1.5789566,-1.435268
2009-04-01,-0.1974102,-0.40291062,2.0313818,-1.1889912,1.4941677,0.3537197,-0.21294403,2.562447,-2.6071076,-0.96828
2009-05-01,0.06278267,-0.7042038,0.9977299,-1.6572735,1.4721615,1.4109964,-0.5161789,0.58057976,-3.3284633,0.80193824
2009-06-01,0.082846835,-0.09611587,0.06407738,-1.2530686,0.7789608,3.132671,-0.8365654,-0.7155304,-3.58995,-1.893842
2009-07-01,0.7821968,0.06310654,0.13139114,-1.3951385,0.01650467,3.8168106,-1.2090553,3.325227,-2.9630928,2.9763615
2009-08-01,-0.0152107235,-0.40711746,0.712294,-1.6194096,-0.02362442,1.1585705,-1.1300919,2.6307316,-2.3614774,3.8365512
2009-09-01,0.38737717,-0.16310577,0.8430378,-1.3255596,0.51035345,2.00711,-0.3695778,3.4423783,-3.112283,0.13300896
2009-10-01,0.12427063,-0.5867287,1.7520955,-1.2643955,0.50711745,1.5974033,-0.48802337,1.5025818,-3.5028958,-2.3731277
2009-11-01,0.079611205,-0.68543357,2.8074298,-1.3469193,1.1019363,-1.4970802,0.31941605,2.5407643,-0.993199,-1.4679539
2009-12-01,-0.25663337,-0.7019386,3.8640594,-0.10906105,1.7440045,-0.7948181,0.91844213,-2.4592118,-1.9472396,-1.4177921
2010-01-01,0.04964905,-1.1214088,3.2245476,-0.19892769,1.056865,-0.32834625,0.84569055,-5.0913553,-1.5712306,-0.9377071
2010-02-01,0.171455,-0.4948368,3.3261628,-0.7027012,1.3835567,-1.059844,1.4106979,-1.1588112,-0.97477835,-0.90725595
2010-03-01,-0.06355133,-0.31312066,2.3920968,-0.40513688,1.1972069,-0.20885773,0.7046871,2.438105,-1.4510791,-0.5355488
2010-04-01,0.0019859313,-0.59810716,2.53641,-0.9353901,1.4355228,0.4911955,0.37236863,2.0352848,-1.6840996,-1.0204556
2010-05-01,0.49649125,-0.60869867,2.2739315,-1.7066071,0.6676159,1.542765,-0.3902424,0.58089525,-3.7246795,-0.4564411
2010-06-01,0.25453454,-0.8019997,1.0876477,-1.4093742,0.64080507,2.359659,-0.7116383,3.2215686,-3.0928116,-0.595459
2010-07-01,0.5050972,-0.5812256,0.29888764,-1.6599369,0.27836686,3.7253418,-0.89964217,3.5648098,-2.4576333,2.6443143
2010-08-01,0.041374587,-0.49980164,-0.00496521,-1.5844704,0.2740631,3.669735,-1.216404,0.11915817,-2.0326366,2.4814649
2010-09-01,-0.08142471,-0.60373384,0.38395387,-1.1048596,0.2177948,2.4040122,-0.67589074,3.7491734,-1.841322,-0.42929953
2010-10-01,-0.36806566,-0.60240936,1.9138095,-1.1068451,0.50079423,0.77220994,-0.193301,4.2324257,-1.9856352,-1.0224415
2010-11-01,-0.71130675,-0.46471635,2.6247857,-1.4676292,0.73745537,0.50873834,0.1774128,-0.60406494,-2.3914344,-1.999868
2010-12-01,-0.28962022,-1.0671257,3.670066,-0.0599102,1.0432942,-0.4144047,1.0475975,-0.31907862,-1.1022114,-3.7845902
2011-01-01,-0.039653014,-0.9207832,3.901399,-0.7362053,1.3604714,-2.1973882,1.1695778,-5.0590463,-0.0712349,-3.2160745
2011-02-01,0.075445555,-1.033776,3.9936879,-1.3109932,1.3432773,-1.8092833,0.65830386,-2.4061785,0.14878502,-2.3209076
2011-03-01,0.060707092,-0.81340563,2.9072754,-0.6393555,1.3527511,0.7818235,0.76006776,0.4165283,-1.0688667,-2.342313
2011-04-01,0.29511338,-0.534433,2.4426727,-1.3692443,1.5285565,1.4664459,0.30037767,-0.7397148,-2.9248211,-0.9509617
2011-05-01,0.38880616,-0.75550616,1.7176964,-1.4590771,0.5046059,1.0822014,-0.6544441,3.4543414,-3.6455867,0.8039314
2011-06-01,0.38740236,-0.50706255,1.2281792,-1.7394524,0.30107957,3.4434636,-0.6618134,2.033865,-3.180633,1.8243725
2011-07-01,0.2024742,-0.38775405,-0.17124328,-1.2730957,0.37055892,2.0324607,-0.74462736,1.7278725,-2.6307597,2.1952827
2011-08-01,0.123168945,-0.07298889,0.71023786,-1.6450577,0.10632553,1.0597427,-0.7597168,2.815337,-2.803056,2.5742633
2011-09-01,0.2768669,-0.47337493,1.1685241,-1.5931237,0.15159301,1.5871582,-0.60145646,3.0616753,-2.7893703,1.7029583
2011-10-01,-0.49302596,-0.5105713,2.0679028,-1.6878693,0.5309242,0.8127039,-0.123168945,3.437498,-1.72682,-1.0846577
2011-11-01,-0.16422538,-0.4112648,2.361964,-0.56636584,1.0818504,-1.0278107,0.11088638,2.0433393,-1.3681915,-0.69128954
2011-12-01,-0.35757598,-0.9969307,2.794283,-1.295203,1.7373474,1.5229423,0.7130455,0.18282318,-2.0366719,-2.1580863
2012-01-01,0.13863373,-1.0119598,3.281335,-0.86863786,1.8042488,-0.17647362,1.0568317,-4.227997,-0.5562092,-3.9396782
2012-02-01,-0.4617775,-0.3465851,3.3794498,-0.53511274,1.6381557,-0.4051861,0.6781006,-0.6071083,-1.3695946,-3.4531205
2012-03-01,-0.2159874,-0.79496765,2.5935235,-0.3097496,1.7992256,0.28764877,0.7973114,2.9012635,-1.1268184,-2.8821769
2012-04-01,-0.007032776,-0.43733293,1.6867111,-0.8522293,1.2694699,0.72531605,0.28932267,0.8947571,-2.2405765,-2.4712982
2012-05-01,0.44269103,-0.26454315,1.6676239,-1.1797264,0.5337738,1.0497996,-0.2618637,2.694653,-2.9545074,-1.290567
2012-06-01,0.032817077,-0.63490295,0.65767366,-1.4432647,0.3064003,2.1839843,-0.6154808,1.8926522,-2.7998002,-1.6502106
2012-07-01,0.16307907,-0.1074913,-0.4386719,-1.4466137,-0.029802704,2.0272682,-0.9932068,0.77119255,-3.5817082,2.057071
2012-08-01,0.29166642,0.051569365,-0.04520645,-1.7356018,-0.079027556,2.878828,-0.7400497,-0.04118843,-3.4336982,1.472398
2012-09-01,0.08739929,-0.11954651,0.25349274,-1.2989388,-0.16073494,1.5852474,-0.37069398,3.019471,-2.2104387,1.0139687
2012-10-01,0.3964798,-0.21096496,2.403321,-1.769088,0.51769984,-0.0013393402,-0.16073456,1.0960102,-2.202737,-1.3950446
2012-11-01,-0.39580917,-0.91853255,3.4517803,-0.9818222,1.0494645,-0.38877717,0.2039322,-0.052573778,-1.8759094,-2.012869
2012-12-01,-0.46914443,-0.7189537,3.5713272,-0.58969575,1.5122467,-1.0749142,0.5685997,-0.7648293,-0.94867057,-2.2884624
2013-01-01,-0.16725083,-1.2005227,3.4275239,-0.6696533,1.0513874,-1.975638,0.9721287,-2.8963304,-0.57389605,-3.0706985
2013-02-01,-0.07796402,-0.8479042,3.519075,-0.94624865,1.4687077,0.15010567,0.8417572,-0.44222945,-1.5110867,-1.1490856
2013-03-01,0.16045761,-0.56419104,2.835188,-0.65897715,1.345776,0.78158534,0.4768448,-0.5603088,-1.6016678,-0.20348397
2013-04-01,0.040761568,-0.59395295,2.6737597,-1.1445568,1.4664433,0.9077522,0.13522454,-2.9746182,-2.3864884,-1.905761
2013-05-01,0.43964195,-0.6560661,1.387508,-1.3807148,1.1840241,1.860471,-0.39273375,2.1668289,-2.7413719,-2.1315675
2013-06-01,0.43284798,-0.6062462,0.10352097,-1.5182037,0.6635067,2.7206678,-0.6812992,1.9643157,-2.874332,3.5517495
2013-07-01,0.62695044,-0.43770066,-0.5282814,-1.5738468,0.18827972,0.6201569,-0.8084358,1.3477169,-2.2823195,3.2275982
2013-08-01,0.28371277,-0.21965866,0.5628967,-1.437328,0.17113343,1.843972,-1.2564895,1.2364315,-1.9468466,2.7788982
2013-09-01,0.20154342,-0.30538788,0.7796448,-1.8158268,0.23130532,0.47522697,-0.39920348,2.296554,-2.5061843,1.4082123
2013-10-01,-0.03202667,-0.16498642,2.0869231,-1.2733113,0.62727433,-0.5214882,0.011645889,1.6372532,-1.9678742,-0.5755135
2013-11-01,0.13619538,-0.8663433,2.9183288,-1.419535,1.1164119,0.5169592,0.028469086,-0.3603832,-2.6766708,-1.0986191
2013-12-01,0.010352326,-1.1044426,3.4909306,-0.813612,2.2195601,0.33515015,0.7997017,-3.5540137,-0.8705486,-2.8122196
2014-01-01,-0.48826677,-0.86246186,3.4996285,-0.49848634,1.4038076,-1.3428154,0.8255371,-3.3865464,-1.2379749,-1.382378
2014-02-01,0.45200118,-0.65739596,3.5171018,-0.7872925,1.6187633,0.20935135,0.80542564,-1.3724868,-0.31188393,-3.9054725
2014-03-01,0.1589096,-0.24166068,3.0753212,-0.28550872,1.5007355,0.6181633,0.46024323,-0.76817095,-2.030213,-2.144944
2014-04-01,-0.24264984,-0.567392,2.3569329,-0.708168,1.3527057,1.5132635,0.23506698,1.2237976,-2.443311,-0.36265564
2014-05-01,0.2611122,-0.47573853,1.8469067,-1.4268856,1.033239,0.6029976,-0.45298997,-0.5621166,-2.8264072,-0.85224116
2014-06-01,0.35902938,-0.90235364,0.48431015,-1.7021744,0.4404621,2.8422325,-0.30957565,2.9108071,-2.5267217,1.7044818
2014-07-01,0.5133225,-0.49518967,0.043848418,-1.6082138,0.14934807,2.6447494,-1.2561077,1.3052311,-2.998504,2.9236653
2014-08-01,0.11440124,-0.31518096,0.26902467,-2.2112114,-0.13418236,1.7473418,-1.1189582,2.4225402,-3.0281758,0.3458416
2014-09-01,0.14967804,0.08835602,1.0612628,-1.4865593,0.5607975,1.4212809,-0.54167557,3.2912662,-2.7776134,2.4815547
2014-10-01,0.3230934,-0.3748539,1.9458134,-1.8947117,0.820591,-0.31584015,-0.25781554,2.6223311,-2.3315473,-0.47277147
2014-11-01,-0.14374352,-0.71443176,2.9061916,-1.1054409,0.66135216,-1.2564373,0.32507133,1.6425018,-2.0763695,-2.1670334
2014-12-01,-0.38606414,-0.8931225,3.3661048,-0.8308113,1.2772076,-0.22748414,0.69300234,0.84399873,-1.3019345,-2.2989078
2015-01-01,-0.6644989,-1.4784648,3.7803712,-0.98635674,1.3882959,-0.02964878,0.73846817,-4.4894967,-0.841169,-1.4099976
2015-02-01,-0.24085847,-0.08986358,3.6935642,-0.5624096,1.3690395,0.20937538,0.44534302,-6.1223183,-1.216822,-1.0407639
2015-03-01,0.1509941,-0.45359534,2.4782703,-0.1393795,1.7327719,0.29129142,0.71065366,-0.31054765,-0.7100422,-1.1651661
2015-04-01,0.34386483,-0.22832565,2.4871345,-0.91941756,1.3051571,0.76536596,0.20173416,2.4547348,-1.8846838,-0.88029325
2015-05-01,-0.1913414,-0.5034176,1.9271698,-0.64218634,0.8121315,2.3067966,-0.5135044,2.430282,-2.5265641,-0.40071678
2015-06-01,0.26561585,-0.22679749,0.72624207,-1.6031735,0.3921585,0.9166664,-0.7024002,3.5599923,-3.1232076,1.5924752
2015-07-01,0.27050704,-0.2882347,0.7415253,-1.7181008,0.008558273,2.450761,-0.7198227,3.511087,-3.2411911,1.1217629
2015-08-01,0.9236969,-0.2637825,0.29495925,-1.614788,-0.36250955,2.1102588,-0.88304406,0.9178894,-3.434061,2.131349
2015-09-01,-0.04248657,-0.5746361,0.699955,-1.5878906,0.37259635,1.9491774,-0.46826705,0.134795,-2.953568,-2.375569
2015-10-01,0.10820313,-0.46245956,2.5112815,-1.5744416,0.60581285,-0.8283316,-0.23352242,2.201039,-2.7671165,-0.29862708
2015-11-01,-0.070301436,-0.8656219,2.6344614,-1.3289982,1.0037788,0.21640548,0.08711243,1.9986938,-1.8504502,-1.8532006
2015-12-01,-0.085890196,-0.5880848,2.8441422,-0.5654663,1.1859509,-0.1919529,0.86012,0.3255249,-1.8510615,-4.13799
2016-01-01,-0.2592888,-0.5182602,3.6741004,0.119184114,0.8216087,0.042158127,1.5706295,-2.441687,-0.9683701,-1.740847
2016-02-01,-0.07290497,-0.5344261,3.5469918,-0.2684807,1.760183,-0.094142534,1.2755219,-2.07938,-1.1322479,-2.9786491
2016-03-01,-0.20254974,-0.32934037,2.645504,-0.74553376,1.6134217,0.10270099,0.5930668,-1.1106933,-1.0155995,-1.595671
2016-04-01,0.61398774,-0.38037452,2.2388206,-1.2878845,1.3319447,0.2453415,0.20318337,2.0261276,-2.6188781,-1.2162472
2016-05-01,0.14105567,-0.65107423,1.7566961,-0.86376727,0.8821518,1.6330745,-0.5540787,1.3947067,-1.3677632,-0.042158127
2016-06-01,0.5543957,-0.30746993,-0.2332962,-1.2656956,0.114746094,2.2746391,-0.81209946,2.9653356,-2.6581836,1.1588742
2016-07-01,0.51699257,-0.37213287,-0.04279251,-1.4904339,0.34360504,2.2201188,-0.700206,0.9575928,-1.9414947,2.8375936
2016-08-01,0.1550026,0.21491165,0.82572937,-2.0635312,-0.28845063,2.02486,-1.0041885,0.5756332,-3.286752,1.4073855
2016-09-01,-0.1543686,-0.41777802,0.5702446,-1.6698437,0.4028801,1.9532226,-0.44725722,3.957479,-2.086354,2.7063644
2016-10-01,0.34645766,-0.31824645,1.3430389,-1.4691963,0.21649666,1.0054566,-0.67104375,3.9650872,-1.9449813,-1.5021622
2016-11-01,-0.27513772,-0.6529762,2.7805374,-1.7230965,0.38671416,-0.13439903,0.3667446,3.7482734,-2.37734,-1.1116447
2016-12-01,-0.32205087,-1.0469806,2.5681615,-0.8431633,1.3332126,-1.1255913,0.6117691,0.3477257,-0.85996324,-0.84696734
2017-01-01,-0.13597031,-0.5034157,3.7447014,-0.7193508,1.9133037,-2.4481225,0.7569038,-3.6909606,0.60345155,-3.1496665
2017-02-01,-0.083525084,-0.5095665,1.4118305,-0.97640073,1.9916489,-0.95924187,0.83395463,-4.158765,-1.3030541,-2.164203
2017-03-01,0.27517852,-0.18323746,3.0768256,-0.7724441,1.391111,0.27550298,0.7002495,-5.1031146,-1.653664,-2.5789135
2017-04-01,-0.10133056,-0.7698536,2.915603,-0.4085598,1.5636642,1.480787,0.02395668,1.4616867,-2.444885,-0.023309326
2017-05-01,0.11557503,-0.5118332,1.8427284,-1.5808227,1.0421193,1.9861454,-0.6063652,1.3622983,-3.393767,0.9916161
2017-06-01,0.3538479,-0.5565094,0.76143646,-1.5908585,0.7902492,1.9906776,-0.53902704,3.693874,-2.5164318,1.3211834
2017-07-01,0.64456636,-0.526725,0.58305585,-1.3185933,0.14989205,5.075273,-1.0171913,0.65816385,-2.6734455,2.1476917
2017-08-01,0.037553407,-0.41276854,-0.13726577,-1.4131256,0.1919777,3.256501,-0.78215635,2.8929412,-2.5983377,1.2852482
2017-09-01,0.33960265,-0.5254303,0.760466,-1.4749596,0.16251755,2.8191285,-0.53255236,2.7427258,-2.8592725,0.7306816
2017-10-01,0.1443882,-0.27776948,1.8524411,-1.3707149,0.33312875,0.052445985,-0.28683358,3.3785515,-1.8663616,-0.37586212
2017-11-01,0.13661842,-0.9611847,3.3448825,-1.9981235,0.6724079,1.518017,0.033345032,0.82100487,-2.6747403,-1.4218662
2017-12-01,-0.7756813,-0.72194064,2.6847765,-0.9951771,1.8171532,-1.351291,0.5655743,0.9223358,-1.1742054,-0.5153942
2018-01-01,-0.6695145,-1.3337914,3.228075,-1.2958138,0.81749535,-0.09101448,0.7127304,-1.5727867,-0.76445806,-3.3613229
2018-02-01,-0.54543304,-1.025061,2.9026477,-0.4514721,2.304832,-0.36733246,0.45310897,-0.5284088,-0.4203697,-0.5104027
2018-03-01,-0.25307313,-0.421352,4.1434603,-0.577845,2.052414,0.30676538,0.35194474,0.027500916,-1.608799,-0.16140366
2018-04-01,0.19086877,-0.5771904,1.4267696,-1.0371746,1.067622,-1.2945035,0.2923603,2.043902,-2.331351,-0.8613655
2018-05-01,0.343433,-0.6475792,1.2359009,-1.4893013,1.2198585,0.6276085,-0.24587059,3.5682342,-3.6451707,-3.5024285
2018-06-01,0.43641204,-0.34212416,0.5375763,-1.9093444,0.5742439,2.5202556,-0.92717135,2.8168721,-3.18846,2.5038865
2018-07-01,0.73695755,-0.12473526,-0.61418533,-1.754488,0.47438964,2.5772214,-1.0394661,1.296468,-2.4822783,1.5089449
2018-08-01,0.20003586,-0.1987259,-0.17613602,-1.662164,-0.019970704,4.136257,-0.6426689,2.0779502,-2.765471,2.7900257
2018-09-01,0.3830475,-0.06613312,0.019970704,-1.2800992,0.2527458,1.6592175,-0.7523449,1.6883552,-3.0421166,0.4020359
2018-10-01,0.4603115,-0.6796635,2.4616525,-1.4153111,0.6292454,0.42429885,-0.38501167,2.8885703,-2.7569592,-1.5744232
2018-11-01,-0.14110565,-0.6786812,3.4490635,-0.84499586,1.1727146,0.6973427,0.11425934,0.3990898,-1.6202576,-1.0280075
2018-12-01,-0.5379032,-0.89672357,3.7577934,-0.5843929,1.3887924,0.64234084,0.666568,0.8760971,-0.40498275,-2.575912
2019-01-01,-0.2780075,-1.055104,2.505376,-0.81515694,2.352141,-2.3054755,1.218599,-4.2760186,-1.1947701,-2.2276998
2019-02-01,-0.7350651,-0.30713195,3.5637894,0.15257339,1.7888451,-0.3408901,0.48916093,-0.30481568,-1.2785031,-3.6286583
2019-03-01,0.08472671,-0.5186165,3.027302,-1.0987908,1.7024643,0.5199402,0.57057726,0.28727418,-1.4049301,-3.6766477
2019-04-01,0.008605194,-0.577858,0.9263603,-1.0971363,1.1514142,0.5940752,-0.05096817,-0.07810669,-2.4722798,-0.29157677
2019-05-01,0.007942962,-0.7562462,1.7640232,-1.2871078,1.225549,1.3380756,-0.33327788,1.7759377,-2.7906647,-0.6423954
2019-06-01,0.32268754,-0.47393647,0.49213943,-1.8143295,0.5027302,2.045009,-0.74929583,1.6763184,-2.952174,0.005295181
2019-07-01,0.4246231,-0.6622528,0.22273712,-1.4324001,0.09399338,2.3551197,-0.78206176,3.5823238,-2.8879669,2.2882655
2019-08-01,0.45970458,-0.35578385,0.19990006,-1.7305962,-0.18765488,3.688562,-0.8565277,2.3144116,-3.197085,1.5965569
2019-09-01,0.50570905,-0.5262283,0.4815483,-1.9937099,0.23432083,2.683433,-0.5685913,3.137843,-2.1770625,3.8030746
2019-10-01,0.21115342,-0.6794632,1.708091,-1.8163147,0.5540291,0.078437805,-0.21479416,1.338076,-2.8244228,-0.61624944
2019-11-01,-0.10491486,-0.7565769,2.3968208,-1.2205849,0.9912289,-0.656958,0.19195709,0.921727,-3.2245548,-2.6632447
2019-12-01,-0.24987563,-0.31838495,3.4456367,-1.3301327,1.2639408,-1.3178871,0.6013565,0.3488327,-1.5141472,-2.6212125
2020-01-01,-0.5198181,-0.80359346,3.803173,-0.40179634,1.1226766,-2.2237754,0.9088646,-2.1626396,-0.9203068,-4.0558896
2020-02-01,-0.2040039,-0.6087429,3.5775914,-0.38283426,2.3277392,-1.2796026,0.71761096,-1.3646042,-1.343681,-2.5261855
2020-03-01,-0.25565872,-0.28508225,2.7811909,-0.7408222,2.0321946,1.0125008,0.6443779,-0.044789504,-1.2766606,-2.5261855
2020-04-01,-0.010462189,-0.1886383,2.244699,-1.4381638,1.2864681,0.42696992,0.13992576,-0.09775238,-0.7784195,-1.8180557
2020-05-01,0.102982715,-0.46031684,1.8651336,-1.6539371,0.9193264,1.9478467,-0.31091005,2.669381,-2.9024816,-1.3266804
2020-06-01,0.29390985,-0.42010498,0.78397673,-1.3865086,0.99255866,2.1868327,-0.5577423,2.116216,-1.7510353,2.6893234
2020-07-01,0.26808244,-0.5485878,-0.013404846,-1.8151138,0.35733414,2.5614936,-0.508049,2.649765,-2.4097984,2.0122519
2020-08-01,0.36092988,-0.5603569,-0.0957901,-1.4558175,0.027134705,2.7841327,-0.6211662,2.6821313,-3.3961456,3.9980228
2020-09-01,-0.075848386,-0.30894852,0.51622164,-1.4845879,0.31614113,0.17098427,-0.51197207,2.835134,-2.561494,-0.678706
2020-10-01,-0.03138542,-0.5044525,1.1239837,-1.4159324,0.26317826,-1.0468285,-0.12521362,3.4066072,-3.0463307,-2.1426969
2020-11-01,0.21838912,-0.6228008,3.1117167,-1.361008,0.19452325,-0.2350624,-0.07552109,2.7896907,-0.58356935,-1.157985
2020-12-01,-0.37662277,-1.0236168,3.6043994,-0.6499359,1.7101692,0.13829155,0.6943985,-1.7265152,-1.0484635,-3.2199302
2021-01-01,0.25518647,-0.923848,3.05759,-1.23611,1.6738094,0.07698707,0.9225197,-0.09656525,-1.459108,-4.7217755
2021-02-01,-0.38161772,-0.43537673,2.5704458,-0.90825045,1.1458496,0.24921302,0.9613453,-2.1281013,-1.1478405,-2.0799842
2021-03-01,0.022233581,-0.12112274,2.8226457,-0.3852684,1.4786869,1.4610989,0.41977996,-0.16492538,-1.7853085,-0.035507202
2021-04-01,-0.19047698,-0.3627037,2.721434,-0.8113529,0.96532744,0.67629355,0.3076172,0.478516,-2.0288806,-0.3139221
2021-05-01,-0.008627701,-0.86146086,1.3708385,-1.5314496,0.7161144,0.8027252,-0.25518647,2.7735329,-2.8657854,-1.4461666
2021-06-01,0.28073806,-0.56977236,0.7798279,-1.7627434,0.47818375,0.9069233,-0.2684601,4.032209,-3.537101,1.5779073
2021-07-01,0.11149903,-0.3271965,0.038825225,-1.3004882,-0.11780395,2.6477654,-0.75659865,1.7786716,-2.918216,2.130424
2021-08-01,-0.26315078,-0.33283767,-0.1307457,-1.588858,-0.04678955,2.3816276,-0.8657753,3.5497108,-2.3321834,1.5201668
2021-09-01,-0.10618897,-0.46457824,0.66899264,-1.4123185,0.24191284,0.36203918,-0.7137909,4.5057473,-1.8463672,2.768224
2021-10-01,-0.27376938,-0.6351448,1.2968376,-1.5234852,0.90393716,1.3575646,-0.032852173,2.6703305,-2.4805171,-0.60030174
2021-11-01,-0.38128623,-0.8946457,2.4898086,-1.1468449,1.002826,0.06935501,-0.052763365,1.1757157,-2.0411584,-3.2158782
2021-12-01,-0.29268494,-0.48515242,2.2442455,-1.0151039,1.1431949,-0.383609,0.6543919,0.7127962,-2.2011063,-2.6544018
2022-01-01,-0.19276734,-0.5895195,3.1444457,-0.22064514,1.1229435,-1.1110442,1.2364956,-5.305339,-1.2058979,-3.429007
2022-02-01,-0.19072723,-0.50248563,3.9896283,-1.181419,0.8937988,-0.29034004,0.8261436,-5.0122786,-1.3826859,-3.5728173
2022-03-01,0.23526382,-0.53410417,2.1092162,-0.998172,1.1939987,1.1321228,0.3627556,-1.1644204,-1.8848317,0.9087578
2022-04-01,-0.11287232,-0.09213333,2.3036833,-0.6231777,1.3517479,0.8533419,0.061875153,2.4366138,-1.8328152,-0.67553407
2022-05-01,-0.13123092,-0.6119583,1.8015373,-0.64323616,0.846542,1.9592869,-0.51030505,0.60753936,-2.34924,-1.4323223
2022-06-01,0.23526382,-0.49432603,0.7720871,-1.217117,0.77684706,2.9061217,-0.610939,2.7769306,-3.1077282,0.6908329
2022-07-01,-0.24104385,-0.48208696,-0.32705766,-1.5390751,0.35255662,2.1078568,-0.82070386,3.0533319,-2.1415143,2.583484
2022-08-01,-0.17406845,-0.5592621,-0.34575653,-1.1905991,0.29645997,2.3964965,-0.9087578,1.5968711,-2.4226754,2.8439064
2022-09-01,0.1339508,-0.5800003,0.28728026,-1.5859921,0.055416107,1.9837649,-0.5647011,2.9343402,-2.6922767,0.972674
2022-10-01,-0.10063324,-0.65207595,1.4571412,-1.1521816,0.39403343,0.88869935,-0.33079758,2.5416672,-2.0194626,-1.3048309
2022-11-01,-0.29170036,-0.56980133,2.8847032,-0.68981326,0.6167183,2.038841,0.24648324,-0.8111847,-2.1034367,-1.0450885
2022-12-01,-0.16522904,-1.1120644,3.4113274,-1.3701061,2.0279617,2.0476806,0.6034592,-1.349028,-1.7175629,-2.6140816
