,msl_cluster1,msl_cluster2,msl_cluster3,msl_cluster4,msl_cluster5,msl_cluster6,msl_cluster7
1970-01-01,1030.4255,1011.76184,1014.19653,1020.27783,1016.6787,1017.3329,1024.3451
1970-02-01,1022.37823,1011.3291,1013.2739,1017.6741,1015.13074,1016.9707,1023.59204
1970-03-01,1019.38544,1010.11304,1010.4713,1016.53864,1011.8603,1012.95953,1021.40765
1970-04-01,1015.0071,1010.02026,1009.6004,1015.3904,1009.1463,1018.5493,1022.85767
1970-05-01,1006.7366,1008.3435,1005.5599,1009.97797,1003.8227,1014.3421,1019.0123
1970-06-01,1004.4455,1008.8126,1003.8557,1007.226,1000.1027,1012.53186,1015.9435
1970-07-01,1000.0903,1009.8466,1004.02814,1004.28235,998.3571,1007.93225,1012.1715
1970-08-01,1002.32214,1008.9285,1004.03394,1005.35986,999.50287,1012.75433,1014.04376
1970-09-01,1010.1275,1009.22266,1005.8622,1011.1015,1003.56604,1013.2484,1016.9258
1970-10-01,1018.5735,1010.25146,1009.5495,1016.6958,1010.51764,1021.0173,1022.59125
1970-11-01,1024.6505,1010.38745,1012.43384,1019.6086,1015.34186,1022.71936,1025.9689
1970-12-01,1027.954,1010.9154,1013.813,1021.1065,1017.37054,1019.41974,1025.3201
1971-01-01,1030.3975,1010.4961,1013.34705,1024.0326,1016.96265,1019.45087,1026.4943
1971-02-01,1019.6583,1009.6499,1011.5111,1015.87225,1013.5502,1014.81854,1021.17786
1971-03-01,1016.75586,1010.75037,1011.59326,1017.1094,1013.4729,1018.8584,1024.5581
1971-04-01,1010.6964,1008.98706,1008.2602,1013.0348,1007.8435,1014.248,1019.01624
1971-05-01,1008.3083,1008.4872,1005.7914,1010.25916,1003.93756,1013.96234,1017.6881
1971-06-01,1001.3053,1009.4705,1003.3,1004.55475,998.4471,1009.25354,1011.86487
1971-07-01,1000.1979,1008.94684,1003.3812,1004.251,998.01605,1008.06616,1011.03125
1971-08-01,1003.0537,1009.2559,1004.755,1006.3104,999.9394,1010.6251,1013.0707
1971-09-01,1012.3587,1009.72675,1006.8322,1012.78925,1005.121,1012.97394,1018.27423
1971-10-01,1020.0248,1011.3587,1010.56415,1018.0838,1011.4348,1020.4264,1023.74493
1971-11-01,1026.8702,1012.0108,1014.4659,1019.92365,1016.6283,1025.6505,1027.9033
1971-12-01,1025.4613,1010.58545,1013.5782,1018.5062,1016.64886,1023.1206,1024.8624
1972-01-01,1025.6248,1011.1746,1014.0742,1022.8281,1016.96564,1015.93335,1023.397
1972-02-01,1025.6575,1010.29913,1011.7558,1023.5683,1015.8217,1010.8481,1021.9413
1972-03-01,1014.8566,1010.79736,1011.22345,1017.42017,1012.0125,1014.9459,1021.1697
1972-04-01,1011.0773,1009.9089,1009.4093,1013.22,1009.2514,1014.9307,1020.2427
1972-05-01,1005.02356,1009.7214,1006.66785,1010.9013,1005.3953,1012.56055,1018.5921
1972-06-01,1002.42285,1008.4349,1003.66144,1007.16113,1000.3279,1010.15076,1015.9043
1972-07-01,1001.1314,1009.43896,1003.0776,1004.3842,998.02686,1005.5727,1011.85144
1972-08-01,1003.74646,1010.01746,1005.0705,1008.71844,1000.9926,1010.58167,1014.52057
1972-09-01,1010.9789,1010.40814,1007.96606,1012.6218,1006.3601,1016.1511,1019.551
1972-10-01,1018.718,1010.89197,1011.2943,1017.65765,1012.3076,1021.80853,1024.8083
1972-11-01,1024.7246,1010.5212,1012.2741,1019.4792,1014.96967,1027.2383,1026.9426
1972-12-01,1029.1844,1011.4428,1014.0,1024.2897,1017.9339,1021.81165,1025.5732
1973-01-01,1029.2687,1012.0225,1014.5939,1023.2164,1018.2134,1017.3813,1024.3367
1973-02-01,1020.6731,1011.6683,1013.5785,1017.4011,1015.0253,1018.4145,1023.4696
1973-03-01,1018.14514,1010.7683,1011.45905,1017.27295,1012.89374,1016.94574,1022.7678
1973-04-01,1009.48315,1008.9455,1007.6416,1011.99054,1007.41907,1014.85675,1020.2405
1973-05-01,1007.62317,1008.7798,1005.8354,1010.70575,1003.76385,1012.5759,1018.07214
1973-06-01,1003.5864,1008.52716,1003.2082,1005.9196,998.8917,1011.3382,1014.6013
1973-07-01,1000.321,1008.8344,1003.0484,1003.455,997.8524,1009.8753,1012.09393
1973-08-01,1002.73236,1009.5715,1004.4376,1007.2845,999.7385,1012.2847,1014.03033
1973-09-01,1009.27576,1010.18756,1007.284,1012.81146,1004.8437,1014.20715,1017.9743
1973-10-01,1020.2293,1009.50464,1009.42706,1017.11896,1010.6467,1020.39526,1024.4136
1973-11-01,1024.7441,1010.8109,1012.543,1018.8571,1015.47394,1024.8164,1025.2466
1973-12-01,1032.4939,1011.22894,1014.39355,1022.1905,1018.1832,1023.3843,1027.5173
1974-01-01,1026.613,1010.91583,1013.33826,1020.9835,1016.1822,1016.0215,1022.9235
1974-02-01,1027.3972,1010.3401,1012.39954,1021.9734,1015.92816,1013.34863,1023.17053
1974-03-01,1021.29456,1010.38635,1010.858,1019.41724,1011.8783,1016.5825,1022.98584
1974-04-01,1007.98615,1009.0167,1008.1182,1011.8543,1007.8292,1015.4697,1019.2343
1974-05-01,1006.4452,1009.02515,1006.2138,1010.17084,1004.3828,1013.1001,1017.96735
1974-06-01,1003.15137,1008.97284,1003.69977,1006.17114,999.7436,1009.6372,1014.56396
1974-07-01,999.9141,1008.8313,1003.3937,1004.78955,997.73804,1009.2601,1012.2506
1974-08-01,1003.80695,1009.13727,1003.65826,1006.53265,999.20886,1009.5458,1012.87787
1974-09-01,1010.9598,1009.52155,1006.89636,1012.0031,1005.07623,1014.283,1018.46136
1974-10-01,1019.47906,1010.0783,1008.7025,1018.0107,1010.3848,1015.7849,1022.6416
1974-11-01,1023.3312,1010.7738,1012.0861,1020.3784,1015.4144,1019.0053,1025.8054
1974-12-01,1035.0809,1011.1314,1014.38574,1021.0824,1017.60565,1017.1612,1025.2274
1975-01-01,1029.7218,1011.61646,1014.43823,1021.9796,1017.862,1019.588,1025.6812
1975-02-01,1022.87067,1011.46625,1013.17834,1018.75806,1015.6968,1016.7026,1023.78925
1975-03-01,1014.3541,1010.26587,1010.82025,1016.3637,1012.6093,1015.42596,1021.5067
1975-04-01,1010.49945,1008.9341,1007.96277,1014.5954,1008.41626,1013.10803,1019.6897
1975-05-01,1007.6242,1008.19666,1005.2127,1010.69275,1003.4775,1011.7421,1018.15436
1975-06-01,1002.38116,1008.2735,1002.2868,1005.92316,998.57166,1008.44037,1014.3353
1975-07-01,1001.1479,1008.713,1004.3363,1003.7233,998.781,1009.9175,1013.2447
1975-08-01,1002.611,1008.2734,1003.0246,1006.08234,998.8582,1011.78015,1013.62
1975-09-01,1008.6234,1009.1986,1006.36176,1011.4121,1004.0868,1013.71515,1017.6665
1975-10-01,1015.304,1009.7944,1008.25366,1016.1956,1009.5094,1015.55334,1020.70074
1975-11-01,1025.5603,1010.72687,1012.27,1021.49646,1015.4308,1017.87384,1024.8113
1975-12-01,1035.8143,1010.9506,1014.07764,1021.86597,1017.2466,1019.7386,1026.1272
1976-01-01,1030.2937,1011.51404,1014.5594,1017.95526,1016.82263,1018.50323,1024.0701
1976-02-01,1019.047,1010.7335,1012.327,1019.45386,1014.47455,1012.39197,1020.5142
1976-03-01,1016.71063,1009.9337,1010.24677,1017.3211,1011.74445,1011.9328,1019.54285
1976-04-01,1010.2634,1010.14557,1009.09937,1013.6465,1009.22656,1014.0084,1019.9371
1976-05-01,1006.3239,1009.7161,1006.22485,1010.79126,1004.53735,1012.96094,1017.7147
1976-06-01,1003.1561,1008.6923,1003.7422,1007.2916,999.74896,1009.4256,1014.55786
1976-07-01,1001.44006,1009.33435,1003.529,1003.4518,998.0147,1010.4246,1012.0818
1976-08-01,1004.9909,1009.70135,1005.1311,1006.0897,1000.4058,1012.0596,1013.9092
1976-09-01,1009.633,1010.9855,1007.71954,1011.5735,1005.5751,1015.0808,1018.716
1976-10-01,1015.0899,1010.5648,1010.3343,1016.4617,1010.65924,1018.20886,1022.0403
1976-11-01,1028.8938,1009.68616,1010.92755,1022.41327,1014.0618,1017.0376,1024.9835
1976-12-01,1031.1764,1011.0366,1013.8443,1021.95856,1016.9738,1017.1573,1025.9493
1977-01-01,1029.5514,1011.00476,1013.5598,1022.5943,1016.90875,1014.3507,1022.7718
1977-02-01,1028.3242,1011.42126,1013.4659,1021.17255,1016.18463,1016.76764,1026.0656
1977-03-01,1022.53296,1011.2942,1012.17255,1018.42017,1013.1057,1019.4268,1025.9523
1977-04-01,1011.00696,1008.98706,1008.43304,1011.42224,1007.2974,1013.6584,1017.81903
1977-05-01,1006.6941,1008.9339,1006.5163,1010.9201,1004.5386,1014.604,1018.0715
1977-06-01,1002.48486,1008.32007,1003.3764,1004.98676,999.35803,1011.61835,1014.83105
1977-07-01,999.54004,1007.85236,1002.19006,1002.7,996.5156,1008.3922,1010.7118
1977-08-01,1002.04016,1009.5626,1004.7419,1006.6452,1000.09985,1011.5655,1013.7793
1977-09-01,1011.06866,1010.3763,1007.14795,1012.5041,1005.3824,1015.39343,1018.6329
1977-10-01,1017.63477,1010.75995,1011.53235,1017.87573,1011.92957,1021.9454,1023.39185
1977-11-01,1025.6626,1010.6539,1012.43604,1019.26056,1014.75104,1023.1124,1025.2596
1977-12-01,1026.8562,1011.8954,1014.8145,1020.7175,1017.1047,1022.1016,1025.4628
1978-01-01,1034.6315,1012.3226,1014.93774,1021.4278,1018.08075,1020.8587,1026.0961
1978-02-01,1028.6932,1012.4682,1014.5507,1020.3744,1016.6962,1017.648,1024.6654
1978-03-01,1014.7199,1010.2036,1010.8671,1015.617,1012.05084,1013.47723,1020.1647
1978-04-01,1009.21423,1009.7152,1008.76935,1011.4133,1008.3237,1016.88684,1020.446
1978-05-01,1004.70746,1008.3766,1004.9216,1009.98145,1003.0748,1013.7973,1017.8428
1978-06-01,1001.34314,1008.4774,1002.8632,1005.99786,998.727,1011.04974,1014.00745
1978-07-01,1000.6507,1008.905,1003.6909,1005.57874,998.51733,1010.29193,1012.4289
1978-08-01,1002.5961,1009.7949,1003.75977,1006.5984,999.71655,1011.34393,1013.34924
1978-09-01,1010.19073,1010.44476,1007.14795,1010.56885,1005.1338,1015.36395,1017.8171
1978-10-01,1019.1965,1010.6959,1010.5948,1017.8759,1011.6938,1020.0427,1023.9281
1978-11-01,1024.3203,1011.56134,1013.1718,1022.00916,1015.62506,1019.2795,1025.2748
1978-12-01,1025.982,1011.6249,1015.1245,1019.4641,1018.1803,1024.5195,1027.3398
1979-01-01,1029.8218,1012.0742,1014.651,1022.1776,1017.8279,1019.5526,1026.0459
1979-02-01,1020.473,1010.9064,1012.6111,1017.4748,1014.52374,1016.4702,1022.1654
1979-03-01,1015.89124,1010.4691,1010.81573,1016.796,1012.14417,1013.6159,1020.42725
1979-04-01,1010.7979,1009.6584,1008.68896,1014.0218,1008.75916,1015.7406,1021.01904
1979-05-01,1008.19336,1009.73285,1006.92163,1013.8306,1006.51105,1010.6731,1019.23627
1979-06-01,1005.2732,1009.0344,1004.0315,1009.30035,1000.68884,1012.1511,1017.7317
1979-07-01,1003.9394,1010.45325,1004.84436,1005.79553,999.65326,1011.806,1014.4675
1979-08-01,1004.4524,1009.82666,1004.6867,1007.6117,1000.6262,1010.64526,1014.0824
1979-09-01,1012.0444,1010.3202,1007.95825,1013.8723,1006.24396,1016.6918,1020.41254
1979-10-01,1018.16766,1011.86664,1012.31555,1017.4195,1012.3407,1023.57336,1024.5409
1979-11-01,1030.662,1010.24176,1012.0963,1021.96436,1014.9996,1021.37024,1026.355
1979-12-01,1027.8408,1012.2312,1015.17487,1020.0234,1017.7864,1021.6655,1025.4742
1980-01-01,1028.6747,1011.5731,1014.07635,1020.76556,1017.2783,1018.3888,1024.3745
1980-02-01,1024.5856,1011.46704,1013.028,1019.8644,1014.57574,1014.35034,1021.7224
1980-03-01,1015.83606,1011.20435,1011.5847,1016.3215,1012.48364,1014.17645,1021.0853
1980-04-01,1011.07574,1009.51514,1008.64276,1012.51715,1008.2795,1015.54004,1021.65686
1980-05-01,1007.8191,1009.2147,1006.6915,1011.41486,1004.93036,1014.72363,1019.29565
1980-06-01,1004.0455,1009.24084,1003.98956,1007.4957,1000.0468,1012.53723,1016.1153
1980-07-01,1001.637,1010.2766,1004.4758,1005.66425,998.93567,1011.3478,1013.5738
1980-08-01,1004.84326,1010.87994,1005.6584,1007.6055,1000.9315,1012.3778,1015.17395
1980-09-01,1012.07495,1011.19006,1008.4248,1012.36743,1006.5055,1015.6357,1019.4984
1980-10-01,1017.42523,1011.2781,1011.1211,1016.7902,1011.2886,1021.3895,1022.38556
1980-11-01,1020.5979,1011.0997,1013.16046,1019.02655,1015.85864,1023.01215,1024.6094
1980-12-01,1028.4757,1011.3403,1013.6586,1019.70087,1016.7803,1021.0405,1025.0377
1981-01-01,1028.689,1012.76843,1015.2891,1019.7465,1017.3732,1019.00494,1024.2733
1981-02-01,1022.2536,1011.8649,1013.47925,1018.1871,1015.5795,1014.63684,1022.2798
1981-03-01,1014.4473,1010.98376,1011.9452,1014.8947,1012.5309,1016.34235,1021.11725
1981-04-01,1010.1525,1010.1035,1009.39777,1013.3857,1008.64294,1016.1751,1020.685
1981-05-01,1007.317,1008.9186,1006.55707,1011.70667,1005.2462,1015.0473,1018.761
1981-06-01,1002.7582,1009.6945,1003.9851,1008.013,1000.5225,1009.37085,1015.5886
1981-07-01,1001.283,1009.5644,1004.2694,1005.28174,998.6102,1008.98175,1012.6713
1981-08-01,1004.8087,1010.0967,1004.6119,1007.4092,1000.2198,1009.0716,1013.9215
1981-09-01,1012.39075,1010.4163,1007.922,1013.90216,1006.51074,1015.73914,1020.10364
1981-10-01,1020.6488,1011.1161,1010.9249,1019.2115,1012.35657,1016.14,1023.7479
1981-11-01,1026.234,1011.04486,1012.51056,1018.5692,1015.2666,1020.7399,1025.3174
1981-12-01,1034.0343,1012.6475,1015.8541,1020.5562,1018.66473,1022.67,1027.8727
1982-01-01,1024.1813,1012.29755,1015.13184,1020.39404,1017.7978,1019.09863,1024.3914
1982-02-01,1018.9232,1011.51025,1013.1229,1018.9111,1015.62524,1014.3131,1021.53375
1982-03-01,1012.1034,1011.0103,1011.4855,1016.53436,1013.285,1013.14905,1019.8009
1982-04-01,1013.4403,1010.2789,1009.6835,1013.69495,1009.1448,1015.35034,1020.3097
1982-05-01,1009.23956,1009.8098,1007.976,1014.44385,1007.26355,1016.1752,1021.27594
1982-06-01,1004.93774,1010.004,1004.5974,1008.5668,1000.9279,1011.31104,1016.7219
1982-07-01,1001.5393,1009.762,1003.95776,1005.17786,999.1651,1009.27466,1013.6308
1982-08-01,1002.9997,1010.53687,1004.7733,1007.24536,1000.0677,1010.3859,1013.9114
1982-09-01,1012.2958,1011.41754,1008.31,1013.8312,1006.7091,1013.66187,1019.6215
1982-10-01,1016.49695,1011.2374,1011.6535,1017.8348,1012.2696,1020.14923,1023.8882
1982-11-01,1025.3862,1010.65924,1012.52045,1021.6328,1015.314,1020.08246,1024.8162
1982-12-01,1031.8058,1011.66956,1014.9589,1022.38885,1018.33405,1021.5103,1026.3306
1983-01-01,1030.8359,1012.9405,1015.9255,1021.485,1018.98987,1021.954,1025.1359
1983-02-01,1023.7486,1012.4972,1013.96375,1018.89075,1016.3531,1018.6899,1024.1954
1983-03-01,1016.94745,1011.83356,1012.2199,1017.68085,1013.6085,1013.9626,1021.01135
1983-04-01,1010.13824,1010.4345,1009.6402,1013.93274,1009.7158,1014.455,1018.56604
1983-05-01,1006.694,1009.7523,1007.5065,1011.31854,1005.6207,1015.4083,1018.9324
1983-06-01,1005.296,1009.4403,1004.6883,1008.907,1001.5293,1012.176,1017.9626
1983-07-01,1002.9705,1009.15936,1004.11865,1004.86285,999.30884,1010.34265,1014.7199
1983-08-01,1003.66785,1009.6571,1004.76984,1006.4615,1000.36993,1013.2062,1014.655
1983-09-01,1009.2879,1010.24475,1006.8562,1011.51544,1004.3801,1014.18085,1017.82874
1983-10-01,1018.4564,1010.4682,1009.8041,1017.66437,1011.1375,1018.017,1022.97253
1983-11-01,1025.9369,1012.5475,1014.23926,1020.41974,1016.7498,1023.7986,1027.081
1983-12-01,1030.3036,1011.6277,1014.66254,1022.3755,1017.92554,1019.7919,1025.6572
1984-01-01,1029.9745,1010.5673,1013.3508,1020.6498,1016.67487,1015.1253,1024.2002
1984-02-01,1026.2694,1009.8395,1012.15704,1024.3258,1016.2738,1012.49384,1023.51465
1984-03-01,1015.4766,1010.6319,1010.8829,1016.3856,1011.61847,1014.08276,1021.436
1984-04-01,1010.1388,1009.21027,1007.931,1012.3739,1007.7003,1012.56647,1018.89325
1984-05-01,1006.02563,1008.82275,1005.84,1010.8042,1003.7001,1012.66583,1017.9841
1984-06-01,1002.5003,1008.9935,1002.58105,1006.5869,998.19025,1009.01874,1013.41394
1984-07-01,1000.7354,1009.3023,1004.02344,1004.4774,998.6067,1009.3483,1011.9151
1984-08-01,1001.91534,1010.13525,1004.48065,1005.28577,999.82086,1012.4335,1012.862
1984-09-01,1009.64777,1010.6549,1008.3055,1012.73456,1006.0839,1013.006,1018.3737
1984-10-01,1019.429,1011.7994,1010.9731,1018.63403,1012.18506,1016.4828,1023.331
1984-11-01,1021.81,1011.2042,1013.49835,1019.58954,1015.8189,1020.22626,1024.5704
1984-12-01,1032.0522,1010.48395,1012.6879,1024.6581,1016.616,1013.3306,1024.1002
1985-01-01,1030.3577,1011.48865,1014.0197,1020.3824,1016.8342,1018.524,1025.2328
1985-02-01,1015.5655,1008.54846,1009.82983,1013.3648,1012.5747,1011.1949,1018.6405
1985-03-01,1018.8895,1010.38165,1010.44806,1019.3301,1011.6437,1012.1019,1021.0237
1985-04-01,1009.27673,1008.9312,1007.55334,1011.977,1007.4195,1013.8373,1018.60815
1985-05-01,1006.94507,1008.2011,1005.3004,1010.86554,1003.75397,1012.1546,1018.38306
1985-06-01,1002.94727,1010.3091,1003.73126,1005.6296,999.2875,1009.3747,1014.5163
1985-07-01,1001.1594,1010.21735,1005.10315,1005.6151,999.30347,1011.48474,1013.2701
1985-08-01,1002.38196,1009.7854,1004.4011,1008.4635,1000.1385,1010.10754,1013.7453
1985-09-01,1012.2607,1010.2094,1007.2684,1011.6759,1005.17114,1015.16077,1018.54333
1985-10-01,1015.5365,1010.98785,1010.3048,1017.57745,1011.2878,1019.3365,1022.64374
1985-11-01,1025.4395,1011.34094,1012.7415,1020.525,1015.0693,1021.8393,1025.6427
1985-12-01,1028.7346,1011.5532,1014.2577,1020.8972,1017.23663,1020.5636,1025.1869
1986-01-01,1029.1387,1011.5117,1014.32623,1020.4639,1017.72546,1018.9975,1026.6036
1986-02-01,1023.9489,1011.2889,1012.88837,1018.5145,1015.2521,1016.1855,1023.3369
1986-03-01,1015.15265,1010.0598,1010.611,1019.0481,1011.7888,1013.1633,1019.99506
1986-04-01,1012.9742,1009.3907,1008.5869,1015.1917,1008.04034,1014.29266,1020.2596
1986-05-01,1006.639,1009.6035,1006.3737,1011.7252,1005.04285,1013.2719,1019.1516
1986-06-01,1002.2112,1008.3213,1002.7479,1005.86115,999.03687,1008.4382,1014.56964
1986-07-01,1001.37787,1010.8184,1005.10614,1006.96967,999.66705,1011.22864,1014.05176
1986-08-01,1003.8843,1010.39124,1005.22784,1008.9318,1001.2613,1011.946,1015.21564
1986-09-01,1012.89154,1011.54736,1008.5289,1013.83704,1006.70135,1016.8927,1020.16437
1986-10-01,1018.35223,1011.78064,1011.5414,1018.48846,1011.86847,1021.4201,1024.1646
1986-11-01,1026.6212,1011.61145,1012.93274,1020.3122,1014.9698,1019.37164,1024.4818
1986-12-01,1027.7836,1012.0114,1015.2388,1021.4112,1018.6396,1020.8644,1026.1932
1987-01-01,1030.0051,1012.70996,1015.73395,1021.4268,1019.16846,1021.7892,1028.213
1987-02-01,1022.75476,1012.79846,1014.84705,1019.938,1016.398,1017.55426,1024.8009
1987-03-01,1012.43365,1010.5996,1011.42645,1014.1475,1011.6011,1013.1515,1019.4314
1987-04-01,1010.24384,1010.6487,1009.8528,1015.21643,1009.6418,1014.3119,1020.61835
1987-05-01,1009.74817,1009.97815,1008.5429,1012.62445,1007.0133,1014.99347,1020.9474
1987-06-01,1004.94336,1009.1131,1003.8196,1008.44904,1000.87445,1008.8445,1016.8339
1987-07-01,1002.3155,1010.5841,1005.33997,1006.8545,999.8041,1009.259,1014.73645
1987-08-01,1003.6356,1010.1939,1005.33887,1007.2656,1000.54987,1012.9542,1015.1774
1987-09-01,1011.40515,1010.9239,1008.2923,1013.1372,1005.7779,1016.321,1019.5578
1987-10-01,1017.8317,1010.6753,1010.8025,1020.6782,1011.7233,1017.679,1023.55347
1987-11-01,1027.3368,1010.9343,1011.833,1021.3102,1015.0297,1020.3686,1026.7825
1987-12-01,1031.9369,1012.12885,1015.1808,1020.8835,1018.4088,1024.4015,1027.7874
1988-01-01,1028.2375,1011.32654,1014.12994,1020.8552,1017.3326,1018.0489,1025.0258
1988-02-01,1026.7952,1011.0518,1012.4468,1019.5844,1014.3613,1013.7798,1023.1649
1988-03-01,1016.69727,1009.79456,1010.0052,1013.9675,1010.96075,1010.6741,1018.4352
1988-04-01,1014.5037,1009.46936,1009.05927,1014.66034,1008.6993,1017.36017,1022.55615
1988-05-01,1007.8775,1008.90454,1005.7534,1011.75,1004.22186,1012.7946,1019.04517
1988-06-01,1003.8792,1009.3361,1004.16797,1006.1566,1000.48694,1010.8069,1015.8248
1988-07-01,1000.2624,1009.0551,1003.99426,1004.43274,998.1811,1010.0564,1012.7144
1988-08-01,1003.01105,1009.3418,1004.929,1006.7644,1000.2269,1010.40894,1013.78766
1988-09-01,1010.47656,1009.1603,1006.15796,1012.18884,1004.47754,1015.18677,1018.77734
1988-10-01,1019.0698,1010.5497,1009.7105,1017.67255,1010.51556,1016.5161,1023.7258
1988-11-01,1027.1196,1011.4637,1013.39923,1019.49695,1016.06256,1023.8641,1026.6466
1988-12-01,1026.7064,1011.8728,1014.9802,1018.78485,1017.34814,1020.997,1024.8773
1989-01-01,1026.6064,1010.32697,1013.1783,1021.5149,1016.9235,1015.71436,1023.23224
1989-02-01,1022.5234,1011.823,1013.44196,1022.5791,1016.4766,1012.8908,1023.1584
1989-03-01,1018.223,1010.07104,1010.5839,1015.13153,1011.66675,1013.0552,1020.3929
1989-04-01,1010.3876,1009.7761,1008.54895,1015.8192,1009.38043,1012.4515,1020.8242
1989-05-01,1007.2873,1009.019,1005.6833,1013.1709,1005.0886,1013.27386,1019.9063
1989-06-01,1004.41296,1010.2445,1004.72394,1007.3766,1000.98804,1009.81085,1016.4169
1989-07-01,1002.67883,1009.8134,1004.6453,1005.97845,999.5723,1009.7632,1014.2632
1989-08-01,1004.5967,1010.23694,1005.01807,1007.1367,1000.90485,1011.64624,1015.1223
1989-09-01,1009.5384,1010.3198,1007.44885,1011.2766,1005.3111,1013.47455,1017.97296
1989-10-01,1017.0687,1011.0383,1010.3152,1017.2922,1011.0622,1019.79175,1023.5984
1989-11-01,1026.7626,1011.5723,1014.00183,1020.21484,1015.97614,1021.28674,1026.3138
1989-12-01,1025.2938,1011.98047,1015.19366,1020.21387,1017.8722,1023.4605,1025.2306
1990-01-01,1026.5654,1011.89197,1014.23334,1022.4294,1017.5646,1017.8163,1024.012
1990-02-01,1022.12836,1011.2607,1012.79584,1018.18884,1014.0882,1014.74536,1021.0891
1990-03-01,1015.67377,1011.72034,1012.3597,1019.27106,1013.60016,1016.21594,1021.67334
1990-04-01,1010.85516,1009.36804,1008.43604,1013.2037,1008.09863,1013.42145,1019.17267
1990-05-01,1009.14935,1008.41565,1005.41016,1011.2791,1003.5258,1015.80536,1018.8536
1990-06-01,1002.0053,1009.773,1003.9729,1006.2017,999.8736,1011.25543,1014.657
1990-07-01,1001.59265,1010.52484,1004.6814,1005.4072,998.5067,1009.30133,1012.29785
1990-08-01,1003.8868,1010.7064,1005.4156,1007.8227,1001.2478,1013.3768,1015.4851
1990-09-01,1009.75653,1010.75287,1007.4644,1010.6047,1004.64166,1016.4263,1017.8293
1990-10-01,1016.769,1010.88306,1010.81226,1017.85834,1011.7434,1019.8283,1022.8343
1990-11-01,1025.0951,1011.373,1012.6512,1020.0251,1015.40247,1023.38153,1026.4364
1990-12-01,1028.4698,1011.64954,1014.9015,1021.8889,1017.4668,1021.5122,1024.6948
1991-01-01,1027.0995,1011.7596,1014.3488,1021.3205,1017.1342,1019.94904,1025.3269
1991-02-01,1026.2478,1012.15704,1013.98016,1021.08765,1016.274,1015.58606,1024.4548
1991-03-01,1015.04333,1010.4471,1010.7699,1016.99286,1011.999,1015.16626,1020.93036
1991-04-01,1011.4566,1009.71643,1008.8164,1013.9638,1009.0576,1014.38654,1020.1904
1991-05-01,1006.8348,1009.2397,1007.55096,1010.34973,1005.6331,1012.5474,1018.60425
1991-06-01,1002.59076,1009.29083,1004.293,1007.61523,1000.3969,1010.452,1015.62823
1991-07-01,1000.4581,1009.82263,1003.73926,1004.38885,998.37286,1008.6914,1013.13806
1991-08-01,1005.45306,1010.53516,1005.1991,1006.92065,1000.5519,1012.1635,1014.82495
1991-09-01,1009.6988,1011.5293,1008.67804,1013.14703,1006.72064,1015.79785,1018.86456
1991-10-01,1019.53894,1010.298,1009.97705,1018.01105,1011.42163,1016.95197,1023.6731
1991-11-01,1024.9874,1012.27313,1014.32855,1021.58606,1016.6544,1021.12494,1025.8519
1991-12-01,1027.0488,1011.9441,1014.8616,1019.5173,1016.8865,1021.1376,1024.3983
1992-01-01,1029.9761,1013.33466,1016.39886,1021.43634,1018.9903,1021.5479,1025.0283
1992-02-01,1021.4297,1012.3634,1013.824,1017.246,1015.6654,1015.78955,1022.06726
1992-03-01,1015.7827,1011.74805,1012.07043,1017.7531,1013.6818,1012.13495,1020.6181
1992-04-01,1009.1275,1010.56696,1009.8925,1013.87396,1010.0432,1015.2263,1020.4925
1992-05-01,1008.33624,1009.61786,1007.23914,1013.61334,1006.1139,1012.4851,1018.8248
1992-06-01,1003.9833,1008.74774,1003.96106,1007.3536,1000.77783,1010.6866,1016.04877
1992-07-01,1002.65027,1010.26044,1004.836,1006.2536,999.9562,1011.65466,1014.2423
1992-08-01,1005.0996,1010.88184,1005.64557,1009.7415,1001.80634,1012.73004,1015.45953
1992-09-01,1010.3236,1010.65735,1007.754,1013.57104,1006.1207,1013.47974,1018.68915
1992-10-01,1020.37134,1011.29047,1010.8096,1017.4001,1011.5241,1018.8331,1023.5191
1992-11-01,1028.7656,1011.3459,1013.63965,1020.2628,1016.3378,1024.6475,1026.9335
1992-12-01,1026.9434,1012.38605,1015.7953,1020.7976,1017.97943,1023.0297,1026.5186
1993-01-01,1030.615,1012.41394,1015.0878,1021.98785,1018.1687,1017.32666,1024.9924
1993-02-01,1020.9349,1012.3639,1014.07855,1020.42633,1015.9768,1016.6009,1023.12024
1993-03-01,1013.1056,1011.7799,1012.3119,1017.4052,1013.4686,1013.96643,1021.5244
1993-04-01,1011.8909,1010.8392,1010.2899,1014.19055,1010.11566,1016.5068,1021.9835
1993-05-01,1009.21155,1009.7447,1007.2678,1011.9932,1005.3814,1012.5495,1018.89417
1993-06-01,1005.0406,1009.73846,1004.7102,1007.6882,1001.02704,1011.51904,1016.28143
1993-07-01,1001.7905,1010.16876,1004.134,1006.36096,999.0318,1009.3034,1013.6754
1993-08-01,1006.6328,1011.5466,1006.22345,1008.6894,1001.6272,1011.4135,1015.5117
1993-09-01,1010.0548,1011.25903,1007.8663,1011.97217,1005.2588,1016.5845,1018.7295
1993-10-01,1022.07275,1011.7111,1011.5438,1020.9948,1012.61914,1019.3767,1025.1284
1993-11-01,1023.9801,1010.612,1012.78625,1021.3763,1015.1677,1019.7118,1024.5277
1993-12-01,1033.117,1011.8308,1014.8174,1022.7591,1017.95496,1021.83765,1027.0
1994-01-01,1029.5541,1011.2139,1013.7369,1020.1928,1016.5373,1016.69275,1024.9541
1994-02-01,1018.7766,1010.78485,1012.4357,1018.9491,1014.7281,1014.2821,1022.1574
1994-03-01,1019.8574,1011.1449,1011.5669,1016.85236,1012.3926,1016.7979,1023.03796
1994-04-01,1009.4693,1009.9794,1009.3686,1015.15045,1009.2328,1014.2693,1020.5262
1994-05-01,1009.1854,1010.03375,1007.0379,1011.9404,1005.5519,1014.6097,1020.07117
1994-06-01,1002.741,1008.60876,1002.82446,1005.8761,998.4774,1009.9374,1014.4042
1994-07-01,998.851,1009.6123,1003.2428,1004.16766,997.7313,1009.70807,1011.6607
1994-08-01,1002.514,1010.4241,1005.1292,1006.1797,1000.19684,1011.94415,1013.86676
1994-09-01,1012.6725,1011.65424,1008.5248,1015.5056,1006.85834,1012.63354,1019.4849
1994-10-01,1020.8833,1011.3572,1011.7836,1019.5821,1012.78503,1017.7617,1024.6573
1994-11-01,1020.80884,1011.12354,1013.989,1018.0477,1015.8046,1022.61017,1025.4464
1994-12-01,1029.15,1012.658,1015.82306,1022.43665,1019.06885,1020.0897,1025.836
1995-01-01,1035.5895,1012.58905,1015.57477,1022.1192,1018.861,1020.8721,1027.7158
1995-02-01,1025.0758,1011.5207,1013.31714,1019.3273,1014.89325,1016.27374,1023.0333
1995-03-01,1019.8497,1010.88934,1011.50745,1017.1516,1013.33075,1015.08673,1022.4877
1995-04-01,1014.03687,1009.6877,1009.427,1013.24316,1009.544,1014.9612,1020.8965
1995-05-01,1007.70245,1009.2446,1006.5975,1012.88,1005.3044,1012.431,1019.4257
1995-06-01,1002.85657,1009.0224,1003.9396,1006.90424,1000.2036,1008.8839,1015.2444
1995-07-01,1000.6143,1008.4339,1003.20605,1003.1694,997.59985,1009.4702,1012.1968
1995-08-01,1002.64044,1009.7933,1005.0251,1006.3998,1000.386,1012.1076,1014.04443
1995-09-01,1011.1559,1010.9225,1007.7058,1011.5226,1005.76227,1014.73285,1018.6135
1995-10-01,1019.0545,1010.15765,1009.8936,1018.3214,1011.2879,1018.47064,1023.9062
1995-11-01,1025.7296,1011.0421,1012.01416,1018.2549,1014.7022,1021.2936,1025.5645
1995-12-01,1032.9707,1012.8895,1015.95325,1023.2366,1018.9045,1021.82446,1028.291
1996-01-01,1029.2069,1011.0678,1013.7083,1022.87103,1016.91473,1017.14795,1025.1592
1996-02-01,1025.6559,1010.52246,1012.7357,1018.7977,1014.23535,1016.93567,1022.7626
1996-03-01,1014.47504,1009.85645,1010.0763,1015.7299,1010.78937,1012.0741,1018.469
1996-04-01,1012.0959,1009.6327,1008.75305,1015.10406,1008.59906,1014.1318,1020.73285
1996-05-01,1008.1007,1010.0953,1007.31116,1012.3177,1005.45667,1012.31805,1019.45807
1996-06-01,1004.639,1009.0729,1004.641,1007.9515,1000.7117,1011.9161,1016.29926
1996-07-01,1002.99524,1009.73773,1003.9814,1006.51685,998.7871,1009.4665,1013.445
1996-08-01,1004.6769,1010.35,1005.92993,1008.1821,1001.3862,1011.9309,1014.9369
1996-09-01,1009.0479,1009.68243,1006.5231,1009.8616,1004.6932,1015.39307,1017.453
1996-10-01,1017.1263,1010.8687,1010.21875,1017.5014,1011.55334,1018.2528,1024.2174
1996-11-01,1026.9792,1010.9111,1012.30237,1023.04517,1015.5756,1019.8283,1027.3192
1996-12-01,1030.9443,1011.98096,1014.55884,1021.6979,1018.4031,1021.55023,1028.3818
1997-01-01,1025.0958,1012.21436,1014.767,1019.63824,1017.40656,1018.25104,1024.6409
1997-02-01,1023.16815,1011.5904,1013.08093,1019.9236,1015.51587,1014.37897,1023.05475
1997-03-01,1013.01605,1011.63617,1012.08905,1015.11847,1012.7174,1014.5169,1020.22314
1997-04-01,1011.3587,1010.8239,1010.8125,1012.84143,1010.359,1017.8406,1019.8597
1997-05-01,1005.6842,1010.4413,1007.7301,1012.71265,1006.6065,1013.4299,1019.0922
1997-06-01,1002.97595,1010.18164,1005.52325,1006.757,1001.1789,1011.1454,1015.0684
1997-07-01,1000.3916,1010.11163,1003.96906,1003.9068,998.4059,1010.8197,1012.16516
1997-08-01,1004.86224,1011.44006,1005.8284,1007.10974,1001.4574,1012.67755,1015.1559
1997-09-01,1012.2793,1012.13,1009.4255,1013.2943,1006.78784,1017.11475,1019.70825
1997-10-01,1019.80994,1012.70593,1013.3927,1017.09753,1013.7477,1023.4915,1024.3063
1997-11-01,1025.6294,1011.58936,1013.4697,1021.546,1015.98047,1022.9968,1026.1621
1997-12-01,1029.66,1012.06396,1014.8517,1021.1221,1018.0857,1023.9841,1026.0939
1998-01-01,1029.4216,1011.91656,1014.7099,1020.4762,1017.7204,1019.2433,1024.8972
1998-02-01,1020.1481,1012.68274,1014.4067,1019.9864,1016.0684,1018.1095,1022.92065
1998-03-01,1016.5756,1011.3448,1012.17914,1016.1549,1013.41846,1015.61444,1021.5593
1998-04-01,1009.8321,1010.39307,1010.1491,1013.5893,1009.4427,1018.3194,1021.3188
1998-05-01,1009.7949,1009.1842,1006.8675,1012.8622,1005.6053,1013.9981,1020.3196
1998-06-01,1003.3409,1009.34564,1004.11084,1008.96484,1000.7059,1010.09845,1016.72046
1998-07-01,1001.09204,1009.6476,1004.4751,1005.1603,998.83215,1010.013,1013.3145
1998-08-01,1006.0845,1010.14594,1006.1526,1008.25806,1001.2344,1012.89703,1015.6552
1998-09-01,1010.94214,1010.2641,1007.25793,1012.17053,1005.4079,1016.8574,1019.7192
1998-10-01,1018.9325,1010.68604,1009.30695,1018.0899,1010.3281,1019.5155,1023.4955
1998-11-01,1021.6822,1010.9115,1011.788,1020.3432,1014.8642,1022.90576,1025.8706
1998-12-01,1031.2527,1011.771,1014.34393,1022.9085,1017.5308,1024.9591,1028.3025
1999-01-01,1029.4738,1010.7362,1013.22284,1021.02563,1016.363,1018.24524,1023.8699
1999-02-01,1025.8595,1011.7409,1013.6057,1017.6994,1016.0673,1019.0985,1025.7888
1999-03-01,1011.76965,1008.57355,1008.5754,1015.64056,1010.4069,1010.1692,1018.982
1999-04-01,1011.4613,1009.8272,1007.70905,1014.8112,1007.79504,1013.58124,1020.9816
1999-05-01,1007.9016,1009.3655,1005.72205,1011.3768,1003.3161,1012.3968,1018.3508
1999-06-01,1002.108,1010.1163,1004.86053,1006.9496,1000.40796,1009.7694,1015.5726
1999-07-01,1000.2985,1009.655,1003.662,1004.93256,998.13904,1009.04663,1012.0965
1999-08-01,1003.2539,1010.6364,1005.766,1006.6736,1000.66437,1011.89606,1014.41064
1999-09-01,1007.9959,1010.11017,1007.2116,1011.27014,1004.7448,1014.8978,1017.8044
1999-10-01,1018.04553,1010.21014,1009.48956,1016.4649,1010.3235,1019.9395,1023.5724
1999-11-01,1023.183,1011.0502,1012.8566,1020.05096,1015.1866,1020.4369,1024.8422
1999-12-01,1032.2101,1011.41504,1014.62164,1023.00543,1018.26416,1024.6727,1027.6539
2000-01-01,1027.8258,1010.7666,1013.556,1019.3886,1016.1635,1017.80005,1023.23193
2000-02-01,1024.16,1010.56885,1012.2038,1019.26855,1014.9674,1015.13226,1023.39075
2000-03-01,1016.79004,1010.0521,1010.6692,1016.37396,1012.0104,1015.6662,1021.93274
2000-04-01,1012.13055,1009.31793,1007.8331,1012.3763,1006.96594,1015.62036,1020.64
2000-05-01,1006.7515,1009.5664,1006.15607,1009.8206,1003.3833,1015.5749,1018.3651
2000-06-01,1003.42004,1009.39453,1004.27515,1007.0773,1000.1207,1009.7314,1014.4674
2000-07-01,1000.79456,1009.0139,1003.76807,1005.9718,998.5867,1009.26135,1012.63715
2000-08-01,1003.79877,1009.7762,1004.836,1007.2466,1000.57605,1012.06335,1014.8155
2000-09-01,1010.66956,1010.1318,1007.64484,1010.9684,1005.29456,1015.05206,1018.24646
2000-10-01,1017.6432,1010.47217,1009.3538,1018.1792,1010.3425,1018.2017,1023.1318
2000-11-01,1024.5096,1010.04205,1012.25507,1022.1028,1015.0294,1018.8916,1025.4075
2000-12-01,1029.4724,1010.81,1013.66656,1020.93884,1016.9842,1021.11414,1026.3761
2001-01-01,1026.3024,1010.3665,1013.0459,1022.5565,1017.04376,1016.68805,1024.5615
2001-02-01,1022.4779,1010.81067,1012.09076,1017.9146,1014.5668,1014.03656,1023.19867
2001-03-01,1017.2448,1010.40424,1010.75684,1015.6411,1011.7932,1017.27466,1021.97107
2001-04-01,1012.3831,1009.7567,1009.1312,1013.09863,1008.7204,1016.2249,1021.1105
2001-05-01,1008.60693,1009.07806,1005.5374,1009.13403,1002.9265,1015.5308,1018.25616
2001-06-01,1001.9036,1009.15784,1003.6666,1005.85785,999.13983,1011.73413,1013.7478
2001-07-01,1000.1455,1009.696,1004.16986,1005.5988,998.8809,1009.54877,1012.61694
2001-08-01,1004.85944,1010.3198,1005.3416,1008.13916,1001.41284,1012.6127,1015.434
2001-09-01,1010.05676,1010.2813,1007.7958,1012.2405,1006.0432,1014.2634,1019.30554
2001-10-01,1016.42346,1010.59143,1009.95355,1017.23315,1010.58655,1018.9127,1022.8121
2001-11-01,1023.5591,1011.21686,1013.1579,1019.12,1015.624,1021.3198,1025.7089
2001-12-01,1034.2981,1012.54395,1015.6637,1021.6374,1018.16046,1021.4391,1027.963
2002-01-01,1029.4509,1011.49054,1014.4957,1021.11426,1017.66296,1020.3118,1025.705
2002-02-01,1022.7265,1012.4474,1014.7586,1019.6186,1017.3157,1017.9042,1025.1128
2002-03-01,1015.2406,1010.31006,1011.07355,1015.8696,1012.14935,1017.4552,1022.3581
2002-04-01,1009.6967,1009.18866,1008.8593,1012.46655,1008.1109,1013.8334,1019.75366
2002-05-01,1007.5404,1009.3289,1005.9653,1011.045,1003.4017,1013.7301,1018.65094
2002-06-01,1001.7439,1009.4834,1004.495,1006.92377,1000.4339,1011.1673,1015.45764
2002-07-01,1002.75195,1010.8422,1005.23035,1006.24536,999.9383,1009.08636,1013.6152
2002-08-01,1002.84766,1010.733,1005.59045,1006.4903,1000.77875,1013.20264,1014.66174
2002-09-01,1014.932,1011.4926,1008.68665,1012.7799,1006.8457,1016.70557,1020.7845
2002-10-01,1017.0637,1010.72284,1010.5921,1016.61066,1011.0657,1021.2682,1023.51575
2002-11-01,1022.97253,1010.95294,1012.56415,1020.8838,1015.3559,1022.7537,1024.8596
2002-12-01,1030.78,1011.75684,1014.37384,1021.8383,1017.0062,1018.7685,1024.9076
2003-01-01,1029.937,1012.6555,1015.4115,1020.6614,1018.30334,1020.2149,1025.7128
2003-02-01,1020.04614,1011.19946,1013.22736,1016.78546,1014.3925,1016.03424,1021.9404
2003-03-01,1016.242,1010.6996,1011.6344,1016.9186,1012.4758,1014.9974,1022.193
2003-04-01,1012.3265,1009.78534,1009.2756,1015.0145,1008.82635,1015.3044,1021.36334
2003-05-01,1007.9425,1009.5955,1006.6701,1013.2475,1005.66437,1013.5923,1019.7018
2003-06-01,1003.0456,1008.88574,1003.88293,1007.45044,999.3889,1010.815,1015.3212
2003-07-01,1001.02356,1009.4099,1004.3152,1004.677,999.1832,1011.6948,1013.78687
2003-08-01,1005.2403,1010.36053,1005.5405,1008.07117,1001.2804,1011.88715,1015.538
2003-09-01,1010.6807,1010.9199,1007.63873,1012.2367,1005.53973,1014.9928,1018.55054
2003-10-01,1019.463,1011.03925,1010.7513,1016.2068,1011.76,1018.70465,1024.6998
2003-11-01,1023.225,1011.0032,1013.3582,1020.9494,1015.94727,1018.75824,1025.3193
2003-12-01,1032.9706,1011.96564,1015.0442,1023.042,1018.42975,1020.51154,1027.0818
2004-01-01,1028.6534,1011.16205,1013.9157,1017.649,1015.9332,1017.6061,1023.33795
2004-02-01,1023.9111,1011.60187,1013.6105,1018.3461,1016.153,1019.21576,1024.8663
2004-03-01,1017.1456,1010.65875,1010.92175,1018.3412,1012.2302,1016.23083,1023.32324
2004-04-01,1009.67163,1009.86096,1009.0056,1014.04,1007.8502,1015.2397,1019.75446
2004-05-01,1009.1043,1009.19073,1005.93286,1010.0549,1004.0406,1013.1631,1018.9128
2004-06-01,1004.8217,1010.80817,1005.1654,1007.58795,1001.0487,1012.20605,1016.1636
2004-07-01,1001.1011,1009.6669,1004.69745,1006.6661,999.66516,1010.7555,1013.8695
2004-08-01,1004.22723,1010.6425,1005.2816,1006.6588,1000.75665,1011.4918,1014.7459
2004-09-01,1012.5458,1010.5461,1008.4996,1013.63416,1006.6059,1016.34894,1020.16754
2004-10-01,1020.3232,1011.54114,1012.21454,1019.5743,1013.14325,1020.5406,1025.4814
2004-11-01,1024.6633,1011.13477,1013.5571,1019.0474,1015.6391,1022.837,1025.8859
2004-12-01,1027.6914,1011.2837,1014.3777,1021.6398,1017.32166,1020.0588,1025.554
2005-01-01,1026.3259,1011.7556,1014.17645,1020.47296,1017.3636,1016.06647,1024.4216
2005-02-01,1023.392,1011.99475,1013.55634,1019.4412,1015.1517,1014.2828,1022.30225
2005-03-01,1017.4115,1011.3972,1012.0334,1015.19385,1012.6328,1016.81494,1021.67084
2005-04-01,1013.31384,1010.68475,1010.41956,1016.1638,1010.40967,1017.9374,1023.1212
2005-05-01,1006.36945,1009.3829,1006.98267,1011.87463,1005.6792,1013.08075,1018.8683
2005-06-01,1002.33514,1008.84656,1003.34894,1006.9964,999.6984,1010.80334,1016.1267
2005-07-01,1001.86664,1010.2899,1004.6764,1005.2518,999.3216,1010.7657,1013.9457
2005-08-01,1003.5677,1010.4899,1005.595,1006.9086,1000.7544,1010.09753,1013.9868
2005-09-01,1010.80786,1010.49023,1007.0462,1011.267,1005.1641,1016.5147,1019.3186
2005-10-01,1020.48926,1011.0362,1010.9214,1018.3816,1012.0951,1020.76953,1024.7017
2005-11-01,1024.9463,1011.05225,1012.73425,1021.1352,1015.47107,1019.99133,1026.0197
2005-12-01,1033.8864,1010.9742,1013.489,1022.00305,1017.1886,1020.6802,1026.5559
2006-01-01,1029.1041,1011.6563,1014.19946,1022.255,1017.45447,1015.1004,1023.9709
2006-02-01,1025.5946,1011.23206,1013.08417,1018.08234,1014.7396,1017.30066,1023.6852
2006-03-01,1017.7307,1010.4808,1010.8959,1015.39307,1011.94086,1016.2762,1021.88354
2006-04-01,1010.97296,1009.8593,1008.8673,1013.2652,1008.2227,1016.5129,1021.21704
2006-05-01,1009.3296,1009.7208,1006.85614,1011.6261,1004.30176,1016.1611,1019.749
2006-06-01,1003.8946,1009.34033,1004.93085,1008.31213,1001.3348,1011.13983,1016.48413
2006-07-01,1000.91003,1010.35315,1004.12933,1005.1327,998.4983,1009.9102,1012.9051
2006-08-01,1002.65533,1010.2162,1005.2377,1007.1126,1000.63855,1012.5982,1015.133
2006-09-01,1010.8476,1010.7858,1007.7397,1012.4342,1005.92944,1016.09985,1019.50726
2006-10-01,1016.6636,1011.9322,1012.0334,1017.32465,1012.2951,1022.91516,1024.765
2006-11-01,1021.3785,1010.55853,1012.62756,1019.0937,1014.98047,1021.0132,1024.438
2006-12-01,1029.6853,1011.36566,1014.6982,1023.4658,1018.1581,1021.8968,1026.2598
2007-01-01,1033.3754,1012.6234,1015.72876,1022.944,1019.56256,1020.8952,1028.2084
2007-02-01,1016.4425,1011.26514,1013.2164,1017.25,1013.9897,1016.60175,1020.69025
2007-03-01,1015.8361,1010.8479,1011.3808,1016.2999,1012.3827,1015.5474,1021.80676
2007-04-01,1013.0947,1010.1511,1009.7185,1014.1923,1008.82526,1018.3954,1022.97723
2007-05-01,1007.67633,1009.38324,1006.5367,1013.1444,1005.07275,1014.7852,1019.7913
2007-06-01,1001.99524,1007.70447,1003.0657,1005.87537,999.19226,1012.0427,1015.0595
2007-07-01,1000.3164,1009.4067,1004.11554,1005.3987,998.7457,1009.8742,1012.9498
2007-08-01,1003.558,1009.59937,1004.678,1007.0455,1000.26154,1011.47675,1014.54803
2007-09-01,1010.44403,1009.5345,1005.9543,1011.76086,1003.77716,1014.5298,1017.8676
2007-10-01,1021.3429,1010.3648,1010.0392,1019.8958,1011.597,1017.54474,1024.5121
2007-11-01,1023.60156,1010.7717,1012.5613,1018.6505,1014.6083,1022.27057,1024.3274
2007-12-01,1027.3826,1010.55835,1013.43225,1021.9897,1017.34644,1017.59656,1025.5066
2008-01-01,1033.008,1011.0537,1013.4437,1024.5203,1017.06506,1014.0325,1024.4056
2008-02-01,1029.8171,1011.57574,1013.7013,1023.5832,1017.42346,1017.7203,1025.2601
2008-03-01,1014.603,1009.6232,1010.24927,1013.94305,1010.66394,1017.3985,1021.8001
2008-04-01,1010.5975,1009.33466,1008.44293,1012.62067,1008.1575,1015.62695,1020.2939
2008-05-01,1006.1949,1009.6071,1006.1418,1009.6278,1003.902,1013.486,1017.8517
2008-06-01,1001.4918,1009.34375,1004.0429,1005.6936,999.24164,1011.8078,1013.98553
2008-07-01,1001.0418,1009.04425,1003.774,1004.34845,998.28894,1010.1346,1012.52594
2008-08-01,1003.557,1009.34454,1005.04407,1007.0437,1000.45135,1012.3922,1014.48376
2008-09-01,1008.9376,1010.2996,1007.26263,1011.39087,1005.2383,1015.3135,1019.0128
2008-10-01,1018.55646,1010.3589,1010.57495,1018.55414,1011.36487,1021.5956,1024.3809
2008-11-01,1027.2444,1010.2637,1012.23395,1022.0189,1015.3042,1022.4146,1026.2
2008-12-01,1029.3225,1011.0766,1013.9066,1022.1968,1017.1119,1020.78577,1025.7897
2009-01-01,1030.2649,1011.9937,1014.80725,1021.5245,1017.85565,1019.7829,1026.0596
2009-02-01,1018.10895,1011.0574,1012.2577,1016.48193,1014.05493,1013.93896,1022.38745
2009-03-01,1014.8703,1010.38165,1010.8383,1014.3176,1011.5174,1015.9603,1021.6372
2009-04-01,1007.86646,1009.69855,1008.6931,1014.575,1009.1484,1014.1642,1020.1729
2009-05-01,1007.6625,1008.87427,1006.0249,1011.71075,1004.4065,1013.79675,1019.50366
2009-06-01,1002.53033,1009.682,1004.6139,1009.6538,1001.6864,1009.4256,1016.636
2009-07-01,1000.063,1009.9764,1003.69147,1004.1101,998.2807,1008.8224,1013.4866
2009-08-01,1004.19446,1010.2698,1005.8662,1007.81757,1001.50555,1013.5029,1015.9738
2009-09-01,1010.5261,1010.7413,1007.34656,1011.75964,1005.58484,1015.2177,1019.5555
2009-10-01,1017.85144,1010.9927,1010.4107,1018.1288,1011.2295,1019.2228,1023.93665
2009-11-01,1025.8604,1010.4041,1012.1428,1019.22766,1014.44604,1019.8896,1025.3561
2009-12-01,1027.1135,1011.1633,1013.8076,1019.63025,1016.38617,1019.96893,1025.7632
2010-01-01,1026.991,1012.4026,1015.0456,1020.5564,1018.1167,1020.4614,1026.0819
2010-02-01,1019.5823,1011.4637,1013.0989,1017.35864,1014.3943,1014.24896,1022.0834
2010-03-01,1019.0026,1011.2901,1011.4936,1017.05585,1011.9483,1016.4691,1023.18097
2010-04-01,1014.9414,1010.2387,1009.3086,1014.61523,1008.35626,1016.63226,1022.5984
2010-05-01,1007.9025,1008.46313,1005.7524,1010.3641,1004.05695,1012.0396,1018.6605
2010-06-01,1003.5118,1009.47174,1004.79114,1006.92596,1001.0363,1010.64154,1016.79663
2010-07-01,1001.0884,1009.40393,1004.4863,1005.40936,999.2944,1010.7539,1015.1825
2010-08-01,1004.5419,1009.5937,1005.27606,1008.353,1001.25006,1013.3055,1016.0038
2010-09-01,1011.4679,1009.73676,1007.0734,1012.4956,1005.08374,1014.3436,1018.9652
2010-10-01,1018.60223,1009.89984,1008.6029,1015.26526,1009.1986,1019.3736,1022.6906
2010-11-01,1024.0721,1009.94073,1011.3834,1020.40955,1014.3268,1022.04517,1024.8236
2010-12-01,1028.5046,1009.37634,1011.43195,1019.91693,1015.13385,1019.41406,1023.6057
2011-01-01,1034.5972,1010.2641,1012.8955,1020.5961,1015.9976,1016.7838,1024.2546
2011-02-01,1017.29877,1010.311,1012.04895,1016.5623,1013.6637,1015.11005,1020.6344
2011-03-01,1023.20654,1010.1186,1011.01776,1018.35156,1012.31476,1016.712,1022.8357
2011-04-01,1011.74963,1009.9833,1009.62463,1013.6144,1009.0912,1017.79456,1022.4728
2011-05-01,1007.82,1009.7735,1007.00366,1011.0715,1004.7262,1015.1826,1019.5664
2011-06-01,1001.25366,1009.08795,1003.7325,1005.43677,999.09125,1011.2579,1014.6484
2011-07-01,1000.824,1008.9806,1003.9382,1005.1597,999.07886,1010.4047,1013.60223
2011-08-01,1002.4988,1009.4117,1004.8107,1006.43353,999.9699,1012.8863,1014.3301
2011-09-01,1009.7427,1010.3114,1006.3979,1010.782,1003.81116,1013.47156,1017.25366
2011-10-01,1016.67834,1009.784,1010.16864,1016.3989,1010.9758,1019.2933,1022.4685
2011-11-01,1021.50684,1009.8157,1011.94,1020.0642,1014.12213,1020.8327,1023.61316
2011-12-01,1033.1927,1010.2762,1013.30237,1023.74304,1017.5033,1017.4619,1026.0156
2012-01-01,1031.376,1011.1718,1013.7334,1019.3834,1016.47833,1016.04443,1024.2125
2012-02-01,1022.5841,1009.9881,1011.90344,1019.45734,1015.0176,1012.37396,1021.8358
2012-03-01,1015.5406,1010.6909,1011.03937,1015.8525,1012.54834,1014.89935,1021.3887
2012-04-01,1010.2883,1009.9139,1008.98944,1012.70276,1008.3849,1015.4624,1020.01917
2012-05-01,1007.3274,1009.3044,1006.22595,1010.6841,1004.9476,1013.99036,1019.6085
2012-06-01,1001.9052,1009.2028,1003.48706,1007.0471,999.5497,1008.3338,1015.0387
2012-07-01,1000.70496,1008.9479,1003.5386,1004.8803,997.9017,1008.9022,1012.97516
2012-08-01,1003.50494,1010.02435,1005.13025,1006.86896,1000.48724,1012.27637,1014.76825
2012-09-01,1010.44305,1010.6033,1007.46765,1012.47363,1005.16254,1015.57324,1019.0785
2012-10-01,1018.6441,1010.53546,1011.0196,1017.82825,1011.9439,1019.78467,1024.1351
2012-11-01,1023.1665,1010.6111,1011.9177,1020.29144,1014.47614,1018.82935,1023.96893
2012-12-01,1027.3301,1010.1151,1012.8206,1020.82336,1016.10284,1018.76514,1024.7449
2013-01-01,1027.8445,1011.9587,1014.65497,1019.2301,1017.60706,1019.02704,1025.6205
2013-02-01,1022.3761,1011.1663,1013.26196,1019.1236,1015.9207,1017.49677,1023.9858
2013-03-01,1013.59326,1010.72943,1011.52356,1015.63635,1012.67206,1017.74756,1022.6394
2013-04-01,1009.7563,1009.59283,1008.79193,1013.9398,1008.4891,1015.3615,1020.3805
2013-05-01,1007.7965,1009.0975,1006.1179,1011.1735,1004.60583,1013.5608,1018.91376
2013-06-01,1002.2676,1008.82965,1003.3213,1005.3351,999.391,1009.922,1014.52954
2013-07-01,1000.51135,1009.22064,1003.3166,1003.7266,997.7513,1008.7355,1012.4801
2013-08-01,1002.5091,1009.95416,1005.4494,1007.2919,1001.0824,1011.56537,1014.52313
2013-09-01,1010.32477,1010.1779,1007.01917,1009.91144,1005.0684,1016.8577,1018.376
2013-10-01,1017.7349,1011.2115,1010.3162,1017.69977,1010.8862,1021.258,1023.1903
2013-11-01,1027.2627,1010.29425,1012.47675,1020.55475,1015.40955,1022.7089,1026.6158
2013-12-01,1030.3291,1010.9538,1013.9402,1023.4571,1017.6595,1020.34,1025.7468
2014-01-01,1027.3763,1012.2877,1015.4965,1022.249,1018.82996,1021.1718,1026.9839
2014-02-01,1021.7096,1010.6574,1012.62915,1022.04645,1015.3805,1013.64966,1022.85297
2014-03-01,1016.3262,1010.9518,1012.30615,1016.46796,1013.3569,1016.70105,1022.2601
2014-04-01,1012.0424,1010.6998,1010.0354,1015.1692,1010.1753,1016.5774,1022.14886
2014-05-01,1008.36816,1009.5039,1007.5778,1011.0642,1006.0887,1013.57196,1019.3791
2014-06-01,1005.35175,1008.8415,1003.73553,1007.08765,1000.5287,1010.21014,1016.2003
2014-07-01,1001.37866,1010.33563,1004.2841,1005.87164,999.4078,1010.8634,1013.9805
2014-08-01,1005.3445,1010.3441,1005.9182,1007.3745,1001.607,1012.728,1015.70074
2014-09-01,1009.51874,1010.9301,1007.80695,1010.5732,1005.3794,1015.3487,1018.6976
2014-10-01,1017.7204,1010.91254,1011.1125,1018.82654,1012.1458,1020.6344,1024.622
2014-11-01,1024.0142,1011.0303,1012.6413,1021.4065,1015.4592,1019.0333,1025.5568
2014-12-01,1034.7826,1011.27954,1014.2289,1022.9868,1018.17413,1020.80334,1027.7433
2015-01-01,1027.699,1012.5256,1015.2518,1021.3065,1018.3527,1022.3733,1026.134
2015-02-01,1023.0272,1011.85596,1013.8491,1017.84845,1014.7389,1017.71185,1023.2337
2015-03-01,1015.86145,1011.8839,1012.87445,1019.231,1014.09235,1017.56104,1023.84937
2015-04-01,1012.68445,1010.36426,1010.20636,1013.88354,1009.49384,1017.3644,1021.6855
2015-05-01,1007.7183,1009.9559,1007.5268,1011.4906,1005.8113,1014.9934,1020.8474
2015-06-01,1005.07196,1009.2668,1004.5956,1006.828,1000.9567,1011.3492,1016.92053
2015-07-01,1000.9036,1010.5007,1004.98816,1006.42053,999.6264,1012.5441,1014.09064
2015-08-01,1004.77386,1010.80554,1006.494,1009.2617,1002.4468,1013.27094,1016.43695
2015-09-01,1013.4571,1010.88904,1008.23334,1014.4769,1006.87213,1014.3351,1020.584
2015-10-01,1018.8827,1011.4188,1011.6249,1017.9417,1012.1253,1020.7313,1024.9548
2015-11-01,1020.5657,1010.58984,1012.5945,1019.85065,1015.4546,1018.99524,1024.7795
2015-12-01,1030.1503,1012.00867,1015.0172,1023.58484,1018.73706,1020.2004,1027.0029
2016-01-01,1030.3014,1012.3497,1015.2502,1019.39703,1017.78564,1019.5522,1024.646
2016-02-01,1030.4849,1012.2826,1014.72235,1021.48474,1017.10675,1019.66626,1027.227
2016-03-01,1014.9222,1011.55994,1012.32874,1014.94293,1012.868,1017.3106,1022.227
2016-04-01,1009.55475,1010.1963,1009.40137,1014.08154,1009.17883,1014.8071,1020.81824
2016-05-01,1008.1733,1009.6666,1006.94495,1010.0395,1004.85455,1014.0306,1018.7911
2016-06-01,1003.39276,1010.08057,1005.2682,1008.38684,1001.8872,1013.55896,1016.99896
2016-07-01,1000.02844,1010.0594,1005.0611,1005.52075,999.50146,1010.92737,1013.9525
2016-08-01,1006.7183,1010.41693,1005.2225,1008.7996,1001.3666,1012.05835,1016.0718
2016-09-01,1010.3936,1011.0005,1007.38385,1010.7344,1005.312,1016.66364,1018.9767
2016-10-01,1017.39496,1010.96545,1009.83545,1018.3919,1010.6333,1017.8392,1022.6036
2016-11-01,1024.37,1011.20703,1012.79645,1022.9749,1015.89734,1020.12305,1025.3339
2016-12-01,1026.603,1011.4883,1013.797,1021.1313,1017.1795,1020.49603,1025.5698
2017-01-01,1030.1392,1011.8393,1014.5171,1021.0776,1017.4312,1019.46844,1025.5045
2017-02-01,1023.88324,1012.11743,1014.2273,1021.60065,1017.04675,1018.24634,1024.9319
2017-03-01,1016.7096,1010.8151,1011.3465,1016.82983,1012.07135,1015.2778,1022.3321
2017-04-01,1012.34326,1010.6679,1009.5718,1016.21643,1008.9377,1015.7953,1021.855
2017-05-01,1009.4884,1009.8325,1007.4509,1011.22546,1005.64124,1017.1589,1020.5801
2017-06-01,1004.28046,1009.5681,1004.5615,1007.2526,1000.7558,1012.8951,1016.37085
2017-07-01,1003.3318,1010.2103,1004.94586,1006.24225,999.3791,1012.1082,1014.4548
2017-08-01,1006.2007,1009.4725,1005.1248,1008.5903,1001.1356,1012.06415,1015.6156
2017-09-01,1010.02295,1010.46674,1007.8692,1013.20514,1006.0547,1015.58075,1019.91754
2017-10-01,1018.7847,1010.1541,1009.5511,1016.04614,1010.192,1018.3918,1022.74115
2017-11-01,1024.4479,1010.096,1012.031,1019.7508,1015.1014,1021.6215,1024.7499
2017-12-01,1031.4689,1011.5443,1014.43195,1023.1755,1018.5233,1021.0293,1027.6647
2018-01-01,1029.2511,1010.84717,1013.1811,1019.5162,1016.1457,1014.75287,1023.0344
2018-02-01,1026.3159,1011.5409,1013.6629,1018.78735,1015.16797,1016.415,1024.5817
2018-03-01,1012.39386,1010.4391,1011.3545,1014.4983,1011.96954,1017.8747,1022.2165
2018-04-01,1012.74164,1009.7119,1009.5281,1015.31006,1008.7914,1017.31995,1021.1389
2018-05-01,1008.0737,1009.2698,1007.4256,1012.38965,1005.8744,1014.16797,1019.87756
2018-06-01,1003.82,1009.68744,1004.2413,1006.7305,1000.0134,1010.2887,1015.3672
2018-07-01,1000.1193,1010.0585,1003.6776,1003.56165,998.11273,1009.2915,1012.3086
2018-08-01,1004.69745,1010.3897,1004.5925,1007.59503,1000.1258,1011.4916,1014.5914
2018-09-01,1013.4032,1010.9242,1008.6403,1013.4928,1006.5253,1016.26733,1020.56116
2018-10-01,1018.60986,1011.32886,1011.7457,1019.84174,1012.81903,1021.744,1025.2981
2018-11-01,1024.9198,1011.5188,1013.4097,1022.37103,1015.85266,1021.8815,1026.6189
2018-12-01,1032.9954,1011.751,1014.40686,1020.9762,1017.80774,1022.2063,1026.6619
2019-01-01,1031.474,1012.7429,1015.8309,1019.37524,1018.3609,1022.0947,1026.383
2019-02-01,1021.94257,1012.4304,1014.4071,1018.97363,1016.3637,1016.66876,1023.2924
2019-03-01,1015.6738,1011.6112,1012.3075,1015.72375,1013.44745,1018.22705,1022.7411
2019-04-01,1008.6856,1010.24524,1009.7947,1014.4863,1009.8161,1017.8755,1020.922
2019-05-01,1010.0126,1010.10724,1007.7064,1012.4247,1006.5542,1014.61176,1020.6791
2019-06-01,1005.0589,1009.29724,1004.6035,1008.74347,1001.48157,1010.9051,1018.02625
2019-07-01,1001.94916,1009.755,1004.4814,1004.1678,998.77655,1011.89594,1014.056
2019-08-01,1004.48016,1010.3028,1004.8442,1008.3979,1000.7148,1013.17896,1015.988
2019-09-01,1011.1555,1010.8815,1008.1359,1012.6708,1005.3819,1017.1762,1019.7563
2019-10-01,1018.9126,1010.6101,1011.0867,1017.94653,1011.7745,1020.4069,1024.7726
2019-11-01,1024.3219,1010.70807,1012.55194,1023.0277,1015.6098,1020.2278,1026.3792
2019-12-01,1028.7144,1010.9974,1014.4608,1020.925,1017.6512,1023.136,1027.308
2020-01-01,1027.884,1011.83954,1014.7374,1021.3436,1017.77924,1018.94385,1025.3057
2020-02-01,1024.4496,1012.02716,1014.7089,1019.41547,1017.0646,1020.9329,1025.6322
2020-03-01,1017.83014,1010.9556,1011.93896,1016.6667,1012.9306,1016.05316,1021.58044
2020-04-01,1013.8364,1010.862,1010.92334,1015.41565,1010.3711,1018.3512,1022.312
2020-05-01,1009.4099,1009.73016,1007.68304,1012.4857,1006.61255,1016.21436,1020.4164
2020-06-01,1004.5831,1008.88763,1004.7508,1007.32404,1001.4102,1011.4845,1016.6469
2020-07-01,1002.9434,1008.6881,1004.66364,1006.29175,999.784,1010.9631,1015.1634
2020-08-01,1003.3145,1009.3483,1004.3525,1006.5291,999.3018,1011.7809,1013.99475
2020-09-01,1010.51843,1009.89935,1006.8543,1013.8812,1005.4228,1013.4514,1019.0023
2020-10-01,1021.6711,1009.9118,1008.74457,1019.8878,1010.73804,1016.03436,1023.62384
2020-11-01,1026.2847,1011.0066,1013.44464,1022.7918,1016.41534,1020.37213,1027.0378
2020-12-01,1033.8969,1010.9858,1013.92114,1024.7844,1017.86774,1018.17316,1027.4742
2021-01-01,1032.1215,1010.83124,1013.56604,1022.0867,1017.38696,1017.8175,1025.9548
2021-02-01,1020.88617,1011.3835,1013.609,1019.64624,1015.7729,1017.7735,1023.9819
2021-03-01,1014.8534,1010.5837,1011.3854,1015.9925,1012.03217,1014.5781,1021.68115
2021-04-01,1015.1814,1010.6738,1010.2052,1015.1289,1009.97003,1017.0261,1023.24384
2021-05-01,1009.38367,1009.27716,1006.9815,1011.0898,1005.2345,1014.1777,1019.5319
2021-06-01,1005.5493,1010.37415,1005.7452,1007.77344,1001.7593,1011.68274,1017.3342
2021-07-01,1001.4007,1009.89905,1004.68243,1005.1109,999.355,1011.7412,1014.3864
2021-08-01,1006.01953,1010.53235,1006.39526,1008.29065,1002.2145,1012.4902,1016.2041
2021-09-01,1009.65546,1009.90314,1006.61566,1011.14453,1004.59656,1017.94696,1019.1253
2021-10-01,1021.0123,1010.3396,1009.7492,1019.40063,1010.6812,1017.6041,1023.69196
2021-11-01,1029.0009,1009.99817,1011.46387,1021.71094,1014.64197,1020.5032,1026.2917
2021-12-01,1032.4996,1012.0738,1015.0699,1021.24695,1018.05884,1022.78656,1028.1027
2022-01-01,1025.7385,1011.62396,1014.14154,1018.1772,1016.8055,1018.26825,1023.4262
2022-02-01,1025.2245,1010.59515,1012.8272,1018.479,1014.6989,1016.7425,1023.77875
2022-03-01,1013.64484,1009.8827,1010.40814,1016.36694,1011.80066,1016.3481,1022.4766
2022-04-01,1013.7116,1009.5024,1009.1695,1012.9615,1007.9769,1017.18005,1022.1949
2022-05-01,1006.3177,1008.9524,1005.897,1010.9584,1004.12164,1012.8868,1017.39343
2022-06-01,1003.19946,1009.03424,1004.8993,1006.6744,1000.99146,1010.98346,1016.01013
2022-07-01,1001.5943,1009.2069,1004.4144,1005.67804,999.7677,1012.2,1014.26245
2022-08-01,1006.02515,1009.4422,1004.9691,1008.7111,1000.9956,1011.6326,1015.8669
2022-09-01,1009.87976,1010.5272,1007.48834,1011.40173,1005.45435,1017.3993,1019.18866
2022-10-01,1020.53894,1011.0794,1010.8997,1018.80457,1011.9082,1021.7735,1025.7156
2022-11-01,1021.8881,1011.1033,1012.6416,1020.2258,1015.25305,1020.47076,1026.1646
2022-12-01,1034.163,1010.8394,1013.19434,1024.1691,1016.9711,1018.9675,1026.6013
