,w_cluster1,w_cluster2,w_cluster3,w_cluster4,w_cluster5
1965-01-01,0.52998924,0.04701501,0.036298573,0.025161922,0.14503866
1965-02-01,0.58236307,0.045176387,-0.19951516,0.026737869,0.164738
1965-03-01,0.23991051,0.050744712,0.049799144,0.03115052,0.052478254
1965-04-01,-0.048854947,0.0018379092,0.0028885603,0.026265085,0.0032562613
1965-05-01,-0.3749177,0.035983384,0.060252905,0.023796082,-0.008825958
1965-06-01,-0.23718017,-0.00078862906,0.111733735,0.013079643,-0.09497756
1965-07-01,-0.10474837,-0.005253792,0.095921755,0.0004721284,-0.039346695
1965-08-01,0.0072486997,0.013604999,0.09135157,0.00456959,-0.05463338
1965-09-01,-0.030679047,0.020434082,0.0945034,0.005410075,-0.059886515
1965-10-01,0.1465621,0.02810365,0.11399257,0.018070161,0.023848593
1965-11-01,0.11357236,0.018858135,0.08268386,0.031675816,0.15055448
1965-12-01,0.22131437,0.02847141,-0.05972892,0.026160002,0.1615861
1966-01-01,0.085334,0.041885138,0.13220227,0.030168056,0.12805343
1966-02-01,0.3188547,0.037417173,-0.047109842,0.030897558,0.14619896
1966-03-01,0.17556,0.026201606,-0.19783598,0.033268332,0.14939037
1966-04-01,-0.066167176,0.025198579,-0.10724527,0.03614056,0.064453006
1966-05-01,-0.3336081,0.024879456,-0.0053934455,0.023694038,-0.026228845
1966-06-01,-0.47758663,0.0065515637,0.12153381,0.0016732812,-0.069404185
1966-07-01,-0.12730563,0.0073722005,0.07644367,-0.009359896,-0.020119548
1966-08-01,0.0023115277,0.00035113096,0.095683336,0.0021291971,-0.066349566
1966-09-01,0.0062324405,0.019408464,0.03992468,0.012979984,-0.03826505
1966-10-01,0.047584116,0.02857238,0.039468765,0.021232128,0.0008981824
1966-11-01,0.1579616,0.013663888,-0.02955705,0.024514735,0.07252276
1966-12-01,0.21376583,0.04389119,-0.07651651,0.036596477,0.14820498
1967-01-01,0.53152645,0.034124553,-0.09655595,0.028003812,0.13404435
1967-02-01,0.6928629,0.016547024,-0.16922009,0.034856915,0.17129195
1967-03-01,0.16266012,0.009170771,-0.03838277,0.024603367,0.0521729
1967-04-01,0.07691741,0.019005775,-0.0046402216,0.00932765,0.022196949
1967-05-01,-0.17753804,0.025335789,-0.00066435337,0.012048006,-0.024205565
1967-06-01,-0.0053203106,-0.022531629,0.09156537,-0.004221678,-0.05810511
1967-07-01,-0.12710738,-0.010499358,0.075766504,0.0024222136,-0.036028624
1967-08-01,0.102812886,-0.014998317,0.055416346,-0.0015536547,-0.04173088
1967-09-01,-0.07432246,0.012257218,0.09679675,0.0045148134,-0.0046924353
1967-10-01,0.04940021,0.022144616,0.05933988,0.02135992,-0.004797101
1967-11-01,0.21377093,0.013826668,0.030357897,0.0085430145,0.07111055
1967-12-01,0.24840283,0.05238211,-0.062499523,0.036374032,0.16417724
1968-01-01,0.5399619,0.04957527,-0.07279819,0.02908051,0.14784601
1968-02-01,0.3222561,0.017326713,-0.1323111,-0.02031523,0.1447216
1968-03-01,0.39608935,0.03372997,-0.046538115,0.029712856,0.030382365
1968-04-01,-0.014401108,0.013123602,0.0104827285,0.025621325,0.011598587
1968-05-01,-0.13160437,0.03815624,-0.016112119,0.019521266,-0.013471216
1968-06-01,-0.13789046,-0.01317367,0.14263862,0.002522856,-0.061527908
1968-07-01,-0.035453826,-0.021989018,0.10767478,-0.0012338758,-0.045422226
1968-08-01,-0.10835719,0.01435107,0.082939714,0.015504122,-0.026080519
1968-09-01,-0.026973218,0.009404063,0.095400244,0.0090321,-0.050518036
1968-10-01,0.07516584,0.029378086,0.02647683,0.025844514,0.06895417
1968-11-01,0.04291728,0.033097655,0.0079906285,0.033134848,0.09264776
1968-12-01,0.3720238,0.05444792,-0.14187038,0.033469588,0.20096129
1969-01-01,0.5548818,0.053708136,-0.13874537,0.030587256,0.23246229
1969-02-01,0.29973704,0.025239885,-0.2328077,0.029415905,0.23444849
1969-03-01,0.059513867,0.017091572,-0.012700796,0.034712374,0.040518045
1969-04-01,0.21300817,0.033286393,-0.07691985,0.040263414,0.051620126
1969-05-01,-0.17668611,0.01658231,0.031453013,0.0138831735,-0.010918319
1969-06-01,-0.30461496,0.012864649,0.0778476,0.009452522,-0.05048871
1969-07-01,-0.08099407,-0.01117295,0.10967708,0.007262647,-0.07111418
1969-08-01,0.07738924,0.010827541,0.09073216,0.017346203,-0.029455781
1969-09-01,0.1319322,0.011693299,0.06435192,0.0024755,0.0043597817
1969-10-01,0.079375446,0.032420635,0.086505234,0.023457468,-0.008779407
1969-11-01,0.15892357,0.034050286,0.019383311,0.030281663,0.09200537
1969-12-01,0.20857751,0.043726444,0.059666634,0.039856017,0.11446422
1970-01-01,0.27124518,0.042045653,-0.051044166,0.04258454,0.15673524
1970-02-01,0.30487967,0.038767517,-0.06577331,0.03989017,0.12642378
1970-03-01,0.23972127,0.056774795,-0.15266615,0.03818375,0.14047933
1970-04-01,-0.15095973,0.03840828,0.062208414,0.014697969,-0.033441067
1970-05-01,-0.2935807,0.03445655,0.09669608,0.01388967,-0.056522727
1970-06-01,-0.22788346,0.004908502,0.10181534,0.012587428,-0.023786306
1970-07-01,-0.10915238,-0.0060036182,0.10724896,0.015730858,-0.06456083
1970-08-01,-0.033979952,-0.020148933,0.06342083,-0.006228149,-0.050864577
1970-09-01,0.118026376,0.011285126,0.06858504,0.012273073,-0.021316528
1970-10-01,0.19584823,0.024397671,0.09463042,0.024622202,0.02960676
1970-11-01,0.06292689,0.027855396,0.111694634,0.02206254,0.06324124
1970-12-01,0.33608925,0.017931223,-0.026705205,0.016045153,0.17460775
1971-01-01,0.27291936,0.05119878,-0.07938194,0.03313923,0.123951584
1971-02-01,0.6203081,0.06270826,-0.12069428,0.028367043,0.13368315
1971-03-01,0.012833953,0.02453059,0.12820914,0.044601917,0.033419967
1971-04-01,0.13695818,0.0138632655,0.0670594,0.02598095,-0.011260986
1971-05-01,-0.38503724,0.01882261,0.1204426,0.018261194,-0.004289806
1971-06-01,-0.17360967,0.008763552,0.108231366,0.0118047,-0.05991882
1971-07-01,0.05419314,-0.004289806,0.04712838,0.009886444,-0.02758944
1971-08-01,-0.053789794,0.0038042068,0.07487267,0.014565051,-0.05322838
1971-09-01,0.15394163,0.017231882,0.083060324,0.01746583,0.010120392
1971-10-01,0.19848225,0.021816969,0.060041428,0.025653422,0.0797385
1971-11-01,0.074404836,0.0216766,0.099856615,0.030706346,0.13377672
1971-12-01,0.26388958,0.029536724,0.08549321,0.038893998,0.15464345
1972-01-01,0.6554346,0.015511155,-0.19229954,0.022189856,0.25589344
1972-02-01,0.39871517,0.05465871,-0.34298164,0.039708674,0.20184726
1972-03-01,0.5044443,0.025066853,-0.14390457,0.03123182,0.09920055
1972-04-01,0.004516959,0.0072398186,-0.034784675,0.023474216,-0.001853466
1972-05-01,0.03195107,0.040838897,-0.01027894,0.030461192,-0.032781065
1972-06-01,-0.2488631,-0.036223173,0.08024329,0.002975762,-0.06673974
1972-07-01,-0.060985804,-0.02368772,0.056302667,0.024501741,-0.053433716
1972-08-01,0.0581522,0.014175415,0.060977757,0.030461192,-0.02240336
1972-09-01,-0.06201327,0.022806346,0.081270814,0.010990202,-0.03966528
1972-10-01,-0.098386586,0.024707258,0.036934435,-0.0070423484,0.035701454
1972-11-01,0.09688872,0.030461192,0.09848136,0.02527237,0.17184442
1972-12-01,0.41114783,0.015768051,-0.25215107,0.032413423,0.2493175
1973-01-01,0.53966916,0.04095465,-0.36329013,0.034537315,0.19293201
1973-02-01,0.5113133,0.050904095,-0.07903528,0.034885526,0.13806099
1973-03-01,0.23511755,0.03916377,-0.16519725,0.031850934,0.11398339
1973-04-01,-0.032521784,0.04488468,-0.034113705,0.034736276,0.0023509264
1973-05-01,-0.283446,0.027373731,0.023443699,0.0062809587,-0.02491045
1973-06-01,-0.2981214,-0.009986341,0.15691513,0.0045895576,-0.12316096
1973-07-01,-0.08714408,-0.035407126,0.084135115,0.0043905377,-0.0410285
1973-08-01,0.07035518,-0.0075487494,0.06140071,0.014737964,-0.048789084
1973-09-01,0.015832365,0.013942003,0.07358873,0.021304548,0.018170536
1973-10-01,0.09264189,0.028020442,0.07707107,0.020856857,0.069410026
1973-11-01,0.14308542,0.028318882,0.10632235,0.021901548,0.085130095
1973-12-01,0.19969761,0.046775103,0.046974063,0.027622461,0.069260776
1974-01-01,0.71032685,0.01733017,-0.15490097,0.019463181,0.1986751
1974-02-01,0.58552617,0.023574054,-0.30650008,0.03656608,0.21988887
1974-03-01,0.116612256,-0.004038751,-0.03677082,0.016942322,0.09241223
1974-04-01,-0.15168208,0.06576896,0.047037244,0.031640768,-0.02284807
1974-05-01,-0.2711308,0.027529836,0.014886916,0.020122468,-0.049025953
1974-06-01,-0.3554818,0.006316066,0.041724086,0.017291367,-0.027967274
1974-07-01,-0.11879486,0.0086429715,0.084694624,0.004997492,-0.035723686
1974-08-01,-0.056627214,0.0018561482,0.09322667,0.0055404305,-0.03580123
1974-09-01,-0.11041796,0.0146154165,0.09353691,-0.0036897063,-0.035956383
1974-10-01,0.1223132,0.02310872,0.013800979,0.022876024,-0.005318582
1974-11-01,0.07802409,0.028344274,0.08438438,0.020665407,0.04909265
1974-12-01,0.54205143,0.0326491,-0.1137144,0.026288807,0.1973953
1975-01-01,0.5020852,0.02879262,-0.08539611,0.019938529,0.14916465
1975-02-01,0.5337331,0.045915484,-0.19087714,0.03303677,0.15410393
1975-03-01,0.21213129,0.032012343,-0.19808483,0.035927176,0.10123539
1975-04-01,0.08663708,0.013938248,-0.028759062,0.030987859,0.052281618
1975-05-01,-0.3039317,0.028170645,0.0031449795,0.010974646,-0.041089
1975-06-01,-0.14397234,0.003071785,0.03793943,0.011852741,-0.053126216
1975-07-01,-0.11254388,0.00354743,0.07372177,0.0003643632,-0.05565071
1975-08-01,0.10544291,0.003986478,0.06863612,0.009072125,-0.010831356
1975-09-01,0.0306952,0.012767434,0.06684339,0.0130601525,-0.0017576814
1975-10-01,0.21472898,0.024658263,0.052574337,0.020560503,0.01799941
1975-11-01,0.2073018,0.023670435,0.044305623,0.030329287,0.12315112
1975-12-01,0.43911853,0.019206762,-0.0044285655,0.03914684,0.11301646
1976-01-01,0.39487144,0.030959427,-0.040035367,0.0317508,0.12113434
1976-02-01,0.6203321,0.018389821,-0.28984374,0.027374744,0.19529474
1976-03-01,0.5390955,0.013315439,-0.15697879,0.03030765,0.14520276
1976-04-01,0.04920852,0.027002335,-0.012894392,0.03868735,0.030074894
1976-05-01,-0.22955638,0.0080548525,0.06429201,-0.0014421344,-0.047670186
1976-06-01,-0.10092789,-0.0049802065,0.08193594,0.0024684072,-0.08337706
1976-07-01,-0.14543343,-0.0049336553,0.10376972,0.010568798,-0.02625537
1976-08-01,0.08403087,0.0056340694,0.07695466,0.012244701,-0.042688906
1976-09-01,-0.005957842,0.012849927,0.102047265,0.018482924,-0.02360183
1976-10-01,-0.10251069,0.025838494,0.076675355,0.021974504,-0.014197886
1976-11-01,0.13766098,0.043482423,-0.045016587,0.031657696,0.13156241
1976-12-01,0.27667105,0.027514398,-0.09748286,0.03258878,0.194224
1977-01-01,0.49901503,0.03242436,-0.2162964,0.02673024,0.229058
1977-02-01,0.2519278,0.045959562,-0.08710536,0.04567951,0.14336625
1977-03-01,0.060801595,0.01898253,0.04455936,0.020802766,0.035971522
1977-04-01,-0.048460066,0.03009072,-0.03338465,0.017022252,-0.0015069544
1977-05-01,-0.3839461,0.03013739,0.032937765,0.014128536,0.06388202
1977-06-01,-0.37899873,0.017022252,0.0671958,-0.020082831,-0.010094792
1977-07-01,-0.11804959,-0.029277414,0.06948277,0.0022268891,-0.07361683
1977-08-01,-0.060641736,0.0028336346,0.07060292,0.022482991,-0.057327956
1977-09-01,0.11442894,0.018375784,0.064022034,0.023883194,-0.020689577
1977-10-01,0.10285401,0.022576362,0.12152326,0.001760155,0.06868935
1977-11-01,0.1250704,0.03233102,0.049553394,0.030044049,0.06724247
1977-12-01,0.404222,0.024023205,-0.020456225,0.026916951,0.13029778
1978-01-01,0.44481796,0.07248151,-0.103019714,0.03156483,0.16535336
1978-02-01,0.18594438,0.04934323,-0.16925061,0.032997727,0.16641474
1978-03-01,0.24485165,0.03692484,-0.09548378,0.034908295,0.11143458
1978-04-01,-0.12684798,0.0289644,0.054968596,0.040427446,0.018562794
1978-05-01,-0.42133117,0.021269321,0.0950892,0.010761619,-0.051223755
1978-06-01,-0.081048846,-0.019169688,0.10718906,-0.0053715706,-0.03206563
1978-07-01,0.07869065,-0.008237362,0.063194394,-0.0012851954,-0.0896461
1978-08-01,0.079539776,-0.007600546,0.06462729,0.012512922,-0.0381155
1978-09-01,0.004499316,0.012247562,0.081662536,0.016705394,-0.039548397
1978-10-01,0.06616628,0.0353328,0.11881125,0.030185103,-0.05403638
1978-11-01,0.3991781,0.027743816,-0.061731458,0.029548168,0.10246587
1978-12-01,0.19050837,0.062079906,0.04663658,0.039313078,0.16848445
1979-01-01,0.2913286,0.04183793,-0.09980893,0.013155103,0.18466294
1979-02-01,0.42595202,0.038983226,-0.04443705,0.039753556,0.09911293
1979-03-01,0.3124895,0.022534788,-0.23932612,0.029241085,0.105955124
1979-04-01,-0.1366027,0.044148862,0.042064488,0.02892387,-0.010362089
1979-05-01,-0.027218342,0.036717653,-0.05091673,0.017142653,0.027383268
1979-06-01,-0.31739962,-0.030979276,0.11279732,-0.0051057935,-0.11643863
1979-07-01,-0.059390187,-0.0029761195,0.10790354,0.0042285323,-0.05920893
1979-08-01,0.11859733,-0.009183943,0.07197076,0.0129285455,-0.047518313
1979-09-01,-0.0033839345,0.014922321,0.0816676,0.00685668,-0.035283923
1979-10-01,-0.007960498,0.023214519,0.09163636,0.016780138,-0.029483914
1979-11-01,0.16345668,0.04528171,-0.092966735,0.03137076,0.08905357
1979-12-01,0.4160739,0.013427019,-0.043440163,0.031461358,0.12018323
1980-01-01,0.5900551,0.041288793,-0.124195516,0.030698895,0.19563782
1980-02-01,0.69813573,0.028199136,-0.1802811,0.018154621,0.16968578
1980-03-01,0.29212874,0.04447031,-0.085244656,0.03451675,0.112372994
1980-04-01,-0.13355821,0.029880822,0.01015538,0.03583479,-0.016887486
1980-05-01,-0.43143922,0.021063447,0.04851544,0.022745132,-0.06820083
1980-06-01,-0.23454875,-0.020568967,0.13050765,0.008700967,-0.04183966
1980-07-01,0.13446182,-0.0043432117,0.067195475,0.0034287572,-0.06992793
1980-08-01,-2.5451183e-05,-0.030477107,0.07687634,0.009337306,-0.069791555
1980-09-01,0.06837714,0.016700268,0.10391927,0.010519028,-0.012796998
1980-10-01,0.0144277215,0.031698823,0.11146402,0.009382725,0.035380304
1980-11-01,0.1484605,0.037243724,0.114509165,0.02469951,0.07792169
1980-12-01,0.28540206,0.057832718,0.02651751,0.034062207,0.09523827
1981-01-01,0.47663328,0.06780821,-0.057581842,0.03556359,0.117328584
1981-02-01,0.41562992,0.043509424,-0.13093966,0.0495072,0.17966479
1981-03-01,0.25722623,0.024029315,0.0032164454,0.017211318,0.06724435
1981-04-01,-0.11140841,0.022491455,0.13424551,0.022388935,0.002806306
1981-05-01,-0.10956293,0.029822111,0.10917771,0.011521101,-0.036051333
1981-06-01,-0.32876486,-0.00067961216,0.116457105,0.0030113459,-0.035948813
1981-07-01,0.022952795,-0.025132239,0.0826233,-0.00442183,-0.036000073
1981-08-01,0.025157154,-0.007907689,0.080675304,0.0052669644,-0.02431196
1981-09-01,0.077650785,0.007676363,0.097233355,0.002601266,0.006446004
1981-10-01,0.0125463605,0.042432904,0.0850327,0.018082798,0.04955846
1981-11-01,0.17802441,0.03469211,0.07078147,0.019723237,0.11850768
1981-12-01,0.19540268,0.036383808,0.0122388005,0.025618494,0.15346926
1982-01-01,0.429276,0.056947052,-0.15868253,0.03355062,0.17620182
1982-02-01,0.6695932,0.024408937,-0.16622311,0.02172327,0.18079847
1982-03-01,0.6283266,0.045274615,-0.05977696,0.019450724,0.14634937
1982-04-01,-0.06669778,0.05018121,-0.06855708,0.02652651,0.032465994
1982-05-01,-0.18238884,0.04754716,-0.0010534525,0.01392442,-0.0033775568
1982-06-01,-0.27272087,0.010618985,0.10983437,0.011238754,-0.08606571
1982-07-01,-0.17360872,0.0026652217,0.09780043,0.003801465,-0.08864808
1982-08-01,-0.03374648,-0.029872894,0.054726183,0.008294821,-0.0061149
1982-09-01,0.015060663,0.015887022,0.08540499,0.014182687,-0.02073127
1982-10-01,-0.04361123,0.030038536,0.016093612,0.011393666,0.017488122
1982-11-01,0.25408667,0.030090213,0.01991558,0.018107891,0.10141581
1982-12-01,0.3960148,0.024667144,-0.14592552,0.048425138,0.15600753
1983-01-01,0.6736452,0.0024086535,-0.06152433,0.015716344,0.12742877
1983-02-01,0.4233645,0.030266613,-0.01190111,0.032831967,0.091153294
1983-03-01,0.37494373,0.021328032,-0.25805324,0.022049516,0.12899202
1983-04-01,0.09953073,0.017640352,-0.022042215,0.025937617,0.042051136
1983-05-01,-0.3571394,0.024935514,0.026498765,0.007980257,-0.014266044
1983-06-01,-0.47426307,0.005735576,0.07467902,0.000364393,-0.08228755
1983-07-01,-0.12649953,-0.006730348,0.08237502,0.0055351555,-0.07912099
1983-08-01,0.027540952,0.0030099154,0.077965856,0.0042124093,-0.050461352
1983-09-01,0.05451706,0.009022415,0.098167896,0.002889663,-0.00937587
1983-10-01,0.2849565,0.018241614,0.10710648,0.014754355,0.12626636
1983-11-01,0.08634329,0.027941793,0.099811316,0.022490442,0.07363686
1983-12-01,0.26800126,0.03411463,-0.05579245,0.024695039,0.15853348
1984-01-01,0.33402717,0.038069546,-0.10161543,0.026052535,0.1818116
1984-02-01,0.4990814,0.05142182,-0.29003608,0.019735932,0.20558885
1984-03-01,0.3850738,0.040431917,-0.034392,0.03781277,0.08803776
1984-04-01,0.022663116,0.048032403,-0.03850043,0.021636069,0.015319407
1984-05-01,-0.2507497,0.016295135,0.10154408,-0.004452169,-0.05385548
1984-06-01,0.004843056,-0.01410687,0.09502202,0.012032688,-0.09524745
1984-07-01,0.07422334,0.000991404,0.048854083,0.008900046,-0.08020049
1984-08-01,-0.02134788,-0.0037332177,0.04264015,0.004688978,-0.045125186
1984-09-01,-0.025199533,0.014703155,0.066468775,0.019787252,-0.0488227
1984-10-01,0.048597306,0.01747632,0.08808911,0.01911968,0.018143892
1984-11-01,0.2694742,0.0338071,0.052140772,0.020865738,0.064876765
1984-12-01,0.4753555,0.021430612,-0.292193,0.02153331,0.24965125
1985-01-01,0.3533223,0.043004036,-0.06495428,0.032331824,0.13987803
1985-02-01,0.7076892,0.024461567,0.047454238,0.024379194,0.116597
1985-03-01,0.3622227,0.02207166,-0.14843649,0.038430214,0.13431531
1985-04-01,-0.21481848,0.03274387,-0.027951777,0.013912976,-0.020864427
1985-05-01,-0.3036986,0.01597327,0.0017161965,0.0037352443,-0.048266053
1985-06-01,-0.21832097,0.00888592,0.124467194,0.006660819,-0.07101148
1985-07-01,-0.040807843,0.0029523373,0.07712215,0.0074025393,-0.07039338
1985-08-01,0.11717385,0.0011805296,0.06970519,0.005630672,-0.05279863
1985-09-01,0.009050727,0.016920984,0.10262835,0.011687875,-0.04806
1985-10-01,0.16995806,0.012841642,0.027840436,0.007608533,0.03871864
1985-11-01,0.13538665,0.034309685,0.04432261,0.02306062,0.046753705
1985-12-01,0.43672216,0.025244474,-0.10599488,0.022112846,0.17276001
1986-01-01,0.3000244,0.044390798,-0.08715379,0.015039682,0.17182195
1986-02-01,0.30362365,0.05994481,-0.105450034,0.03702092,0.15339714
1986-03-01,0.3098795,0.022409558,-0.2748298,0.026008844,0.12687397
1986-04-01,-0.014182925,0.0030421019,-0.013325989,0.018981695,0.037577927
1986-05-01,-0.2306959,0.029351056,0.08882463,0.008955181,-0.018767715
1986-06-01,-0.428227,-0.029051363,0.104635656,-0.0010713339,-0.13891464
1986-07-01,0.04271972,0.010754824,0.070656896,0.015125334,-0.0280658
1986-08-01,0.07044262,0.0071983933,0.07485604,0.009512246,-0.06114477
1986-09-01,0.02982235,0.017139256,0.09113842,0.012340188,-0.05981648
1986-10-01,0.0069413185,0.022880912,0.07669854,0.013325751,0.02086705
1986-11-01,0.22679645,0.037835002,-0.010026634,0.032950282,0.12413168
1986-12-01,0.4107018,0.038991928,-0.05116111,0.019324481,0.17062223
1987-01-01,0.24019563,0.027143538,-0.015305936,0.027294427,0.16113098
1987-02-01,0.28777525,0.07844503,-0.10105991,0.040421575,0.15544757
1987-03-01,0.30578107,0.049122706,-0.06575242,0.037504435,0.0730634
1987-04-01,0.06275281,0.033279598,-0.0590128,0.02140984,0.009087414
1987-05-01,-0.28690207,0.03604585,-0.032507032,0.009439498,0.01220575
1987-06-01,-0.14149755,-0.030495197,0.061696604,0.018040031,-0.06308675
1987-07-01,-0.024560332,0.014267862,0.08116099,0.017285615,-0.11891484
1987-08-01,0.01653117,0.010445416,0.07527642,0.016028225,-0.067311555
1987-09-01,-0.08048901,0.011401027,0.09594789,0.01094836,-0.038341314
1987-10-01,0.091371,0.023270786,-0.032758504,0.010445416,0.06959301
1987-11-01,0.17974034,0.024729341,0.030714512,0.011652499,0.11264603
1987-12-01,0.37679845,0.037504435,0.015474975,0.0365991,0.20463666
1988-01-01,0.516096,0.038860828,-0.083868116,0.027876705,0.20516945
1988-02-01,0.45935118,0.018121839,-0.18661144,0.027995676,0.19390774
1988-03-01,0.6538934,0.050558746,-0.21658984,0.035252333,0.14929706
1988-04-01,-0.10865179,0.017606318,0.042826235,0.026964664,-0.011618614
1988-05-01,-0.43195036,0.024942309,0.090054065,0.009873807,-0.051351875
1988-06-01,-0.5086807,0.009675533,0.107105255,0.0022999048,-0.058608532
1988-07-01,-0.122173816,-0.0111427605,0.05273971,0.0012292564,-0.058568865
1988-08-01,-0.042072833,-0.0075342655,0.067768574,0.006860107,-0.058687836
1988-09-01,-0.048893332,0.010191053,0.008248001,0.0060273707,-0.006463617
1988-10-01,0.13680607,0.022602737,0.04421413,0.020501077,-0.0012689531
1988-11-01,0.16737926,0.03882119,0.12260994,0.017883897,-0.008604914
1988-12-01,0.50146365,0.040367693,-0.050043285,0.03279379,0.13894737
1989-01-01,0.5761183,0.019831717,-0.18315452,0.020087183,0.19427353
1989-02-01,0.5445443,0.010852277,-0.27243775,0.020014226,0.18496558
1989-03-01,0.26099873,0.038046062,-0.1238392,0.024540424,0.108238906
1989-04-01,-0.09179062,0.010450721,-0.07675195,0.018809617,0.051113665
1989-05-01,-0.12821937,0.027314544,0.0060705543,0.027789056,-0.019809186
1989-06-01,-0.3001061,-0.006851077,0.062173724,0.004026413,-0.041199207
1989-07-01,-0.08602339,0.0061070323,0.065458894,0.0009238124,-0.020064712
1989-08-01,0.021802783,-0.002434373,0.04757303,0.021145761,-0.05131018
1989-09-01,0.0069465637,0.00942868,0.094952285,0.008881152,-0.0658744
1989-10-01,0.101705104,0.020890236,0.10853094,0.017240047,-0.03769505
1989-11-01,0.28304577,0.018882632,0.029066622,0.038301587,0.090645075
1989-12-01,0.25128925,0.037681043,0.032789826,0.03998065,0.11977348
1990-01-01,0.68978995,0.029126942,-0.21402511,0.037859946,0.23928772
1990-02-01,0.46868783,0.05040735,-0.19779715,0.023438781,0.13311988
1990-03-01,0.23557368,0.04783097,-0.07463178,0.026450187,0.05264917
1990-04-01,0.062218666,0.024308741,0.048433244,-0.004433185,-0.03561768
1990-05-01,-0.18384442,0.021498144,0.1617949,0.018754423,-0.06964627
1990-06-01,-0.21783957,0.019791692,0.08965567,0.017817557,-0.11622223
1990-07-01,-0.032807082,0.014003158,0.07874778,0.013434321,-0.047964305
1990-08-01,-0.11003217,-0.005135834,0.07319346,0.0018237829,-0.030397981
1990-09-01,0.11876565,0.012095928,0.09343663,0.013534695,-0.03267321
1990-10-01,0.06747183,0.023706466,0.07493338,0.018152148,0.0048017204
1990-11-01,0.093001634,0.023271501,0.08212721,0.026349783,0.040503263
1990-12-01,0.39955997,0.050541192,-0.21218482,0.02363956,0.14821026
1991-01-01,0.5938895,0.033510804,0.026190102,0.023557484,0.12630022
1991-02-01,0.4434358,0.03700888,-0.24099863,0.032609224,0.196911
1991-03-01,0.27859306,0.025901556,-0.16916168,0.019374192,0.11320943
1991-04-01,0.057889223,0.029183269,-0.09205961,0.019987285,0.03426814
1991-05-01,-0.12448001,0.01565975,-0.02548778,0.018472672,0.010178208
1991-06-01,-0.29476815,0.020420015,0.11338973,-0.0037419796,-0.051452994
1991-07-01,-0.13450545,-0.012324929,0.09211272,-0.025559962,-0.06302911
1991-08-01,-0.027435184,-0.0026600957,0.071989715,0.0059949756,-0.038434327
1991-09-01,0.046601593,0.021285534,0.07913017,0.009745479,-0.04499775
1991-10-01,0.0884704,0.01796776,0.0965845,0.0127747655,-0.024333775
1991-11-01,0.12190056,0.008266926,0.057564616,0.01569581,0.025288522
1991-12-01,0.6199628,0.04555577,0.029075086,0.0270195,0.13881397
1992-01-01,0.52456284,0.012546837,-0.18034637,0.020632744,0.18023902
1992-02-01,0.6157536,0.026562393,-0.07963222,0.020183504,0.11276686
1992-03-01,0.4159874,0.00014847517,-0.43810624,0.019554615,0.17444414
1992-04-01,0.027056515,0.036939263,-0.054071844,0.03199786,0.031009614
1992-05-01,-0.06727874,0.022788942,0.026831925,0.014747977,-0.06691939
1992-06-01,-0.4520319,0.0067968965,0.093630254,0.0008223057,-0.06656003
1992-07-01,0.0017656684,-0.012160003,0.071573794,0.0104804635,-0.055419505
1992-08-01,0.047495842,-0.016247869,0.06757575,0.015871048,-0.040909827
1992-09-01,0.14367288,0.002619207,0.05189812,0.007830083,-0.0038944483
1992-10-01,0.064116776,0.026337743,0.10023373,0.014792919,-0.03170091
1992-11-01,0.13882136,0.0033379197,0.13823736,0.016454995,0.03837675
1992-12-01,0.40812612,0.014074206,0.039185345,0.026023328,0.12264961
1993-01-01,0.58812714,0.0139276385,-0.23031968,0.02124679,0.14417711
1993-02-01,0.63904643,0.026441038,-0.037345827,0.022781432,0.13520524
1993-03-01,0.58875674,0.05556023,-0.14736927,0.032304227,0.083892465
1993-04-01,-0.0352996,0.02947098,0.045722663,0.019239902,0.017075658
1993-05-01,-0.21402866,0.027188659,0.042181134,0.015462279,-0.01774937
1993-06-01,-0.21902615,0.0021618605,0.12886983,-0.017119765,-0.08196908
1993-07-01,0.07094622,0.0052312016,0.016760826,0.01034677,-0.049387038
1993-08-01,0.031517208,-0.0032684803,0.09963256,0.015462279,-0.03726709
1993-09-01,0.025654018,0.015147448,0.07822603,0.019239902,-0.020661294
1993-10-01,0.17254865,0.024591565,0.06445342,0.009402335,-0.0188905
1993-11-01,0.2535709,0.02750349,0.061620176,0.0153442025,0.08711916
1993-12-01,0.19297147,0.032500982,0.01349479,0.02596879,0.12949944
1994-01-01,0.36795,0.03121847,-0.22378993,0.0233562,0.22175598
1994-02-01,0.44145137,0.028657615,-0.21067107,0.01571852,0.16784298
1994-03-01,0.37967607,0.01032722,-0.017842293,0.01998663,0.059477866
1994-04-01,-0.02273941,0.04245037,-0.13119435,0.021693885,0.050896704
1994-05-01,-0.06357849,0.032206893,0.05462569,0.008440256,-0.058816195
1994-06-01,-0.32186657,-0.0015785694,0.09290391,0.0057895184,-0.088063955
1994-07-01,-0.0009046793,-0.016629279,0.05624312,-0.0045437813,-0.035184324
1994-08-01,0.004217088,0.0013866425,0.07349527,0.017201126,-0.0238626
1994-09-01,-0.010294497,0.018099666,0.0013417006,0.011854768,0.021918535
1994-10-01,-0.006790161,0.027534425,0.050851822,0.02695036,0.007362008
1994-11-01,0.16424876,0.04159677,0.10301262,0.01549387,-0.023009002
1994-12-01,0.53395706,0.026725769,-0.2046957,0.03148806,0.1397633
1995-01-01,0.44477543,0.056860864,-0.012677908,0.027034283,0.12651265
1995-02-01,0.4276026,0.01720512,-0.09916359,0.021780789,0.11696589
1995-03-01,0.20746231,0.027768672,-0.046289265,0.03595966,0.10877484
1995-04-01,-0.02228117,0.031440496,-0.065665245,0.029406905,0.039970458
1995-05-01,-0.22010803,0.053471506,0.03234434,0.018108964,-0.007932782
1995-06-01,-0.41516685,0.01647073,0.07764906,0.007036984,-0.12418854
1995-07-01,-0.25258958,-0.027026296,0.07516348,0.0050598383,-0.045441926
1995-08-01,-0.0047128797,0.0045514107,0.059007466,0.016414225,-0.03781581
1995-09-01,-0.075042546,0.0104263425,0.056521893,0.008505702,-0.03165847
1995-10-01,0.13024092,0.022176206,0.04437661,0.017374575,-0.012564957
1995-11-01,0.23305213,0.038671196,0.049178243,0.022232711,0.15323222
1995-12-01,0.45121527,0.01827842,-0.1169014,0.018843293,0.18644816
1996-01-01,0.4093725,0.04425475,-0.27162343,0.03370601,0.19263062
1996-02-01,0.38466147,0.010016978,-0.068715304,0.031150952,0.13532433
1996-03-01,0.6120981,0.01742664,-0.24829936,0.029106915,0.12908268
1996-04-01,0.022974774,0.039509654,-0.057400048,0.02669786,0.043232724
1996-05-01,-0.17580873,0.02936241,-0.06535724,0.014178067,-0.04436925
1996-06-01,-0.252716,-0.005276859,0.07860203,-0.012540519,-0.033345997
1996-07-01,0.12459308,0.005271867,0.07024334,-0.0025393069,-0.074409425
1996-08-01,0.04385324,0.0012567937,0.05392748,0.011988029,-0.0066638887
1996-09-01,-0.099704504,0.018339172,0.09590343,0.011805519,-0.03969714
1996-10-01,0.06834529,0.031844467,0.080609575,0.009213954,0.09995502
1996-11-01,0.24325727,0.018412173,-0.030097425,0.013667062,0.26388022
1996-12-01,0.12426457,0.019288182,-0.03502503,0.029179916,0.21318059
1997-01-01,0.36217773,0.05640632,-0.019364715,0.038520843,0.14843291
1997-02-01,0.58446884,0.024203628,-0.07747054,0.01116398,0.099534154
1997-03-01,0.5244247,0.017992169,-0.12584066,0.008036226,0.11847691
1997-04-01,0.08279404,0.050723493,0.05261779,0.03200102,0.03755167
1997-05-01,-0.23112717,0.034864455,0.0057454705,0.013498783,0.007463515
1997-06-01,-0.29275724,0.013146341,0.06979841,0.011912882,-0.022140056
1997-07-01,-0.21262494,-0.019012302,0.07543719,0.007904053,-0.002888918
1997-08-01,-0.025840491,-0.0082193315,0.013278514,0.012177199,0.0067146122
1997-09-01,-0.04870397,0.013807148,0.096318275,0.00856486,-0.02685371
1997-10-01,-0.14742658,0.02495253,0.062309414,-0.004342675,0.036670625
1997-11-01,0.087507695,0.020591289,-0.1009067,-0.0019197464,0.16499682
1997-12-01,0.3797108,0.025304973,-0.052800894,0.027463555,0.20072374
1998-01-01,0.66149557,0.039837837,-0.12262824,0.025977671,0.20886928
1998-02-01,0.5094507,0.026290298,-0.18578056,0.024518698,0.13133574
1998-03-01,0.41461796,0.050675854,-0.046067357,0.020628154,0.114071324
1998-04-01,0.086142585,0.024553448,0.059638068,0.025421888,0.032543004
1998-05-01,-0.27206787,0.02010709,0.052516937,0.012812257,-0.027899802
1998-06-01,-0.11324921,0.0111448765,0.01593861,0.00996381,-0.083340436
1998-07-01,-0.049541086,-0.0052511096,0.08972052,0.002634257,-0.04905477
1998-08-01,0.0086090565,0.011909097,0.09347214,0.0044753253,-0.07865089
1998-09-01,-0.012997508,0.016147047,0.031223,0.010345906,-0.011712223
1998-10-01,-0.03394407,0.022503942,0.039073616,0.0020784438,-0.0048342645
1998-11-01,0.0934374,0.04466632,0.04803583,0.031605124,0.051822186
1998-12-01,-0.01199013,0.02187869,0.176911,0.028166115,0.10743651
1999-01-01,0.3765709,0.046963334,-0.070687115,0.034804285,0.14597273
1999-02-01,0.38428152,0.07509434,-0.113392055,0.04298091,0.15558976
1999-03-01,0.2398558,0.0066308975,-0.20337743,0.030059278,0.1519463
1999-04-01,-0.14986914,0.049547672,-0.05793494,0.034338236,0.035990536
1999-05-01,-0.25599605,0.020145655,0.034295917,0.01569724,-0.09187007
1999-06-01,-0.50536233,-0.010442615,0.10110712,0.010867476,-0.0855152
1999-07-01,-0.13330406,-0.0076464415,0.06475705,0.0063766837,-0.010950983
1999-08-01,0.025737941,0.0073511004,0.074585974,0.015019357,-0.05789256
1999-09-01,0.023789108,0.009554148,0.0886091,0.011841893,-0.032218754
1999-10-01,0.05136937,-0.012899876,0.12550992,0.004300773,0.030186415
1999-11-01,0.28455192,0.028025746,0.016798735,0.013112903,0.13533884
1999-12-01,0.124408424,0.026415825,0.09526056,0.023365438,0.061579585
2000-01-01,0.5815254,0.045118332,-0.08932984,0.03470266,0.13627934
2000-02-01,0.46356076,0.06566304,-0.038971484,0.025194764,0.11100462
2000-03-01,0.16747859,0.03393823,-0.055359423,0.018744707,0.061410725
2000-04-01,-0.31665897,0.019939184,0.07913649,0.025338113,-0.05946839
2000-05-01,-0.49491984,0.0009711981,0.17048863,0.0069434643,-0.014652312
2000-06-01,-0.09821659,-0.0033766627,0.066809684,0.0016400814,-0.045947134
2000-07-01,-0.04542154,0.005844593,0.049609482,0.009475708,-0.054642737
2000-08-01,0.07292533,0.0033600926,0.08205098,0.008854628,-0.056028306
2000-09-01,-0.10547888,0.0135368705,0.095763355,0.011577964,-0.034671426
2000-10-01,0.046121657,0.022328079,0.1626052,0.022566974,-0.008966684
2000-11-01,0.15438733,0.02017808,-0.0060044527,0.024478137,0.10942793
2000-12-01,0.39428222,0.028825939,0.005748987,0.028873742,0.17717758
2001-01-01,0.35013378,0.033810735,-0.08092725,0.028659225,0.1560418
2001-02-01,0.34617907,0.02636969,-0.11417788,0.01960504,0.13299012
2001-03-01,-0.01000309,0.084649265,0.045414627,0.030272305,0.025328934
2001-04-01,-0.53639287,0.04062736,0.041772127,0.027930737,-0.0075053573
2001-05-01,-0.54060775,0.007845044,0.16488785,0.029491782,-0.028163433
2001-06-01,-0.22621006,0.004722953,0.08157921,0.010654986,-0.004331231
2001-07-01,-0.20804971,-0.013593495,0.04244858,0.0072726607,-0.03992343
2001-08-01,0.038337827,0.0036822557,0.07934165,0.012580276,-0.062298596
2001-09-01,-0.20435518,0.017419577,0.098802924,0.006752312,-0.06547278
2001-10-01,0.07195264,0.01455766,0.14339721,0.01648295,-0.061934352
2001-11-01,0.063627005,0.041199744,0.04749602,0.025537074,0.075439036
2001-12-01,0.31219995,0.025953352,-0.0122926235,0.03667265,0.1655643
2002-01-01,0.39824638,0.03879416,-0.014204025,0.024570405,0.11342025
2002-02-01,0.47131371,0.045925498,-0.18566865,0.03236425,0.16501552
2002-03-01,0.04062569,0.026869595,-0.04152143,0.024882138,0.037157416
2002-04-01,-0.029090285,0.028467298,-0.021101534,0.011320829,-0.010774732
2002-05-01,-0.46453255,0.007034242,0.14424491,0.006176889,-0.05461508
2002-06-01,-0.44313842,-0.021335363,0.116420865,-0.006059468,-0.054225385
2002-07-01,-0.21777928,0.007034242,0.106132984,0.01697141,-0.054303348
2002-08-01,-0.10500234,0.0047350526,0.06085074,0.012217104,-0.04791242
2002-09-01,-0.031701207,0.013308287,0.057382464,0.013736963,-0.03232473
2002-10-01,-0.0131518245,0.021686673,0.09292245,0.0126847625,-0.009605646
2002-11-01,0.12164277,0.030220926,0.07289225,0.027454078,0.1298263
2002-12-01,0.460792,0.027298212,-0.0351305,0.035131037,0.20121792
2003-01-01,0.2819522,0.045666575,-0.07885325,0.0397321,0.18908292
2003-02-01,0.69215953,0.047748804,-0.17833376,0.026509643,0.16279429
2003-03-01,0.41386408,0.033641458,-0.091190696,0.029476881,0.09324646
2003-04-01,-0.07208586,0.042907596,-0.062299132,0.026978135,0.023542404
2003-05-01,-0.20467448,0.028539896,-0.0005078316,0.011361122,-0.002277732
2003-06-01,-0.40967393,-0.0043599606,0.10818672,0.009435058,-0.058342814
2003-07-01,-0.15319026,-0.008316278,0.074193716,-0.0076395273,-0.059436083
2003-08-01,-0.0687021,0.0053225756,0.074506044,0.024739742,-0.022319555
2003-09-01,0.10563594,0.011413217,0.044989824,0.02062726,0.024843812
2003-10-01,-0.068077445,0.030205727,0.08902979,0.019534111,0.013807774
2003-11-01,0.17773455,0.025520563,-0.018050909,0.028331637,0.11104983
2003-12-01,0.41094887,0.033849716,-0.04184091,0.027394652,0.12593812
2004-01-01,0.46386904,0.066942096,-0.07790679,0.038456142,0.16874927
2004-02-01,0.46799803,0.037538588,0.060102165,0.025860548,0.11377925
2004-03-01,-0.08015901,0.036245644,0.07436597,0.05880922,0.05447167
2004-04-01,0.15235835,0.028905213,0.039707363,0.01906228,-0.015804887
2004-05-01,-0.39087725,0.023608387,0.12391406,0.0022543073,-0.06543636
2004-06-01,-0.2952845,0.0012116432,0.1000576,0.011596739,-0.06785536
2004-07-01,-0.10626769,0.0051321387,0.09230006,0.018520117,-0.07965851
2004-08-01,-0.07857412,-0.00888145,0.06435627,0.009386241,-0.049212277
2004-09-01,-0.0028339624,0.009344518,0.07928741,0.019395947,-0.056511045
2004-10-01,0.0667336,0.015433788,0.030573487,0.016101122,0.0074677467
2004-11-01,0.21963197,0.035494924,0.10397804,0.014891565,0.032408595
2004-12-01,0.4642444,0.0042979717,-0.052048385,0.035161257,0.18964452
2005-01-01,0.5826441,0.054760396,-0.114328444,0.04491061,0.17353785
2005-02-01,0.3705346,0.05596751,-0.35453898,0.051187456,0.2312367
2005-03-01,0.22674632,0.03776461,0.031246364,0.028687298,0.048145592
2005-04-01,0.010725856,0.027480245,-0.060540617,0.0017451048,0.0029039383
2005-05-01,-0.24160379,0.03404677,-0.0044351816,0.012174368,0.0029039383
2005-06-01,-0.19245118,0.009615362,0.122888446,0.0072977543,-0.08072311
2005-07-01,-0.14436084,-0.006801069,0.04128933,0.003145337,-0.04494506
2005-08-01,-0.027224958,0.002421081,0.097394764,0.010146439,-0.049821675
2005-09-01,-0.088351905,0.012608945,0.028832197,0.0098567605,-0.0008621812
2005-10-01,0.2185381,0.013284862,0.104685605,0.021396518,-0.03408122
2005-11-01,0.19956267,0.02661115,-0.009408355,0.018258095,0.10376817
2005-12-01,0.16045302,0.073301315,-0.00037932396,0.022072494,0.117673874
2006-01-01,0.50677675,0.030033112,-0.41907388,0.030448318,0.2606768
2006-02-01,0.37274593,0.04022956,-0.08974111,0.04258263,0.15137595
2006-03-01,-0.03312981,0.06269878,-0.00023341179,0.022835553,0.06302172
2006-04-01,-0.1356945,0.017991066,-0.039450705,0.02560383,0.03349346
2006-05-01,-0.2792297,0.016514659,0.12235516,0.019836605,-0.0628888
2006-06-01,-0.17034411,0.019698203,0.048995793,0.019836605,-0.106535316
2006-07-01,0.0032730699,-0.02334857,0.075294435,-4.887581e-05,-0.027039587
2006-08-01,0.014115512,0.007194817,0.042859435,0.021589816,-0.04032731
2006-09-01,-0.054906905,0.009640098,0.07095748,0.013284981,-0.026808918
2006-10-01,-0.050108552,0.035800338,0.095179915,0.020620942,-0.004293561
2006-11-01,0.30796823,0.035754204,-0.058413386,0.018406332,0.109713376
2006-12-01,0.43290985,0.011900842,-0.14086193,0.026019096,0.20129725
2007-01-01,0.45080066,0.017186254,-0.107968,0.026293814,0.12882881
2007-02-01,0.44926134,0.060799956,-0.07615566,0.025053829,0.12793088
2007-03-01,0.3760587,0.031382084,-0.094798386,0.036213815,0.14003155
2007-04-01,-0.09689355,0.0324938,0.103729546,0.02351451,-0.024759889
2007-05-01,-0.14743415,0.019708991,0.06610203,0.0204359,-0.041692257
2007-06-01,-0.14636517,-0.031772286,0.09128681,-0.023477137,-0.06935704
2007-07-01,-0.07106739,0.005128354,0.076663375,0.0063255727,-0.06764671
2007-08-01,0.013380736,-0.0005157888,0.07756132,0.0075228214,-0.046181917
2007-09-01,0.14965221,0.01333797,0.033135176,0.015176594,-0.0122743845
2007-10-01,0.1583322,0.022573829,0.04716,0.023728311,0.017656595
2007-11-01,0.05246204,0.028517276,0.13130881,0.029714495,0.015304863
2007-12-01,0.3503608,0.045064837,-0.17745063,0.035187602,0.21169487
2008-01-01,0.6293701,0.032445252,-0.34492654,0.027264416,0.22544122
2008-02-01,0.59576017,0.05612892,-0.0954206,0.026567817,0.12713647
2008-03-01,-0.07905096,0.05826217,0.03379488,0.026916146,-0.02941972
2008-04-01,-0.28266978,0.031139135,-0.017490804,0.0256536,0.02883172
2008-05-01,-0.5742753,0.031748652,0.09065312,0.010328829,-0.04365605
2008-06-01,-0.7126768,-0.021800876,0.080857515,0.0069330335,-0.023281097
2008-07-01,-0.2968191,0.0014039278,0.07820177,-0.0016435981,-0.05706519
2008-08-01,0.12892145,0.00432086,0.06292057,0.014682472,-0.06834108
2008-09-01,-0.11475068,0.014464796,0.057870388,0.014856577,-0.037778676
2008-10-01,0.08338261,0.010938346,0.1180374,0.016902804,-0.03333795
2008-11-01,0.21608093,0.025392354,0.04520136,0.029615402,0.1348424
2008-12-01,0.15203917,0.0209952,-0.06659961,0.036363482,0.13523418
2009-01-01,0.32508507,0.007454753,-0.2375493,0.02002734,0.1730628
2009-02-01,0.35165787,0.015421987,-0.22474647,0.028086662,0.16260868
2009-03-01,0.30661765,0.049133062,-0.06494123,0.0323236,0.07331109
2009-04-01,0.009987652,0.054060817,-0.035328865,0.023527384,0.028547227
2009-05-01,-0.3598212,0.025047123,0.0631333,0.018461525,-0.052644968
2009-06-01,-0.25523388,0.02633661,0.051896274,0.01565224,-0.088889
2009-07-01,-0.055960774,-0.019256234,0.06994921,0.004875779,-0.053934455
2009-08-01,-0.2765106,0.010079801,0.08887714,0.014869332,-0.054210782
2009-09-01,-0.10473132,0.011415362,0.03508681,0.012704849,-5.197525e-05
2009-10-01,0.036468387,0.02633661,0.034211755,0.021823406,-0.0128548145
2009-11-01,0.28239357,0.06538993,-0.10454714,0.035224974,0.13838458
2009-12-01,0.29409114,0.04116583,-0.042375028,0.04360664,0.16422051
2010-01-01,0.16157892,0.022621155,-0.016263366,0.024555504,0.14819634
2010-02-01,0.41324252,0.032924533,-0.19007903,0.03320086,0.1722771
2010-03-01,0.10287714,0.030871749,0.011251867,0.03489837,0.05653155
2010-04-01,-0.17965722,0.022384286,-0.00505203,0.018476069,0.0059619546
2010-05-01,-0.37909317,0.020765722,0.023252726,0.0038697124,0.018515527
2010-06-01,-0.35943383,0.014094174,0.053018153,0.011054456,-0.06193787
2010-07-01,-0.10224348,-0.024869263,0.011212349,-0.009828687,-0.039159834
2010-08-01,0.12076005,0.008922756,0.06458479,0.007817388,-0.059056044
2010-09-01,0.08744177,0.012278259,0.0010668635,0.015160024,0.0016590357
2010-10-01,-0.0864923,0.03722748,0.06999311,0.013659954,-0.019026756
2010-11-01,0.08554688,0.039951384,0.031306,0.02656877,0.054281384
2010-12-01,0.10453516,0.055742025,-0.00911808,0.027911007,0.11570704
2011-01-01,0.45630723,0.022351116,-0.03819284,0.02757904,0.17399934
2011-02-01,0.6932552,0.06513551,-0.27006665,0.041456103,0.18107241
2011-03-01,0.15919971,0.024080932,-0.06552413,0.026464254,0.06705755
2011-04-01,-0.028967112,0.03876525,0.022543311,0.026618034,-0.000674814
2011-05-01,-0.5025171,0.007935882,0.13605845,0.022773951,-0.08155388
2011-06-01,-0.4635767,0.003822744,0.1002318,0.014432341,-0.03354153
2011-07-01,-0.11345956,0.0050528347,0.07805157,0.01289472,-0.06610075
2011-08-01,-0.13237235,0.006897986,0.031307787,0.010203868,-0.040691495
2011-09-01,0.04134077,0.021812946,0.06440514,0.019967794,-0.049417526
2011-10-01,0.08727732,0.0026695132,0.08727732,0.020044684,-0.01739648
2011-11-01,0.25372517,0.010472953,0.09665683,0.017430723,0.07901257
2011-12-01,0.40229815,0.02880913,-0.11565068,0.031307787,0.17961168
2012-01-01,0.5093264,0.08059996,-0.10690373,0.038371623,0.19571221
2012-02-01,0.62936324,0.057495415,-0.40061438,0.02819413,0.25800824
2012-03-01,0.6003492,0.0220384,-0.14182729,0.02240777,0.13522184
2012-04-01,-0.20375395,0.02445966,-0.011366725,0.021874249,0.007921219
2012-05-01,-0.3909704,0.0378381,0.05109346,0.01440531,0.004884422
2012-06-01,-0.13706684,0.0025042295,0.07300788,0.019494057,-0.12143129
2012-07-01,-0.103128195,0.0047202706,0.10189882,0.008495808,-0.060161173
2012-08-01,0.14502999,0.0035301447,0.05626428,0.014897764,-0.047316194
2012-09-01,0.04066974,0.012558579,0.0440349,0.015800595,0.0035712123
2012-10-01,0.0035301447,0.042229235,0.062009633,0.013789713,-0.039313734
2012-11-01,0.23330322,0.026798844,0.04157257,0.022859156,0.07300788
2012-12-01,0.31628254,0.038289547,-0.11515242,0.028891802,0.1621019
2013-01-01,0.4250306,0.043465137,-0.107614696,0.03540361,0.16955432
2013-02-01,0.32657036,0.05266255,-0.20299691,0.028258204,0.17380494
2013-03-01,-0.031543434,0.023897648,0.014407098,0.024007618,0.011255801
2013-04-01,-0.087937295,0.03489065,0.017045379,0.025216818,-0.01802212
2013-05-01,-0.3214643,0.021809042,0.07856929,0.013820827,-0.018645048
2013-06-01,-0.2717029,-0.012818813,0.02950406,0.009350359,-0.05078113
2013-07-01,-0.026596606,-0.0027419329,0.06673354,0.0024614334,-0.04576099
2013-08-01,0.0005559921,0.0071151257,0.050207496,0.023531258,0.0003361106
2013-09-01,-0.018132031,0.0179981,0.09575495,0.010889351,-0.036197126
2013-10-01,0.12111205,0.023238122,0.10048193,0.008324325,-0.009191096
2013-11-01,0.09744054,0.04031384,0.004916489,0.020233333,0.13833433
2013-12-01,0.41546673,0.013014674,-0.09295744,0.02950406,0.13815111
2014-01-01,0.22875446,0.02929449,-0.075546026,0.020367265,0.15919146
2014-02-01,0.21680844,0.054135323,-0.26275814,0.024162412,0.19403765
2014-03-01,0.23932046,0.044647515,-0.100688756,0.03377962,0.06759077
2014-04-01,0.027698755,0.037962914,-0.03949231,0.018944085,0.018944085
2014-05-01,-0.26720017,0.04076612,0.015623391,0.022351086,-0.028753817
2014-06-01,-0.1423921,0.009240627,0.11541805,0.008076251,-0.11211729
2014-07-01,-0.060969293,0.004583001,0.06759077,0.011612594,-0.036732197
2014-08-01,-0.00046283007,-0.0041716695,0.0897578,0.011526346,-0.052343965
2014-09-01,-0.012883246,0.017865956,0.084021986,0.01747781,-0.028538167
2014-10-01,-0.016290247,0.028216302,0.08941281,0.016615272,0.01605463
2014-11-01,0.3292392,0.01954788,-0.02474302,0.016658425,0.17644203
2014-12-01,0.2540266,0.03684157,-0.08248937,0.022566736,0.18821558
2015-01-01,0.54004556,0.042411417,-0.009242207,0.023013115,0.1604704
2015-02-01,0.3601827,0.04962939,-0.13018838,0.041689605,0.15564337
2015-03-01,0.30189756,0.048907578,-0.073391944,0.036546797,0.10814008
2015-04-01,-0.15080473,0.03325361,0.028877705,0.019539446,-0.02169323
2015-05-01,-0.3225474,0.02391535,0.05368948,0.0148026645,-0.052279383
2015-06-01,-0.1744887,0.015434235,0.04489258,0.02039659,-0.03509158
2015-07-01,-0.08381292,0.009930521,0.0907267,0.018456757,-0.03563294
2015-08-01,-0.08485046,0.008261383,0.0837343,0.019629687,-0.046550125
2015-09-01,0.011238784,0.014441758,0.025404066,0.01159969,-0.05151248
2015-10-01,-0.01880604,0.022201091,0.11937305,0.022201091,-0.036625415
2015-11-01,0.31804776,0.026622087,-0.032114178,0.02680254,0.10931301
2015-12-01,0.41770092,0.019539446,0.006998211,0.013088375,0.11499715
2016-01-01,0.31243706,0.05897218,0.019533932,0.02525884,0.099173754
2016-02-01,0.21562254,0.022078335,-0.098992765,0.030941367,0.12241262
2016-03-01,0.32248744,0.046546996,-0.010617197,0.046207786,0.040525258
2016-04-01,-0.09581226,0.020000398,-0.007648766,0.015844584,-0.00010037422
2016-05-01,-0.35657108,0.007872105,0.07525638,0.010798156,-0.06718773
2016-06-01,-0.24974859,-0.015748441,0.097816736,-0.010150731,-0.06451613
2016-07-01,-0.13978803,0.0048612356,0.08335605,0.007914543,-0.036400497
2016-08-01,0.16498893,0.009101927,0.038235307,0.012409627,-0.018589675
2016-09-01,-0.03169334,0.0046067834,0.11550033,0.011137426,-0.037884712
2016-10-01,0.12669569,0.013597012,0.10790953,0.018473804,-0.0009060502
2016-11-01,0.22049934,0.020127654,0.079327404,0.01330018,0.099470586
2016-12-01,0.366336,0.03509724,0.044850767,0.026997507,0.15892479
2017-01-01,0.5493643,0.040233314,-0.20612168,0.014580727,0.15477148
2017-02-01,0.39189482,0.006982982,-0.17221773,0.020830512,0.16257346
2017-03-01,0.47808436,0.047504306,-0.015728593,0.026671767,0.06421119
2017-04-01,-0.06919879,0.034187794,-0.049959302,0.027161956,-0.0031065345
2017-05-01,-0.30244154,0.0317778,0.059309423,0.010781825,-0.045057535
2017-06-01,-0.3880592,-0.028677464,0.0947656,0.0064519644,-0.028187275
2017-07-01,0.021851718,0.0011008382,0.050894678,0.007309735,-0.07177222
2017-08-01,0.1186209,0.0049405694,0.06756073,0.015806139,-0.038603544
2017-09-01,0.12523827,0.013069332,0.02826482,0.0072689056,0.009474695
2017-10-01,0.19194326,0.020707965,0.12773001,0.013927162,-0.026308239
2017-11-01,0.19182071,0.039375544,0.041867256,0.021075547,0.026304126
2017-12-01,0.16772032,0.04566616,-0.12597764,0.043623745,0.16453418
2018-01-01,0.43535033,0.017807275,-0.048226,0.027855784,0.19822758
2018-02-01,0.32738525,0.040322036,-0.09117782,0.039717615,0.13147658
2018-03-01,-0.058350086,0.039868712,0.09524897,0.03945318,0.01081863
2018-04-01,-0.11667687,0.026231408,0.02812022,0.019393861,-0.043163955
2018-05-01,-0.2027694,0.018336117,0.037753224,-0.022802413,-0.014604926
2018-06-01,-0.29483062,0.005076587,0.12071031,0.0023944676,-0.08883566
2018-07-01,-0.04142618,-0.0040275156,0.04674402,0.00080785155,-0.05411911
2018-08-01,0.049010605,-0.010260642,0.08569154,0.030311257,-0.057707846
2018-09-01,-0.03681749,0.009647548,-0.009882867,0.0091564655,-0.007502973
2018-10-01,0.016938388,-0.0056896806,0.05324158,0.020036072,0.018713892
2018-11-01,0.25379673,0.014974028,-0.031906545,0.025589198,0.13045663
2018-12-01,0.28586894,0.03994426,0.057774752,0.02079159,0.1290589
2019-01-01,0.6866115,0.05446154,-0.11722058,0.0325979,0.15772897
2019-02-01,0.43481645,0.05599439,-0.27220243,0.030822992,0.19246069
2019-03-01,0.33167005,0.032073498,-0.017422259,0.019971848,0.09278345
2019-04-01,0.20093185,0.01585728,0.04522395,0.027353823,-0.0074585676
2019-05-01,-0.26078653,0.038003266,0.023763657,0.020697892,-0.029564261
2019-06-01,-0.16558683,8.4757805e-05,0.04106903,-0.010806739,-0.06570786
2019-07-01,-0.24214995,0.0035135746,0.09657526,0.014687419,-0.08212578
2019-08-01,-0.010766387,-0.010887384,0.03691411,0.012267113,-0.031944275
2019-09-01,0.039132774,0.0038766265,0.07632518,0.01271081,-0.0269019
2019-10-01,-0.033315778,0.049257815,0.06414282,0.019245744,-0.014437199
2019-11-01,0.19274306,0.020213842,-0.17510682,0.02465111,0.14482054
2019-12-01,0.22561923,0.025417566,0.01601863,0.02299726,0.12876564
2020-01-01,0.5622784,0.04246509,-0.1864149,0.01684165,0.1824018
2020-02-01,0.47916058,0.02726829,0.12735581,0.01933223,0.07560241
2020-03-01,0.24061382,0.03060317,-0.011736691,0.02904129,0.07889506
2020-04-01,0.17011777,0.03056097,0.04432243,0.02245599,-0.016042411
2020-05-01,-0.1328041,0.02224493,0.04554665,0.01971215,-0.030141652
2020-06-01,-0.37198406,-0.0037161708,0.10785329,-0.0007612705,-0.07341015
2020-07-01,-0.089408934,-0.004560411,0.07636225,-0.018870711,-0.07062411
2020-08-01,-0.022458851,-0.007304311,0.07264751,0.0026158094,-0.028242052
2020-09-01,0.119461924,0.0067949295,0.08868852,0.00768137,-0.040146172
2020-10-01,0.18341494,0.01135397,0.01772815,0.01105845,0.03967899
2020-11-01,0.1929129,0.04052323,-0.033687532,0.00928551,0.10675576
2020-12-01,0.3601616,0.03533101,-0.15906072,0.03098309,0.19654325
2021-01-01,0.41516858,0.04286006,-0.14628881,0.0348019,0.13164493
2021-02-01,0.18888688,0.036108613,0.04093626,0.025001466,0.055891037
2021-03-01,0.22598344,0.036834598,-0.021496296,0.03008315,0.030192047
2021-04-01,-0.3108276,0.028086782,-0.07449138,0.014910579,0.05011964
2021-05-01,-0.21728766,0.03770575,0.036544204,0.01676178,-0.06759477
2021-06-01,-0.31725234,0.0035856366,0.030155748,0.010663748,-0.005561471
2021-07-01,-0.110970855,0.011317074,0.06728861,-0.006178558,-0.03169602
2021-08-01,0.03959322,0.010119259,0.077923924,0.017088473,-0.047848642
2021-09-01,0.030663937,0.008086562,0.064058095,0.01625365,-0.019971788
2021-10-01,0.18743497,0.025509596,0.023839891,0.011462271,-0.0074489713
2021-11-01,0.1450752,0.030954301,0.015563965,0.02478367,0.07556453
2021-12-01,0.33828944,0.042751163,0.015164673,0.009792566,0.10061017
2022-01-01,0.6857576,0.06667131,-0.05674869,0.025377333,0.13429365
2022-02-01,0.33997828,0.028703034,-0.015824258,0.01641646,0.09900439
2022-03-01,0.32552078,0.053691894,0.10925862,0.030920148,0.060620397
2022-04-01,-0.44058862,0.02764067,0.036093444,0.036278218,-0.04811114
2022-05-01,-0.14815894,0.029488266,0.0891197,0.00066563487,-0.028803676
2022-06-01,-0.2579067,-0.0029371977,0.10297674,-0.0043229163,-0.08995941
2022-07-01,-0.0068633556,-0.0012743473,0.04510051,0.0025132298,-0.044462115
2022-08-01,0.1476888,-0.0029371977,0.047040522,0.024084032,-0.015039027
2022-09-01,0.021358788,0.016647398,0.04625529,0.013275534,-0.031713665
2022-10-01,0.12630278,0.023760676,0.08487022,0.020342618,0.026809245
2022-11-01,0.16884387,0.021174043,0.006901294,0.022051662,0.0981268
2022-12-01,0.30986232,0.0073170066,-0.0581806,0.025608301,0.16039109
