,mgv250_cluster1,mgv250_cluster2,mgv250_cluster3,mgv250_cluster4,mgv250_cluster5,mgv250_cluster6,mgv250_cluster7,mgv250_cluster8,mgv250_cluster9
1970-01-01,0.036932014,0.6829804,-0.066530034,-0.061291505,0.15257378,-0.33513844,-0.51194066,-0.021085262,0.38961977
1970-02-01,0.19854236,1.029382,0.09887829,-0.1451089,0.3275426,-1.2076247,-0.78866893,0.081067085,0.19461343
1970-03-01,-0.25223786,0.52045333,-0.13030978,-0.50434476,0.3521638,-0.6161885,-0.6224748,0.066530034,-0.2318074
1970-04-01,0.029467035,0.2162226,-0.026585769,-0.43231422,0.3711537,-0.8933096,-0.4456726,-0.02043047,0.16016975
1970-05-01,0.046361458,0.3769161,-0.4004898,-0.101497576,-0.054743193,-0.5047376,0.103724,0.22342563,-0.18767229
1970-06-01,-0.2506663,0.074518874,0.05644574,-0.15886009,0.35308057,0.023180723,0.6639906,0.14812097,-0.071506694
1970-07-01,-0.28262165,0.17588548,0.2361292,-0.3283283,0.014667988,0.30121863,0.6499774,-0.13790575,0.039289378
1970-08-01,-0.7078637,-0.36879638,0.09455647,-0.3097313,0.07491179,0.27293032,0.6642526,0.15388341,-0.29925415
1970-09-01,-0.34430596,-0.26140538,0.1655393,-0.53918135,0.2963729,0.39132228,0.3086836,0.18754132,-0.47802085
1970-10-01,-0.48116398,0.025800038,0.3883101,-0.091020405,-0.046492457,0.04256351,0.0019644618,0.22578302,-0.3237445
1970-11-01,-0.44135076,0.3073739,0.26991808,-0.60243726,0.3246613,-0.8046466,-0.43964824,0.069542125,0.21596065
1970-12-01,-0.19775656,0.781073,0.071506694,-0.7615592,0.58816206,-0.48443812,-0.4613883,-0.4713416,0.30121863
1971-01-01,0.36838907,0.86173403,-0.21852855,-0.2966979,-0.008493518,-0.6803466,-0.76225877,-0.16583987,0.44036826
1971-02-01,0.2047086,0.032966424,-0.12020512,-0.094436646,-0.097603895,-1.2335781,-0.71057785,-0.23839483,0.16209698
1971-03-01,0.081624314,0.49204922,0.029367447,-0.62938535,0.371988,-0.5873496,-0.78773946,-0.5091802,-0.27769542
1971-04-01,-0.18642592,0.52026504,0.09976306,-0.3522658,0.21867254,-0.4433914,0.16396847,-0.13114595,-0.047794152
1971-05-01,-0.14079113,0.5261673,-0.047362257,0.34492394,0.43144283,-0.23033313,-0.04937773,0.11660616,-0.08104849
1971-06-01,-0.44151983,0.18988085,0.25610167,-0.44094405,-0.12366009,-0.413592,0.39127848,0.004174781,-0.17937195
1971-07-01,-0.5139309,-0.13776807,0.29554623,-0.575689,0.27323264,0.18124339,0.62636226,-0.03195877,0.17663674
1971-08-01,-0.4202141,-0.37904206,0.20701194,-0.117757894,0.4635455,0.102210306,0.38480037,0.20989104,-0.14611757
1971-09-01,0.04318746,-0.6242029,0.31483668,-0.26934582,0.5453137,-0.14712532,-0.007629776,0.052112866,-0.18973699
1971-10-01,-0.20326903,-0.013100195,0.49003386,-0.18412256,0.2671865,0.20931527,0.25624564,-0.010221029,0.22860567
1971-11-01,0.033686258,0.627226,0.1749092,-0.4347539,0.45159692,-0.76269066,-0.32620928,-0.3013046,0.334415
1971-12-01,-0.17850819,1.106463,0.115022585,-0.5759769,0.6527066,-1.1194192,-0.6656629,-0.3506822,-0.03454995
1972-01-01,-0.14415069,1.5806601,0.1412572,-0.28264594,0.26962495,-1.089811,-0.45218086,-0.23529705,0.2233284
1972-02-01,0.026567936,0.12166007,-0.07733631,0.26304874,-0.1961029,-0.86503583,-0.82834053,-0.07246985,-0.33788615
1972-03-01,-0.15796077,0.7016825,0.23529716,-0.4433686,-0.1430985,-0.5293855,-0.028409194,0.111927226,-0.04997928
1972-04-01,-0.31776285,0.26949343,0.099432446,-0.41469637,0.17597961,-0.5421434,0.06589379,-0.16098583,0.17071863
1972-05-01,-0.46125603,-0.32105097,-0.1979442,-0.07365362,0.17400675,-0.58068013,0.10955982,0.06497306,-0.055897854
1972-06-01,-0.18413413,-0.027094077,0.43179458,-0.25449964,-0.12757865,-0.30171692,0.1797938,0.19452453,-0.034196377
1972-07-01,-0.10153685,0.23634931,0.48440418,-0.3139487,0.24779196,-0.06142187,-0.054451086,0.10350971,0.15362048
1972-08-01,-0.013020897,-0.66814387,0.37103027,-0.14572902,0.30829316,0.06300018,0.018413413,0.19163103,0.03169737
1972-09-01,0.0046033384,0.31171274,0.2042574,-0.21569996,0.15072694,-0.14612357,-0.31973574,0.009469748,-0.18045144
1972-10-01,0.35800937,0.33025774,0.26462707,0.028277755,0.45349607,0.30684638,-0.067472,0.27357072,0.07681022
1972-11-01,0.083386466,0.09456603,0.5291226,-0.1686143,0.038668156,-1.2193625,-0.6597263,0.304742,0.35511583
1972-12-01,0.16808815,0.26686296,0.067472026,-0.5572688,0.16598377,-0.9393471,-0.9204076,-0.3177629,0.2464767
1973-01-01,-0.14613374,0.22148612,-0.008864975,-0.13920803,0.16455631,-1.5254699,-1.06269,0.10901165,0.4327221
1973-02-01,-0.123694256,0.31484547,0.10610275,0.024378682,0.1738368,-0.99966544,-0.8298457,0.05166621,0.25403723
1973-03-01,0.079784825,0.37537667,0.18284026,-0.2076346,0.36678877,-0.44463435,-0.047372244,-0.3886742,0.29226744
1973-04-01,-0.14488709,0.34005526,-0.25445276,-0.27052054,0.55641633,-0.14322491,0.008310938,-0.07950784,0.2299355
1973-05-01,0.044740472,0.073136136,-0.34822768,-0.17272866,0.0008310795,-0.14613374,-0.24780402,0.28589576,-0.012881935
1973-06-01,-0.27592266,-0.13588357,0.26151702,-0.35529193,0.14599523,-0.017175913,0.2935141,-0.04266274,0.0029088496
1973-07-01,-0.26594952,0.34296408,0.5270511,-0.69202286,0.19599934,0.17813084,0.47081384,-0.14294791,0.022993565
1973-08-01,-0.2719057,0.18741126,0.17993148,-0.396154,0.5187401,0.18145515,0.211513,-0.016067792,-0.18325587
1973-09-01,-0.5489365,-0.07798419,0.040446497,0.20929675,0.4954695,0.028949713,0.53536195,0.14377896,-0.026179433
1973-10-01,-0.102916956,0.31165957,0.2015399,-0.21386775,0.20167843,-0.3250956,-0.43812418,0.078538224,-0.16137043
1973-11-01,-0.29240593,0.63675517,0.14627227,-0.25639197,0.4582089,-0.31941646,-0.2601319,0.10568728,0.22882743
1973-12-01,-0.23547617,0.2486351,0.44809732,-0.5168009,-0.15056626,-0.47039828,0.0383688,-0.616809,0.19613782
1974-01-01,0.3646952,0.44103003,-0.04097376,-0.35487264,0.30519885,-1.3823056,-0.77864325,-0.0029467582,0.54023725
1974-02-01,0.17105174,0.19294184,-0.16964856,-0.4042658,0.32736966,-1.1009613,-0.6753666,-0.45407993,0.42194635
1974-03-01,-0.17792746,0.43204942,0.39584655,-0.6377605,0.38742724,-0.8642391,-0.20669337,-0.5076826,0.43233004
1974-04-01,-0.087981485,0.38798854,-0.051217295,-0.29748124,0.23812532,-0.99347514,-0.20150137,-0.10959097,0.39205784
1974-05-01,-0.77260935,-0.040693186,-0.28387007,-0.39486426,0.31375855,-0.281204,-0.23559956,-0.07408969,0.14986315
1974-06-01,-0.6078721,0.17245492,0.117449,-0.23938823,0.21384971,-0.13204241,0.3057602,0.103978135,-0.24205431
1974-07-01,-0.2900442,-0.22465451,-0.12376342,-0.29144746,-0.03395777,0.15421316,0.03353679,0.24023017,0.033677123
1974-08-01,-0.1735775,0.22479478,0.41128188,-0.5162422,0.07408972,0.39219815,0.19013539,-0.19252086,-0.066372
1974-09-01,-0.74580795,-0.07745743,-0.032414235,-0.1551954,0.444117,-0.20599174,0.021469165,-0.026801348,-0.07479128
1974-10-01,-0.16726303,0.5090858,0.25608644,-0.24766716,0.19757245,-0.15954538,-0.45351857,-0.051638257,0.14509228
1974-11-01,0.067494586,1.1180805,0.1379359,-0.5674595,0.6547394,-0.08966534,-0.3228794,-0.24640429,0.23798499
1974-12-01,-0.14158423,1.0820179,0.10117169,-0.21356912,0.25117517,-1.3473656,-0.8775697,0.0008419991,-0.20697394
1975-01-01,-0.04644098,0.8931165,0.14589986,-0.38588962,0.6026589,-1.7962996,-0.51729333,-0.110599324,0.11878689
1975-02-01,-0.053152107,0.7983554,-0.04536724,-0.22750704,0.32146284,-1.4117521,-0.7178218,0.0630846,0.4685707
1975-03-01,0.28441748,0.41877422,0.14267854,-0.30710107,0.21059513,-1.254309,-0.28106183,0.04134054,0.2590494
1975-04-01,0.2076422,0.4817245,-0.12898776,-0.25113028,0.45206136,-0.69809115,0.12670603,-0.164691,0.3815945
1975-05-01,-0.20039415,0.37448078,0.052883647,0.06791656,0.034763623,-0.46655732,-0.12603493,0.13341713,0.02322049
1975-06-01,-0.82936066,0.19314618,0.48065075,-0.09865351,0.1744893,-0.5426615,0.30226904,-0.02778406,0.035032082
1975-07-01,-0.13663849,0.2981082,0.11408911,-0.36253494,0.107646465,0.08066771,0.2362316,0.021341395,0.12831672
1975-08-01,-0.3742123,0.15945634,-0.030871153,-0.3919297,0.16294608,0.21972223,0.20415239,-0.028052473,-0.0004026413
1975-09-01,-0.21542712,-0.022146702,0.17408657,-0.09476106,0.35018644,0.17703943,0.016375136,0.108854435,-0.19690439
1975-10-01,-0.03342142,0.29153126,0.25260672,0.029394722,0.03999834,-0.16227499,-0.3211944,0.116236664,0.26951876
1975-11-01,-0.20965552,0.72963345,0.14549716,-0.47769785,-0.07261436,-0.4444107,-0.5303131,-0.18777725,0.15328209
1975-12-01,-0.17207325,0.9846562,0.052078247,-0.33931443,0.36991718,-0.5036028,-0.23193642,-0.48628807,0.29810813
1976-01-01,0.23346503,1.5213445,0.20329294,-0.18733525,0.46813697,-1.1004102,-0.50353897,-0.13932809,0.35938329
1976-02-01,-0.27087843,0.40028325,0.2974299,-0.46076155,0.5852047,-0.51037794,-0.11425171,-0.17781429,0.2302467
1976-03-01,0.16882966,0.6657978,-0.0691947,-0.46505266,0.39652848,-0.5496686,0.08381138,-0.27168304,0.46116382
1976-04-01,-0.31754464,0.7045521,0.17312083,-0.36032194,0.48074222,-0.39907637,0.065171674,-0.1830441,0.0140803335
1976-05-01,-0.1291366,0.16440448,0.31942195,-0.044386506,-0.124174975,-0.7577892,-0.45311794,-0.11371531,-0.02024889
1976-06-01,0.060076047,-0.33028397,0.3065486,-0.5594579,-0.14281464,-0.3884826,0.3427551,0.094405174,-0.015823554
1976-07-01,-0.28495875,0.12766151,0.54886407,-0.48972672,0.13879165,0.32612693,0.51949656,-0.05632124,0.13396414
1976-08-01,-0.22649193,0.28951806,0.080190755,-0.32988167,0.14630122,0.36783147,0.12296808,0.16064969,-0.06879239
1976-09-01,-0.14951959,0.23614702,0.40336752,-0.21040015,0.60303974,-0.0032183558,-0.19162638,0.20154968,-0.012873423
1976-10-01,-0.55194837,0.19471064,0.14844672,-0.3211653,0.8177311,-0.025880981,-0.11210613,-0.15689492,0.02467407
1976-11-01,-0.31526497,-0.12766151,0.6746482,-0.39894226,0.52298313,-0.63388234,-0.3961262,0.013409829,0.3526784
1976-12-01,0.12672281,0.47430548,0.12565002,-0.4701484,0.5347837,-0.484631,-0.53719753,0.09534387,0.056455374
1977-01-01,-0.19139168,0.70995224,0.058110904,-0.1938881,0.5548972,-0.5001148,-0.8467003,-0.033840276,0.4288284
1977-02-01,0.04105215,0.0004160881,-0.03689146,-0.11608324,0.3603157,-0.35393596,-1.0061934,0.026212405,-0.07641797
1977-03-01,0.03481109,0.34408897,0.14201817,-0.4300766,0.7745816,-1.1572263,-0.54976577,0.122185566,0.6271545
1977-04-01,0.16476326,0.39373988,-0.0067957877,0.0762793,0.223429,-0.5274366,0.027737904,0.1984649,0.14049259
1977-05-01,-0.45531806,0.46363944,-0.078637026,0.049512196,0.4673841,-0.13452896,0.05214729,0.24686757,0.22037783
1977-06-01,0.050483037,0.0049928664,0.29513153,-0.3277236,0.15755144,-0.38805363,0.4780632,0.070315644,-0.011649931
1977-07-01,-0.5873506,0.15990916,0.22010049,-0.6085701,0.20623145,0.112199925,0.22911528,-0.2626782,0.36808228
1977-08-01,-0.32716888,0.25546628,0.4493544,-0.53340036,0.22967005,0.34783357,0.17835486,0.05575323,0.0008321762
1977-09-01,0.058665704,0.19125299,0.24242954,-0.19083694,0.3341033,-0.0574175,0.1364706,0.17877093,-0.13549978
1977-10-01,-0.15588716,0.45573416,0.14770447,-0.079746544,0.31857008,-0.45656624,-0.24631281,0.2664228,0.07308946
1977-11-01,-0.3740459,0.24437113,0.034533717,-0.2506122,0.4573984,-0.686375,-0.6877619,0.032037307,0.2597657
1977-12-01,-0.28528458,0.56418943,0.7229891,-0.16920128,0.2703061,-0.7070398,-0.6560019,0.05908184,0.2956863
1978-01-01,0.07814431,0.8507501,0.15570727,0.0009303093,0.43979454,-0.90168345,-0.46677294,0.008023739,0.061166547
1978-02-01,0.1445438,1.5253264,0.041049004,-0.016512584,0.33339256,-0.1900117,-0.4729361,0.04139795,0.58689654
1978-03-01,-0.15338159,0.6866702,-0.10035505,0.04756107,0.022675801,-0.66306406,-0.43572444,0.024420071,0.1908257
1978-04-01,0.23268875,0.8769145,-0.027559852,-0.5566622,0.4953793,-0.4963096,-0.21919951,-0.16094014,0.31327507
1978-05-01,-0.094889596,0.30757704,0.113727905,-0.12512398,0.33409038,-1.0315752,0.17931339,-0.08000493,-0.06558542
1978-06-01,-0.0,0.22361842,0.18536024,-0.5988741,0.19966355,-0.5557319,0.50444967,0.18373223,-0.37548822
1978-07-01,-0.31850797,-0.009651756,0.115355924,-0.3581616,0.70748544,0.3180428,0.22361842,0.11861201,0.19675632
1978-08-01,-0.23036298,0.3716508,0.34432358,-0.6273642,0.29362273,0.25396913,0.46026087,0.035699893,-0.041397907
1978-09-01,-0.40560636,0.21489692,0.21187349,-0.12872884,0.47235465,-0.024187516,0.15105583,-0.14070635,-0.108146206
1978-10-01,-0.09081955,0.39118686,0.030466985,-0.16210301,0.13210115,-0.015814925,-0.07640006,0.09023811,0.11814684
1978-11-01,-0.1502418,0.6534123,0.114658214,-0.6159681,0.22803727,-0.6396906,-0.86016923,-0.3672319,0.15489325
1978-12-01,-0.61131674,0.86796033,-0.07360921,-0.16954526,0.53863776,-0.83365595,-0.7457435,-0.14652066,0.33804408
1979-01-01,0.10529731,1.1839998,0.047591973,0.045509815,0.49391574,-1.0544603,-0.47636613,0.2085125,0.407804
1979-02-01,0.19780426,0.23766255,-0.09934835,0.12091341,0.42059436,-0.6865146,-0.32912835,0.16597709,-0.0362889
1979-03-01,0.23067245,0.8258699,-0.19259891,-0.25744298,-0.17772636,-0.4777047,0.04432001,-0.22576456,-0.059341263
1979-04-01,-0.4192558,0.22918525,-0.192004,-0.47636613,0.31053782,-0.82572126,-0.45361128,-0.16954651,0.120764755
1979-05-01,0.29878855,0.21669236,0.17832127,-0.22695437,-0.002379608,0.101133004,0.11660041,0.34459585,-0.05116148
1979-06-01,-0.34058025,0.10485115,0.055771925,-0.48558718,0.22903654,-0.1807009,0.33016953,0.033165693,-0.21475887
1979-07-01,-0.24301668,0.3010195,0.6109624,-0.17400837,0.32615393,0.052946102,0.3871312,0.24970932,-0.2996809
1979-08-01,-0.60441846,0.011898041,0.2370677,-0.5279738,0.65989286,0.3746383,0.26740754,-0.082393646,0.18932696
1979-09-01,0.14530429,0.0486331,0.051161386,-0.1957221,0.03301687,0.0068413974,0.22606201,0.07822931,-0.099497035
1979-10-01,-0.12775481,0.54254884,0.29521912,-0.43844137,0.5682783,-0.92060775,-0.696033,-0.02632432,-0.30042452
1979-11-01,-0.2699359,0.31143016,0.2169898,-0.578689,0.3324004,-0.22948273,-0.4579243,-0.20628159,0.34994993
1979-12-01,-0.23468804,1.2870662,0.2705308,-0.28927016,0.1986966,-0.7201265,-0.5544469,-0.32749242,0.3544117
1980-01-01,0.41015607,0.886875,-0.017920732,-0.20224838,0.31246778,-0.9050652,-0.6283042,-0.20184426,0.40813494
1980-02-01,0.12733161,0.26921543,0.057130814,-0.1154743,0.12773585,-0.6409699,-0.29629868,-0.13595514,0.6436647
1980-03-01,-0.19295123,0.51080877,0.22542414,-0.18365398,0.18769626,-0.9721669,-0.5078443,0.05901718,0.12625368
1980-04-01,-0.16074777,0.5070359,0.14619558,-0.39425644,0.8620823,-0.75253665,-0.42592087,-0.13379928,0.21383628
1980-05-01,-0.6087665,-0.15441486,0.009431958,0.03557201,0.09553242,-0.20373063,0.0672365,-0.025062084,-0.24590501
1980-06-01,0.0051200865,-0.04042275,0.4294243,-0.6004125,0.16532898,-0.20090103,0.4442459,-0.004042244,0.08893003
1980-07-01,-0.3078866,0.40813485,0.26247826,-0.6615855,0.13811107,0.38846254,0.3841508,-0.014282608,-0.032607652
1980-08-01,-0.40624857,-0.15374117,0.30829072,-0.5198364,0.00080842973,0.29373857,0.31017718,0.025870513,0.06440692
1980-09-01,0.12517574,0.18500142,0.22421145,-0.07060504,0.35841498,0.22353777,0.37889582,-0.03247292,-0.2283885
1980-10-01,0.13501196,0.54921025,0.303979,-0.13096969,0.38253388,-0.5039369,-0.037727904,-0.011992073,0.091490135
1980-11-01,-0.103347465,0.22286406,0.24038057,-0.45057878,0.44626713,-0.60445464,-0.45825917,0.1932207,0.30344
1980-12-01,-0.17812955,0.8742092,0.06440687,-0.62736094,0.58047056,-0.53223276,-0.24509664,-0.2072339,0.42363033
1981-01-01,0.006763935,0.70372856,0.09554024,-0.4216171,0.15683822,-0.73613894,-0.30014858,-0.45740947,0.5602773
1981-02-01,-0.0149369715,0.9155235,0.26365146,-0.5040523,0.36666042,-0.9146779,-0.29127082,-0.22560462,0.49602008
1981-03-01,0.043542672,0.42330807,0.10526333,-0.23589134,0.2959211,-0.43218574,-0.44134513,0.26604718,0.16120653
1981-04-01,-0.2246182,0.9552614,0.10850439,-0.09272194,-0.009018516,-0.6162205,0.4538867,-0.034524154,0.12231407
1981-05-01,-0.0077502728,0.024378251,0.10864534,0.08581714,0.48587424,-0.63087565,0.0011273384,-0.11301365,0.045092724
1981-06-01,-0.22687283,0.018459797,0.34693223,-0.16346116,0.4612142,0.12837334,0.41865787,0.056506872,0.028182888
1981-07-01,-0.47305098,0.099626735,-0.050306607,-0.6014244,0.58719206,-0.17022505,0.29902124,-0.050870277,-0.19234876
1981-08-01,-0.104840614,0.2389915,0.14133759,-0.35679626,-0.09427194,0.110054396,0.54054916,-0.054815866,0.02029171
1981-09-01,-0.38878393,-0.15444264,0.057915974,-0.05509772,0.29423013,0.029310275,0.080603264,0.25378758,-0.21855888
1981-10-01,-0.1762844,0.39343414,0.11400008,-0.060452413,0.38202006,-0.15077886,0.11639557,0.14471956,-0.06270709
1981-11-01,0.122173116,0.101317786,0.2375824,-0.32649964,0.5063069,-0.4555776,-0.64722174,-0.20404467,0.35440072
1981-12-01,0.04185171,1.0929353,0.1631794,-0.5716914,0.4443044,-0.7272613,-0.6401761,-0.36595583,0.30888525
1982-01-01,0.1153635,0.079038,0.18641797,-0.30111605,0.33398205,-0.8711475,-0.52558917,-0.098997116,0.42419705
1982-02-01,-0.11656108,0.00039920807,0.20797367,-0.13039932,0.22247724,-1.0197761,-0.35061464,-0.084360406,0.4595912
1982-03-01,-0.34369543,0.13705234,0.13013324,-0.18947823,0.58480114,-1.0674118,-0.06519966,-0.254811,0.29832178
1982-04-01,-0.06519966,0.59158725,0.022487212,-0.52146435,0.41421753,-0.9189162,-0.2151589,-0.48327604,-0.019293785
1982-05-01,-0.12840343,-0.19333696,0.06719556,0.08436036,0.3937262,0.048700165,0.3585982,-0.10538397,0.22660212
1982-06-01,-0.28182226,-0.0339304,0.3101642,-0.31455517,0.29393083,-0.11948838,0.66530275,-0.0059877397,0.06759481
1982-07-01,-0.14743099,0.18176079,0.24217029,-0.34183258,-0.013173008,0.42632604,0.10352115,0.18575259,0.114831254
1982-08-01,-0.36072722,0.08329592,0.30058378,-0.40237513,0.1491609,0.3269298,0.34475988,-0.039519023,0.175773
1982-09-01,-0.02993865,-0.012374687,0.112968445,-0.028341914,0.074780084,0.24948855,0.0046570776,0.13811688,-0.351546
1982-10-01,0.05548625,-0.053490303,0.110440254,-0.3498162,0.17018446,0.098464824,-0.26106483,0.13479033,0.17657137
1982-11-01,-0.34848556,0.39545593,-0.07025595,-0.23698087,0.16672496,-0.5934501,-0.33863917,0.4006454,0.61913073
1982-12-01,0.15780982,0.5150774,-0.0074513913,-0.3853434,0.098331764,-0.63363445,-0.1737772,-0.19147415,-0.06599808
1983-01-01,0.026157003,0.08839724,-0.030851841,-0.43407208,0.2764594,-1.1255559,-0.37733144,0.023608398,0.63688946
1983-02-01,-0.009523833,0.47297224,0.10865216,-0.3678077,0.260631,-0.6619733,-0.5826975,-0.07753203,0.7362861
1983-03-01,0.5216645,0.115895644,-0.047619153,-0.39342815,0.5644547,-0.5566748,-0.75801647,-0.008450747,0.75291926
1983-04-01,0.013279701,0.31643265,-0.12407808,0.053923678,0.414622,-0.72059184,-0.4905444,-0.053118836,0.45566836
1983-05-01,-0.42790174,-0.32729787,0.020925606,-0.026961833,0.3137499,-0.12676087,0.40348855,0.34513828,-0.13561404
1983-06-01,-0.58631927,0.050167847,0.19101314,0.10368903,0.34084576,-0.50087297,0.045741178,0.2718987,0.012340737
1983-07-01,-0.103420734,-0.23581544,0.0885314,-0.21073155,0.07216654,0.27109385,0.2603628,0.21153641,0.46505803
1983-08-01,-0.45405874,0.05593574,0.38068494,-0.2103291,-0.016096592,0.52716416,0.42843828,0.08866558,-0.21837743
1983-09-01,-0.06304507,0.08759241,0.27565458,-0.021596313,0.22723055,0.28115422,0.11026182,0.26170415,0.034607727
1983-10-01,-0.3718318,-0.28155667,-0.028169084,-0.15130821,0.5826975,-0.4922882,-0.17384346,0.13091914,0.3629787
1983-11-01,-0.16968517,0.5403098,0.0053655626,-0.26304552,-0.113615274,-0.63071907,-0.56150365,0.12998018,0.16847792
1983-12-01,0.04453398,0.58068544,0.16820964,-0.4371573,0.43729144,-0.8995326,-0.6685462,-0.004694843,0.16177101
1984-01-01,0.06287761,0.17324506,-0.105989836,-0.29846954,0.049214266,-1.253042,-0.7886232,-0.115540884,-0.21396959
1984-02-01,-0.1481736,0.020561267,0.14950009,-0.35511255,0.20043898,-1.211787,-0.76262325,-0.21993904,0.0013265371
1984-03-01,-0.07229598,0.19805117,-0.029846955,-0.6186944,0.7582456,-0.7924701,-0.7348987,-0.4369596,0.31942886
1984-04-01,-0.28520435,0.19778593,-0.08476539,-0.31982684,0.22856145,-0.49864334,-0.38336763,-0.0972348,0.28958192
1984-05-01,-0.2932962,0.3965004,-0.08755112,-0.110102154,0.2824186,-0.9090723,-0.066989854,-0.053193927,-0.15003076
1984-06-01,-0.26756147,0.29449004,0.008357143,-0.32115334,0.02467351,-0.0765409,-0.03488779,-0.09869397,-0.08901043
1984-07-01,-0.5165515,0.11182666,0.026132679,-0.49201068,0.6671128,0.28533697,0.3890718,-0.018704081,-0.092326544
1984-08-01,-0.47688824,0.09922457,0.07601027,-0.4579188,0.3468881,0.2361227,0.36705136,-0.12721439,0.09710212
1984-09-01,-0.10214295,-0.0022550584,-0.0029183864,-0.17974508,0.32314315,0.282286,0.3506024,0.009949016,0.0872858
1984-10-01,-0.26596966,0.53127605,0.16926548,-0.3910616,-0.05001024,-0.027193904,-0.23161247,-0.0022551059,-0.19884714
1984-11-01,-0.13729605,0.12575522,0.0009285688,-0.35590848,0.46030656,-0.009418393,-0.4683984,0.007693863,0.3463575
1984-12-01,-0.013000011,1.3598278,0.1618369,-0.5437454,0.4611025,-1.2956235,-0.18651047,-0.1467144,0.25429615
1985-01-01,-0.21682648,0.52776265,0.053471375,-0.48886222,0.17592084,-0.97772443,-0.6309624,-0.3237693,0.268159
1985-02-01,0.20680062,0.5083793,-0.078736685,-0.15038833,0.2847351,-0.5578402,-0.46640426,-0.16576138,-0.09945679
1985-03-01,0.0987884,1.0777159,-0.122449495,-0.5843086,0.5206777,-0.5639895,-0.013768959,-0.34194955,0.28580457
1985-04-01,-0.32818067,0.6155893,0.099991515,-0.01804657,0.1827385,-0.59540397,-0.44809017,0.13942666,0.08889619
1985-05-01,-0.19289805,0.63925046,-0.06737397,-0.0322165,0.38419196,-0.7304193,-0.25024608,0.09691689,-0.13942671
1985-06-01,-0.6879094,0.30933198,0.06777497,-0.09624851,0.059353255,-0.12418737,0.22310944,0.20265655,-0.34435576
1985-07-01,-0.22110419,0.03996985,-0.10266507,-0.5557014,-0.11589925,0.3297848,0.4610571,-0.0049461364,0.100526236
1985-08-01,-0.23727933,-0.162152,0.3749681,-0.6339034,0.36347175,0.15546803,0.4567794,0.0800734,-0.030612374
1985-09-01,-0.40584785,0.19771047,0.28647298,-0.37871113,0.36387283,0.24757254,0.057481755,-0.038900446,-0.24449793
1985-10-01,-0.29943982,0.02660203,0.4615918,-0.27043158,0.2316648,0.10547233,-0.4248302,-0.12445464,-0.022056913
1985-11-01,-0.49594706,0.8328169,0.2018545,-0.46038866,0.48284665,-0.64486504,-0.069379136,0.029141927,-0.011095285
1985-12-01,0.026334668,0.8719848,-0.06202688,-0.31133717,0.26561913,-0.6536878,-0.864365,0.04879265,0.45183325
1986-01-01,-0.08242879,0.32751185,-0.12014389,-0.45465428,0.24573109,-0.7974596,-0.5978679,-0.10640583,0.35421047
1986-02-01,0.38816696,0.52243775,-0.4659299,-0.45880175,0.3021094,-1.0286748,-0.3428053,-0.08126235,0.38725978
1986-03-01,0.037715055,0.15293391,-0.18429828,-0.191945,0.58879554,-0.7765932,-0.36678216,0.026180219,0.29394415
1986-04-01,-0.12623528,0.5423969,0.062599204,0.115607664,0.13595565,-0.38259393,0.12221737,-0.2330298,0.45776486
1986-05-01,-0.14606485,0.073486045,0.27579945,-0.041473605,0.014774966,0.33658418,0.09772217,0.3036645,0.48083457
1986-06-01,0.13660355,-0.20412786,0.17535558,-0.20996013,0.1263649,-0.58633304,-0.22188377,0.23173377,0.044065665
1986-07-01,-0.28072444,-0.06117357,0.24080601,-0.31403288,0.5339726,0.36600453,0.4633379,0.20957127,0.20075813
1986-08-01,-0.20866403,0.26024684,0.21462592,-0.4484333,0.80290306,0.40851498,0.56157845,0.042510413,-0.008813143
1986-09-01,0.015422988,0.21540356,0.35408092,-0.25441462,0.35161835,0.10666492,0.16382071,0.00090723037,-0.12779054
1986-10-01,-0.45828328,0.15384114,0.13064185,-0.44493398,0.4214755,-0.23432584,-0.07854062,0.007776296,0.055600546
1986-11-01,-0.25480345,0.55756074,0.4887405,-0.47552076,0.21384826,-0.6953308,0.08385434,0.17431875,-0.04354725
1986-12-01,-0.014515758,0.81145686,0.10173993,-0.3129961,0.42017943,-0.9176035,-0.79162747,0.21527386,0.2410653
1987-01-01,-0.10111217,0.44869453,-0.15946326,-0.15604839,0.39643094,-0.045285225,-0.9296082,-0.05656929,0.615136
1987-02-01,-0.118038416,1.0982771,0.41202086,0.020044232,0.11417805,-0.85492486,-0.88046277,0.16302666,0.52783215
1987-03-01,-0.36851746,0.33065605,0.32026276,-0.32724112,0.40177613,-0.96078813,-0.63280475,0.07913772,0.34446436
1987-04-01,-0.25404248,-0.15589981,0.02717111,-0.25626957,0.30645448,-0.7803899,-0.79731613,0.10022131,0.42048407
1987-05-01,0.071862414,0.31773868,-0.112099364,0.10660579,-0.033555556,-0.44943684,0.06429012,0.38767087,0.10526948
1987-06-01,-0.36153907,0.07022915,0.24513397,0.18945536,0.39702487,0.06933828,0.5138755,0.08893714,0.054490663
1987-07-01,-0.1823285,-0.26903853,0.18396178,-0.27052328,0.36450857,0.13229212,0.38603765,-0.124868296,-0.10838747
1987-08-01,0.017965604,0.24053112,0.36391467,-0.6028126,0.052412033,0.5052638,0.4405283,0.04825468,-0.27334428
1987-09-01,-0.49279183,0.23325577,-0.070377685,-0.36094517,0.28076816,0.19970024,0.113881096,-0.0729017,0.0749804
1987-10-01,-0.24750948,-0.04513669,0.05137267,-0.25879368,0.22078386,-0.5281292,-0.60518825,-0.123235084,0.067556575
1987-11-01,-0.06874442,0.44973382,0.18886149,-0.15189096,0.35352138,-0.39776725,-0.6074153,-0.2748291,0.27868938
1987-12-01,-0.29531878,0.3379314,-0.014253711,-0.36911136,0.33006215,-0.4999187,-0.3885617,0.012768936,0.21855669
1988-01-01,-0.16975549,0.59550005,0.001898241,-0.29395357,0.3555103,-1.0284307,-0.71332556,0.011931705,0.5964492
1988-02-01,0.0069149495,1.2868605,0.36771315,-0.48567423,-0.0008134842,-0.73596877,-0.023320962,-0.3117155,0.42926988
1988-03-01,0.23727803,0.2463624,0.24310827,-0.31469846,0.38967833,-0.5633658,-0.69434327,-0.062912546,0.08514891
1988-04-01,-0.17965336,0.56689113,0.1023685,-0.21232994,0.27307314,-0.85813296,-0.2751069,-0.08989447,0.2370069
1988-05-01,-0.008135247,0.4430998,-0.13707891,-0.043387987,0.23578659,-0.324054,-0.44743857,-0.09341979,0.051116467
1988-06-01,-0.13043512,0.040676225,0.12704544,-0.4943518,0.098436475,-0.36879787,0.19660181,-0.012880802,-0.37422138
1988-07-01,-0.046913244,0.172196,0.17111135,-0.28419128,0.034710407,0.003525257,0.2344307,-0.11253758,-0.124333665
1988-08-01,-0.43415102,-0.2622261,0.0037964464,-0.6867504,0.095453545,0.08989447,0.48933512,-0.13626537,-0.095724724
1988-09-01,-0.49584326,-0.09070802,0.2905639,-0.012745214,0.27280197,0.026032781,0.14426503,0.048404716,-0.13992624
1988-10-01,-0.27375108,0.46370903,0.06521757,-0.48445392,0.1629761,0.10480909,0.15714584,0.029558063,0.22792248
1988-11-01,0.12501164,0.6643785,0.28568277,-0.24378625,0.05979407,-0.66085327,-0.33354512,-0.05016736,0.0733528
1988-12-01,0.12650314,0.9282316,-0.11755433,-0.5998389,0.66451406,-0.5616032,-0.1202661,-0.2547688,0.125554
1989-01-01,-0.05371952,0.43082815,-0.020963693,0.038711548,0.41879788,-0.95682687,-0.16163501,0.31207353,-0.028467774
1989-02-01,0.17056839,1.159198,0.005836487,-0.23036261,-0.1529398,-1.022815,-0.26478615,-0.39569014,0.36984283
1989-03-01,0.07813748,0.23822403,0.21344872,-0.08504601,0.067536496,-0.3706766,-0.05467243,0.28217635,0.16818616
1989-04-01,-0.16103944,0.5028909,0.13638325,-0.049669743,0.16473193,-0.40331325,-0.019177055,-0.4046235,0.2695505
1989-05-01,-0.27383852,0.5003895,0.054910637,-0.20868425,0.52433115,-0.6066375,-0.38723314,0.022750389,-0.25335127
1989-06-01,-0.08707087,0.13364367,-0.0067893984,-0.32743892,0.024894333,-0.19641571,0.17997825,0.10541411,-0.1173254
1989-07-01,-0.37734687,-0.21535452,0.09791007,-0.37305883,0.1835517,0.41963163,0.4430967,0.06348667,-0.2057064
1989-08-01,-0.313622,0.022631312,0.42296672,-0.5406494,0.28765553,0.017628575,0.23715201,-0.21523543,-0.026562119
1989-09-01,-0.22035722,-0.1334054,-0.0029778003,0.015246344,0.19355702,0.18700585,0.3113588,0.021678377,0.038473178
1989-10-01,-0.18724409,0.5115861,0.43702197,-0.30623695,0.52909553,-0.021321058,-0.04978882,0.147818,0.20463443
1989-11-01,-0.6765562,0.39354607,0.1487709,-0.25156456,0.41081733,-0.50455844,-0.4122467,0.012387658,0.5729288
1989-12-01,0.204158,0.09219269,0.1138711,-0.06408234,0.48752546,-0.023941517,-0.4966971,0.008933449,0.70156974
1990-01-01,-0.04779098,0.076727435,0.033126354,-0.141278,0.42553616,-1.0038726,-0.027627181,-0.3177773,0.08707124
1990-02-01,0.10265241,0.5482216,0.2308371,0.36347333,0.2702482,-1.4482633,-0.52439153,0.15960884,-0.0074632405
1990-03-01,-0.06271749,0.5059298,0.0727994,-0.15057434,0.1212451,-0.43810576,-0.18540287,0.12857738,0.3467138
1990-04-01,-0.26252303,0.5943104,0.038363695,0.017938042,0.54141295,-0.92374074,-0.13132691,0.05970602,0.1314579
1990-05-01,0.1767612,0.113781884,0.08536911,-0.3302161,0.25466698,-0.4480568,0.2801992,0.0019639968,-0.056694508
1990-06-01,-0.058920383,0.18304601,-0.21918388,-0.38010198,0.014140892,-0.052242756,0.28753152,-0.029983927,0.042684555
1990-07-01,-0.250739,0.16458432,-0.0635031,-0.55201864,0.6210209,0.21028033,0.5521496,0.07751308,0.12019763
1990-08-01,-0.016366959,0.3588907,0.27954453,-0.22311191,0.1602635,0.25244114,0.71778136,0.27535462,0.15973973
1990-09-01,-0.26147556,0.40170607,0.19273515,-0.27928266,0.2583332,0.3945048,0.24825124,-0.0688714,-0.08432164
1990-10-01,0.19168766,0.08405981,0.40406293,-0.12451842,0.5656358,0.11024656,-0.26618925,-0.16667925,0.4136212
1990-11-01,-0.09217769,0.32209814,0.07384689,-0.84321624,0.31555143,-0.74239695,-0.5696947,-0.35889068,0.17427343
1990-12-01,-0.021473218,0.78521246,-0.19705601,-0.28844807,0.20425737,-1.0057057,-0.5541135,-0.26069003,-0.03862562
1991-01-01,0.043543912,0.59839886,0.13557987,-0.059048176,0.47733364,-1.1938288,-0.92613286,-0.12304449,0.25021255
1991-02-01,-0.20452443,1.3053277,0.01880312,-0.37573108,0.18869027,-0.7775227,-0.26175824,-0.024246026,0.49531198
1991-03-01,0.2454293,0.3755662,-0.13343564,-0.1482802,0.46875677,-0.8189224,-0.4850858,-0.037771035,0.13739423
1991-04-01,-0.13393052,0.6078004,-0.046512794,-0.5471028,0.46067476,-0.7719148,0.1585064,-0.36632964,0.08279941
1991-05-01,-0.2017205,-0.17417565,-0.035132013,0.099128366,0.21376102,-0.9413072,-0.23701736,-0.09648933,-0.1720314
1991-06-01,-0.29045764,-0.19099942,-0.044368554,-0.18638113,0.30332294,-0.3699583,0.031173468,-0.09533477,0.09599457
1991-07-01,-0.3054671,-0.18242256,0.22101831,-0.4136671,0.07702656,0.017483532,0.3020034,-0.058553316,-0.014514637
1991-08-01,-0.032328058,0.22992507,0.43362474,-0.37342206,-0.048492145,0.48558053,0.21475068,0.004783249,0.0009896278
1991-09-01,0.03645153,0.34604216,0.3673193,0.04552319,0.1824226,0.24526438,0.07785122,0.33037296,-0.18110304
1991-10-01,-0.48591042,0.12667318,-0.004453349,0.054100014,0.34950584,-0.7669666,0.15652712,-0.004948169,-0.07537715
1991-11-01,0.10820003,0.58685315,-0.017483568,-0.8710431,0.37309211,-0.69818705,-0.19974118,-0.3780403,0.2800665
1991-12-01,0.008741784,0.5888324,0.13838387,-0.16098051,0.50817716,-1.1204312,-0.35329953,0.1815979,-0.16691828
1992-01-01,0.07026011,0.600356,0.0931448,-0.16246814,0.4075087,-1.298407,-0.13650532,-0.19565773,0.4948989
1992-02-01,0.18829712,0.27782857,0.06704827,0.06785116,-0.10893669,-0.7733966,-0.3151668,0.02502594,0.34554595
1992-03-01,0.06865418,0.45930043,-0.31008133,-0.3387207,0.011107778,-0.9459019,-0.54588765,0.099300995,0.44805884
1992-04-01,-0.23968737,0.42222986,-0.29495865,-0.2319253,0.57880956,-0.9853815,-0.76550066,0.022483235,0.13797751
1992-05-01,0.16701834,-0.07280292,-0.073070526,-0.018602198,0.24075799,-0.36736006,-0.2830479,0.0856504,0.24865398
1992-06-01,-0.31329322,0.14667635,0.06878801,-0.2793007,0.14533806,-0.5492334,0.05125642,0.10585861,-0.081367925
1992-07-01,-0.560475,-0.016728591,-0.09260955,-0.20770231,0.23326364,0.26846057,0.21425991,-0.06316719,0.0005352974
1992-08-01,-0.19512239,-0.43788782,0.09314489,-0.5474936,0.4613079,0.54722595,0.48365727,0.08056488,0.0827062
1992-09-01,-0.068118855,-0.08805933,-0.12526375,-0.40309232,0.090200566,0.35692137,0.6474637,0.009769487,0.09823034
1992-10-01,-0.25199962,0.37565744,0.19070601,-0.035598446,0.15095887,-0.45193982,-0.15376928,0.06918949,0.37659422
1992-11-01,-0.029576164,0.8599838,0.07052777,-0.37351614,0.40295848,-0.47308484,-0.4140663,-0.07293668,0.076282404
1992-12-01,-0.24597731,1.2016487,0.14386591,-0.47576135,0.21037886,-1.1660503,-0.48713675,-0.10746451,0.19150901
1993-01-01,0.18118744,1.038955,0.13591957,-0.20300885,0.6734462,-1.1930977,-0.60032123,-0.004875183,-0.018455338
1993-02-01,-0.25500885,0.65290153,0.5708391,-0.099008754,0.6035711,-0.8036782,-0.37641948,-0.12698206,0.16853566
1993-03-01,-0.15727678,0.35111594,0.09633927,-0.16505352,0.29888383,-0.6697319,-0.8931694,0.0609375,-0.15077674
1993-04-01,0.09088387,0.49666944,0.20451775,-0.5359016,0.41855344,-0.93216926,-0.74808013,-0.28495523,0.40172306
1993-05-01,-0.22726774,0.10783024,-0.15832138,-0.03400891,0.42226774,-0.4775177,-0.13986604,0.085544586,0.04584818
1993-06-01,-0.1505446,-0.14450888,0.023562526,-0.1941874,0.14683028,0.1850178,0.1845535,0.115374945,-0.108758904
1993-07-01,-0.307357,-0.185366,0.23051782,-0.44258016,0.42563373,0.52266943,0.5890623,0.07115178,0.25825882
1993-08-01,0.11769638,0.010562515,0.31490165,-0.1926785,0.31385708,0.51709807,0.34241062,-0.016830396,-0.10736604
1993-09-01,-0.3209374,0.15646425,0.12698212,-0.12721424,0.27810702,0.525223,0.24862492,0.20428562,-0.0037142753
1993-10-01,-0.26185703,0.4457141,0.25164276,-0.1500803,0.3816427,-0.569098,-0.1476428,-0.0025535822,0.012187481
1993-11-01,-0.27520525,0.49516058,0.14926782,-0.2967945,0.6142497,-0.5199998,-0.39870518,-0.29168737,0.30631238
1993-12-01,-0.22749993,0.1432321,0.2618571,-0.16841957,0.251991,-0.53729445,-0.49376768,-0.23597312,0.10469637
1994-01-01,-0.04970805,1.3492367,0.13895369,-0.47661248,0.32418293,-1.4590775,-0.86486924,-0.20633288,-0.09013555
1994-02-01,0.2931631,0.56789225,0.04106312,0.0191967,-0.24192944,-0.6973111,-0.58848745,0.20836696,0.004958081
1994-03-01,0.404148,0.2691354,0.06725216,-0.33422622,0.5172943,-0.65192544,0.04169903,-0.26443157,0.33193788
1994-04-01,-0.29456154,0.67608035,0.14772572,-0.07259155,0.22362265,-0.91800976,-0.42499742,-0.07615121,0.072718665
1994-05-01,-0.4223277,0.34401527,0.35164312,-0.06292963,-0.07627831,-0.7144738,-0.3389301,0.18650052,-0.018306732
1994-06-01,-0.4031311,0.025934625,0.062166832,-0.4152084,0.16158295,-0.2355729,0.19984925,-0.0029239655,-0.06915903
1994-07-01,-0.20328179,0.26722845,0.5176756,-0.46834898,-0.22209716,0.26303315,0.6596805,-0.061149787,-0.05517466
1994-08-01,-0.31401244,0.1795084,0.12738475,-0.54081345,-0.07373576,0.021866452,0.26595712,0.05466614,0.084160425
1994-09-01,-0.20722279,0.0053394795,0.24396348,-0.19743378,-0.10958652,0.34897336,0.34350678,0.038012028,-0.17124486
1994-10-01,-0.5270833,0.14429317,0.015509916,-0.024536204,-0.24358216,-0.5183113,-0.06369241,0.09407662,0.1414963
1994-11-01,0.10615401,0.3599066,0.038774822,-0.24116668,0.5458986,-0.61124384,-0.67010516,0.15446362,0.2964685
1994-12-01,-0.032545425,0.72807676,0.23722562,-0.257058,0.06496371,-1.0433605,-0.38825673,-0.21535917,0.34960905
1995-01-01,-0.09259131,0.83496875,-0.008117867,-0.40083677,0.01741233,-0.81838,-0.94391346,-0.00035295487,0.51072276
1995-02-01,0.45742685,0.6857873,-0.14741659,0.075531915,0.16894674,-0.578725,-0.38765985,0.021059418,0.3410701
1995-03-01,0.1863591,0.64684486,0.06847286,-0.049178075,0.41260186,-0.72555333,-0.076355554,0.08247328,0.16306421
1995-04-01,-0.17188804,0.28930366,0.07400246,-0.14765196,0.24741992,-0.9796794,-0.8548517,-0.11506262,0.13518095
1995-05-01,-0.78179055,0.19177103,-0.1697703,-0.0815321,0.5021342,-0.28789186,-0.07459066,0.19435936,-0.023059655
1995-06-01,0.21130109,-0.11259198,-0.07129645,-0.35354108,0.35436463,-0.56248915,0.4746039,-0.03435407,-0.094944336
1995-07-01,-0.3177752,-0.2021244,0.02188306,-0.5609597,0.3000099,0.096120834,0.3517763,-0.10941539,0.28353873
1995-08-01,-0.52507615,0.19412403,0.16235833,-0.4787217,0.59143126,-0.01517697,0.37601238,-0.006706095,-0.0736495
1995-09-01,-0.29059786,0.23836079,0.4429558,-0.26930302,0.58260757,0.11906276,0.30824548,-0.048707485,-0.19847718
1995-10-01,-0.189418,-0.14365181,0.2254192,-0.2498906,0.38989523,0.0017647505,0.23141941,-0.11094483,0.2854212
1995-11-01,-0.39636603,0.83732176,0.19612412,-0.061531447,0.32248122,-0.9796794,-0.24059615,0.10035624,0.18930042
1995-12-01,0.031765748,0.8683816,0.41189593,-0.14671072,0.22188966,-0.55813605,-0.48260412,0.023412514,0.40730757
1996-01-01,-0.32103497,0.24176235,-0.17597756,-0.23145561,0.310601,-0.73750246,-0.93256646,-0.048861407,0.2695014
1996-02-01,0.36976916,0.29456836,0.15803623,-0.27179176,-0.09683218,-0.6838057,-0.07380114,-0.15040159,0.10841133
1996-03-01,-0.25016043,0.28642476,0.15294647,-0.463802,0.574631,-0.3457202,-0.54447424,-0.34215736,0.43288183
1996-04-01,-0.07736392,0.33859456,-0.011324692,-0.103194356,0.34559292,-0.4911593,-0.4112505,0.105611965,0.4851789
1996-05-01,-0.8854864,0.47805324,0.018959284,0.19531855,0.18170351,-0.61611223,0.03715507,0.14963813,-0.123680495
1996-06-01,-0.21771336,0.009543275,0.1561276,-0.2894786,0.66230166,-0.36009866,0.8100311,0.07367392,-0.43211836
1996-07-01,-0.6804974,-0.28642473,0.49026865,-0.4626568,0.29533187,0.14493018,0.48390642,0.21644092,-0.12851577
1996-08-01,-0.3448295,-0.24876073,0.15001988,-0.64054304,0.5029929,0.001526916,0.28222573,-0.07481909,-0.22891073
1996-09-01,-0.511391,0.1939189,0.19417334,-0.49141377,0.15892696,-0.08665271,0.13996768,-0.046316575,-0.24901524
1996-10-01,-0.32574296,0.16159907,0.25435942,-0.09874084,0.7705857,-0.5129179,-0.0143785,-0.13844076,0.46532887
1996-11-01,-0.44866,0.32357985,0.22038546,-0.21911302,0.37613133,-0.4858151,-0.28731546,-0.16503462,-0.0
1996-12-01,0.018577527,0.7878908,0.39496332,-0.3660791,0.35933518,-0.99758786,-0.32599744,-0.28807896,0.20537075
1997-01-01,0.33436838,0.44648513,-0.06540136,0.016562652,-0.1180623,-0.57105935,-0.32856435,0.019676972,0.43473548
1997-02-01,0.16010611,0.8904222,0.114523314,-0.4498826,0.1981862,-0.93897784,-0.41477546,-0.15642548,0.1977615
1997-03-01,-0.1448175,0.92241514,0.34880772,-0.3328112,0.31681475,-1.1163543,-0.4389824,-0.02420702,0.4137844
1997-04-01,-0.73640317,0.6896879,0.093572184,-0.2893518,0.09116566,-0.7657065,-0.14793177,0.17426229,0.225366
1997-05-01,-0.15217867,0.17171416,-0.16406985,0.09612031,0.39495677,-0.9907893,-0.43091336,0.24079618,-0.07460294
1997-06-01,-0.5336871,0.32134476,0.23357657,-0.2865206,0.12556514,-0.29911953,0.38816175,0.18346377,0.1135324
1997-07-01,0.07998228,-0.5577525,0.28963488,-0.2743463,0.021092605,0.6224462,0.48399892,0.16081396,0.16293736
1997-08-01,-0.17935848,0.023499202,0.3588585,-0.3214863,0.32587463,0.03963723,0.39141768,0.1499137,-0.067949556
1997-09-01,-0.13604069,-0.3396062,-0.018544579,-0.01132493,0.31525755,-0.053934954,0.06596766,-0.09980087,-0.2007343
1997-10-01,0.20101742,-0.099234655,0.48739642,0.12882102,-0.21998663,-0.029869486,-0.1469409,0.18034942,0.34158805
1997-11-01,-0.16704264,-0.1259898,0.4224197,-0.02052641,-0.12542355,-0.42482623,-0.8516343,0.53085583,0.26599416
1997-12-01,-0.011749601,0.07106392,0.004529953,-0.09753589,-0.17737663,-0.8466797,-1.0951202,0.34597644,0.35178047
1998-01-01,-0.32129717,0.34175888,0.053590108,-0.086231425,0.50009334,-0.4247017,-0.92357713,-0.0034103394,0.4468686
1998-02-01,0.10291739,0.6345558,0.033737373,0.34431666,0.31484205,-0.4542981,-0.64904946,0.6187223,0.25455314
1998-03-01,0.035686113,0.40606698,0.1042572,-0.24005938,0.42872104,-0.74587715,-0.8576857,-0.16186658,0.70337045
1998-04-01,-0.0068205833,0.16064858,-0.23165551,-0.24566206,0.418612,-1.0591358,-0.69362676,-0.10291743,0.19657835
1998-05-01,-0.24237347,0.21362972,-0.19633476,0.21777081,0.1777,-0.26551476,0.31947023,-0.0071859597,-0.24298248
1998-06-01,-0.45600328,0.2935277,0.26356602,-0.20814893,0.40399656,-0.0700326,0.58510673,0.22069387,-0.16783457
1998-07-01,-0.26575834,0.20522575,0.056878615,-0.5400424,0.60654277,0.08403907,-0.029109191,-0.033250235,0.042506743
1998-08-01,-0.28329688,-0.031666897,0.054686308,-0.64515203,0.59119654,0.11984696,0.48182398,0.06382103,0.10121226
1998-09-01,-0.36063725,-0.264175,0.43541974,-0.18975782,0.4231184,-0.2954765,0.24371329,-0.11327002,-0.24054658
1998-10-01,-0.25345698,0.17270637,0.25296974,-0.22398238,0.26454037,0.07989802,0.22105928,0.077827476,0.29961753
1998-11-01,-0.698255,0.7367425,0.077096745,-0.5268884,0.43432364,-0.9273527,-0.29218793,-0.15687294,0.29145727
1998-12-01,-0.23336065,0.81115973,0.13836002,-0.8761986,0.19877064,-0.3567397,-0.30887404,-0.7031268,0.41300935
1999-01-01,0.11209257,0.75067157,0.16639642,-0.39508265,0.55436444,-1.3433683,-0.5109504,-0.47871646,-0.16145976
1999-02-01,-0.1573942,0.8843986,0.20109864,-0.46318036,0.24814269,-0.51835537,0.19209632,-0.3099969,0.34803864
1999-03-01,-0.14069647,0.36299396,-0.091619685,-0.45272613,0.4325437,-0.17539863,0.058224298,-0.29692906,0.1995015
1999-04-01,-0.09336205,0.5530577,0.061128188,-0.2709387,0.1771411,-0.25554773,-0.16567048,0.07869711,0.2558382
1999-05-01,-0.5282289,0.29083076,-0.16189532,-0.14127728,0.4659391,-0.24436755,-0.18512693,-0.086682975,0.04326887
1999-06-01,-0.35108787,0.038332175,0.32335505,-0.4573725,-0.0069695474,-0.43297926,0.4355928,-0.004936695,-0.3097065
1999-07-01,-0.45185488,0.06693611,0.29141158,-0.45635605,0.4608571,0.04501126,0.21561842,-0.049512386,-0.23696251
1999-08-01,-0.19833994,-0.15042476,0.17046198,-0.43094644,0.3537013,0.13735692,0.326259,0.02090845,-0.05996666
1999-09-01,-0.15289311,-0.04747963,0.11310897,-0.157249,0.20196982,0.11848123,0.0015971779,0.095975615,0.07521238
1999-10-01,-0.34992623,0.2304286,0.24248,0.15434507,0.23609123,-0.17786707,0.030201102,0.16494447,0.026135575
1999-11-01,-0.74617046,0.7727416,0.47784534,-0.16102414,0.39188832,-0.35442734,-0.23173538,-0.48292723,0.6002469
1999-12-01,-0.18222293,1.5942696,0.18280382,-0.29199237,0.41018325,-0.57338536,-0.8120902,-0.22883146,0.5884859
2000-01-01,0.26583585,0.35870367,-0.0004032135,-0.21852836,0.09770608,-0.84804046,-0.28008184,-0.29553738,-0.08171292
2000-02-01,0.36811143,0.4125966,-0.120015904,-0.36649865,0.2628792,-0.54578334,-0.14259434,-0.099587634,0.046097927
2000-03-01,0.16006598,0.74227065,0.10536671,-0.38558298,-0.10778582,-0.4990135,-0.17753753,-0.16880174,0.039243735
2000-04-01,-0.39230278,0.51729137,-0.013305235,-0.08856716,0.2787379,-0.34822068,0.104291536,-0.3396194,0.03978131
2000-05-01,-0.23573104,0.12982678,-0.024325753,0.09246464,0.10899539,-0.307633,0.40157604,0.018412303,-0.11719356
2000-06-01,-0.6235988,0.15589976,-0.08010016,-0.18009102,0.75167847,0.009004545,0.58905894,0.08184733,0.037496567
2000-07-01,-0.36743945,0.11114569,0.15872207,-0.5796512,0.52253276,0.1698769,0.20791106,0.10133481,-0.047710706
2000-08-01,-0.5076148,-0.16194753,0.10509787,-0.42670822,0.1838541,0.20737347,0.3667675,0.0723052,0.079965785
2000-09-01,-0.19769697,-0.0068542482,-0.074455544,-0.011961269,0.47831646,-0.35722533,0.24621399,0.008735752,-0.14702955
2000-10-01,-0.62131405,0.41541892,0.2240386,-0.26462632,0.33733472,-0.5693027,-0.26919574,0.1232414,-0.017874718
2000-11-01,-0.35346228,0.4745533,0.1561685,-0.4160909,0.6730566,-0.5869085,-0.3589725,0.1694737,0.37026176
2000-12-01,-0.22497936,1.1321542,0.43369675,-0.54390174,0.3334372,-0.6281682,-0.5315373,0.1909771,0.35910687
2001-01-01,0.01864319,0.57240653,-0.17693004,0.091411784,0.13832049,-0.9680033,-0.64998627,0.060620308,0.4558564
2001-02-01,-0.3186184,1.2373075,0.13519344,-0.21734369,0.3387049,-1.2687002,-0.25980204,0.04330034,0.07553506
2001-03-01,0.0950202,0.5182811,0.11354313,0.20772138,0.42795172,-0.7116893,-0.5590556,0.22516184,0.45934448
2001-04-01,-0.28578228,0.37887803,0.10921307,-0.13254717,0.679214,-0.3744278,0.096102715,-0.14397366,0.14481564
2001-05-01,-0.02357464,0.34556085,0.17079583,-0.06422882,0.35831028,0.12665352,0.18811595,-0.05472679,0.16670632
2001-06-01,-0.7718287,0.26846212,0.12893887,-0.30610937,0.4366118,0.19713692,0.3381035,-0.03403888,-0.1802978
2001-07-01,-0.47894996,0.22419949,-0.020086575,-0.2542692,0.34832722,0.3342546,0.25859928,0.03945141,0.15515956
2001-08-01,-0.16069236,-0.08010564,0.3438769,-0.42482454,0.27519774,-0.05544851,0.40365547,-0.018402671,0.24548893
2001-09-01,-0.5253775,0.12496972,0.1539568,0.06122186,0.37695354,0.111257814,0.05977855,-0.018402625,-0.094298504
2001-10-01,-0.28638366,0.2824146,0.30755273,-0.33257073,0.40545955,0.14674005,-0.1775314,0.08190985,-0.07276861
2001-11-01,-0.4292748,0.795283,-0.108852245,-0.55436474,0.29432207,-0.41111273,-0.7598008,-0.112340376,0.32427147
2001-12-01,-0.07144556,0.7970873,0.23610716,-0.48520437,0.5013218,-0.7579967,-0.14313182,-0.31200305,0.66874975
2002-01-01,0.063066676,1.3388851,-0.029097844,-0.061528493,0.46582174,-0.29418296,-0.6738649,-0.08126879,0.4660781
2002-02-01,0.14356641,1.2523606,-0.035378836,-0.09177999,0.16497321,-1.3238876,-0.9108776,0.1201087,0.08921628
2002-03-01,-0.09588184,0.48799768,0.022432232,0.12395425,0.33045915,-0.74795544,-0.6309233,0.04665909,0.19073823
2002-04-01,-0.032815196,0.4853058,0.085370734,-0.3103342,0.33276647,-0.37224722,0.28482562,-0.2908502,0.30033582
2002-05-01,-0.64220333,0.36237702,-0.23073177,0.034097027,0.30033582,-0.7074492,-0.17163873,-0.027303267,0.023970414
2002-06-01,-0.07191143,0.10498295,0.09998374,-0.4146762,0.009870196,-0.3061041,0.29174742,0.08088429,0.13690086
2002-07-01,-0.27303258,-0.06806584,-0.008972883,-0.23291087,0.48607492,0.1772789,0.44838867,0.25213853,0.19599375
2002-08-01,-0.23278269,0.3410984,0.26175237,-0.39160305,0.21624689,0.4804348,0.29943854,-0.02704687,-0.11280217
2002-09-01,-0.17791982,-0.17753525,0.08306341,-0.079858825,0.29367027,-0.30918056,0.19253282,0.026149606,-0.18343174
2002-10-01,0.09575367,0.13010707,0.13395259,-0.0890881,0.555679,-0.42262363,-0.03666072,0.22803989,0.08870353
2002-11-01,-0.04281355,0.54260415,0.30571955,-0.12536426,0.65374,-0.45543885,-0.43685213,0.1333117,0.12446699
2002-12-01,-0.0044864654,0.715012,-0.26047054,-0.24188375,0.39160305,-0.8483238,-0.9360018,0.19343014,0.44172305
2003-01-01,-0.10199299,0.75269115,-0.020990277,-0.5574394,0.40036458,-0.7422663,-1.0297906,-0.416706,0.5075699
2003-02-01,0.008734179,0.5935033,0.29062366,-0.21962294,0.0408535,-1.0250009,-0.7409985,-0.11185417,0.38867205
2003-03-01,-0.1800373,0.4207914,0.20088668,-0.20595817,0.37275332,-0.6847897,-0.7422665,-0.34105653,0.5737809
2003-04-01,0.1042469,0.5506774,-0.08241143,-0.16017398,0.5120779,-0.6208328,-0.28005806,0.11185412,-0.32795525
2003-05-01,-0.22835717,0.075367644,0.2503336,0.025780011,0.4977087,-0.4283986,0.1012886,0.222863,0.13862029
2003-06-01,0.10692358,0.0735363,-0.22553968,-0.3566936,-0.015918732,-0.23793659,0.256532,0.20736685,-0.08212967
2003-07-01,-0.07888951,0.012678718,0.28879228,-0.43769637,-0.00845251,0.029160976,0.47854978,0.10565567,-0.13735238
2003-08-01,-0.58885425,-0.23469648,0.2869609,-0.3221794,0.45615077,0.18327737,0.10847311,0.22201772,-0.14749523
2003-09-01,-0.2525875,-0.34669152,0.3240107,-0.24399419,0.55560803,-0.013101292,0.1103045,0.059308052,-0.05226431
2003-10-01,-0.3328859,-0.33725294,0.30372494,-0.2552642,0.5912492,-0.07128239,-0.12185626,0.020567607,0.1625689
2003-11-01,0.0016905784,0.47037902,0.19496998,-0.10903664,0.37613425,-0.583783,-0.17031698,-0.13946553,0.30879635
2003-12-01,-0.5001036,0.99006426,0.20708513,-0.2961177,0.48615703,-0.4472757,-0.5477191,-0.16919,0.42389065
2004-01-01,-0.13802686,0.7896364,0.15974303,-0.40267044,0.47383085,-0.27887565,-0.35028154,-0.2912674,0.4564089
2004-02-01,-0.17925093,0.69479656,-0.18379049,-0.1414622,0.5019271,-0.95428705,-0.44364905,-0.2537241,0.2616989
2004-03-01,-0.32034504,0.7113598,0.010674095,-0.49051684,-0.045640897,-0.5230298,-0.4768982,-0.2402281,0.053738475
2004-04-01,-0.5046263,0.6378681,-0.022697758,-0.077172354,0.4393549,-0.47211328,-0.22771367,0.050425816,0.112384535
2004-05-01,-0.12808895,0.039874457,-0.09729366,-0.08146653,0.25875434,-0.434938,0.25666863,0.13557307,0.061836053
2004-06-01,-0.22427836,0.09410362,0.05152998,-0.3661086,0.37212047,0.02061205,0.33936208,0.14821017,0.014477491
2004-07-01,-0.30169612,0.10845842,0.117046736,-0.76227635,0.35224456,-0.21372692,0.46683756,0.012759876,0.012514496
2004-08-01,-0.13913107,-0.08257077,0.16796342,-0.7952801,0.6273168,0.25789553,0.32292154,0.109317206,0.024415445
2004-09-01,-0.15176821,-0.21225461,-0.07079248,-0.09447173,0.75430155,0.021470845,0.37310195,0.19237883,-0.017299365
2004-10-01,-0.19311494,0.32991487,0.1230586,-0.13729072,0.4354288,0.17323904,0.21495382,-0.08097577,0.22047491
2004-11-01,-0.19532338,0.56560344,0.07950349,-0.039997123,0.42917156,0.27090073,-0.13998993,-0.14857826,0.3117567
2004-12-01,-0.2336028,0.7514796,-0.17213479,-0.6630198,0.26047203,-0.7545469,-0.5583647,-0.22538252,0.21973877
2005-01-01,-0.04495821,1.0601518,0.19275483,-0.19504316,0.66077775,-0.18427476,0.035266686,-0.1280097,0.48915595
2005-02-01,-0.05451517,1.1958339,0.1636801,-0.24727006,0.47515696,-1.1710668,0.12572137,-0.3810678,0.030959224
2005-03-01,0.11576061,0.6399139,0.023152161,-0.2809214,0.29855472,-0.57086134,-0.7496172,-0.23609784,0.3532045
2005-04-01,0.3322061,0.37474132,0.037554838,-0.35818487,-0.011979866,-0.6444904,-0.2040617,-0.1630071,0.43558297
2005-05-01,-0.34620494,0.41525763,0.0045765876,-0.28186363,0.42266083,-0.39102858,-0.02180605,0.10620363,0.3763566
2005-06-01,-0.2604614,-0.14752741,0.018710136,-0.1978699,0.6027628,0.06070702,0.42144936,0.07914796,0.16987197
2005-07-01,-0.5291337,-0.03984318,0.114010714,-0.67908406,0.2728451,0.115626,0.5746303,0.061514664,-0.11078022
2005-08-01,-0.35737723,-0.17431393,-0.08857031,-0.42723742,0.6232228,-0.1906012,0.2756718,-0.08062861,-0.21806069
2005-09-01,-0.36491516,0.03270912,0.07484064,-0.18979356,0.038631726,-0.12114482,0.3134959,-0.022344494,-0.24053979
2005-10-01,-0.14591222,0.0060572624,0.23219426,0.12908654,0.48040652,-0.4008549,-0.4213148,0.111991666,0.36249223
2005-11-01,-0.54097897,0.8286306,0.17579463,-0.35589662,0.07887874,-0.3841637,-0.4061044,-0.3363788,0.18144806
2005-12-01,0.04172764,0.71421605,0.33126384,-0.4074505,0.5560548,-1.0514026,-0.6521629,-0.38779807,0.1029731
2006-01-01,-0.25223348,0.33596677,-0.003359604,-0.46014524,0.45058307,-0.9545332,-0.13942643,-0.38028854,0.43753204
2006-02-01,-0.07145753,0.6816249,0.2342722,-0.7915894,0.37266466,-1.0665652,-0.65255076,-0.64841574,0.47267938
2006-03-01,-0.01201725,0.7768585,0.08489623,-0.17211834,0.14872989,-0.034630395,0.0324337,0.22755285,0.45781928
2006-04-01,0.12973483,0.9032337,0.16875868,-0.16074717,0.36542848,-0.44502673,-0.10053177,0.14149371,0.1386509
2006-05-01,0.11448717,-0.09148636,0.12986402,-0.15699983,0.20584421,-0.31451657,-0.049361277,-0.01201725,-0.122369386
2006-06-01,-0.38868776,0.2253561,0.26631826,-0.4598868,0.25313804,-0.297589,0.4937419,0.14149371,-0.33906797
2006-07-01,-0.46402177,-0.16307306,0.25934047,-0.5460752,0.6503541,-0.05285015,0.5818685,0.35612473,-0.020933295
2006-08-01,-0.041608192,0.24706478,0.27833557,-0.44166708,0.20739488,0.046906136,0.3282137,0.03204608,-0.30094868
2006-09-01,-0.36310253,0.048715163,0.27394214,0.020287227,0.36193952,0.15480313,0.07843532,0.087222144,-0.27756017
2006-10-01,-0.110739805,0.3762827,0.113324165,-0.13218999,0.0187366,-0.13619575,-0.14898834,0.14317352,0.23491828
2006-11-01,0.40471068,0.3795132,0.07430034,-0.16850023,0.44774026,-0.74959356,-0.5849698,0.14614554,0.47229177
2006-12-01,-0.12521222,0.30366224,0.01447239,-0.18142204,0.34617501,-1.3208662,-0.44166702,-0.20661965,0.006590104
2007-01-01,-0.20042257,1.0583969,0.08608122,-0.29809165,0.4873994,-1.3035156,-0.6694943,0.0010641098,0.038665604
2007-02-01,0.15525365,0.21744967,0.11576023,0.19947672,0.20101385,-0.52783865,-0.53008527,0.17346306,0.09412177
2007-03-01,0.044577766,0.7496633,0.1468583,-0.3254059,0.20385166,-0.37199384,-0.1638854,-0.27101392,0.40545672
2007-04-01,-0.1423651,0.7335822,0.08643596,-0.2415713,0.4254399,-0.7489539,-0.47569332,-0.17984827,0.3028214
2007-05-01,-0.52050763,0.14496645,0.25989905,-0.2014868,0.45027098,-0.3343924,-0.11268599,0.13657117,0.119307615
2007-06-01,-0.9792921,0.37636885,-0.026131773,-0.41018638,0.54888594,-0.6823829,-0.11209476,0.06491566,0.14922321
2007-07-01,-0.09199343,0.069763616,0.3450343,-0.44081149,0.3559127,0.1066556,0.20621653,0.46871692,0.0014189243
2007-08-01,-0.57821035,0.14839545,0.09885154,-0.46067637,0.024712896,0.23435846,0.36856475,-0.043868303,0.1563178
2007-09-01,-0.16625026,0.09376707,0.28993288,-0.1042907,0.34515256,0.2984464,0.30743292,0.070236586,-0.09353056
2007-10-01,-0.1590374,0.3794431,0.093412325,-0.23341253,0.5773827,-0.42354792,-0.47793993,-0.110675834,0.07283795
2007-11-01,-0.0026013614,1.1946132,0.13858132,-0.58495027,0.33285525,-0.9908799,-0.7215214,-0.36560866,0.35212892
2007-12-01,0.14685833,0.82143706,-0.1334968,-0.6314199,0.5143589,-1.1533464,-0.44542298,-0.43123373,0.15750024
2008-01-01,-0.066872045,1.2297816,0.18654613,0.24519749,0.10022901,-1.0498753,-0.41103393,0.22338104,-0.0012647152
2008-02-01,-0.24804315,0.6725146,-0.01565094,-0.29641867,0.19034028,-1.3695332,-0.92403567,0.10149374,-0.26954335
2008-03-01,0.06339407,0.56517154,-0.028456211,-0.3803644,0.06639777,-1.1630676,-0.36408108,-0.12773667,0.052643966
2008-04-01,-0.059599888,0.78222895,0.042842366,-0.50984,0.40755588,-0.1509759,0.09185028,-0.04679462,0.26891097
2008-05-01,-0.37056285,-0.12568149,0.18148725,-0.26258737,0.38890123,-0.43253404,0.052327774,-0.026875306,-0.13437644
2008-06-01,-0.39206305,-0.048059322,0.07841263,-0.43443117,0.24488135,-0.058335207,0.6086462,0.0866333,0.028772354
2008-07-01,-0.59441817,-0.27396983,0.21974504,-0.68595225,0.4186221,0.20646544,0.24551365,0.14560084,-0.43632823
2008-08-01,-0.44913355,-0.5435132,0.1848071,-0.40597495,0.04758501,0.20393601,0.2624293,-0.016757488,0.25088874
2008-09-01,-0.39237928,-0.10781737,0.33388597,-0.2986319,0.24456517,-0.15745756,0.24108717,0.13121465,0.011856747
2008-10-01,-0.17990637,-0.06513305,0.20093231,0.117777005,0.4937149,-0.14401993,0.019919325,0.09880622,0.2764993
2008-11-01,-0.3280366,0.47126612,0.38210335,-0.54114187,0.6726726,-0.20488457,-0.32155493,-0.3975962,0.60595864
2008-12-01,-0.22006123,1.3828127,0.03557024,-0.1761122,0.28693324,-1.2677233,-0.55457944,-0.39490864,-0.32930136
2009-01-01,-0.16527078,0.57475746,0.05219078,-0.23195896,0.55314314,-0.74279594,-0.6741308,-0.40105185,0.23485847
2009-02-01,-0.047709752,0.78707904,0.20309591,-0.6178544,0.153541,-0.36164522,-0.20507288,-0.6816431,0.3558462
2009-03-01,-0.103458986,0.38444558,0.36783952,-0.4676082,0.09449692,0.00039520263,0.37970084,-0.11953793,0.113870785
2009-04-01,-0.30220565,0.49475795,0.12691846,-0.2233923,0.54668516,-0.78813344,-0.14497432,-0.050082065,-0.22734615
2009-05-01,-0.4500795,0.54114985,0.19017999,0.026754355,0.2816457,-0.35703236,-0.35255137,-0.036638964,-0.22036104
2009-06-01,-0.3068185,0.16856563,-0.19676976,-0.34727952,0.4908041,-0.4813149,-0.009621024,0.15393643,-0.16737953
2009-07-01,-0.27202466,0.3583503,0.18859854,-0.7123513,0.1884667,0.045469236,0.30998158,0.10701742,0.00013179779
2009-08-01,-0.36691695,-0.0014497756,0.10411797,-0.42886057,0.44177642,0.46984872,0.54918927,0.027545119,0.0413836
2009-09-01,-0.11756106,0.14866462,0.12151484,-0.36718053,0.3781195,0.040461015,0.15617695,-0.025568198,0.12744565
2009-10-01,-0.20401847,-0.38088718,0.17858207,-0.334759,0.42793798,-0.36678514,-0.1717287,0.015683591,0.21047643
2009-11-01,-0.062207174,0.10359077,0.3416123,-0.20296411,0.49805284,-0.7500447,-0.958017,0.091992855,0.36718053
2009-12-01,0.13574871,0.68072057,-0.0051399707,-0.14787383,0.3934077,-1.1619036,-0.54642165,0.023064042,0.14141588
2010-01-01,-0.1528115,0.43658525,0.13404521,-0.14490286,0.3007974,-0.8112416,-0.5817562,-0.010455513,0.3179552
2010-02-01,0.06930137,0.5479768,0.09155293,-0.15576057,0.45213446,-0.5978416,-0.58390087,0.0099193575,0.82598656
2010-03-01,-0.35039416,0.12157898,-0.08967624,-0.3686243,0.7274633,-0.6865795,-0.590335,-0.021581316,0.41084853
2010-04-01,-0.09611042,0.47398385,0.03324318,-0.24717934,0.5631239,-0.3308235,0.25374755,0.08176758,-0.13350901
2010-05-01,-0.31768715,0.22640228,-0.42881066,0.13391116,0.34020674,-0.09664657,0.1485221,0.2863205,-0.1313643
2010-06-01,-0.26018173,0.27988642,0.07171421,-0.39154604,0.43618307,-0.073724866,0.43430644,-0.03994546,-0.18444622
2010-07-01,-0.56298983,-0.0018766404,0.053886175,-0.6340338,0.25589228,0.03833692,0.39717597,-0.035521984,0.03511982
2010-08-01,-0.54569805,-0.27492672,-0.11259799,-0.6564194,0.26286268,-0.13726228,0.32318297,0.07117796,-0.046245575
2010-09-01,-0.7927433,-0.19543795,-0.09986367,-0.33819607,0.030696344,0.20723388,0.22975346,0.06474383,0.056701086
2010-10-01,-0.2735863,0.5123208,0.43202773,-0.23739405,0.19423148,-0.3629944,-0.06715665,-0.06889924,0.074127
2010-11-01,-0.76137674,0.7076246,0.22023626,-0.6160717,0.49100763,-0.20656367,-0.16112237,-0.3022719,0.25723273
2010-12-01,0.12908553,0.37894577,0.13967514,-0.115412906,0.36138588,-0.03632631,0.30106553,-0.18672499,0.7455594
2011-01-01,0.13715744,0.16090408,0.17755413,-0.4127005,0.071376465,-0.76794505,-0.40942502,-0.26680875,0.35961172
2011-02-01,0.14821191,0.33763927,-0.016513634,-0.17141266,0.04667449,-0.73600996,-0.45159587,-0.046537973,0.29342133
2011-03-01,-0.14398117,0.36015764,0.24729271,-0.30597705,0.20403023,-0.29383087,0.20252895,-0.3676638,0.18669787
2011-04-01,-0.31075367,0.65371543,0.13101602,-0.22968748,0.492129,-0.26326042,-0.11791439,0.026476169,0.19447693
2011-05-01,0.074651815,0.3213987,-0.040533066,-0.05609121,0.29205662,-0.20430298,0.44845682,0.44163322,0.12241812
2011-06-01,-0.4352189,0.036711883,-0.026203204,-0.07724488,0.5704657,0.276089,0.34268886,-0.021835994,-0.024974918
2011-07-01,0.06509862,0.14425401,0.11122723,-0.61427414,0.24278918,0.2287322,0.49212903,-0.038349487,0.34842086
2011-08-01,-0.47848147,0.13074303,0.15162377,-0.24224325,0.25902963,0.115184925,0.23214404,0.31020775,0.03521061
2011-09-01,-0.4408144,-0.0015012741,0.2547989,-0.26981115,0.41474766,-0.08597927,0.27704436,0.08707108,-0.06550803
2011-10-01,-0.4096981,0.21836014,-0.20907974,0.21904245,0.49062777,-0.66599816,-0.14875779,0.114775494,0.1633606
2011-11-01,-0.21467523,0.20443961,0.12228165,-0.10003622,0.29219308,-0.12937832,0.08434162,0.10385752,0.75047624
2011-12-01,-0.4064227,1.6922907,0.028113937,-0.5300691,0.481484,-0.7996073,-0.28577885,-0.14971304,0.101128004
2012-01-01,0.17242917,1.5066992,0.33206636,-0.16172571,0.36404616,-0.93798316,-0.23886852,0.18613473,0.10233493
2012-02-01,-0.016055107,0.5372584,0.13953586,-0.3436835,0.16603322,-1.5163581,-0.8616236,-0.19435805,0.296693
2012-03-01,0.12583022,0.6005651,0.21472064,-0.11604047,0.61400956,0.10337925,0.44314688,0.24604765,0.16485843
2012-04-01,-0.52276963,0.38780242,-0.05299487,-0.4808697,0.13744728,-0.38258132,-0.0018274307,-0.15807089,0.35399535
2012-05-01,-0.5082809,0.078839585,0.046207357,0.06931104,0.3225378,-0.46572837,0.07662066,0.4127335,-0.2053225
2012-06-01,-0.28572854,0.0049601556,0.19213906,-0.34524983,0.121392205,-0.6945461,0.28416213,-0.11016669,0.24304552
2012-07-01,-0.5512249,-0.061218213,0.2699345,-0.4367509,0.19174747,0.12974605,0.41547456,0.06996369,0.13966623
2012-08-01,-0.15245804,-0.28416216,0.14488749,-0.5222475,0.040855695,0.35451743,0.5362142,0.063567735,0.33650446
2012-09-01,-0.343553,-0.10860033,0.41234183,-0.28364006,0.08823776,-0.036156606,0.35725856,0.14880332,0.20440884
2012-10-01,-0.34290034,0.28050733,0.17908612,-0.12387226,0.2662797,-0.19553283,-0.13953575,0.010181284,-0.24539499
2012-11-01,0.001305294,0.6261488,0.22894827,-0.28938335,0.6087884,-0.021276271,-0.07466273,0.05508337,0.17921667
2012-12-01,0.35151523,0.65016615,-0.113690995,-0.2584479,0.17308173,-0.44902056,-0.23599681,-0.101029634,0.64155126
2013-01-01,0.09908066,0.2737604,-0.016036224,-0.3897364,0.035079133,-1.2323518,-0.08433314,0.0042954446,0.51301455
2013-02-01,-0.31241912,0.61009073,0.35866633,-0.3127055,0.41550884,-0.6480335,-0.87597626,-0.068583295,0.273331
2013-03-01,-0.04553132,0.45703116,0.06486063,-0.22636786,0.07388097,-0.38916373,-0.13988705,-0.06929922,0.38945004
2013-04-01,-0.445004,0.47865134,0.24082908,0.13988705,0.47134915,-1.0277473,-0.18384333,0.3114169,0.10896011
2013-05-01,-0.17052755,0.5700003,-0.20832714,-0.18012066,0.20932941,-0.3914546,0.43569726,0.08103998,-0.070301436
2013-06-01,-0.08819904,0.53492117,0.12470989,-0.5535345,0.15692548,0.014604378,0.73236656,0.14346655,-0.043526746
2013-07-01,-0.50227606,0.2548608,-0.04452896,-0.51788265,0.08132639,0.08619447,0.3207236,0.13673706,0.016036129
2013-08-01,-0.44672212,0.10137157,0.23624735,-0.4683424,0.7876342,0.18269789,0.46318784,-0.09664659,-0.07287874
2013-09-01,-0.32473263,-0.19859087,-0.03550873,-0.108244225,0.21104762,0.3943182,0.036654092,0.14232107,0.19830456
2013-10-01,-0.36439353,0.3920273,-0.055697083,-0.20732486,0.06629238,0.29609662,0.042954065,0.09707613,0.3185759
2013-11-01,-0.072592355,0.4067749,0.41135663,-0.44901305,0.77847064,-0.75370044,-0.6128111,-0.17954794,0.033933688
2013-12-01,-0.21033165,1.1271143,0.10323286,-0.07187643,0.37083665,-0.9563004,-0.4248155,0.0322155,0.28134903
2014-01-01,-0.17094076,1.2342052,-0.05610027,-0.44140998,0.24024108,-0.7378832,-0.9798403,0.029436111,0.39058968
2014-02-01,0.13622458,0.25647712,0.04422021,0.102432445,0.16803674,-1.124909,-0.51968634,0.17014876,0.13860062
2014-03-01,-0.011748051,0.5525544,0.11008849,-0.2907973,0.37712565,-0.78896743,-0.85523176,0.036696147,0.23020902
2014-04-01,-0.21463294,0.7155751,-0.06745224,-0.38082168,0.6474628,-1.0087484,-0.8152355,0.16262469,0.038280178
2014-05-01,-0.25027308,0.0902884,-0.16988473,-0.2109369,0.33778948,0.25449705,-0.1553647,0.229021,0.014652061
2014-06-01,-0.44814196,-0.17648476,0.0010560036,-0.055836238,0.40444976,-0.59373856,0.070884325,0.15800469,0.19998088
2014-07-01,-0.33990145,-0.35098952,0.35877752,-0.19562486,0.3710536,0.2785212,0.43758187,0.011880016,0.060852267
2014-08-01,-0.5471424,-0.13279256,0.231397,-0.39322975,0.28947726,0.094248414,0.38253766,-0.21027693,0.14678459
2014-09-01,-0.34201348,0.23614903,0.15536466,-0.2958133,0.24618106,-0.0454082,0.20974891,0.035640143,0.03273611
2014-10-01,-0.33158544,0.03999617,0.25990915,-0.24156106,0.17806879,-0.57182646,-0.0913444,0.10296043,0.23139706
2014-11-01,-0.24842508,0.28789324,0.09490843,-0.4125018,0.35904154,-0.70699507,0.08712039,-0.13860059,0.066396296
2014-12-01,-0.013464046,0.6112946,0.04963217,-0.38200966,0.38834566,-0.8531197,-0.70923907,-0.10626049,0.27060118
2015-01-01,0.04011774,0.78208166,0.25469762,-0.09793873,-0.22271761,-1.4619416,-1.0820366,0.12577839,0.3327915
2015-02-01,0.11250098,0.7041305,-0.02512722,-0.15019163,0.37319484,-0.35863256,-0.909716,-0.08080654,0.28025305
2015-03-01,0.37576467,0.716123,-0.13091807,-0.077522874,0.24056363,-1.4538038,-0.60347915,0.05896306,0.32294065
2015-04-01,0.016989361,0.83247864,-0.32993624,0.01855979,0.36148793,-0.73482555,-0.365057,0.29952672,0.34378472
2015-05-01,-0.047827195,0.2168642,-0.25526872,-0.11492805,0.35149413,-0.23142648,0.1363432,0.2038723,0.23142648
2015-06-01,-0.2654052,-0.30609393,0.16903698,-0.18003011,0.35734764,-0.29210275,-0.010136509,0.056821536,0.26226434
2015-07-01,-0.36405772,-0.28125244,-0.19987468,-0.7640929,0.4709908,0.011849689,0.2014453,-0.2441328,0.55822194
2015-08-01,0.09736762,-0.08351912,0.039832212,-0.5726414,0.29281664,0.28410777,0.33022177,0.14176841,-0.26654738
2015-09-01,-0.10907457,0.022557307,0.17289177,-0.14576586,0.3162306,-0.14091177,0.26254985,-0.028125238,-0.027839756
2015-10-01,-0.19430676,-0.14619417,-0.1651823,0.14062622,0.145052,-0.69199526,-0.04240198,0.31294686,0.108789004
2015-11-01,-0.18916726,0.06767187,0.17303449,-0.21786356,0.66058624,0.062389493,-0.23228312,0.07466755,0.28767696
2015-12-01,0.05810647,0.099937394,-0.055108357,0.23028436,0.2339963,-0.6251799,-0.36491433,0.40189114,-0.06338887
2016-01-01,0.6865399,0.32142892,0.1445547,-0.034339618,0.28898305,-0.7303481,-0.6985335,0.17700052,0.48050213
2016-02-01,0.31852522,1.126895,-0.23355994,-0.17737922,0.3362,-1.0440758,-0.9349972,-0.07234039,-0.11955738
2016-03-01,0.03459213,0.06564927,-0.09102521,-0.41914535,0.79435617,-1.1968367,-0.9295684,-0.24643727,0.3673834
2016-04-01,-0.28216562,0.3067841,0.050246906,0.027269697,0.31903023,-0.7554716,-0.2091939,0.27673692,0.1778843
2016-05-01,0.05567565,-0.12359738,-0.11892619,0.04570199,0.3146115,0.007322407,0.3192827,0.19669533,-0.26941448
2016-06-01,-0.22674248,-0.04380827,0.052140664,-0.13306603,0.34806737,0.011236143,0.46434236,0.16374445,-0.0035349368
2016-07-01,-0.20692146,0.13319226,-0.14177719,-0.5884447,0.57581985,0.24239731,0.38341698,0.02234602,0.23722109
2016-08-01,-0.2906243,-0.4592924,-0.029037189,-0.5226692,0.66280514,-0.05302441,0.30400664,0.08067284,-0.25678968
2016-09-01,-0.2797669,-0.3912444,0.05428686,-0.0130036,0.40879297,0.0717092,0.32673135,0.0002524972,-0.4278565
2016-10-01,-0.3331701,0.35627356,0.070446715,-0.50360566,0.20237651,-0.15983066,-0.33935624,0.017169809,0.08294535
2016-11-01,-0.079662845,0.4029855,-0.0020199777,-0.098473914,0.43063396,-0.0059336843,-0.08913152,-0.31473774,0.058200598
2016-12-01,0.11109877,0.8514206,0.2648696,-0.52835035,0.056811858,-1.028421,-0.4882033,-0.28166062,0.2613346
2017-01-01,-0.044809364,1.0981562,0.36567038,-0.23369546,0.24269009,-0.89340687,-0.2763788,-0.34375644,0.1965724
2017-02-01,-0.0853667,0.5171064,0.121508405,-0.34964377,0.5236479,-1.0538373,-0.5736904,-0.29976472,0.32494956
2017-03-01,0.342121,1.0790222,0.11529408,-0.07669926,0.082096,-0.36943167,-0.22061253,-0.016190242,0.37793577
2017-04-01,0.20327744,0.66674346,0.23909226,-0.38087946,0.47213355,-0.56992906,-0.24579735,-0.0675411,-0.020115161
2017-05-01,-0.4281419,0.23811102,0.04350104,-0.08013348,0.67557454,-0.33639723,0.04480934,0.32740262,0.06672339
2017-06-01,-0.43239385,0.27556115,0.10744429,-0.50026196,0.44465917,-0.0017989159,0.591189,-0.13066666,-0.29109716
2017-07-01,-0.24105462,-0.3372149,0.22829875,-0.44433212,0.20131497,0.17776552,0.38038883,-0.00032706262,-0.12592408
2017-08-01,-0.14440393,-0.047753144,0.30205426,-0.48865086,0.16190238,0.2222478,0.2335319,0.18348937,-0.072937824
2017-09-01,-0.6196446,-0.2688561,0.21848643,0.039739657,0.4023029,0.045463514,0.27981314,0.024367142,0.08176885
2017-10-01,-0.054130983,0.058873605,0.037940763,-0.24988575,0.3295286,-0.09109054,0.30287194,0.03270755,0.32560366
2017-11-01,-0.08863745,0.60901463,0.21505213,-0.32445893,0.34097624,0.07637215,-0.49813598,0.016680812,0.32511306
2017-12-01,0.03695953,1.5727426,-0.12363462,-0.75178313,0.32985568,-0.83633214,-1.035194,-0.16304712,0.015045452
2018-01-01,0.052030705,0.62342024,-0.09620266,-0.1459299,0.23291878,-0.78967464,-0.98031867,0.12425051,0.27492276
2018-02-01,-0.018427562,1.1259775,0.20134811,-0.2079874,0.14281349,-0.8171805,-0.066664316,-0.27112886,0.3338638
2018-03-01,-0.37302238,0.097015664,-0.111513756,-0.054469682,-0.03658409,-0.13224468,0.113275245,0.015311098,0.37884873
2018-04-01,-0.40499958,0.76000094,0.028454304,0.18522397,0.48589116,-0.78466135,-0.28291717,-0.0037939071,0.12330198
2018-05-01,-0.07533617,-0.052166224,-0.24294558,-0.065038405,-0.062599465,-1.0330267,-0.32668248,0.115849674,0.021679496
2018-06-01,-0.39944425,-0.015988637,0.11463018,-0.58371973,0.18468189,-0.3598792,0.3566273,-0.0684258,0.14200053
2018-07-01,-0.49293694,0.11449466,0.1567696,-0.47207046,0.17451978,0.085769415,0.21354279,-0.034958124,0.46272126
2018-08-01,-0.3108294,-0.017208051,0.43657032,-0.6323631,0.25717264,0.24552,0.6299241,-0.1608346,0.12574092
2018-09-01,-0.047830343,0.022085954,0.118288614,-0.41489086,0.42220768,-0.033874154,0.50621563,0.092408754,0.040513515
2018-10-01,0.05609565,0.40527058,-0.15446624,0.068696834,0.5520135,-0.66271424,-0.5268111,0.12113403,0.28305253
2018-11-01,-0.088614844,0.49645987,0.02384739,-0.39429536,0.43806076,-0.14674291,-0.16638994,-0.18183656,0.35012347
2018-12-01,0.17722969,1.0300459,0.15798911,-0.17804262,0.4323699,-0.6066187,-0.55892384,-0.22953138,-0.00067749026
2019-01-01,-0.042146444,1.4766098,0.2508011,-0.10121083,0.2792944,-1.0563326,-1.0270971,-0.097649194,0.45515198
2019-02-01,-0.10180445,1.4905596,-0.024783278,-0.15656514,0.09260347,-0.82348824,-0.23180541,-0.2959155,0.5204493
2019-03-01,-0.033984326,0.5783264,0.065445706,-0.110411786,-0.049863435,-0.89234716,-0.42428413,-0.12629096,0.31980842
2019-04-01,-0.328119,0.90169656,0.078950405,-0.36106446,0.4368984,-0.7145604,-0.40825662,-0.052534677,0.018402005
2019-05-01,-0.2775136,0.12584572,0.018253565,-0.3396945,0.19574356,-0.6985329,-0.3632905,0.058915995,-0.07093658
2019-06-01,-0.48839426,0.049418163,0.15522957,-0.14068604,0.18713617,-0.38881585,0.60904586,0.09527473,-0.015285492
2019-07-01,0.039178275,0.021963645,0.2036089,-0.4996729,-0.14439611,0.23596077,0.48275495,0.082512,-0.19811797
2019-08-01,-0.29947728,-0.35616717,0.3431077,-0.56675106,-0.10165606,0.12584576,0.51288074,-0.04452095,0.14246693
2019-09-01,-0.106701754,0.11798038,0.2656413,-0.21711357,-0.0891902,-0.07880199,0.139944,0.08562851,0.024783324
2019-10-01,-0.22408852,0.14142808,0.043778848,0.050753832,0.307491,-0.21770719,0.14706735,0.15493271,0.21622324
2019-11-01,-0.08162165,0.5329151,0.25836962,-0.14632535,0.19351749,-0.95556676,-0.39282274,0.18832341,0.27128068
2019-12-01,0.0069749355,0.93568087,-0.08399608,0.055947877,0.09690714,-0.887153,-0.85509807,0.20064087,0.31075588
2020-01-01,0.115764216,0.9261136,0.08631983,0.15854654,0.38453847,-1.0915809,-0.8399197,0.14999008,0.4887263
2020-02-01,0.49967352,1.4432776,0.12734063,0.08392906,0.45462608,-1.3249967,-0.9618496,-0.10532026,0.2802249
2020-03-01,0.20799808,1.1185087,0.1355196,-0.25140962,0.22385272,-0.4921236,0.31105328,0.04831896,0.21932283
2020-04-01,-0.44418222,0.39095584,0.31419915,0.17729537,0.375982,-1.0664147,-0.2996028,0.18119614,0.058007907
2020-05-01,0.021768713,0.43789068,-0.3050135,0.04970312,0.23958156,-0.6013447,-0.304636,0.3165899,0.07549839
2020-06-01,-0.6641342,0.40215483,-0.039888285,-0.21428962,0.22171363,-0.69987005,0.60373545,0.021139573,-0.017867947
2020-07-01,-0.6906845,0.142692,0.037749194,-0.28475475,0.07549839,0.19239505,0.44808298,0.1365263,0.033470917
2020-08-01,-0.2609728,0.061405372,-0.022020435,-0.62512666,0.27053595,-0.17578542,0.3110534,-0.15212917,0.13312884
2020-09-01,-0.52773374,0.22146197,0.028060222,0.029066872,0.13073806,0.13300303,0.376737,0.15376505,-0.03284178
2020-10-01,-0.36490887,0.13602296,0.41360536,-0.019755412,0.4054264,-0.4240493,-0.2139121,0.21189883,0.15502338
2020-11-01,-0.4819314,0.31067592,-0.07738586,-0.12809561,0.37069708,-0.5525225,-0.5883842,0.013086391,0.18748769
2020-12-01,-0.1785537,0.563218,-0.23354158,-0.33735198,0.17050059,-0.8523768,-0.94813406,-0.39485657,0.15691084
2021-01-01,0.06985505,1.0203203,-0.25118703,-0.4671557,0.19050054,-1.1189907,-0.66274977,-0.15193471,0.4280077
2021-02-01,-0.023721624,1.3826935,0.14436713,-0.16968957,-0.18715334,-0.53890264,-0.5669902,-0.39060616,0.3222064
2021-03-01,0.20054221,0.2669045,0.03929348,-0.34811097,0.4888398,-0.55956805,-0.24347392,-0.1731823,0.012806773
2021-04-01,0.32191533,0.33646852,-0.18889971,-0.44634467,0.19559412,-0.819487,0.0056756972,0.17565632,0.06083212
2021-05-01,-0.09968896,0.42917195,0.010623788,0.09168477,0.0237216,-0.31740394,0.38231087,-0.013097811,-0.16386831
2021-06-01,-0.5210022,0.13752718,-0.0570483,-0.0002910614,0.35858926,0.29266357,0.7790293,-0.0263412,-0.04526024
2021-07-01,-0.29033506,-0.17711166,0.1817687,-0.43761277,0.4006478,0.25642627,0.4937879,0.30590695,-0.17245467
2021-08-01,-0.38958746,0.018773556,-0.06388827,-0.42436942,0.32933745,0.009022951,0.5115427,0.08411713,-0.13971014
2021-09-01,-0.15528193,0.23197694,0.03696494,-0.39089718,0.2554075,0.0064033987,-0.0020374297,0.18744437,-0.16386834
2021-10-01,-0.08528137,0.24245524,0.117152736,-0.11598849,0.2581726,-0.34752887,0.088046476,0.031725835,-0.03230796
2021-11-01,-0.038711358,0.6586749,0.36135432,-0.3364685,0.3545144,-0.52478606,-0.5650983,-0.38813215,0.21291232
2021-12-01,-0.20941958,0.8356411,0.19661283,-0.31842262,0.43382892,-1.0478257,0.042349625,-0.16212197,0.27039728
2022-01-01,-0.11541524,0.6384265,0.44977435,-0.016871357,-0.049847126,-0.8380706,-1.0295347,-0.0010225296,0.37206396
2022-02-01,-0.10212269,0.39903256,0.12934694,0.006134987,-0.3733421,-0.9386595,-0.40388936,-0.019555379,0.015465379
2022-03-01,-0.14532351,0.24629585,-0.04153924,-0.30841303,0.2512806,-0.82247734,-0.2662347,-0.3080296,0.27352008
2022-04-01,-0.13778253,0.79308033,0.06480126,-0.58730125,0.25319776,-0.42727923,-0.04562931,-0.046907414,0.28579012
2022-05-01,-0.33563727,0.30381185,0.04933586,-0.23645425,0.1802165,-0.27364787,0.27735448,0.11541524,-0.14110565
2022-06-01,-0.7411882,0.028757954,-0.31633744,-0.6363815,0.5152147,-0.5752868,0.4579544,-0.020066643,-0.07055292
2022-07-01,-0.31723213,0.3871459,0.24680713,-0.58972967,0.47457004,0.053170253,0.30061647,-0.23070264,0.1744649
2022-08-01,-0.3407498,0.14289503,-0.08384542,-0.4697132,0.6670567,0.29857144,0.506779,-0.0060071945,0.18673496
2022-09-01,-0.22456765,-0.12551245,-0.044990204,-0.28515106,0.54627323,0.1325422,0.3723196,0.030675173,-0.259205
2022-10-01,-0.20411754,0.3913637,0.0060072066,-0.167563,0.5480627,-0.4299633,0.16692394,0.06825218,0.004473448
2022-11-01,0.16168359,0.8127637,0.061350297,-0.7459174,0.19721565,-0.7138362,-0.24923556,-0.3167209,0.44606772
2022-12-01,-0.19823818,0.7561424,0.20424537,-0.39174724,0.27403134,-1.2677782,-0.44875184,-0.23006363,0.22175574
