,zgv850_cluster1,zgv850_cluster2,zgv850_cluster3,zgv850_cluster4,zgv850_cluster5,zgv850_cluster6,zgv850_cluster7,zgv850_cluster8,zgv850_cluster9,zgv850_cluster10,zgv850_cluster11
1965-01-01,-0.05548477,0.19691944,0.16998649,0.3021492,0.045182563,-0.16866192,-1.5931637,0.19427033,-0.18028875,0.47022238,0.2191428
1965-02-01,-0.100520134,0.07299857,0.10596564,0.3123042,0.0760892,0.11082238,-1.2827728,0.06711157,-0.08094597,0.39236718,0.29714528
1965-03-01,-0.026785756,0.11038084,0.11715088,-0.00014717579,0.09021795,-0.3105381,-1.2815953,-0.34865636,0.124951124,0.52114475,0.14128748
1965-04-01,-0.16939783,0.17660937,0.091395356,0.07594202,0.05577912,-0.09419165,-0.5217335,-0.13907988,-0.17557916,0.45256153,-0.2094293
1965-05-01,-0.008388949,0.20221773,-0.23989439,-0.02501967,0.01824963,0.02398945,-0.5869318,0.01162678,-0.10758452,0.8099011,-0.092572734
1965-06-01,-0.14629142,0.27227277,0.07064376,-0.3499809,0.09845972,-0.25196275,0.41194135,-0.059605647,0.005003929,0.13760813,-0.10861478
1965-07-01,-0.10626002,0.16498256,0.14467248,-0.4624222,-0.008977652,-0.08889339,-0.025313998,0.11155824,-0.34056172,-0.052688457,0.3108325
1965-08-01,0.091984056,0.09271989,0.2238524,-0.15261993,-0.011479616,0.31215706,-0.101108864,-0.0899236,-0.024283791,0.34630153,0.14688012
1965-09-01,0.055631924,0.09948997,0.0057397843,-0.5056915,0.027816009,0.24489832,-1.340318,0.0100078825,-0.22311649,0.5806034,0.10508259
1965-10-01,0.07800245,-0.12818894,0.20604427,0.09610496,0.041356027,0.09698796,-0.92160666,-0.02752161,0.03958993,0.37632513,0.18853049
1965-11-01,-0.20633861,-0.38633305,0.242102,0.47861138,0.14423098,-0.10316932,-0.34659588,0.29685092,0.21502192,0.015011787,0.26550275
1965-12-01,-0.04562409,0.03443885,-0.008388949,0.03649926,0.08227054,-0.17322436,-0.84036636,-0.02943487,0.26771036,0.08477249,0.33349738
1966-01-01,-0.27385435,-0.015045357,0.016202688,0.3579058,0.07363544,-0.46249995,-1.2117296,0.21584296,0.23508365,0.067270085,0.13757817
1966-02-01,-0.108500145,-0.10271349,0.2052823,0.22944167,0.033996724,-0.30148572,-1.2167931,0.2025336,0.24506564,0.11284027,0.12441349
1966-03-01,0.03327341,-0.22495699,0.23030968,-0.02994604,0.07609477,-0.045280695,-1.1463401,0.10358147,0.05699868,0.05425005,0.1707069
1966-04-01,0.027342033,0.22336563,0.08680012,-0.13034484,0.053092767,0.028644037,0.11038084,0.26662102,-0.07869878,-0.03283937,-0.09012747
1966-05-01,-0.020398045,-0.16680093,0.07754145,0.20774159,0.05482874,-0.07898817,-0.70930165,-0.30336642,0.207163,0.37772518,0.32998514
1966-06-01,-0.06524472,-0.13222551,0.14264154,-0.36962384,0.0925868,-0.45439863,0.018662024,0.07667346,-0.030380059,-0.1336722,0.28398103
1966-07-01,-0.041953374,-0.038481425,0.075226784,-0.47117996,0.07030807,-0.2737097,-0.12369015,0.1763489,0.13294883,0.3963872,0.042532064
1966-08-01,0.22322102,-0.025171995,-0.07132077,-0.5092274,0.14784956,-0.047740053,-0.52369404,-0.01186266,-0.25880903,0.35964173,0.115010165
1966-09-01,0.044846725,0.030669307,0.15783155,-0.27833903,0.012586022,-0.027342057,-0.8341492,0.4205466,-0.13511884,0.11153813,0.35211915
1966-10-01,-0.20643958,0.14900689,0.23161165,-0.34720048,0.10155611,0.09837346,-1.3079331,0.024593353,-0.022423362,0.290491,0.46293396
1966-11-01,0.04846344,0.065534115,0.04296608,0.33606115,0.08246012,0.22813964,-0.62365884,0.092008136,0.03472004,0.01620264,0.044702053
1966-12-01,0.10806618,-0.16795821,0.23956832,0.35645914,0.09851813,-0.06524477,-0.81317246,0.1452455,-0.034286045,0.45425397,-0.23942363
1967-01-01,-0.064113334,0.085428916,0.08159878,0.13422166,0.056286514,-0.08776031,-1.135555,0.09625324,0.046794377,0.38134938,0.29242334
1967-02-01,0.044463,0.09592019,0.17518757,0.12039982,0.12289773,-0.025478791,-1.2346394,0.24096613,-0.10541229,0.02298088,0.27726927
1967-03-01,0.3177356,-0.009825158,0.15603682,0.11040813,0.04512911,-0.6667785,-1.1520414,0.072439715,-0.53039205,0.069442175,0.22214846
1967-04-01,0.20066635,0.27593702,-0.2298088,0.28542918,0.046627857,-0.14554553,-1.330393,0.11057468,-0.33155742,0.23646984,0.31224018
1967-05-01,-0.441466,0.38517952,0.07210668,-0.145046,0.068276525,-0.31823522,-0.20666137,0.13821831,-0.08909253,0.15420504,0.3803502
1967-06-01,0.09175696,0.1676938,-0.04179857,-0.46827704,0.04796009,-0.4344718,-1.1686943,0.0069942,-0.20816013,0.47893476,0.04296428
1967-07-01,-0.009658623,-0.25811854,0.21082458,-0.83863544,0.073938414,-0.491924,-0.6877611,0.2679437,-0.16669463,0.24646159,-0.08492927
1967-08-01,-0.22964224,-0.21348903,0.02531228,-0.7243973,0.033139087,-0.3134059,-0.9616998,0.18084951,0.076269865,0.31024188,-0.0128226755
1967-09-01,-0.07393847,0.12672786,0.08759379,-0.35770234,0.049292374,-0.24229836,-1.0774368,-0.09159045,0.14487943,0.25312272,0.11706929
1967-10-01,-0.16319753,0.2589512,0.04596176,-0.096086696,0.04546218,-0.16303101,-0.54521304,0.1751876,0.025145758,0.4304751,-0.08109919
1967-11-01,0.056453027,-0.07094097,0.04046633,0.26677802,0.100916006,-0.108742855,-0.86944324,0.33005872,-0.28010026,0.43397227,0.072106674
1967-12-01,-0.10691104,0.34704456,0.12073288,0.22048321,0.03880105,-0.32306454,-1.0807674,0.21015844,0.31623688,0.3623651,0.057785273
1968-01-01,0.1548716,0.31115884,0.084089324,0.35108003,0.1533144,0.2509939,-1.991813,-0.07474609,-0.16591366,0.2515602,0.3417368
1968-02-01,-0.15614569,0.20965703,0.09385729,0.04360188,0.13179657,-0.12797435,-1.426829,0.19889812,-0.002689743,0.36282998,0.1552963
1968-03-01,-0.28199655,0.024632264,0.1537391,0.010758901,0.11948045,0.068658784,-1.4239976,0.35900766,0.029586995,0.11480884,0.19903974
1968-04-01,0.22622013,-0.47409964,0.027746629,-0.0077860476,0.09838736,0.2303255,-1.3148514,-0.056625795,-0.09187536,0.6592661,0.2158859
1968-05-01,0.04346031,-0.057333637,-0.06214683,-0.06809254,0.040345907,-0.089327216,-0.69140124,-0.122028634,0.13618505,0.45923534,0.13321221
1968-06-01,-0.042752482,-0.47112674,0.24504817,-0.1704437,0.14779338,-0.62019426,0.4259677,0.40926304,0.11650763,-0.3744382,0.17440748
1968-07-01,0.32758027,0.05605955,0.13023937,-0.41520876,0.042752504,-0.2546746,-0.18700674,-0.09994452,-0.26260224,0.1594017,0.16308236
1968-08-01,-0.1555794,0.42511827,-0.025198484,-0.592306,0.047282554,0.047424126,-0.15897699,0.13717602,-0.20781675,0.30365592,-0.0042469264
1968-09-01,0.24179225,-0.057899904,0.27859902,-0.3005415,0.009484863,-0.053228237,-0.38378143,0.004388499,0.09838734,0.48868078,0.16421488
1968-10-01,-0.17483222,0.089751914,0.35518542,-0.10886313,0.07970085,0.12981467,-0.75892746,-0.084797144,0.044168137,0.18629894,0.12514305
1968-11-01,-0.0693666,-0.022225667,0.17822973,0.068375684,0.03652365,0.38137487,-0.8901578,-0.19139528,-0.018969655,0.44748554,0.2375453
1968-12-01,-0.01670456,0.11707382,0.17214248,0.2723702,0.05421921,0.03553269,-1.0447463,-0.21121427,-0.06299622,0.5195419,0.41690755
1969-01-01,-0.13067083,-0.22515364,0.09932802,0.27224353,-0.03755083,0.048149873,-1.5197487,0.0019684075,0.17488392,0.32614717,0.38292763
1969-02-01,-0.40972805,0.04784701,0.12007181,0.10705016,0.11855767,-0.2925331,-1.2272156,-0.107201576,0.014081573,0.14475231,0.19047956
1969-03-01,-0.42380953,0.23756957,0.08660917,0.15731981,0.08600352,0.12779395,-1.3557667,0.14414676,-0.17942636,0.44107085,0.08872898
1969-04-01,0.048906922,-0.16731319,0.09705679,0.083580896,0.04830127,-0.034825373,-0.8511017,-0.21152624,0.074495986,0.3423485,-0.029828692
1969-05-01,-0.06132288,0.39155832,0.02483201,-0.09675397,0.05223806,-0.16897875,0.05980878,0.06359415,-0.3962521,0.54539555,-0.28980762
1969-06-01,0.33826035,-0.11855769,-0.17200704,-0.70801485,0.010447621,-0.14278403,-0.12370577,-0.06192858,-0.16125663,0.28889912,0.039216388
1969-07-01,0.031948518,0.16685896,-0.058597468,-0.6654674,0.03739939,0.25891906,-0.45318404,0.04436455,-0.28768784,0.74874544,0.255588
1969-08-01,0.0,0.11643787,0.06253426,-0.27330345,0.07116489,-0.047847033,-0.4911891,0.023620654,-0.2242451,0.5381276,-0.06965075
1969-09-01,0.13127652,-0.030434346,0.29677266,-0.24771437,0.03906498,-0.4880094,-0.9255978,0.055266358,0.09660254,0.5354021,0.17276411
1969-10-01,-0.20153289,0.14399533,0.17140137,0.051329564,0.04830127,0.22076254,-0.97980416,-0.045727253,-0.07389035,0.5793124,-0.14399533
1969-11-01,-0.13173075,0.26618695,0.19653621,0.0028768778,0.08600354,0.16897878,-0.9869207,0.1261284,-0.40685114,0.19441643,0.08206673
1969-12-01,0.04860411,0.27572608,-0.018321168,0.36430362,0.057234727,-0.19396217,-1.5118753,0.19532488,-0.11083553,0.57098466,0.28768784
1970-01-01,-0.043218326,0.17968345,0.17313522,0.032479238,0.074518874,-0.06718483,-0.72881806,-0.004976654,0.07792395,0.12978593,0.21779422
1970-02-01,0.0013096571,0.043218326,0.10621228,0.15663369,0.12179711,0.14720424,-1.4829123,-0.41594362,0.15466921,0.46675786,0.2674297
1970-03-01,0.029990863,0.12926209,-0.05343356,0.25027338,0.064303614,-0.18505302,-1.080458,-0.0027502538,0.11642754,0.38870296,0.24280842
1970-04-01,-0.072816335,0.012310672,0.089841746,0.031038618,0.06862545,0.012572574,-1.3201233,-0.024752308,-0.16187228,0.6469652,0.072554395
1970-05-01,0.021478176,-0.077531055,0.19186318,-0.07085185,0.08185289,-0.4582452,-0.72357947,-0.31012422,0.15820524,0.13017884,0.11695139
1970-06-01,0.033657886,0.14864483,0.17326617,-0.43571925,0.069542214,-0.16292,-0.6329519,0.05971987,0.13319102,0.16134843,0.042563535
1970-07-01,-0.14039409,0.31929177,0.119177796,-0.60269916,0.107783794,-0.17051594,-0.41489592,0.2624531,0.073471144,0.030514717,0.1478591
1970-08-01,-0.19160123,0.25721452,-0.10333109,-0.23036678,0.08015032,-0.2210683,-0.8782487,0.23704593,-0.37364206,0.8126354,-0.18164793
1970-09-01,0.44698223,0.07203052,0.063255884,0.2373079,0.0318244,-0.39446545,-1.0086895,0.19500631,-0.24647541,0.31680337,-0.020561505
1970-10-01,0.10464077,0.05670767,0.009167528,0.16305095,0.1631819,-0.0903656,-0.84707916,-0.047016334,-0.043480255,0.0055005075,0.13030979
1970-11-01,-0.08276968,0.32033947,0.043218326,0.25289267,0.039027452,-0.0031431436,-1.0986621,0.105033636,-0.1661941,0.34509182,0.025669003
1970-12-01,0.18099311,-0.009167517,0.10215239,0.17025399,0.03784876,0.288777,-1.2160065,-0.08682952,-0.2576074,0.30148047,0.15074024
1971-01-01,-0.3634945,0.2784152,0.108976364,0.54516983,0.11271928,-0.020010184,-1.3881892,0.12697116,-0.2837417,0.45562774,0.070107654
1971-02-01,0.23940249,0.18671384,0.064349316,0.011660623,0.16137716,-0.18412259,-1.2216295,0.112287425,0.030663097,0.21104279,-0.0069099427
1971-03-01,-0.22457485,0.104081795,0.09213326,-0.03383019,0.0823441,-0.0030231476,-0.975317,0.1322976,0.3129652,-0.015403557,0.24156186
1971-04-01,0.18282697,0.09659598,-0.040020384,-0.26099628,0.08205619,-0.20139758,-1.3568064,-0.5851902,-0.08637495,0.20989113,0.29511443
1971-05-01,0.07385057,0.15619469,-0.03584559,-0.18196318,0.107824706,-0.28187022,-0.26862603,-0.053264547,-0.2704975,0.513355,0.026776243
1971-06-01,-0.22687817,0.070107654,0.059598707,-0.3728518,0.15389135,-0.33786997,-0.6588968,0.27323276,-0.11948533,0.050817203,0.15892991
1971-07-01,-0.03210268,0.06823619,0.016123319,-0.58590996,0.04693041,-0.099187255,-0.34377223,0.098035574,-0.17131029,0.32217854,0.15705845
1971-08-01,0.06593287,0.080616616,0.056863498,-0.31714,0.10984011,-0.18642591,-1.0491675,0.11732598,0.03167081,0.27193707,0.413592
1971-09-01,0.02303332,-0.12020514,0.14280656,-0.13186572,-0.001727581,-0.09314098,-0.6786191,-0.1252437,0.19491944,0.28474942,-0.017994786
1971-10-01,0.22097588,0.19808653,0.15288365,0.07313079,0.103649996,-0.10969617,-1.113229,0.014827681,-0.17534111,0.361767,0.1844105
1971-11-01,-0.69359076,0.07744956,0.080760576,0.31195748,0.09659598,-0.1644003,-1.7182853,-0.081624314,0.019146442,0.69949305,-0.09328492
1971-12-01,0.018138696,-0.030519104,0.13776802,0.37011662,0.04678645,-0.025768518,-1.213136,0.28474936,-0.019002486,0.33671838,0.31584433
1972-01-01,0.057213116,-0.22793177,0.0760211,0.3092138,0.034985494,-0.06484151,-1.4444008,-0.03459091,0.17334914,0.41311812,0.24239941
1972-02-01,0.43139997,0.2848818,0.039325785,0.17400675,0.09048877,-0.00013151168,-1.5369937,-0.30276912,0.10206292,0.48821846,0.03985188
1972-03-01,-0.28369808,0.21096508,0.014730739,-0.10469341,0.02854079,-0.6081687,-1.2554001,0.48979673,-0.071680784,0.3819468,0.24739738
1972-04-01,0.20570412,0.07733631,0.13310266,-0.11889801,0.039983414,-0.056686975,-1.6395829,-0.043797635,0.024200488,0.7116784,-0.013283968
1972-05-01,0.052478243,0.19084187,-0.1208709,-0.45704722,0.0505054,-0.16874576,0.10877068,0.08864741,-0.23095682,0.09943247,0.01275785
1972-06-01,-0.022096109,0.12100242,-0.09496059,-0.42442912,0.0022359372,-0.008812046,-0.08759525,-0.065630674,0.122712255,0.16611528,0.22819479
1972-07-01,-0.18321344,0.2039943,0.17400675,-0.47730199,0.0011837005,-0.18597546,-0.7182547,-0.09482904,-0.11981873,0.21057066,-0.039983414
1972-08-01,0.05602939,0.110875085,0.08943655,-0.5550329,0.04406066,-0.23963742,-0.47085723,-0.049190115,0.01972866,0.28935355,0.11258485
1972-09-01,-0.028540755,-0.29750815,0.18097754,-0.12389598,-0.031039715,0.15993366,-0.6371041,-0.06891875,0.12902541,0.06852417,0.0427454
1972-10-01,-0.038799714,-0.1391528,0.21438475,-0.1867646,0.0055240155,0.18347652,-1.1655691,0.013678551,0.075758025,0.3957569,0.1987333
1972-11-01,0.31092364,0.038799714,0.14454529,-0.06891875,0.115346864,-0.5313585,-0.835969,0.20780852,-0.05944903,0.17782097,0.25634104
1972-12-01,-0.07812548,0.27764794,0.08812132,0.16927187,0.06918182,0.06589375,-1.1266378,0.04392915,-0.065630674,0.24253097,0.2944831
1973-01-01,0.044047892,-0.18436398,0.1170455,0.2738449,0.07091988,-0.11843066,-1.5346119,-0.41651574,-0.2857572,0.2836795,0.12230911
1973-02-01,-0.06662591,0.08130856,0.13879243,0.19738443,0.0476493,0.45059052,-1.1783503,-0.37329897,0.26013187,-0.05069666,0.21663804
1973-03-01,-0.11011974,0.02174691,0.15042771,0.20292504,0.04280125,-0.19627629,-1.3606367,-0.35113654,0.05554471,0.10665693,0.28049368
1973-04-01,0.22578005,-0.21026635,0.24434114,0.23893902,0.03919985,0.17314425,-1.1618671,-0.16330963,0.23436804,0.10374804,0.108596064
1973-05-01,-0.1358836,0.045848586,-0.0026317954,-0.0052635847,0.10153177,0.04058502,-0.6578096,0.041970156,-0.007895378,0.2505743,0.19530669
1973-06-01,-0.18865795,0.004155469,0.21885431,-0.112474486,0.061916374,-0.3257882,-0.81128466,0.0008310795,0.40488046,0.34767365,0.28561872
1973-07-01,-0.19586076,0.14170122,0.18921202,-0.22287126,0.08809581,-0.13422136,-0.40474194,0.019946214,0.035875488,-0.23325987,0.2525136
1973-08-01,-0.001800704,0.12937337,0.15098177,-0.3141529,0.037122153,-0.12078543,-1.2704631,-0.27855438,0.34227148,0.47164488,0.25292912
1973-09-01,0.0440479,0.037122123,0.06842661,0.009557569,-0.020638848,-0.1324207,-1.1847221,-0.124248266,0.24863513,0.08324776,0.2367228
1973-10-01,-0.13699171,0.13200516,0.07105839,-0.11372112,-0.0042939186,-0.0016621829,-0.6091907,-0.04377086,0.11912324,0.05263586,0.27966258
1973-11-01,0.1412857,0.16123192,0.09391342,0.3322984,0.03906138,0.036983587,-1.4790673,0.043355312,-0.07493683,0.2579156,0.35529196
1973-12-01,-0.08158555,0.19613779,-0.025071284,0.52815914,0.042108692,0.102362856,-1.3323796,-0.47150636,0.40141755,0.49062148,0.30972037
1974-01-01,0.10047009,0.088823415,0.12250054,0.2642251,0.0822283,0.17231461,-1.3190206,-0.66259736,0.17259522,0.0113659855,-0.051778603
1974-02-01,0.44481868,0.19069672,0.16389534,-0.03536098,0.04265771,-0.41717538,-0.8920228,-0.000561285,-0.41787702,-0.19995794,0.006174183
1974-03-01,0.1407423,0.218761,0.17203398,-0.33789378,0.032414235,-0.2595945,-1.3630816,-0.2866765,-0.30070865,0.36974669,0.12881498
1974-04-01,0.15491481,0.022030462,0.1427068,0.020907879,0.0063144444,-0.009120894,-1.5923666,0.113099,-0.3453309,0.43555745,0.15000351
1974-05-01,-0.06665263,0.033677123,-0.060899448,-0.22086582,-0.027783632,-0.1295166,-0.036904514,0.06188172,-0.2162352,0.07114296,0.24977203
1974-06-01,-0.45716697,0.19743213,0.029327154,-0.4167544,0.09036694,-0.32372135,-0.4101593,0.02539817,0.0966814,0.040552806,0.058233358
1974-07-01,0.00898056,0.09640076,0.03746579,-0.3813934,0.03409805,-0.10818777,-0.9024066,0.14453098,0.055426884,0.09317341,0.2050095
1974-08-01,0.13063915,-0.24107209,0.087420225,-0.3188101,-0.028485298,-0.15168734,-1.6795063,-0.20262404,0.2831685,0.48312646,0.10818772
1974-09-01,-0.10117169,-0.036483526,0.011927319,-0.34589213,0.08138647,-0.05079632,-1.0837017,-0.08671856,0.44664288,-0.057391454,0.23938823
1974-10-01,-0.23138991,0.027362656,0.052199543,0.2660493,-0.011927319,-0.2444398,-1.5728619,0.02343359,0.013470853,0.3990739,0.18676774
1974-11-01,-0.24472043,0.06440754,0.14537291,0.050375365,0.05640919,-0.7049745,-1.4865643,0.082789585,-0.10538133,0.38041124,0.14116335
1974-12-01,-0.2727848,0.42377052,0.13134077,0.37634188,0.099207185,-0.15266962,-1.2123764,-0.1834,-0.561987,0.46698943,-0.005753136
1975-01-01,0.0042951107,-0.010200882,0.12845092,0.16039586,0.03919301,-0.0302001,-1.5073185,-0.44964534,0.12173979,0.21945372,0.2685792
1975-02-01,-0.3312611,0.11073353,0.16187234,0.114357516,0.029931594,-0.20254174,-0.8441253,0.50387126,0.15475854,-0.01570406,0.1799924
1975-03-01,-0.19677016,0.21623242,0.13073269,0.0057715895,0.06939306,-0.09167397,-1.261423,0.110465124,0.00630846,0.19435415,0.15193978
1975-04-01,0.27502188,0.1993204,-0.122545145,0.051004507,0.015301323,-0.13100114,-0.9972731,0.20710531,-0.32548955,0.45071918,0.27367964
1975-05-01,-0.117981575,0.14361806,0.22643335,-0.105767325,0.057581447,-0.19703858,0.0,0.09341884,0.010469342,-0.056239225,0.20992394
1975-06-01,-0.30012146,0.27032408,-0.02281785,-0.3701856,0.0038925172,-0.012080002,0.57326424,0.11006246,-0.1362358,0.048856974,-0.078788616
1975-07-01,0.051675655,0.10053263,-0.086036585,-0.049125433,-0.030737018,0.18307948,-0.72802275,0.047246315,-0.078788616,0.079191305,0.27985388
1975-08-01,-0.23086266,-0.030334283,0.1705968,-0.36159536,0.13918877,-0.19234082,-1.0835781,-0.14670518,0.14737627,0.19690438,0.5222597
1975-09-01,0.027515601,-0.011140466,0.065366365,-0.07704373,0.04657526,0.0068453313,-1.2414238,-0.007382226,0.16912034,0.34830722,0.33327442
1975-10-01,-0.1114047,0.25582808,0.11811576,-0.15059762,0.07543306,0.01838851,-1.3376614,-0.071137905,0.06402411,0.3598505,0.23824485
1975-11-01,0.25462005,-0.09449265,0.17073102,0.030200053,0.07382236,-0.12133713,-1.3151119,0.124021575,-0.20267597,0.30669832,0.10388823
1975-12-01,0.19381729,0.28522277,0.00456357,0.35676336,0.07972817,0.15381896,-1.5239621,-0.28710192,-0.32562378,0.5136694,0.082412556
1976-01-01,-0.026149178,-0.016628217,0.2054385,0.26028466,0.025076365,-0.4693438,-1.6508834,0.04264323,0.14120546,0.2959548,0.057930447
1976-02-01,0.16802509,0.22045751,0.12243171,0.087029755,0.093466476,0.25518894,-1.2249874,-0.5109143,0.32036066,0.15354252,0.14978775
1976-03-01,-0.19243097,0.2106683,0.04599569,-0.18813983,0.031244885,0.17861882,-1.4453108,0.06262386,-0.39062816,0.16963425,0.15059228
1976-04-01,0.06946292,0.24861813,-0.054443885,0.20074506,0.06584224,-0.07375407,-1.167191,0.110765144,-0.088370726,0.5455116,0.23400143
1976-05-01,0.04814129,0.10540122,-0.09011402,-0.26216206,0.12430904,0.08997991,0.0768383,-0.055382587,-0.36139476,-0.104998924,0.06450126
1976-06-01,0.19833128,0.14227822,-0.041436363,-0.3509351,0.05028684,0.04183864,-0.4383672,-0.06718321,-0.33631834,0.5433661,0.37695014
1976-07-01,-0.121224806,-0.0032183647,-0.09628253,-0.6631158,0.030440306,-0.03969307,-0.40041733,0.21200934,-0.12658875,0.29354104,-0.24016996
1976-08-01,-0.23641519,-0.031915378,0.2507637,-0.6334801,0.10875368,-0.25505486,-0.8634585,0.19471064,0.004827523,-0.009789181,0.3040007
1976-09-01,-0.17392543,-0.03285403,0.2192506,-0.54390246,-0.05149374,-0.19256505,-1.0931689,0.06597634,-0.07750879,0.19296741,0.23413554
1976-10-01,-0.058332752,0.18773751,-0.100975975,-0.07563141,0.10647402,-0.08139762,-0.4610297,-0.10821726,0.012739348,0.025344562,0.19444244
1976-11-01,0.12363861,-0.06624453,0.0838114,0.5110484,0.15045825,0.264844,-1.5815547,-0.032049466,-0.020114709,0.48878807,0.23641519
1976-12-01,0.26175976,0.20812047,0.05444389,0.54805946,0.116129085,-0.110631034,-0.9838788,-0.19497883,-0.06557403,0.3499964,0.2108024
1977-01-01,0.3501913,0.22537068,0.18431851,0.3171832,0.07295074,-0.22287425,-1.2751125,0.0551985,-0.28972262,0.51689625,0.012620735
1977-02-01,-0.20553803,0.055337153,0.08959351,0.079607844,0.054505028,0.23854618,-1.3409902,-0.05103779,-0.13328071,-0.070593074,0.22772837
1977-03-01,0.2611526,-0.07572454,0.126901,-0.023438549,0.10054998,0.2019321,-1.2913392,0.12010522,-0.099717855,0.08154955,0.1700335
1977-04-01,0.05256338,-0.23604974,0.15852228,0.1324486,0.08210425,-0.046322297,-0.9629221,-0.11095171,0.26670018,0.4006744,0.32966527
1977-05-01,0.072395995,-0.0047154487,-0.025934983,-0.17461024,0.07683406,0.03134386,-0.79635584,-0.017058825,-0.07156382,0.4071928,0.5311813
1977-06-01,-0.19527501,-0.19638447,0.34852707,-0.50815886,0.08460067,-0.40233865,-0.54130566,0.08238164,-0.24256821,0.23161164,-0.13272598
1977-07-01,-0.14548545,-0.1321712,0.26531327,-0.67708284,0.12773314,-0.25934958,-0.79552376,0.033008136,-0.28070784,-0.057833575,0.3486657
1977-08-01,-0.22384505,0.05353422,0.17350075,-0.58000004,0.03425636,-0.15893832,-1.0002297,0.04840268,-0.28167868,0.41967478,0.29984698
1977-09-01,0.12856527,-0.1310617,0.1284266,-0.09056433,0.09222861,0.08806791,-1.2279581,-0.227451,-0.060191296,0.44269735,0.6131469
1977-10-01,0.20789576,0.103046395,0.31870878,-0.19236253,-0.007211828,0.1044333,-0.8252033,0.11330944,0.06795792,0.24229082,0.11733143
1977-11-01,-0.08085606,0.061994266,0.095279776,0.059497856,0.09361553,0.12038259,-1.3434865,-0.08903875,-0.21080823,0.46266866,0.09555721
1977-12-01,-0.16628888,0.0067957877,0.11206124,0.15852225,0.095973216,-0.116776705,-1.1570876,0.4103826,0.09458633,0.08903875,0.023854638
1978-01-01,-0.39421028,0.21245494,0.15745154,0.21757154,0.020350099,-0.14582291,-1.3107784,0.14814869,-0.5157294,0.026978398,-0.0050003054
1978-02-01,-0.19547716,-0.007674885,0.20512891,0.1444275,0.08837752,0.12442626,-0.91691685,0.17128962,-0.3012976,0.07616749,0.056515075
1978-03-01,0.0793072,-0.16280071,0.041979335,0.024768973,0.051514804,0.093843,-1.220075,0.09581985,0.12838002,0.073609255,0.44851598
1978-04-01,0.18280196,-0.123263404,0.18140651,-0.02151295,0.07116717,-0.7312078,-1.0034338,0.13221745,0.26094627,0.018954659,0.33397403
1978-05-01,0.09093585,-0.0043025734,0.17361534,-0.16710332,0.010814619,-0.027676105,-1.0730894,0.048840214,0.20582661,0.38967514,0.15570727
1978-06-01,-0.13024059,-0.106401876,0.29862303,-0.20768721,0.053142834,-0.09174983,-0.09663386,-0.09454069,0.18198793,0.26420236,0.11186733
1978-07-01,0.11035564,-0.037560463,0.14826491,-0.5796868,0.09779668,0.06000366,-0.21640868,-0.09733156,-0.077330336,0.19454674,0.18466255
1978-08-01,-0.014768362,-0.15082327,0.222223,-0.37816283,0.041979313,-0.17861564,-1.4424144,0.023373544,0.10826248,0.4095602,0.20815234
1978-09-01,0.057212822,0.05372422,0.019070948,-0.41304874,0.10233188,-0.12128653,-0.65806377,-0.18338338,-0.047095917,0.4497951,0.12035628
1978-10-01,-0.09012183,-0.015814925,0.20338461,-0.054887094,0.030234432,0.15466066,-0.91168404,-0.063608564,-0.14024119,0.26838857,0.21245494
1978-11-01,0.033141565,-0.20059374,0.18117395,-0.15186982,0.17687134,-0.067794845,-1.3376404,0.28862238,0.2579229,0.35537067,0.18035997
1978-12-01,-0.009186613,0.014535809,0.23199102,0.2868781,0.14221807,0.0019768656,-1.4440424,-0.28501755,0.2817615,0.32141513,0.16268444
1979-01-01,0.102025315,0.20003514,0.047145832,0.22665691,0.18605499,0.06915714,-1.0450907,-0.05681295,-0.09830723,0.2935831,0.25357613
1979-02-01,0.10723074,0.015764857,0.11674913,0.19587085,0.024242163,0.12269814,-1.0822718,-0.28510585,0.13177034,0.3603607,0.16791058
1979-03-01,-0.5769043,0.21907194,0.17534678,-0.04655093,0.077039555,-0.26026878,-0.8716772,0.318569,0.13340633,0.11897993,-0.0023795844
1979-04-01,-0.1872448,-0.06529029,-0.053838443,-0.103661336,0.05919256,-0.08179875,-0.72622424,0.20821495,0.17133121,0.401855,0.12805226
1979-05-01,-0.1051486,-0.08521943,-0.06737242,-0.31975877,-0.0029745102,-0.29269084,-0.76429784,-0.05502827,0.27796704,0.59043825,0.29254207
1979-06-01,-0.34281117,0.06915712,0.104999855,-0.3956085,0.071536735,-0.2895676,-1.0379518,0.2015224,-0.20479436,0.279603,-0.031232249
1979-07-01,-0.306671,-0.0486331,0.1560125,-0.53273296,0.045063686,-0.16508475,0.15065844,-0.03063736,-0.1320678,0.29804492,0.020672774
1979-08-01,0.27008462,-0.013831427,0.05026903,-0.8162028,0.14441204,-0.07912169,-0.55875987,-0.059936166,0.085516885,0.45138034,0.56247795
1979-09-01,-0.28614694,-0.071834184,0.20583542,-0.56441146,0.0035693645,0.13325763,-0.7498715,-0.11541059,0.18025471,0.4790432,0.18278304
1979-10-01,-0.21907194,-0.21267676,0.104999855,-0.38846976,0.033016942,-0.07778318,-1.0914928,0.16478732,0.14322218,0.26458177,0.46759138
1979-11-01,-0.32630268,0.27826446,0.09295313,-0.2962602,0.08968119,-0.016211022,-0.5290149,0.17742893,-0.0975636,0.2754387,0.03554528
1979-12-01,0.08774775,0.10336387,0.17847,-0.0975636,0.12611881,0.26740757,-0.7397582,0.20598415,-0.10381007,0.20494309,0.3881723
1980-01-01,-0.03166447,0.114126876,0.25075573,0.20534751,0.067101754,-0.022232533,-1.2110653,0.027217973,0.051606394,0.16788903,0.14309649
1980-02-01,-0.088391066,-0.0066023828,0.23391291,0.064811125,-0.0117226,-0.32755893,-1.054764,0.020885086,0.11277945,0.36366996,0.22542417
1980-03-01,0.17220087,-0.18392345,0.25264215,-0.011318361,0.046081938,-0.06710172,-1.222249,-0.11143203,-0.24361439,0.15670547,0.022906208
1980-04-01,-0.21585743,-0.18850474,0.18796574,-0.003099072,0.043656565,-0.39506498,-0.15225899,0.18311502,-0.22380725,0.08017178,0.24226694
1980-05-01,0.20170946,0.13945845,0.08273188,-0.2042696,0.1377068,0.093915485,0.2030569,-0.03974905,-0.48008743,0.1887742,0.066158555
1980-06-01,-0.13420351,0.016977549,-0.088256314,-0.24038057,0.032472946,-0.30721286,-0.43158013,0.11682172,-0.15158528,0.41891432,0.12935276
1980-07-01,-0.053492736,-0.00741086,0.20170946,-0.37983903,0.053223275,-0.17583895,-0.08636992,-0.10361697,-0.0951282,0.17058396,0.07181773
1980-08-01,-0.1445787,0.09526292,-0.13150865,-0.45327368,-0.025062084,-0.058208752,-0.42619044,-0.07882434,-0.23755097,0.2667901,0.12463679
1980-09-01,-0.061173104,0.053358007,0.16977553,-0.13096967,0.042309094,-0.07895911,-1.0000585,-0.03543725,0.30505696,0.44101205,0.2433449
1980-10-01,-0.20521279,-0.057804488,0.1618257,-0.16249941,0.1247715,-0.054974936,-1.1389781,0.16236468,0.046216667,0.100113675,0.23175707
1980-11-01,0.16964075,-0.01050992,0.18284553,0.014417434,0.00821929,-0.0662933,-1.157842,-0.30007148,-0.13204761,0.24172798,0.5178153
1980-12-01,-0.27312297,0.07990229,0.067910194,0.3896752,0.07356939,0.098900974,-1.1238868,0.064137414,-0.28888786,0.22879267,0.16196045
1981-01-01,-0.24490996,0.19122143,0.08201237,0.22715464,0.20644017,-0.48178768,-0.73853457,0.41400772,-0.22687283,0.013668823,0.28647986
1981-02-01,-0.14725599,0.08807178,0.17614345,0.22546372,0.11780481,0.0060593127,-1.2765473,-0.021560002,-0.20968123,0.09539928,0.18671218
1981-03-01,-0.14232393,0.26322883,-0.025223732,0.06651177,0.13457365,-0.43190393,-0.52533036,-0.35115972,-0.009441281,0.16839322,0.24392357
1981-04-01,0.04072442,-0.15176526,0.137392,-0.4729101,0.07327576,-0.043965437,-0.34763688,-0.048052024,-0.028464794,-0.07581224,0.12203226
1981-05-01,-0.27816582,0.19685797,0.15345621,-0.13457365,0.054956816,-0.041287996,0.62143433,-0.055238627,-0.13386908,-0.08793087,0.042697143
1981-06-01,0.15204707,-0.12978259,0.044388153,-0.15401988,0.1729025,-0.12682334,-0.77221316,-0.048756503,0.22067256,0.47305098,-0.047065545
1981-07-01,-0.08933997,0.20136729,0.09215832,-0.4323267,0.10610886,-0.08271694,-0.19840813,-0.12118673,0.13725105,0.32706326,-0.0011273384
1981-08-01,-0.14725599,-0.30578512,0.046501875,-0.094694756,0.07341661,-0.073980235,-0.5585863,-0.12654153,0.2719656,-0.17360707,0.3963933
1981-09-01,0.12823248,0.076516725,0.097231194,-0.39597064,0.032974053,-0.009441376,-1.209049,-0.20376281,-0.123300456,0.60438365,0.23448224
1981-10-01,-0.31395817,0.22377272,0.24744634,-0.041147135,0.003100109,0.094412945,-0.9420155,-0.11625471,0.044670008,0.17431164,0.089340016
1981-11-01,0.1445786,-0.15120158,0.19206695,0.19573064,0.06256618,-0.23856874,-1.3262901,0.14669232,0.0931447,0.06904831,0.36849222
1981-12-01,-0.29296193,0.13344637,0.13048716,0.21574059,0.09582214,-0.2863389,-1.3188217,0.024096489,0.21390867,0.42034894,0.052561186
1982-01-01,-0.33810687,0.16432981,0.1810954,0.2536134,0.07690902,-0.06706254,-0.8871148,-0.09500525,-0.041914083,0.2179532,0.0025281669
1982-02-01,-0.042313196,0.045240592,0.1467658,0.01743095,0.040317345,-0.17457545,-1.2397252,0.19080886,-0.37083977,0.06826,0.15235439
1982-03-01,0.305374,-0.04537368,0.13172993,0.10471866,0.01463666,-0.13079853,-1.0107279,-0.11137166,0.22700134,0.09167881,0.18774843
1982-04-01,0.56617266,0.1524874,-0.004923248,0.15435025,0.02208805,-0.11163783,-0.8199192,0.046038963,-0.21875155,0.24735956,0.42818886
1982-05-01,0.0023951053,-0.12933484,0.21196547,-0.10179131,0.039252855,0.07903798,0.10139213,0.046837308,-0.08715465,0.14610048,-0.020624375
1982-06-01,-0.2980557,0.027942657,0.08489265,-0.47662297,0.0333982,-0.45413572,-0.18043013,0.13133077,-0.13944748,0.0017297745,0.3907989
1982-07-01,-0.07265105,-0.11616182,0.10937576,-0.7291719,-0.026079893,-0.23631556,0.13532262,0.17923255,0.008782005,0.15155597,0.15501554
1982-08-01,0.036192466,0.013705254,-0.05242586,-0.49578363,0.02834189,-0.003991795,-0.35913047,0.046970367,-0.058014415,0.24376693,0.3218735
1982-09-01,-0.082231425,-0.10046072,0.12068591,-0.18415579,0.04178102,-0.030470872,0.26625413,-0.16659181,0.13079853,0.05814748,0.11789165
1982-10-01,-0.21342917,0.02501545,0.21475974,-0.1893452,0.015834188,0.009181189,-1.0791211,-0.13053238,-0.071985744,0.39000043,0.04830098
1982-11-01,-0.13053241,0.21409445,0.32080904,0.21116713,0.035127997,-0.1885468,-1.0970844,0.15541473,0.08475959,0.014769745,0.38201684
1982-12-01,0.043244697,-0.118423894,0.22793269,0.219683,-0.11310148,0.0006652832,-1.2805748,-0.055885434,-0.2502869,0.38521037,0.38268214
1983-01-01,0.165661,-0.11321287,0.28008112,0.31603023,-0.059557475,-0.1582834,-0.8406459,0.009121394,-0.24466857,0.07323961,0.10932283
1983-02-01,0.037692834,0.23514476,-0.084641375,0.30221397,0.16405134,0.15117407,-1.4658654,-0.39785472,-0.26237485,0.43796214,0.5652595
1983-03-01,0.021462154,-0.49014196,0.371027,-0.007109338,0.056606412,-0.021328008,-0.7458099,-0.13776019,0.07578824,0.11589565,0.09295797
1983-04-01,0.21274361,-0.14634506,0.18041624,-0.0802148,0.14004056,-0.2607652,-0.9502369,0.17075828,-0.031656694,0.08048315,0.18122107
1983-05-01,0.031790804,-0.2743132,-0.056874704,-0.28209323,-0.017035585,0.27699596,-0.79047805,-0.38229465,0.110932544,0.29899463,0.03018115
1983-06-01,-0.20550013,0.1338702,0.09738453,-0.42964554,0.041180503,-0.15560064,-0.647084,0.01019454,0.04668019,0.5323956,-0.1357481
1983-07-01,0.661705,0.05486264,-0.013682124,-0.33091962,0.102481745,-0.039302565,-0.7444685,-0.13534573,-0.3812216,0.2629114,0.2716304
1983-08-01,-0.23031577,0.01971836,0.21488984,-0.42951137,0.034205247,-0.008450722,0.14004056,-0.25486308,-0.06089887,-0.110127665,-0.060764693
1983-09-01,-0.008316589,0.12434635,0.043058448,-0.24949756,0.019450093,0.07484927,-0.909593,-0.13226053,0.09577489,0.24346133,0.31281093
1983-10-01,-0.12743154,0.14594266,0.04668019,-0.044265695,0.08276348,0.21891399,-1.0494995,0.101006284,-0.0815562,0.3523818,0.14205264
1983-11-01,0.0826293,-0.09725046,0.12635843,0.13266294,0.08034897,-0.112810455,-1.3165691,-0.50610447,-0.016499018,0.39476958,0.094567634
1983-12-01,-0.17491657,0.11777361,0.13091914,0.28786117,0.091482446,-0.18014793,-0.8768632,0.12474875,0.3256882,0.23581544,0.20670739
1984-01-01,0.06354089,0.23532677,-0.35206157,0.07043886,0.11633687,0.028653096,-0.85415393,-0.04311229,-0.28626555,0.04868374,0.40101057
1984-02-01,-0.3382656,0.07150006,0.109438874,-0.07269397,0.0673878,0.02361226,-1.3115422,-0.05730617,0.12336747,-0.029979706,0.14950018
1984-03-01,-0.068183705,0.0595613,0.19048998,-0.077071525,0.112622544,-0.28321457,-0.5838067,0.30523497,-0.43908206,-0.2732656,-0.024673557
1984-04-01,0.14896955,-0.026000023,-0.0017244816,0.19964305,0.01578573,-0.06539802,-1.0155928,-0.48869434,-0.17125526,0.23970433,0.2439492
1984-05-01,-0.19871446,0.069642924,0.008357143,-0.22285739,0.053061295,-0.23267369,-0.49174538,0.0977654,-0.14618382,0.018571472,0.33760235
1984-06-01,-0.32632688,0.0935205,0.16820423,-0.044704128,0.092061326,-0.23851044,-0.5214597,0.26185736,-0.107449055,0.48949027,0.16276546
1984-07-01,-0.23837776,0.11156134,-0.063275576,-0.4993066,0.12893891,-0.15401036,-0.11341848,0.18067364,-0.09803071,0.113949105,0.1285409
1984-08-01,0.09909193,-0.04125514,0.044438817,-0.56258214,0.09272452,-0.07945927,-0.6351434,0.08025519,0.20083694,0.24288812,0.02679596
1984-09-01,0.22643897,-0.023612272,-0.03448982,-0.5868577,0.044571497,-0.10121437,0.26676553,0.21211246,-0.11872461,0.10784707,-0.060489845
1984-10-01,-0.13437767,0.10705111,0.079459265,-0.30470437,0.06526537,-0.026265334,-0.47675553,-0.11620422,-0.08542864,0.18929605,0.22046962
1984-11-01,-0.22179615,0.14578585,0.039530635,0.3439697,0.11819396,-0.123367466,-0.7851742,0.14804097,0.096836805,-0.20800014,0.34688812
1984-12-01,0.088347,0.0011938572,0.25827578,0.21980634,0.024938822,-0.2523064,-1.2145725,-0.0457654,0.07853067,0.054387856,0.35139832
1985-01-01,0.15854268,0.20185451,0.078602955,0.16068156,0.076196715,0.0048124315,-0.94818145,-0.0088227745,-0.22939225,0.43699494,0.099590495
1985-02-01,0.24997875,0.041707683,0.056278635,-0.09571381,0.061893128,-0.10573964,-1.3812997,0.25171655,-0.007619667,0.24436426,0.24730518
1985-03-01,-0.02379477,-0.2545238,0.20907316,-0.04852531,0.010694265,0.07753353,-0.841105,-0.22203997,0.25920254,-0.20920677,0.23661089
1985-04-01,-0.55276054,0.13702044,0.15560177,-0.092238165,0.019784426,-0.52321756,-1.2882595,0.21482131,-0.029409265,0.34716302,0.14824946
1985-05-01,-0.0016041517,-0.0664382,0.027136732,-0.099055745,0.05240197,-0.1743168,-0.4062489,-0.25078076,-0.04785688,0.3216304,0.13341112
1985-06-01,-0.2622772,0.14677897,0.17551982,-0.56786615,0.1142951,-0.26294556,0.36935362,-0.07726614,-0.08782677,0.52027667,-0.32951745
1985-07-01,-0.18460998,-0.22685237,0.17044008,-0.45891827,0.038499452,-0.20025036,-0.058016468,0.13421318,0.0217896,-0.022859002,0.33874127
1985-08-01,-0.061759472,-0.18768458,0.13140595,-0.4983534,-0.009758567,-0.04438126,-1.0492424,0.0347564,-0.051198862,0.3597288,-0.0013367652
1985-09-01,-0.1483831,0.3054553,0.13742149,-0.60529613,-0.035692215,-0.17912917,-0.56799984,0.39448518,-0.13461423,0.4987544,-0.03636055
1985-10-01,-0.2732388,0.20506279,0.20720164,0.053872418,0.109215304,-0.09357494,-0.32577443,-0.035424806,0.025265241,0.03783102,-0.07151799
1985-11-01,0.1298018,0.19182864,0.08354904,-0.026869368,0.06456671,-0.21802962,-0.63510644,-0.029542947,-0.26989686,0.122583106,0.35144073
1985-12-01,-0.41132864,0.066972926,0.17672296,0.16255304,-0.024596835,0.118305445,-1.0892122,0.015907764,-0.03836572,0.047990512,0.002940941
1986-01-01,-0.07983675,0.07322683,0.17120822,0.22538309,0.027865076,-0.4611346,-1.2079186,0.5059779,-0.26906,0.21268177,0.13401155
1986-02-01,0.077763,0.5121989,0.17444834,0.044713724,0.17859569,-0.11858859,-1.0864788,0.044324912,0.06894986,0.10770178,0.08450246
1986-03-01,-0.64348876,0.10731294,0.1242912,-0.012830895,-0.0014256596,-0.053397276,-1.213362,-0.17548516,0.11158991,0.20062847,0.1319379
1986-04-01,-0.3088487,0.21008971,0.0025920987,0.1219583,0.005832225,-0.10744254,-0.71917814,0.16200629,0.18559437,0.45387667,0.15747008
1986-05-01,0.09733336,0.08009589,-0.12597606,-0.19842525,0.069209084,-0.1503418,-0.31260726,0.15617403,0.013997341,0.40916306,0.27294812
1986-06-01,-0.25298896,-0.021514427,-0.004276967,-0.7231959,0.0034993172,-0.15915492,-0.19311145,-0.17548516,0.06519131,0.37572494,0.08826101
1986-07-01,-0.026957845,0.1344004,0.062469624,-0.3713183,0.001166439,0.14399114,-0.2384732,-0.39529526,0.05780382,0.6002008,-0.069727466
1986-08-01,0.085539296,0.11832938,0.032919668,-0.69079465,0.020866394,-0.002721715,-0.21294102,0.0622104,-0.18183585,0.38324198,-0.07504131
1986-09-01,0.06558013,0.018792724,0.12584645,-0.5035154,0.001166439,0.18222463,-0.4900365,-0.13945499,0.044195306,0.29731387,0.059229482
1986-10-01,0.0034993351,-0.01866312,0.010498005,-0.23251137,0.051064394,-0.06493209,-0.7588373,-0.0010368377,0.05715581,0.3486375,0.06933868
1986-11-01,0.4015163,-0.19583318,0.3321776,-0.19051936,0.10964584,-0.07296761,-0.7141236,-0.25713634,-0.14800891,0.0527493,0.17548513
1986-12-01,-0.5889251,0.18753843,0.14606485,0.2829277,0.14930496,-0.033697296,-1.261316,-0.014126944,0.070764326,0.50403386,0.071282744
1987-01-01,-0.40726966,-0.011878109,0.16228427,0.17965597,-0.007869244,0.05953888,-1.243338,0.18292241,-0.09680636,0.17713185,0.27438366
1987-02-01,0.12991662,0.3616875,0.1318467,0.13244061,-0.00029695034,0.11180244,-0.9590066,-0.033704042,-0.3498095,0.38484985,0.009057045
1987-03-01,-0.034297943,0.14951536,0.06310232,-0.08181027,0.051966608,0.04365194,-0.7741539,-0.08388896,-0.23845248,0.16792636,0.17163828
1987-04-01,-0.18960385,0.1646599,0.077652946,0.15916628,-0.02598331,-0.06562634,-0.82003295,-0.34416738,0.28388613,0.13644943,0.09725177
1987-05-01,-0.037267484,0.05983584,0.21514173,-0.25819975,-0.030883003,-0.08567061,-0.43978596,-0.11492042,-0.0736441,0.014699077,0.31165114
1987-06-01,0.100518264,0.048700143,-0.04394889,-0.4325106,-0.007126832,0.03756442,-1.237993,-0.3391192,-0.12561068,0.6495825,0.32234138
1987-07-01,-0.03251624,0.27690774,0.19880939,-0.43058044,0.0023756027,0.030437589,0.7861805,0.040237,-0.2654751,-0.04483975,0.03444643
1987-08-01,-0.13288598,-0.03014059,0.034001015,-0.6489886,0.058499552,-0.005493641,-0.30556363,0.111208536,0.059093453,0.5254566,0.19183096
1987-09-01,-0.09829116,0.06206298,0.08388895,-0.59182537,0.058202602,0.071268514,-0.7248599,0.0564209,-0.08834324,0.4469127,0.18114074
1987-10-01,-0.09561856,-0.123086594,0.06310229,-0.052560497,0.032664727,0.07364412,-0.6828412,0.13837966,0.056123924,0.37000218,0.13615249
1987-11-01,0.057163276,-0.1795075,0.34045547,-0.09131274,0.04855164,-0.10660577,-1.3527648,0.07141695,0.051521204,0.4715599,0.13882506
1987-12-01,-0.76747245,0.13852811,0.14446715,0.20593622,0.05790565,0.12724394,-1.3514287,0.021380568,0.18663433,0.36673564,0.26042694
1988-01-01,-0.36350995,0.11524932,0.122977816,0.33544335,0.03145628,-0.29476708,-1.0703274,0.03159187,0.33435866,0.032134246,0.47550517
1988-02-01,0.10548701,-0.093962096,0.27022582,0.21205875,0.03552391,-0.16026439,-1.1550695,-0.15836614,0.34832412,0.21300784,0.32879955
1988-03-01,0.23958302,-0.026168382,0.131791,0.046235316,0.051252056,-0.26385316,-1.0772423,0.28039485,-0.5188931,0.21504173,0.3338163
1988-04-01,0.040269475,0.021558404,0.23727803,0.3053429,0.02888012,-0.1942968,-0.75454414,0.25761613,-0.26263288,0.31307143,0.19972028
1988-05-01,0.01572814,-0.026168382,-0.10724966,-0.14033301,0.10209732,-0.7442395,-1.0029404,-0.057624675,0.04406592,0.6194991,0.2071776
1988-06-01,-0.20256767,0.22914281,0.20704205,-0.5492647,0.06996317,-0.24121007,-0.67590344,0.14819707,-0.07606456,0.33639246,0.11904577
1988-07-01,-0.15917969,0.073759556,0.1351807,-0.70302093,0.15077324,0.0014914632,-0.3096817,-0.111724064,-0.050709702,0.33964658,-0.0021694184
1988-08-01,0.07009868,0.2581585,0.028473377,-0.34357858,-0.038913585,-0.10819878,-0.31754577,0.181416,-0.26209053,0.29083508,0.038506836
1988-09-01,-0.055184077,0.11728315,0.13341805,-0.42588013,0.03742213,-0.087996244,-1.0262614,-0.0280666,-0.034845985,0.32391843,0.2577517
1988-10-01,0.2816151,-0.03172747,0.14087537,-0.30520734,0.021693993,-0.0035252809,-1.5968134,-0.2107029,-0.10480909,0.5747552,0.19226298
1988-11-01,-0.23958302,0.09626708,0.16473877,-0.15592556,0.0056946753,-0.2260243,-1.4783099,0.2245328,0.05870936,0.40825376,-0.0059658526
1988-12-01,0.23578659,0.17517896,0.0661667,0.45096382,0.08813183,-0.0747087,-1.0022624,0.32459635,0.008406401,0.053421497,0.2245328
1989-01-01,-0.27062246,0.098386526,0.20070374,0.101006985,0.016675686,-0.35519204,-1.5479797,0.25525704,0.1833134,0.27479133,0.115776874
1989-02-01,0.16723326,0.072777435,0.12387649,-0.05872222,-0.0061938167,-0.5463668,-1.4985483,-0.106367014,0.65559256,0.41879788,0.14400642
1989-03-01,0.09076333,0.18879254,0.07813748,-0.09290736,-0.014650774,0.12530583,-0.8865507,-0.53659964,-0.2241688,-0.054553412,0.07110987
1989-04-01,0.023465062,0.07206277,-0.033470474,-0.16187322,0.04419056,0.04347589,-1.4357764,-0.114466645,-0.06777475,0.2456089,0.43035173
1989-05-01,-0.071109876,0.10743902,0.08182996,-0.13126144,0.040021658,0.071586326,-0.60711396,-0.029897118,0.25013524,0.2634758,0.08969134
1989-06-01,0.29420668,-0.23703289,0.28086615,-0.3273198,0.07456412,-0.26895493,-0.17402264,0.090644255,-0.19272323,0.1468651,-0.03418515
1989-07-01,-0.044071436,0.21583097,0.03513805,-0.48597702,0.07801835,-0.111131504,0.04157009,0.11434753,-0.3568596,-0.048835896,-0.17985916
1989-08-01,-0.00023822785,0.11839733,0.0683703,-0.70335644,0.072420076,-0.13269079,-0.6175958,0.19570103,-0.37758508,0.4062911,0.2585922
1989-09-01,0.10338922,0.1208987,-0.022273947,-0.30397385,0.06503515,-0.4079586,-1.1794473,-0.06301026,-0.19689214,0.21797505,0.25037345
1989-10-01,-0.24739566,0.052171063,0.27240917,0.09183536,0.042046547,-0.10469947,-1.2694957,-0.06527338,0.3676988,0.1843853,0.33184606
1989-11-01,0.29313466,0.22702749,-0.05705465,0.120064914,0.037639398,0.040378977,-1.1395446,-0.22404972,-0.07897127,0.41153207,0.3261287
1989-12-01,-0.32648602,0.041450977,0.17044929,0.2772928,0.12244715,-0.7532643,-0.78947437,-0.025609076,-0.043356776,0.35126132,-0.11541955
1990-01-01,-0.18998554,0.106842324,0.13093421,0.041898943,0.07214477,-0.67745364,-1.4896386,0.09885533,-0.17388062,0.4098242,0.19456825
1990-02-01,-0.072275735,0.12792271,-0.04883846,-0.18697408,0.14834847,0.10697325,-0.86678445,0.15869232,-0.1588232,0.29564938,0.075025305
1990-03-01,-0.013093424,-0.09335611,0.16144189,0.028936481,0.020687604,-0.5564704,-1.243744,-0.31070685,-0.03181703,0.10042648,0.25231022
1990-04-01,-0.0797389,-0.11653145,0.21289901,-0.033257294,0.053028367,0.12045946,-0.5593509,0.0788224,0.09924815,0.2712958,0.08419068
1990-05-01,0.29669693,0.12949392,0.029852998,0.039542127,0.016497755,0.320396,-0.9639376,-0.3193485,0.13041048,0.3883508,0.34042895
1990-06-01,-0.04766004,0.050409675,0.055254243,-0.07004981,0.13525501,-0.09401073,-1.0466882,-0.18972366,0.061800946,0.4182039,0.06206281
1990-07-01,0.08955903,0.19954373,0.089559,-0.5449482,0.076203726,0.1634059,-0.9552959,-0.06926422,-0.08065548,0.5605294,0.19613943
1990-08-01,-0.1723094,0.05276648,0.12805362,-0.5275339,0.016366815,-0.26880795,-0.3176464,0.23502693,-0.0439939,0.48484936,-0.025139356
1990-09-01,-0.009165394,0.054075815,0.09034459,-0.55175674,-0.05525422,-0.092439555,-0.95372474,0.093094215,-0.059182275,0.6840004,0.17244034
1990-10-01,0.0044517517,-0.16235845,0.2437995,-0.11063939,0.06572895,-0.23345569,-0.8032814,0.1669411,-0.03181702,-0.28085405,0.2036027
1990-11-01,-0.51116717,0.29944652,0.22546871,0.15502611,0.1649771,-0.03351917,-0.7442301,0.30821913,-0.09204674,-0.014140892,0.1021286
1990-12-01,0.11103221,0.00039281845,0.1132581,0.096236646,0.051457144,0.10343802,-1.0051819,-0.13381477,0.01741426,0.286484,0.018461753
1991-01-01,0.2225028,-0.10605583,0.13739423,0.3699583,-0.008576835,-0.0075872065,-1.0062932,0.17368086,-0.3562684,0.08213959,0.07290306
1991-02-01,0.07999545,-0.022926498,0.07125368,-0.11578719,0.042389333,-0.085438445,-1.5167794,-0.2660467,0.3072815,0.20716342,0.24938783
1991-03-01,0.05327531,0.20798814,0.034142386,0.08560338,-0.0056079268,-0.004948139,-0.82584983,-0.10737531,0.13129148,-0.16444416,0.098138735
1991-04-01,0.08098507,0.12535372,0.039750308,0.111828685,0.03810092,-0.14696065,-0.52318674,0.27495342,0.11298325,0.29755002,0.29458117
1991-05-01,0.024905825,0.13409546,-0.009566498,-0.22580156,-0.010391164,0.05640917,0.16642351,-0.012040615,-0.49349767,0.38067934,-0.17005214
1991-06-01,0.0874177,-0.005113101,-0.15966101,-0.5490821,0.111993626,0.012700319,-0.31635308,-0.22662625,0.03183327,0.48887938,0.5777815
1991-07-01,-0.12254973,-0.11166372,0.15801162,-0.5835544,0.07834606,-0.35033053,-0.5086721,-0.09516983,0.084943615,0.2866641,0.1451464
1991-08-01,-0.533248,0.18225768,0.07521222,-0.25433603,0.06680031,-0.10803509,-0.48805466,-0.086098194,0.041894555,0.3438979,-0.093685344
1991-09-01,-0.2568101,0.2010607,0.16394942,-0.27643785,0.06366654,-0.054100014,-0.41267753,-0.09632441,0.11809635,0.12997198,0.22530675
1991-10-01,-0.1364046,-0.07917075,0.18770066,-0.24196558,0.10605581,0.023586273,-0.88687724,-0.17335095,0.083789036,0.4872299,0.2584595
1991-11-01,0.25829455,0.07290306,0.08725277,0.07702654,0.030183852,0.13739423,-0.65563273,-0.2766028,0.11710672,0.14844513,0.3369705
1991-12-01,0.045853067,-0.23949155,0.2437799,-0.18143296,-0.012865245,0.05080123,-0.7181446,0.016988719,0.16856772,0.2157403,0.26736623
1992-01-01,-0.013382876,-0.323598,0.35491395,0.049516648,-0.069724806,-0.065040804,-0.76255643,0.11094408,0.14440136,0.11388822,0.070126295
1992-02-01,0.09823034,0.018468332,0.06102593,-0.23928587,0.009501842,-0.048312187,-1.1606971,0.031315934,0.35250503,0.16005926,0.34514445
1992-03-01,-0.061427403,0.036535263,0.06477314,0.0093680145,0.084579796,-0.08886232,-0.6393002,0.16327114,-0.23955354,0.15644583,0.10933812
1992-04-01,-0.09608908,0.03278806,0.02275089,-0.30753857,0.06744972,-0.2010109,-0.7038056,-0.2507952,0.12834182,0.19726363,0.06918945
1992-05-01,0.4159399,0.10626005,-0.036669087,-0.13971727,0.07454262,0.043628167,0.09501844,-0.11924145,-0.18107042,-0.013516712,-0.036535263
1992-06-01,-0.3396575,-0.08805933,0.2011447,-0.24825242,0.13249049,-0.28237876,-0.18281013,0.22697362,0.044163514,0.002944231,0.04295907
1992-07-01,-0.084178306,0.12191801,-0.12927862,-0.5266163,-0.045501806,-0.13262439,-0.75118107,-0.14734551,-0.03385868,0.36481723,0.18388076
1992-08-01,0.035598468,0.027167242,0.027970219,-0.54588765,0.030111503,-0.10130838,-0.44698817,-0.13208905,0.011509275,0.26109996,0.2644457
1992-09-01,-0.04322667,-0.16380645,0.1496206,-0.006289953,0.055672787,-0.07373967,-1.3159386,-0.12124888,0.0016059398,0.37431908,0.23259445
1992-10-01,-0.13637154,-0.06959095,0.16233432,-0.25628215,0.11428978,-0.23085466,-1.3801763,-0.17718934,-0.09943481,0.29857206,0.2866613
1992-11-01,-0.08002962,0.1394496,0.19177666,0.3368471,0.10866897,-0.38275036,-0.83830357,0.17451274,-0.07869134,0.18361306,0.1417247
1992-12-01,-0.5191219,0.16782126,0.15751651,0.0020074248,0.18160567,-0.03733821,-0.47442308,-0.07012629,-0.0748103,0.22657213,-0.046840094
1993-01-01,0.49272305,0.09320531,0.17758922,-0.11421428,0.052696418,0.08995533,-1.0399996,-0.1698124,-0.338232,0.2014999,0.3168749
1993-02-01,0.046080302,0.43828553,0.1156071,-0.013348246,0.25141063,0.14741068,-1.4418389,-0.3262767,0.23492846,0.38477665,0.2248303
1993-03-01,0.3605178,0.07509818,0.022633934,-0.025419664,0.1273303,-0.35575882,-0.90663356,0.040741064,-0.3548302,0.1371963,0.099821374
1993-04-01,-0.1565803,0.078928545,0.14613387,-0.185366,0.1070178,-0.14195523,-0.7021158,-0.2572142,0.06650891,0.13290176,0.0047589303
1993-05-01,-0.31583026,-0.22459812,0.121294595,-0.14880352,0.07173214,-0.17967844,-0.32070524,0.050374985,0.20881243,0.12013392,0.024026776
1993-06-01,0.34879455,0.14880352,-0.036330365,-0.373982,0.12338386,-0.17921424,-0.11816068,-0.07358925,0.09575887,0.45674092,0.08136604
1993-07-01,0.27009812,0.0063839196,-0.0031339168,-0.6237677,0.07950888,-0.19558027,-0.92694616,0.015205383,-0.027160693,0.35900885,0.25907135
1993-08-01,-0.061285686,0.005687475,0.021473218,-0.47299084,0.040625,-0.03145542,-0.8647319,-0.05629463,0.028785706,0.3824552,0.27311596
1993-09-01,0.0023214102,0.012187528,0.111312464,-0.16052671,0.13301773,0.063374996,-0.6086783,-0.10841064,0.0125357155,0.4149552,0.09181247
1993-10-01,0.014973211,-0.057919644,0.041205335,-0.33672303,0.0053392886,-0.1822321,-1.084687,0.07370534,-0.06662498,0.53334814,0.12152676
1993-11-01,-0.1111964,-0.16598208,0.152866,0.26615167,0.1282589,-0.014973211,-1.0200353,-0.15077674,0.09726779,0.21252671,0.21774988
1993-12-01,0.026928568,0.10307141,0.12628564,0.25083026,0.07254462,0.014160681,-1.1953032,-0.24166064,0.068946406,0.24328557,0.25187486
1994-01-01,0.081999205,0.14022498,0.14848849,0.30981717,-0.033689607,-0.15408222,-1.1660415,0.03394386,0.2293435,-0.03330822,0.3670259
1994-02-01,-0.29545143,-0.101195954,0.16577825,0.19934072,0.027460206,0.11467177,-1.3796208,0.12891038,0.05809865,0.17620297,0.24142094
1994-03-01,0.10615401,0.20404454,-0.0016526699,0.046275523,0.07805816,-0.14823422,-0.93860483,-0.12001123,-0.42309052,0.22832647,0.34490523
1994-04-01,-0.37147552,-0.18128815,0.07208302,0.024409065,0.03597795,-0.15293805,-0.5681465,-0.024027681,0.23366597,0.58085954,0.026570285
1994-05-01,0.049835183,0.007500696,-0.05848006,-0.22298698,0.10183158,0.00800922,-0.3928334,-0.13107161,-0.06394668,0.376815,0.099670365
1994-06-01,-0.14963269,-0.015382791,-0.114036106,-0.5382708,0.03330822,-0.085050344,-0.70684594,-0.23493728,0.009789062,0.43554932,0.25731224
1994-07-01,-0.17671148,0.0382663,0.04093604,-0.45767003,0.12878323,-0.12992744,0.0195781,0.008136356,0.032291174,-0.00508523,0.32087755
1994-08-01,-0.25934634,0.2189188,0.28591663,-0.20823987,0.0578444,0.065726474,-0.9955594,-0.09509366,0.12407944,0.09458504,-0.06699781
1994-09-01,0.065217994,0.122172475,0.040808905,-0.62929624,0.13297856,-0.030257057,-0.39118075,-0.018052537,-0.046529792,0.6787501,-0.0027968406
1994-10-01,-0.013857221,0.08072791,0.020849418,-0.14797997,0.14403895,0.021357918,-0.49860606,-0.06267537,-0.1397165,0.062293958,0.14492884
1994-11-01,-0.61009955,0.28057712,0.077422515,0.1261135,-0.020086635,0.15878607,-0.9862789,0.055683184,-0.04652977,0.35151595,0.07487991
1994-12-01,-0.053394843,0.090135574,0.11937559,0.06369241,0.07615121,-0.026824545,-0.82876414,-0.20188332,-0.06305676,0.27358493,0.26824552
1995-01-01,-0.36471793,0.02529497,0.21930137,-0.111415446,0.11882746,-0.5764896,-1.2187461,0.34201127,-0.19106515,0.19541816,0.14400475
1995-02-01,-0.26965594,-0.016824078,0.13882811,0.09506196,0.08494399,0.13212201,-1.0055625,-0.044825006,0.21659538,-0.11082716,0.18424138
1995-03-01,-0.0036471845,0.11400378,0.04894279,-0.31389272,0.04670744,-0.35142335,-1.0798004,0.11670973,0.28047985,0.10259161,0.26283222
1995-04-01,0.00658845,-0.12918076,0.12153344,-0.1861238,0.0635315,-0.39966026,-0.6699045,0.0556489,-0.12694535,0.25365543,0.27612677
1995-05-01,0.27483258,-0.07141412,-0.061531443,-0.468839,0.018235898,0.13200435,-0.86026365,-0.055531263,-0.13647512,0.3849539,0.26247925
1995-06-01,-0.16965266,0.12223933,0.058354866,-0.72849464,0.06859048,-0.00800023,-0.53860605,0.00082354544,-0.06270795,0.49813405,0.15859346
1995-07-01,0.17659405,-0.1129449,0.04458971,-0.5333117,0.06835518,-0.010117983,-0.30977494,-0.09117949,0.08612053,0.2582438,0.18353549
1995-08-01,-0.3041277,-0.007882643,0.1357692,-0.8167329,0.056707762,-0.049648665,-0.3760124,-0.17329982,0.06011963,0.19588885,-0.054354716
1995-09-01,-0.08341452,0.045177937,0.13341616,-0.6103731,0.10623884,-0.3053042,-0.9334426,0.33730525,-0.058825444,0.3361287,0.22741926
1995-10-01,0.05047226,0.042589642,-0.049884,-0.6923758,0.01741233,-0.22012492,-0.987209,0.027530318,-0.32718727,0.35189396,0.2203602
1995-11-01,-0.23565483,-0.019294787,0.10976833,-0.38507155,-0.013294558,0.07329654,-0.9676789,-0.12459235,0.121768735,-0.01741228,0.08753233
1995-12-01,0.17188802,0.079885006,0.16965264,-0.3071866,0.10012098,-0.18200599,-1.242394,-0.10635646,-0.18247661,0.03200102,0.38071844
1996-01-01,0.28006262,0.054078437,0.17521405,-0.11680939,0.06362168,0.059295394,-1.202068,-0.35424548,-0.6778253,0.0922514,0.18819289
1996-02-01,-0.22941971,0.23310976,0.06883863,-0.15320098,0.053696692,-0.38669255,-1.4224533,0.019849945,0.19913583,0.12787953,0.21809511
1996-03-01,-0.29749495,0.10001327,-0.019213771,-0.02163136,0.015650928,-0.24023542,-1.3022084,-0.32930574,-0.0075073717,0.095432565,0.2390903
1996-04-01,-0.12113567,0.012597084,0.102430895,-0.36035317,0.09695943,-0.3416484,-1.079278,0.06336719,-0.004199028,0.30182123,0.25906745
1996-05-01,0.25003317,0.15180133,-0.39878064,-0.58226556,0.048225213,0.026212167,-1.1756012,-0.3478833,0.1976089,0.69691175,0.15803623
1996-06-01,-0.010179472,0.085889295,-0.12647988,-0.5947354,0.15905419,-0.20129895,-0.25308704,-0.048734203,0.014251232,0.17966762,0.18832015
1996-07-01,-0.05725951,-0.051788043,0.37931243,-0.62909114,-0.06234927,-0.22776559,-0.08283542,-0.05585984,-0.07112904,0.4858151,-0.25410494
1996-08-01,-0.10446677,0.07672774,-0.02010445,-0.32663363,0.04440794,0.05038836,0.23361877,-0.118336305,0.03753679,0.033846714,0.12444401
1996-09-01,-0.4435703,0.11197414,0.23438224,-0.35984418,0.08092675,-0.114137314,-1.1259763,-0.33248687,0.2602126,0.15078335,0.5613977
1996-10-01,0.085889265,0.006616664,0.12228086,-0.11222863,0.0895793,0.029265976,-1.0346158,0.12011771,-0.13080616,0.2976222,0.17915866
1996-11-01,-0.09021554,0.0110701565,0.09695943,0.06260373,0.17966762,0.06514859,-1.4507014,-0.12228085,-0.14429398,0.698057,0.16159907
1996-12-01,-0.4164675,0.090597294,0.10395781,0.15981764,0.11031997,-0.28846067,-1.1453173,0.12164464,0.30029425,-0.02099514,0.23438224
1997-01-01,-0.21715541,0.24192867,0.09003317,0.05959742,0.079840735,0.00014162064,-1.1283872,0.10291524,0.2614642,0.142694,0.24249487
1997-02-01,0.032417584,0.100367166,0.118345454,-0.23697403,0.08352132,-0.16959076,-1.4058479,-0.03638134,-0.035248827,0.2618889,0.24376898
1997-03-01,0.1626542,0.18162347,0.12259231,-0.21772166,0.073612,-0.025764178,-0.7515503,0.27533728,-0.13830565,-0.19294834,0.29827017
1997-04-01,-0.17341292,-0.0069365264,-0.088475965,-0.33748275,0.03723068,-0.06695862,-1.1807649,0.014722442,-0.09767747,0.33861524,0.48683023
1997-05-01,0.12655607,0.248299,0.12655601,-0.39608923,0.02222519,-0.34356987,0.07658479,0.3088873,-0.57360744,0.38986054,-0.11140895
1997-06-01,-0.20016801,-0.12386632,0.33875683,-0.4890952,0.068940446,-0.4450695,-0.029869486,0.17765975,-0.18785219,0.11792078,0.16732578
1997-07-01,-0.11452329,-0.016279578,-0.02052641,-0.5695022,-0.0094846245,-0.011466503,-0.2021499,-0.35616893,0.08437069,0.17794292,0.32927218
1997-08-01,-0.27009946,-0.2849634,0.09159033,-0.5720502,0.028170729,0.10164118,-0.72054833,-0.13688998,0.026755143,0.396797,0.09951778
1997-09-01,-0.114381745,-0.12641446,0.1490643,-0.41151944,0.13519132,-0.13037817,-0.2777438,0.16534391,-0.1156558,0.10857773,-0.070072964
1997-10-01,-0.028029203,-0.009626174,0.15600082,-0.37443036,-0.0045299293,-0.012598991,-0.38646302,-0.1384472,-0.00042467116,-0.07927446,0.1295288
1997-11-01,-0.20469801,0.21630606,0.16732578,-0.23966375,0.0849369,0.09753592,-0.73626167,-0.021234274,-0.04926343,0.21446571,0.19238217
1997-12-01,-0.1424109,-0.1448175,0.19648743,-0.026613569,0.25254583,-0.15444365,-1.1063036,-0.05294404,0.204698,0.16364518,0.248299
1998-01-01,-0.45600328,0.31240615,0.16929607,0.14177027,0.010961628,0.15809087,-1.4038178,0.020218085,0.014980888,0.5150744,-0.028743839
1998-02-01,-0.16003962,0.17794356,0.03836565,0.15455881,0.21241179,0.01839118,-0.68924206,0.1485908,0.16698198,-0.17234096,0.549786
1998-03-01,-0.22520033,0.27598915,0.08988528,0.115827754,0.16600756,-0.4215351,-1.1816624,0.027160455,-0.02033987,0.053468324,0.2744058
1998-04-01,0.020827103,-0.02703867,0.22544393,0.01400652,0.017295003,0.05943632,-0.5500296,0.21862337,0.042019464,0.21362972,0.30363673
1998-05-01,0.017173195,-0.070154384,0.20863613,-0.44565064,0.12520604,0.053224754,-0.008160305,-0.08367376,-0.035077192,0.3556436,-0.04007082
1998-06-01,-0.077949286,-0.046891354,0.2845149,-0.36965013,0.032641314,0.10827641,-0.32190618,-0.038487457,0.1080328,0.29243165,-0.02508993
1998-07-01,-0.16113575,0.17465511,0.08087234,-0.5792605,0.088910915,-0.087327525,-0.589126,0.34711784,-0.28682894,0.47402912,-0.06369915
1998-08-01,0.12946887,0.13421893,0.0042628287,-0.65416497,0.056878567,-0.29072648,-1.1781304,-0.08476982,-0.16503322,0.31618175,0.24627094
1998-09-01,-0.044942666,0.062968396,0.0830647,-0.6467355,-0.007185936,-0.23737994,-1.0716808,0.14286642,0.0025577545,0.3800028,0.10815463
1998-10-01,0.11521878,0.073930025,0.11168671,-0.35966286,0.053468324,-0.3527205,-1.4861517,-0.07660954,-0.24079017,0.27014294,0.29401493
1998-11-01,-0.26600188,0.18476415,0.14347544,-0.33396393,0.028500175,-0.64892775,-1.2988299,0.10559692,0.038487434,0.2658802,0.1945078
1998-12-01,-0.020827055,0.20157194,0.09512248,0.035442542,0.18025775,-0.3778104,-1.867007,-0.065526105,-0.34760505,0.45685595,0.15468054
1999-01-01,0.079423085,0.11064057,0.120514,0.03557341,0.073905565,-0.014374566,-1.3333495,-0.0063886642,0.31972513,0.07579317,0.35297534
1999-02-01,0.14810152,0.26977715,0.08900614,-0.16639645,0.09597562,-0.9967815,-1.2195146,0.24160878,-0.24552915,0.008566665,0.22955742
1999-03-01,0.1873049,-0.02613557,0.07361518,-0.26817995,0.069114044,-0.22055516,-0.9845849,0.17554389,-0.056627084,0.054303836,0.28952408
1999-04-01,-0.06722651,0.18294898,0.032959867,-0.29373473,0.023522014,-0.26382408,-1.0644437,0.4669555,-0.13256541,0.19035406,0.33627766
1999-05-01,-0.072018005,0.27921498,-0.0031943559,-0.4422719,0.15652302,-0.36168718,-0.5624955,0.075357534,-0.26788956,0.27514943,-0.06824288
1999-06-01,-0.17409194,0.025990367,-0.14606878,-0.43965834,0.12036886,-0.09713717,-0.10976939,0.041671712,-0.124724746,0.10004111,0.13242023
1999-07-01,-0.039638948,0.22708908,0.14606878,-0.6970937,0.08479545,-0.18396537,-0.92461836,0.022070032,-0.16915521,0.42165384,0.12051401
1999-08-01,-0.035863794,0.0055175065,0.1025095,-0.59531015,0.07869711,-0.021634435,-0.2233139,0.06258015,-0.10657501,0.2995426,0.1746727
1999-09-01,-0.22447547,0.11456089,0.23826928,-0.7227937,0.05546541,-0.0040655374,-0.47610292,-0.06911406,0.02468357,0.31478834,0.035137843
1999-10-01,-0.26484042,0.1350338,0.24073763,-0.44212666,0.069985226,-0.16654165,-0.7997484,0.12617671,0.29649353,-0.034557056,0.09554005
1999-11-01,0.20864896,-0.03760618,0.0786971,-0.52488935,0.16755803,-0.06650047,-1.1181667,0.22128114,0.025990296,0.39972895,0.2837161
1999-12-01,0.0663553,0.13416258,0.10323548,-0.3840476,0.009292638,-0.13692135,-1.3356727,0.09495923,-0.03368578,0.57338536,0.053868305
2000-01-01,0.020697022,0.058731176,0.12203182,-0.10281315,0.07149883,-0.43826634,-1.4420722,0.18546687,-0.25185862,0.29271507,0.16396347
2000-02-01,0.03534622,0.03453984,0.0361526,-0.1948746,0.10200678,0.1155808,-0.89722955,0.1486423,0.36340755,0.20576067,0.2632823
2000-03-01,0.07230522,0.05389291,0.0017471313,-0.30790192,0.090717494,0.27645317,-1.2889948,-0.5155441,0.059806347,0.081040956,0.254009
2000-04-01,0.10724823,0.2280705,0.059403144,-0.32886773,0.11477442,-0.2006537,-0.7719723,-0.49968538,0.11679037,0.3150249,0.20078807
2000-05-01,-0.05577446,0.21369009,0.030239165,-0.41179022,0.05859679,-0.4128654,-0.64590853,-0.04085647,-0.044216383,0.16866727,0.23774704
2000-06-01,-0.29903173,0.002150345,0.19258988,-0.7449586,-0.016933966,-0.055371284,0.34593603,0.1596628,-0.15885639,-0.057790376,0.16463546
2000-07-01,0.06276306,-0.10778584,0.057252824,-0.6737286,0.043947555,-0.53301567,-1.1617215,0.21906595,0.13869698,0.3019885,0.10388832
2000-08-01,-0.16409783,0.296747,0.09273343,-0.5891933,0.07378359,0.020025063,-0.18009102,-0.14353523,0.004569459,0.17619354,-0.119612694
2000-09-01,0.05201136,-0.044619568,0.08964233,-0.6414735,0.08641682,-0.07714349,-0.28693607,-0.37147135,0.02230978,0.22578573,0.18654206
2000-10-01,-0.0974373,0.10603867,-0.15173341,-0.58112955,-0.016127538,-0.115983985,-0.9788081,0.07741227,-0.032389503,0.535838,0.28895202
2000-11-01,0.11074253,0.08641682,-0.17162406,-0.44659892,0.03521185,-0.10079722,-1.2178991,-0.3749656,0.47764444,0.43383116,0.37402487
2000-12-01,-0.25521854,0.029970359,0.24903631,-0.1924555,0.09044869,0.14662638,-1.6412475,-0.050264217,0.076874696,0.43168077,0.3162345
2001-01-01,0.19533268,0.18089919,0.11246061,-0.08022592,0.05208069,-0.3331721,-1.1077671,-0.09273491,-0.22203454,0.19136353,0.09898939
2001-02-01,0.27664113,0.429756,0.116309546,0.028385783,0.03403888,-0.21337447,-1.7045902,0.092614606,-0.36528653,0.020928573,0.071445584
2001-03-01,-0.16309795,0.21686256,0.06146244,-0.25210425,0.06735611,-0.019725729,-1.0542432,0.0360836,0.01948514,0.16526298,0.2721908
2001-04-01,-0.21289337,0.0900888,0.15467845,-0.4063016,0.088044025,-0.06495051,-1.058934,-0.011185932,-0.023213793,0.40762472,0.35686702
2001-05-01,0.23670857,-0.077940606,0.3111611,-0.29179624,0.035361934,-0.14818342,-0.265816,-0.049434565,0.16790912,0.15179172,0.17031467
2001-06-01,0.017440414,-0.18029782,0.08239093,-0.747412,0.010223699,-0.019124318,-1.1194341,-0.18715373,0.0025258542,0.4877302,0.28614312
2001-07-01,-0.1007936,0.095501326,0.2470525,-0.7477729,0.12677376,-0.06422882,0.21229199,-0.058335185,-0.11546759,0.36721098,-0.20519552
2001-08-01,0.10957394,-0.3242715,-0.0030069828,-0.85349786,-0.01780126,-0.14277086,-0.30526742,0.08684125,0.050757624,0.2121717,0.21770453
2001-09-01,-0.50084066,-0.009381771,0.094178274,-0.48279887,-0.022251606,-0.27579913,-0.56386673,0.30562824,-0.431079,-0.08251133,0.25450984
2001-10-01,-0.17897478,0.25426927,-0.12545072,-0.50877905,0.027543832,-0.027904678,-0.76641613,0.05965829,0.17969644,0.38008076,0.15239315
2001-11-01,-0.38693672,-0.08804407,0.123766825,-0.559657,0.06350718,-0.16393991,-1.2979279,0.2089242,0.20363188,0.33100718,0.30683106
2001-12-01,0.028626334,0.02116909,0.1266535,-0.28145224,0.04281926,-0.019004036,-1.8172915,0.17356224,-0.074693106,0.17055531,0.31837782
2002-01-01,0.32635725,0.053196453,0.1415155,0.08498619,0.0685786,-0.59362155,-1.2283902,0.035635233,0.09754829,0.16997242,0.21035042
2002-02-01,-0.029226016,0.08370437,0.08075609,-0.013843894,-0.015253949,-0.027046895,-1.1723735,-0.5237611,-0.15702577,0.00012817382,0.33866292
2002-03-01,-0.44095403,0.13805449,0.11549406,-0.25918865,0.040378045,-0.36596617,-0.6455361,-0.31097513,0.10447021,0.31815347,0.16048674
2002-04-01,0.0026918887,-0.0124338865,0.1804835,-0.36083883,0.008972883,-0.20048022,-0.90728855,0.122159645,0.017945815,0.12151871,0.3289209
2002-05-01,-0.18509814,-0.06601493,0.21496508,-0.22586076,0.08319163,-0.1827908,0.251754,0.026405979,-0.15625665,0.2417556,0.028969621
2002-06-01,0.0051273583,0.1558721,0.10485475,-0.6343841,0.045761775,0.025124121,-0.7951272,0.08126883,-0.07742331,0.3536605,0.22098975
2002-07-01,-0.014741207,-0.12010869,0.07229595,-0.75231373,-0.020381307,-0.22009249,-0.919466,-0.20355669,-0.078577,0.3833992,0.4778711
2002-08-01,-0.23009081,-0.012690258,0.1715106,-0.76244026,-0.0033328056,-0.03563528,-0.23303907,-0.14574556,-0.027815986,0.2330391,0.09088268
2002-09-01,-0.11062305,-0.005255556,0.14818105,-0.58016217,0.09242091,-0.033199716,-0.85306656,-0.09524095,0.039480757,0.5019698,0.13702902
2002-10-01,-0.054350138,-0.100240156,0.2508567,-0.6047735,-0.020765876,0.04883821,-0.5185055,-0.0365325,-0.09434366,0.26072684,0.041403532
2002-11-01,-0.09280543,0.076526046,-0.021791339,-0.36891446,0.037301637,0.19458374,-1.2267239,-0.72859967,0.0128184315,0.3578906,0.45031148
2002-12-01,0.00653739,0.1506166,0.17907348,-0.022304082,0.0515301,-0.23329544,-0.9334381,-0.07075773,0.078961514,0.3070014,0.13484988
2003-01-01,-0.00084533694,0.25343284,0.115375996,-0.009015942,-0.02310338,-0.35401702,-1.5103128,-0.058321953,0.053109597,0.42389068,0.14989018
2003-02-01,0.3075285,-0.37937444,0.22821626,0.095090106,0.073677205,0.014087439,-1.4133914,0.18539055,0.18341823,0.04747467,0.32584217
2003-03-01,-0.17736068,0.1083323,0.19060293,-0.23709138,-0.028879214,-0.37979695,-1.0382433,0.16904911,-0.026343489,0.012537861,0.4160017
2003-04-01,-0.06677437,0.12847738,0.04353013,-0.26188523,0.031696748,-0.018595409,-0.9272343,0.11453076,-0.63182104,0.43825984,0.12326498
2003-05-01,-0.049165107,0.08536978,0.035922907,-0.6718293,0.15552521,-0.39219394,-0.7439569,0.24779782,-0.026061773,0.20933914,-0.002394867
2003-06-01,-0.043811895,-0.017891025,0.24286723,-0.45741868,0.11960225,-0.09170914,0.040712643,0.4399503,-0.18567233,0.4524881,-0.060857676
2003-07-01,0.21286102,0.022258162,0.040430926,-0.7619888,-0.013383007,0.017186666,-0.9017361,-0.10607829,-0.12988606,0.45629174,0.39416617
2003-08-01,0.13509846,0.16313238,-0.16073751,-0.5289828,0.036768198,0.119179584,-1.0455687,-0.025920868,-0.18341827,0.58307856,0.24864301
2003-09-01,-0.16130099,-0.057899334,-0.035500336,-0.54842347,-0.008452463,-0.1258007,-0.86722183,-0.10157032,0.2042677,0.6287218,0.24948831
2003-10-01,-0.22258134,0.1552434,0.1134038,-0.59350324,0.08029833,-0.04212141,-1.0638824,-0.20905738,0.006621075,0.49179202,0.2648436
2003-11-01,0.15284853,-0.027329635,0.2555459,-0.37838823,0.038458683,-0.043811895,-0.7532546,-0.09339962,-0.056631375,0.24667081,0.27357784
2003-12-01,0.0684649,-0.015355301,0.18778539,-0.014650917,0.03479595,-0.02042675,-1.6015993,0.050573874,0.0097203255,0.22948417,0.2237083
2004-01-01,0.46217528,-0.41653442,0.21568997,0.11201648,-0.056928396,0.18428119,-1.1951287,0.2619443,-0.18636695,0.14575644,0.265257
2004-02-01,0.19115186,0.015336323,-0.008711028,-0.083674945,0.042082857,-0.22280605,-0.8659499,-0.0274827,-0.037543297,0.14109412,0.48928994
2004-03-01,-0.07385974,0.08293877,0.12992929,-0.0049076257,0.053493094,0.10575924,-0.77859426,-0.02367928,0.2131135,0.22366495,0.28415132
2004-04-01,0.30316836,0.14551099,0.07226479,-0.11017611,0.10723154,-0.05950489,-0.8352772,-0.2724957,-0.01950779,0.2964204,0.31568277
2004-05-01,0.37310195,0.13729072,-0.16955836,-0.17201215,0.041469406,-0.28280175,-0.7955255,-0.14195296,-0.3792365,0.28967237,0.48965794
2004-06-01,-0.36709017,0.018526267,0.18759385,-0.67173076,0.05398383,-0.07766312,-0.61406624,0.075822756,0.042573642,0.29065388,0.1350823
2004-07-01,-0.16882217,-0.24525836,0.2183892,-0.57382363,0.21507654,-0.09533055,-0.1648961,0.13839494,-0.03300376,0.070056245,0.354453
2004-08-01,0.02809615,-0.10097432,0.0937356,-0.54278296,-0.0274827,-0.018403579,-0.21127312,-0.14391603,0.11213918,-0.07336893,0.49812365
2004-09-01,-0.20452514,0.15790275,-0.018526267,-0.52094406,0.003558016,0.0072387457,-1.2986795,0.02404735,0.09802975,0.65136415,0.21483114
2004-10-01,-0.0125144,-0.11213915,0.23286667,-0.45923072,0.15778002,-0.13397808,-0.93968695,0.037665986,-0.06772518,0.2982607,0.16734986
2004-11-01,0.31666428,-0.28905895,0.23642471,-0.026991922,0.08539262,0.145511,-1.063359,-0.30819863,-0.33175525,0.2789983,0.37727344
2004-12-01,0.28402862,0.27433604,-0.056069575,-0.040855955,0.18428122,-0.054229237,-1.049495,0.05226617,-0.26942846,0.2885682,0.34426966
2005-01-01,-0.102165505,0.11131863,0.111049436,-0.044823598,0.053976752,0.031093836,-1.4852356,-0.18750528,0.069456376,0.14631605,0.27634484
2005-02-01,-0.040381573,-0.17471771,0.23932834,-0.25992295,0.10781889,0.016960263,-0.41364226,0.13433616,0.012787509,-0.29411268,0.011710691
2005-03-01,-0.5840527,-0.04105463,0.21550322,-0.19262025,0.07147543,-0.11791432,-1.0240777,0.053034496,0.10916495,0.22209883,0.26207665
2005-04-01,-0.17256407,0.0047111986,0.16906434,-0.038766336,0.022344494,-0.10297308,-1.0874767,-0.07618666,0.06864872,1.024616,0.06393753
2005-05-01,-0.16354549,0.03607426,0.27513337,-0.47879133,0.031228447,-0.49803987,-0.25103897,-0.03203609,0.18898594,0.16354552,0.11872189
2005-06-01,0.20311949,-0.07753269,0.17202565,-0.6113776,0.021267604,0.3256104,-0.09987718,-0.60464734,0.09745429,0.46734983,0.038497113
2005-07-01,0.034593582,0.13527839,0.10337691,-0.7863645,0.064206794,-0.12585604,-0.41471916,0.24471256,-0.17431395,0.36181918,0.3132267
2005-08-01,-0.20204265,-0.19948518,0.26113442,-0.91195136,0.06447592,-0.035939597,-0.32211062,-0.1355476,0.101761654,0.22304106,0.37460676
2005-09-01,-0.024228966,-0.11347232,0.15910354,-0.5401713,0.09422378,0.06380296,-1.0658052,-0.0009422302,0.12558681,0.38699046,0.17606382
2005-10-01,-0.1255868,-0.103107706,0.15896893,-0.28442112,-0.016152572,0.12881736,-1.2541182,-0.041593075,0.013191342,0.23488636,0.40933496
2005-11-01,0.18400554,-0.10485754,0.23004058,-0.30959234,0.009018565,-0.012249088,-0.91302824,-0.21940675,-0.24753925,0.23784772,-0.09664669
2005-12-01,-0.052092265,0.12706748,0.19961974,0.13204786,0.0601686,0.027728701,-0.99042624,-0.019383168,-0.13500918,0.1656992,0.16866048
2006-01-01,-0.24486808,0.16979241,0.09872253,0.016152238,0.045484733,-0.029849362,-0.9457464,0.08089046,0.23465987,0.009432793,0.17689939
2006-02-01,-0.35315275,0.14575788,0.06990693,-0.03178761,0.038894612,-0.033984326,-0.8969021,0.030883122,0.16927557,0.024551392,0.17005086
2006-03-01,0.1294764,0.09743035,0.15002207,-0.18995044,0.02364688,-0.13076858,-1.2220144,-0.014989281,-0.13800481,0.22987862,0.27071172
2006-04-01,-0.09936862,0.0934246,0.061249323,-0.18090516,0.09639661,-0.15777516,-1.3178941,0.09600894,0.067193344,0.43132955,0.25249192
2006-05-01,0.35276508,0.22419319,-0.06267072,-0.23608124,0.115262434,-0.1258583,-0.2681273,0.13193154,-0.58832943,0.29952726,0.2810491
2006-06-01,0.059957147,-0.013180256,0.061895408,-0.51402915,0.096138194,0.1638484,-0.14110604,-0.02584362,-0.14653318,0.19925413,0.06796866
2006-07-01,0.015118504,0.2823413,-0.019511914,-0.46453863,0.08877273,0.17987144,-0.25262114,-0.048844386,-0.038119316,0.5369007,-0.1285719
2006-08-01,-0.0045226095,0.028944826,0.11035216,-0.66715246,-0.03695636,-0.34113544,-0.4333971,-0.009303689,0.028298736,0.22096276,-0.2301372
2006-09-01,0.01602304,0.047552217,0.098722555,-0.5689467,0.0783061,-0.19395618,-0.95944345,-0.0011629581,-0.012404943,0.35715842,0.08967726
2006-10-01,-0.027652645,0.110352136,0.19214715,-0.22303024,-0.016281461,-0.02338848,-0.85826576,-0.06628882,-0.08735136,0.36775437,0.094587564
2006-11-01,0.06228304,0.1337406,0.032692157,-0.11267807,0.053883888,-0.034371972,-1.2775781,0.18478172,-0.08670527,0.36103496,0.12559989
2006-12-01,-0.107509375,0.15867965,0.16126403,-0.041349746,-0.05401311,0.005039501,-0.9513027,-0.21165904,-0.16707885,0.20584431,-0.012792587
2007-01-01,0.10346298,0.2684126,0.19119963,-0.005320954,0.09246636,-0.112449504,-0.935542,0.31547347,-0.908346,0.04552374,0.14508466
2007-02-01,0.16636848,0.034172393,0.2232436,-0.10701032,0.13065898,-0.025185823,-0.80937624,0.12888534,0.0124155525,0.026959514,0.04126692
2007-03-01,-0.089155555,0.09317581,0.0863177,-0.1832773,0.08454405,-0.08170621,-1.3774177,0.17369959,0.08608122,0.33285522,0.33994982
2007-04-01,-0.04528723,0.038665604,0.15856445,-0.11599679,0.06077712,-0.16364889,-0.49922377,0.004611498,0.040793993,0.16577725,-0.012888527
2007-05-01,0.27538896,-0.048006833,-0.1732266,-0.36182487,0.057229806,0.12557451,-0.8240384,-0.17937526,-0.260372,0.121435925,0.36667284
2007-06-01,-0.09636841,0.04008453,-0.12320964,-1.0367583,0.06444266,-0.09175692,-0.5643759,0.10511841,-0.09199338,0.37636882,0.052973054
2007-07-01,-0.15253402,-0.13302383,0.039375067,-0.7227038,0.13184142,-0.40640265,-1.2034816,0.06349673,0.11008463,0.7121802,0.19959489
2007-08-01,-0.20030436,0.1342063,0.0953042,-0.9142582,0.06349673,-0.06432442,-1.3430089,-0.007449335,-0.19084492,0.36111546,0.36348027
2007-09-01,-0.13515224,-0.038192652,0.19864896,-0.45996696,0.094003536,-0.16175702,-0.41054115,0.12793937,-0.07804065,0.09222984,0.25185847
2007-10-01,-0.06349671,-0.032989915,0.08891906,-0.35638568,0.0014189243,0.19427395,-0.8039371,-0.18670636,-0.124746814,0.3692742,0.10038867
2007-11-01,-0.22371657,0.123800896,0.021402061,-0.5633117,0.033817627,0.03961153,-1.2389547,-0.69799095,0.16081104,0.26403752,0.29229778
2007-12-01,-0.61214626,0.1544259,0.0953042,0.11434139,0.056402117,-0.29265246,-1.1146808,-0.15525362,0.13467924,0.085726544,0.20231453
2008-01-01,0.1519244,0.08204868,0.11825129,0.40755588,0.06197127,0.13058229,-1.1099494,-0.4884979,0.004426527,0.2543667,-0.019603157
2008-02-01,-0.20662355,0.07446035,0.14338757,-0.29720908,0.024662029,-0.54224855,-0.89083683,-0.16267452,0.27649933,0.22338104,0.24788499
2008-03-01,0.38589755,0.020709783,0.099596664,-0.20093231,0.027033377,-0.38605562,-0.9162892,-0.18306814,0.06307793,0.34526843,0.108765885
2008-04-01,-0.3865299,0.05880946,0.027033377,-0.13295363,0.036518775,-0.49071115,-1.2324692,0.4489754,0.009643483,0.30384883,0.32961753
2008-05-01,-0.27444413,0.042210005,0.034305524,-0.5106305,0.00047427416,-0.10607839,-0.32613954,-0.094379686,-0.14180668,0.76088685,-0.031143714
2008-06-01,0.07050811,-0.02086787,-0.12172923,-0.41577655,0.05770283,-0.14876263,-0.67061746,0.0066397665,0.10702689,0.25974172,0.2502564
2008-07-01,-0.22591054,0.07398605,0.046952713,-0.4614645,0.12931755,-0.11809318,0.2589513,0.19761242,-0.23808345,0.29025313,-0.12900138
2008-08-01,0.009327317,0.0049007894,-0.0018970802,-0.55457944,0.027191496,-0.054382943,-0.5005127,-0.069717646,-0.049640276,0.4867589,0.28471997
2008-09-01,0.21073389,-0.059757996,0.20172277,-0.47727352,0.08362961,-0.23919007,-0.7757473,-0.38178724,0.1712114,0.4334826,0.3474817
2008-10-01,0.23144364,-0.110821046,0.14639127,-0.4767992,0.0497983,-0.15508625,-1.2361052,0.12362634,0.07778025,0.22243252,0.42968845
2008-11-01,0.21057582,0.19571534,0.085052386,0.12979183,-0.031617988,-0.05580573,-0.91423404,-0.23602828,0.13848677,0.5096819,0.032566525
2008-12-01,-0.16299072,-0.031776093,0.23144364,0.20235512,-0.01407001,-0.08125822,-0.73385346,0.026717186,0.31538942,-0.045687962,0.15081783
2009-01-01,0.21429846,0.15182766,0.14312926,0.056540012,0.0797359,0.07420053,-1.431556,0.003294897,-0.035057355,0.3190755,0.2533098
2009-02-01,-0.2015144,0.10082308,0.113211825,0.021482563,0.0038220645,-0.34925643,-1.568359,-0.073014356,0.06919231,0.22207442,0.14260206
2009-03-01,0.43070564,0.098055385,0.021877956,0.03057642,0.051004626,-0.07182817,-1.6852614,-0.04902768,-0.19597897,0.40302867,0.32579696
2009-04-01,0.21153077,0.11756103,-0.05996666,-0.10556767,0.025041033,-0.5530113,-1.190635,0.20652266,-0.13324466,0.17884569,0.27268362
2009-05-01,0.18675332,-0.4295195,0.13390358,-0.34438005,-0.021350766,0.06747894,-0.62246716,-0.30998155,-0.02451384,0.3395036,0.35531902
2009-06-01,-0.091992855,0.3727159,-0.20138255,-0.55327487,0.10055947,-0.09159745,-0.15327743,0.2290595,-0.31670308,0.5041154,-0.062602565
2009-07-01,-0.050741028,-0.030708218,0.22088823,-0.72131336,0.13074055,-0.09515591,-0.7861565,-0.038088728,-0.06576564,0.25093746,0.29983336
2009-08-01,-0.1519595,0.17172876,0.0720918,-0.7271124,0.07051019,0.19044356,-0.38180977,0.40948668,-0.15420003,0.40144724,0.18082258
2009-09-01,0.13733026,0.089620516,-0.13548513,-0.72302663,0.14312926,0.0051399707,-1.6242402,-0.14299744,0.034134913,0.45561486,0.43729538
2009-10-01,0.21891132,-0.024118459,-0.016474342,-0.3968344,0.019373845,0.018583108,-0.94378316,-0.16737953,-0.043228723,0.49264926,0.23947132
2009-11-01,-0.055881023,0.122437455,-0.0413836,-0.58253336,0.025568198,0.17805485,-1.0345898,-0.10135026,-0.12401898,0.2548913,0.3992067
2009-12-01,0.18543544,-0.30365542,0.33963537,-0.13245384,0.021482563,0.081976414,-1.1787735,0.13864823,0.14813742,0.34279853,0.29087132
2010-01-01,-0.50682485,0.13471536,0.12064068,0.31192318,0.015013063,0.23042369,-1.8445961,-0.471303,0.4276042,0.22465983,0.37854362
2010-02-01,-0.7066863,0.2885993,0.1536158,0.04879245,0.13029192,0.027479267,-0.8147267,0.027211178,-0.054020215,0.10509138,0.08498468
2010-03-01,-0.45253658,0.18082698,0.07627173,-0.067290686,0.07868453,0.015147114,-0.97517884,-0.69301367,0.27345222,0.33993864,0.08699534
2010-04-01,-0.30186978,0.0961104,0.17479494,-0.10576166,0.059918214,-0.24972615,-0.98080873,-0.04155401,-0.04209019,-0.22090654,0.10723615
2010-05-01,0.061258674,0.16179259,0.11353628,-0.12935361,0.033377267,-0.43940014,-0.73483574,0.08190161,0.14007728,0.10227652,0.14383046
2010-06-01,-0.6030694,0.1319005,0.26715207,-0.54355323,0.055628728,-0.12854934,-0.379616,0.033377267,-0.09074859,0.15482226,0.06192889
2010-07-01,0.12010455,0.12975577,-0.10991707,-0.55414283,0.077478126,0.027881384,-0.7515914,-0.22827896,-0.002144718,0.03203678,0.35816878
2010-08-01,0.1949017,0.12466204,0.15227535,-0.41004428,-0.011393833,-0.1076383,-0.5597727,0.06876521,-0.14637737,0.34530038,-0.016219473
2010-09-01,0.25750083,0.03337724,-0.114876725,-0.4499897,0.14101553,-0.14879017,-0.92853105,-0.27197772,0.23136206,0.34999198,0.42854252
2010-10-01,0.07814834,-0.02426219,0.12921958,-0.2585732,0.08257184,0.10428716,-0.87183,-0.094635904,0.16715436,0.17412472,0.16058612
2010-11-01,0.38042027,0.14637737,0.16098829,-0.09369759,0.09557424,0.10750425,-1.2507757,-0.23203221,-0.13096218,0.25870723,0.24114731
2010-12-01,-0.091821,0.107906386,0.1499966,0.19584005,0.051205255,0.19570594,-1.1661932,0.12479608,-0.10964898,0.3131296,0.24101324
2011-01-01,-0.004094267,0.07260473,0.15367094,0.14452708,-0.010508585,-0.3975518,-1.1855587,-0.50427526,0.027840948,0.123646356,0.25097767
2011-02-01,-0.08884525,0.0040942193,0.12623945,-0.04885807,0.018970013,0.00040941237,-0.8269024,-0.3433712,0.33163434,-0.016513443,-0.0061413767
2011-03-01,-0.6152295,0.20867035,0.050222825,-0.35306096,0.0027295114,0.07151294,-1.3078403,-0.4844864,0.17305036,0.3703932,0.107405856
2011-04-01,0.2422432,0.056637146,0.012009812,0.04148841,0.07506128,-0.2636698,-1.3280387,-0.04435439,-0.18042001,0.29164714,0.30857006
2011-05-01,0.05404415,0.08707108,0.09102883,-0.2632603,0.06291499,-0.31662208,-0.8346815,0.41092634,-0.33067903,-0.029888058,-0.018970061
2011-06-01,-0.02320075,-0.024429034,0.17905526,-0.49949867,0.03971424,-0.37940064,-0.3518327,0.037394144,-0.011327433,-0.020744134,0.22327319
2011-07-01,0.09867146,-0.06100435,-0.04612856,-0.40232843,0.09689732,-0.27827257,-0.34541836,-0.04817567,-0.033572864,0.024974823,0.2097621
2011-08-01,-0.13579264,0.08925469,0.1521697,-0.8027462,0.15762873,-0.17045732,-0.1853331,-0.15176025,0.010099125,0.32713073,0.06932931
2011-09-01,0.13006072,0.18287654,0.0054590227,-0.67882687,0.16213235,0.023883153,-0.8920008,-0.32685772,-0.06496213,0.42211723,0.20989864
2011-10-01,-0.24074197,0.2591661,0.142207,-0.06864691,0.09989977,0.112182476,-0.96651614,-0.12214513,-0.013920451,0.19379464,0.25206938
2011-11-01,-0.075061224,0.21699531,0.1166862,-0.16800079,0.07697196,0.066053964,-0.9525957,-0.12555699,-0.2816845,0.13347264,0.10221982
2011-12-01,0.15066843,0.06468918,0.16991143,0.1356562,0.0782002,-0.81885034,-1.1513035,0.16663602,-0.063733816,0.22641201,0.32590246
2012-01-01,-0.48844042,0.20858574,0.011878163,0.025192142,0.06617832,0.17321232,-0.61166006,-0.25779527,-0.056258105,-0.085105084,0.39393726
2012-02-01,0.33363277,-0.23534425,0.22529347,-0.2963014,0.10207387,-0.11747632,-1.2191432,-0.11760684,-0.29512662,0.29708463,0.29290763
2012-03-01,-0.05939083,0.13770838,0.14958653,-0.11799842,0.08980413,0.0396809,-1.1025807,0.16224785,-0.24670024,0.23416948,0.09763584
2012-04-01,-0.3344159,-0.042683076,0.2101521,-0.3250178,0.09633058,0.022581542,-0.99450237,-0.0807976,0.37905693,0.16303101,0.039289284
2012-05-01,0.2649744,0.111733034,0.046076823,-0.2312978,0.08915148,-0.038114548,-0.20754151,-0.05978241,-0.090065196,0.57054335,-0.04281359
2012-06-01,0.02453947,0.10377075,-0.025975322,-0.21824488,0.08458294,-0.16368367,-0.26171115,0.06252351,-0.1234807,0.32397357,0.014227683
2012-07-01,0.007831764,0.10455392,-0.04216094,-0.8062792,0.042160988,-0.46115986,-1.6083815,0.19488014,-0.046598934,0.7433641,0.16903536
2012-08-01,-0.15141393,-0.1712544,0.052472748,-0.49379212,0.03498187,-0.103901304,-0.33885393,0.15428557,0.10964457,-0.04907904,0.292255
2012-09-01,-0.08379978,-0.07779541,0.1682522,-0.48413295,-0.01775198,0.0031326772,-1.1329939,0.11917321,0.08928199,0.3090933,0.21602592
2012-10-01,0.17530078,-0.008223343,0.20910785,-0.10429287,0.016185617,-0.18796211,-0.7761269,-0.1669469,0.14188531,0.10468445,0.064220384
2012-11-01,-0.020493079,-0.037984014,0.0014358163,-0.22085547,-0.008092833,-0.13588095,-0.9412464,0.0052211285,0.045163106,0.12909336,0.25753418
2012-12-01,-0.47917286,0.17021012,0.10781716,0.10285704,0.0071791112,-0.20976047,-0.76868665,0.34120345,0.13744731,0.12857132,0.23416944
2013-01-01,0.3580936,-0.12728718,0.22121339,0.026774693,0.09636025,0.39589316,-0.76329345,-0.14518471,-0.064287856,-0.012599898,0.2600152
2013-02-01,0.14203474,0.03908818,0.3197213,-0.14131883,0.0005727053,0.3936023,-1.0596764,-0.43211785,0.053692557,0.23724946,0.038229108
2013-03-01,-0.03565185,-0.02434063,0.04868126,0.08204224,0.073737785,-0.5171668,-1.3174007,-0.7027283,0.5234667,0.06872654,0.4296837
2013-04-01,0.20675218,0.09106259,0.14804831,-0.49239665,0.066578746,-0.3307462,-0.5261871,-0.030783748,-0.7184781,0.095787525,-0.09908068
2013-05-01,-0.1330144,-0.06013565,0.13258485,-0.23395638,0.05555389,-0.055983447,-0.7293598,-0.40348166,0.16651861,0.20274314,0.15821409
2013-06-01,0.30855328,-0.15778455,0.14003026,-0.32029405,0.13272803,-0.12456675,-1.2386516,-0.197875,0.101085186,0.32401666,0.445004
2013-07-01,-0.29552388,-0.20918627,0.27805594,-0.32745305,-0.028206492,-0.10538061,-0.6693673,-0.38787505,0.24168813,0.25371528,0.18713646
2013-08-01,-0.16408448,-0.24426539,0.14876421,-0.6886966,-0.016895294,0.040233612,-1.3457503,-0.061424304,0.3082669,0.54222333,0.4359836
2013-09-01,-0.028636027,0.065862894,-0.005870366,-0.32831213,0.043669987,-0.027633786,-1.116519,-0.055840302,0.29538068,0.6461721,0.17825933
2013-10-01,0.0008590698,0.044385813,0.18012068,-0.18370017,0.15005282,-0.29437843,-1.0066998,-0.067437865,0.17568207,0.29208755,0.1595027
2013-11-01,-0.1523437,-0.09836473,0.24240401,0.21677478,0.06042204,-0.11182372,-1.0704149,-0.15764141,0.12070088,0.30540332,0.17382076
2013-12-01,-0.021047521,0.14647333,0.13244167,0.34062564,0.052833486,-0.22765651,-1.2911987,0.2210702,-0.50556916,0.3122759,0.21605888
2014-01-01,-0.28749722,0.19060883,0.10692046,0.13213257,0.015048075,0.018348074,-1.2043732,-0.5033182,0.21238895,0.18889284,0.2951533
2014-02-01,-0.3191774,0.12790856,0.12434454,-0.3381855,0.041712187,-0.04659619,-1.2307733,-0.060720254,-0.3017533,0.06837626,0.39534172
2014-03-01,-0.0678483,0.2096169,0.16843274,-0.0938524,0.078408346,-0.047916222,-1.3020537,0.022308111,-0.17938878,0.080652334,0.2971333
2014-04-01,0.16275671,-0.08144436,0.14110862,0.00897603,0.023628091,-0.15906069,-1.5012425,0.14163662,-0.006204033,0.3533655,0.29396528
2014-05-01,-0.3402975,0.17965278,0.104016446,0.15866467,-0.0048840046,0.18242478,-0.5557224,-0.222157,0.21819694,0.3294734,0.32920942
2014-06-01,-0.0831604,0.20922092,-0.13371658,-0.5315663,0.14044861,-0.2559491,-0.5973026,0.041316174,-0.2951533,0.5307743,0.21423693
2014-07-01,-0.030624151,-0.009372043,0.14942464,-0.69419104,0.1368846,-0.03445215,-0.5916265,0.008844042,-0.16486871,0.46939403,0.11893252
2014-08-01,-0.011748051,0.3028093,0.19219282,-0.5525544,0.09570036,-0.37910563,-0.27403322,0.20130086,-0.28881726,0.6664709,-0.081048355
2014-09-01,-0.32524943,0.12711653,0.22400495,-0.29620928,0.08830838,-0.107844494,-0.41012582,-0.097812414,-0.057552256,0.011088085,0.1586647
2014-10-01,-0.062172223,0.1644727,0.14414462,-0.20605287,0.13530059,0.09702043,-0.8189316,-0.08434834,-0.25647712,0.39481372,0.045276165
2014-11-01,0.41606584,-0.21146488,0.16975275,0.13978861,0.003828001,0.06507631,-1.3238338,-0.4136898,-0.084612384,0.1807088,0.19219284
2014-12-01,-0.25726914,0.31693345,0.10731647,-0.043956183,0.054252245,-0.06388829,-1.1059009,0.20724086,-0.2098809,0.1467847,0.15681672
2015-01-01,-0.009422672,-0.015133381,0.08451848,0.16261247,-0.028981829,-0.3947528,-1.2674919,-0.16304079,0.3800477,-0.10179348,0.30109715
2015-02-01,-0.14276776,0.026983093,0.10907455,0.1464797,0.03012402,-0.44900456,-1.1254381,-0.58863133,0.046827793,-0.06667252,0.1570445
2015-03-01,-0.3870434,0.24912968,0.16047092,0.121067025,0.05325236,0.14562306,-0.80678046,-0.06039076,-0.0009993553,0.07737999,0.05282407
2015-04-01,0.19373581,0.00042829514,0.033407666,0.20515724,-0.030552292,0.018988108,-0.89943665,0.07323985,-0.18245718,0.5332376,0.51953185
2015-05-01,-0.45585737,0.11192989,0.17360553,-0.23842213,0.03312211,-0.20073143,-0.4882656,0.064102694,0.035263635,0.5537961,0.08023547
2015-06-01,-0.25369826,0.14962058,0.13163185,-0.5577935,-0.021129657,0.10093679,-0.669438,-0.06638698,0.011849726,0.5038274,0.26055112
2015-07-01,0.041402675,0.07038448,0.113643125,-0.87373847,0.031408884,-0.050111435,-0.3977509,0.100080155,-0.10850346,0.34335637,0.15304701
2015-08-01,-0.32279783,-0.18202886,0.16261244,-0.49497572,0.08166313,0.005567932,-0.31608778,0.265548,-0.12278028,0.30095434,0.14705074
2015-09-01,-0.41445476,0.06767187,0.18317099,-0.30195373,-0.021700716,-0.18845339,-0.62146795,-0.063959934,0.041688155,0.3053802,0.15490298
2015-10-01,-0.08023548,0.105077066,0.018702567,-0.087088324,0.15718727,0.028553486,-0.5929144,-0.18474145,-0.042116463,0.24541764,0.30066887
2015-11-01,-0.23756552,0.09522607,0.10493429,-0.022700071,0.107646845,0.14433818,-1.0119377,-0.24912968,0.07038449,0.2576956,0.1477646
2015-12-01,0.20772704,-0.13862748,0.086945556,0.14533754,0.030837823,-0.13777085,-0.9509759,-0.010564804,-0.16304077,0.12220917,0.3275092
2016-01-01,-0.42457405,0.09796896,0.25375968,0.15086707,0.016286064,-0.2310349,-0.48769832,-0.18280797,0.3151165,-0.021967221,-0.14632215
2016-02-01,-0.40083924,0.19467533,0.071961716,0.18785791,0.08054662,-0.61445194,-1.1008878,0.27156073,0.013887358,0.23355989,0.21664262
2016-03-01,-0.1987153,0.07827413,0.21260262,0.29466423,0.022472244,-0.21121387,-0.8684642,0.15566452,-0.49565202,0.016917324,0.18760541
2016-04-01,-0.121198654,0.0400208,0.22800498,-0.031814646,0.054665644,-0.315874,-0.6966397,0.17447557,-0.17737927,0.33127633,0.25363344
2016-05-01,0.0011362552,-0.019821024,0.027395945,-0.12283988,0.054160632,-0.29314923,0.2763582,0.06539676,-0.12460737,0.13180354,-0.04570198
2016-06-01,-0.17649554,-0.0717092,0.092287734,-0.14872083,0.10087266,0.012877357,-0.9503994,-0.0020199777,-0.2590621,0.1732131,0.04948945
2016-07-01,0.0034087182,0.048858188,0.097211406,-0.44452128,0.07814789,0.11109878,0.1891204,-0.041157056,-0.08471284,0.25678962,-0.04039955
2016-08-01,0.05239317,-0.0945602,0.14417592,-0.7597641,0.11172996,0.09506516,-1.1650221,0.12852105,0.0746129,0.6101594,0.3195352
2016-09-01,0.2995879,0.07701166,-0.17397057,-0.35400105,0.054918148,0.2797669,-0.8541981,-0.029542167,-0.13003603,0.44641504,0.19619033
2016-10-01,-0.4440163,-0.036738347,0.20212403,-0.19101414,0.057821847,-0.16917314,-0.87932146,-0.23027745,0.08004159,0.4937583,0.23456988
2016-11-01,0.1610932,-0.067038015,0.13104606,0.314359,0.02487098,-0.114633724,-1.2430437,-0.096706435,-0.12321863,0.3027442,0.35450608
2016-12-01,-0.034718372,-0.031688403,0.13761099,0.23671612,0.019063538,0.006186175,-0.8615204,-0.0491107,0.06123059,0.11198254,0.31347528
2017-01-01,-0.4108068,0.07996998,0.23173301,0.49175805,0.08814688,0.010302877,-1.7843605,-0.12837715,0.16778974,0.3797348,0.2906066
2017-02-01,-0.6945449,-0.068195246,0.21554275,0.14407678,0.10450061,-0.020605754,-1.2124689,-0.052005004,-0.5089295,0.1583046,0.080133535
2017-03-01,0.096977875,0.062962055,0.12592407,-0.2147251,0.09338005,-0.21505216,-0.93739843,0.19346516,-0.1200367,-0.04562702,0.12494288
2017-04-01,-0.02812848,-0.03957615,0.0035978318,-0.19052148,0.03565123,-0.46117654,-1.1130381,0.025675416,0.21178141,0.37482852,0.38578558
2017-05-01,0.060999583,-0.02175052,0.2485774,-0.2758882,0.094197795,-0.25381058,-0.27294454,0.06623278,-0.1978807,-0.12641473,0.0031072616
2017-06-01,-0.18496123,0.17122403,0.2567543,-0.28799,0.1296854,-0.4153859,-0.011611176,0.10155697,-0.18185401,-0.0009811402,-0.019133855
2017-07-01,0.15585145,0.29387736,0.11905551,-0.24318066,0.09566965,-0.11856489,-0.87607175,-0.071629524,-0.04448228,0.29289603,-0.11823783
2017-08-01,-0.2443254,-0.08422196,0.37008595,-0.6310922,-0.06394329,-0.13688116,-0.33966795,-0.24890447,-0.16550025,0.06263485,0.22093955
2017-09-01,0.09550605,-0.0614902,0.14227787,-0.731668,-0.10809841,-0.16272011,-1.150161,-0.35487697,0.24726908,0.3949438,0.3841502
2017-10-01,0.14930996,-0.08847394,0.096977875,-0.5380393,0.0040884973,0.33672428,-1.1549037,-0.052822687,0.10679016,0.36697882,0.5705832
2017-11-01,-0.31742683,0.006050897,0.069503546,-0.2520117,0.08111477,-0.09763203,-1.1233408,0.070811845,-0.009321595,0.4094984,0.18512473
2017-12-01,0.072120145,-0.08863749,0.2004973,0.10286522,0.02567544,0.13001256,-1.2574419,0.16173887,-0.12526992,0.32135162,0.22911644
2018-01-01,-0.47328997,0.23833866,0.05379219,0.36597657,0.07723311,-0.8751731,-1.5224408,0.018292045,0.05189523,0.13238029,0.23007336
2018-02-01,-0.32410806,0.13183832,0.16720292,0.34944597,0.048236825,-0.48440066,-1.351173,0.2509399,-0.3285795,0.06856136,0.31611377
2018-03-01,0.17912659,0.10473893,0.15907311,0.072219744,-0.055011652,0.010568714,-1.2866766,0.4012057,-0.26313457,0.40405113,0.19552174
2018-04-01,0.29145336,0.02858982,0.14999482,0.05175974,0.068154834,-0.1102943,-0.43928027,0.046746373,-0.099319085,0.1978252,0.081433535
2018-05-01,0.013685155,-0.1556857,-0.058534574,-0.0001355052,0.035093643,-0.13359971,-0.24470703,-0.09674464,0.117746614,0.17709418,0.34294215
2018-06-01,-0.21218781,-0.016666079,0.2933503,-0.4906335,0.029538298,-0.15975055,-1.0343816,0.1391551,-0.012194705,0.44835854,-0.060973514
2018-07-01,-0.12167601,-0.01937604,0.24104862,-0.20581949,0.08251748,0.026963841,-0.531689,-0.05948305,0.0035229207,0.009213781,0.13238029
2018-08-01,-0.09132475,0.09647365,0.2616441,-0.6315501,0.07506518,0.026150847,-0.91094416,-0.31868824,-0.08251749,0.5684086,0.25188836
2018-09-01,0.08048502,-0.20541295,0.18048158,-0.35296887,0.2046,0.042681456,-0.83127224,-0.39348236,0.25175285,0.55594295,0.1959282
2018-10-01,-0.2868465,0.051353216,0.15649869,-0.09200226,-0.034145165,-0.15853111,-0.7505161,0.05596014,0.089563325,0.20134816,0.06395445
2018-11-01,-0.11679816,-0.038345575,0.18725643,-0.2005351,0.04349444,-0.16517046,-0.838589,0.03251921,-0.07845259,0.17668772,0.12994131
2018-12-01,-0.326547,0.05094676,0.1638155,0.28914994,0.11002328,0.19687669,-0.8705662,-0.09403471,0.03441615,0.079265594,0.07384567
2019-01-01,-0.1764512,0.24352928,0.05995481,0.25836962,0.1699214,0.31045908,-1.3090627,0.0031164647,0.08473806,0.27632627,0.3076393
2019-02-01,-0.097352386,0.12896223,0.012169028,0.10788896,0.005490923,-0.7012041,-1.2091875,-0.23121186,-0.11070867,0.4921043,0.31817603
2019-03-01,0.22705658,-0.15730715,0.1380148,-0.16992143,-0.024189662,0.028344965,-1.3710953,-0.03784275,0.21206789,0.15062904,0.257034
2019-04-01,0.28983104,0.06040001,0.024338055,-0.118574,0.018253565,-0.107740596,-0.9855443,-0.10907622,-0.27098387,0.07138176,0.32381535
2019-05-01,0.009794617,0.31001383,0.1593848,-0.35082468,0.07108502,-0.21043544,-0.49329156,0.12302609,-0.11619954,0.25495633,0.1291106
2019-06-01,0.11887078,0.08904181,0.16828902,-0.38124728,0.07123344,-0.045559693,-0.3112011,0.010981846,-0.17630276,0.08013763,0.13311748
2019-07-01,0.21548113,-0.32158932,0.20153126,-0.9680327,0.053721882,-0.1530035,-0.7219806,-0.13905358,0.13341427,0.4020237,0.21266147
2019-08-01,-0.14127961,0.16799219,-0.046895336,-0.4435765,0.08236365,-0.14335728,-0.97352374,0.0032648803,-0.06989779,0.786239,0.019589137
2019-09-01,-0.044669293,-0.0756855,0.28226247,-0.52341735,0.07316265,-0.31149793,-1.052474,0.08058281,0.05817399,0.2441229,0.13089144
2019-10-01,0.3117947,-0.29457998,-0.004303694,-0.18683937,-0.0048973085,-0.15760398,-0.741273,-0.12599412,-0.07850518,0.33524227,0.2973996
2019-11-01,0.2331411,0.028048133,0.10818577,0.02730615,0.11605112,0.09853959,-1.3532869,-0.25584674,-0.19218187,0.6316031,0.14929342
2019-12-01,-0.20182805,-0.24931702,0.08577695,0.22052684,0.06663294,0.0983912,-1.6444536,-0.26831263,0.2772168,0.4386793,0.43081388
2020-01-01,-0.09424715,0.058637083,0.031960987,0.14608939,0.051842224,0.20132904,-1.418489,-0.18421614,-0.054988004,0.12595654,0.24977386
2020-02-01,0.17591123,0.13677792,0.07675669,-0.046934843,0.040769137,-0.20120323,-1.3350632,0.06379614,-0.1732688,0.142692,0.19516337
2020-03-01,-0.015225505,0.07562423,0.28538394,-0.05008061,0.060776222,-0.17377217,-0.878298,0.010066438,0.055239677,0.41033372,0.18648104
2020-04-01,0.082041584,-0.12180408,0.20019658,-0.0968896,0.008682311,-0.1252015,-0.68577707,-0.026676059,-0.28374815,0.3313121,0.17754705
2020-05-01,-0.058385424,0.12608232,0.114883386,-0.15678498,0.0070465086,-0.091227196,-1.0958592,-0.24637643,-0.065809436,0.63418645,0.25342295
2020-06-01,-0.22586603,0.122055724,0.02919271,-0.45626193,0.06505446,-0.11526086,-0.08883643,-0.053100526,0.105446056,0.13728122,0.20636222
2020-07-01,0.0919822,0.06455114,-0.034603428,-0.6552003,0.08065748,-0.37132627,-0.3805119,-0.06341865,0.048822306,0.43449324,0.19717662
2020-08-01,0.2068656,0.029318541,0.09865123,-0.49325618,-0.011576367,-0.113876745,-0.87364227,0.013086414,0.09764461,0.3188549,0.21517035
2020-09-01,-0.23505163,0.1326255,0.12822144,-0.13212219,0.068451785,0.10745938,-1.1334826,-0.1148834,-0.033345126,0.27896652,0.19327584
2020-10-01,-0.07361098,0.26059532,0.112618424,-0.54736334,0.06782274,-0.10494276,-1.2630881,0.16748062,-0.4747591,0.3605048,0.15993074
2020-11-01,0.064676955,0.002390766,0.040643312,0.026046943,0.042782426,-0.20875303,-1.0652823,0.16395736,-0.012457227,0.3330737,0.27443668
2020-12-01,0.29758948,0.108717695,0.05410719,0.68288296,0.016609658,0.1453344,-1.5009081,0.036868382,-0.4502221,0.41939363,0.3725846
2021-01-01,0.21611404,0.04744325,0.079605624,0.5653893,0.052827884,-0.21087489,-1.5143993,-0.66958976,0.30576134,0.031725883,0.35582414
2021-02-01,0.07465758,-0.16037555,0.1443671,0.09896133,0.038856886,-0.663623,-1.0606325,-0.19064608,-0.11147702,0.22193527,0.20054217
2021-03-01,-0.16314061,-0.01076932,0.14538579,-0.13199691,-0.057193827,-0.185698,-1.1063293,-0.6327703,0.11569743,0.19297457,0.33894253
2021-04-01,-0.020665456,-0.17725721,0.08251627,-0.088628605,0.06272402,0.023576116,-0.76054686,-0.0001455307,0.1779848,0.47385007,0.15164371
2021-05-01,-0.03478203,0.033035614,0.15353556,-0.2500229,0.030270528,-0.12137313,-0.5713561,-0.06330614,0.04496918,0.18467931,0.2701062
2021-06-01,-0.27447212,0.22921188,0.3290464,-0.19006395,0.06068659,0.09648728,-0.3345766,0.031143714,-0.19675836,0.34228984,0.054719783
2021-07-01,0.096487306,0.013679934,0.12370167,-0.34621906,0.0436594,-0.088628605,-0.9605069,0.08993836,0.12064548,0.23969011,0.07232909
2021-08-01,0.3663024,-0.016881656,0.07160141,-0.44503483,0.07029171,0.050935984,-0.40937966,0.010332728,-0.085426904,0.09343109,0.26530367
2021-09-01,0.13840027,0.08833754,0.11584296,-0.22950295,0.009459496,-0.10725665,-0.6615855,-0.2548254,-0.33908805,0.15178928,0.0066944123
2021-10-01,-0.1392735,0.19573966,0.09212136,-0.20854643,0.08484478,0.14378496,-1.3687224,0.24769434,-0.30634347,0.14640446,0.21364002
2021-11-01,-0.26996064,-0.031580307,0.120208904,0.3124558,0.014262056,0.30430606,-1.3361232,0.07684054,0.06767209,0.3175494,0.29411888
2021-12-01,-0.38100109,0.18162313,0.18278737,-0.00334723,0.0013097763,-0.36906752,-0.9941247,0.17492871,0.00029108525,0.15644617,0.07727709
2022-01-01,0.42791834,0.070808455,0.21101947,0.14021099,0.15490949,-0.12142247,-0.8300184,-0.18302837,-0.36874083,0.093431376,0.07387595
2022-02-01,0.20935786,0.041155823,0.12155028,0.0071575167,0.031058574,-0.3735977,-1.0060171,-0.04102801,0.3559595,0.08307858,0.13982753
2022-03-01,0.09355917,0.026712943,0.11349805,0.013676012,0.019555401,-0.06799658,-1.3402483,-0.1804721,0.025946045,0.0945817,0.11273117
2022-04-01,0.115670875,0.13190314,-0.05700464,-0.024923552,0.025690412,-0.4640894,-1.0360531,0.2134479,-0.39264187,0.07783823,0.23300329
2022-05-01,-0.2094857,0.042689573,0.23453708,-0.27032477,0.09087511,-0.12206151,-0.7813216,-0.20309505,0.06659059,0.8117412,-0.08435668
2022-06-01,-0.13203093,-0.088574484,0.048057746,-0.18187806,0.109152414,-0.19453157,0.39622068,-0.11937747,0.19491501,-0.4248508,0.28400072
2022-07-01,-0.018277287,0.08537912,0.17497616,-0.4401884,0.056237746,-0.376154,-0.17663772,0.3576211,-0.0332314,-0.099822044,0.11579867
2022-08-01,0.18417868,0.22571795,0.14813541,-0.1685855,0.036682367,-0.098543905,-1.1476339,0.02824669,0.11362586,0.32413396,0.3045787
2022-09-01,0.07413161,0.028757948,0.010991907,-0.4330309,0.09151421,-0.110174894,-1.2483507,0.12001648,-0.1753596,0.39392003,0.3509748
2022-10-01,-0.058538415,0.04499022,0.08243948,-0.019427598,0.10749082,0.05406495,-1.3410152,-0.20002754,0.076048814,0.41449794,0.20667383
2022-11-01,-0.17101394,0.17523174,0.14340632,0.3372988,0.060327787,-0.21830478,-0.79129094,0.21306443,0.15120292,-0.05802717,0.19338124
2022-12-01,-0.30611238,0.07170316,0.17369801,0.29179734,0.07438724,-0.3500801,-1.099704,-0.008435654,0.07285347,0.3295022,0.1152874
