,zgv850_cluster1,zgv850_cluster2,zgv850_cluster3,zgv850_cluster4,zgv850_cluster5
1965-01-01,0.4297720552501032,2.2901950847534907,-0.045917085953988135,-0.7264990787037083,-0.7179151221019466
1965-02-01,0.34576156255552326,2.5939575263432095,0.04051747382618487,-0.6680140241247708,-0.7109776502702295
1965-03-01,0.368810735516629,2.1060489472888766,-0.001036445755744353,-0.6276786815924723,-0.611968738276784
1965-04-01,6.165039741386802e-05,2.132238234792437,-0.020722930930787697,-0.29757970669230477,-0.03355541152925026
1965-05-01,-0.030908354763257304,1.5693209000996182,-0.08817299036309123,-0.23569193531255253,0.3767206538014296
1965-06-01,-0.1758864117880999,1.6511020206269764,-0.04450601554708555,-0.08831717928902048,0.6842084774156897
1965-07-01,-0.08519171595068302,2.770738658450899,-0.04499019298236817,-0.17922303227127576,0.7880518349205575
1965-08-01,-0.2433570954254118,1.58733640398298,0.006842928632977419,-0.16395767204097061,0.6710825896844632
1965-09-01,0.06553497859987162,1.5299053419203985,-0.10864473413676023,-0.25327901859752466,0.3938970769323954
1965-10-01,0.1772497055491717,1.1014097503253393,-0.06298335079918616,-0.5092147432389806,-0.053759936879320847
1965-11-01,0.17830860816826255,1.9025510265713648,-0.07236615550937131,-0.4133755554918383,-0.017926568256282225
1965-12-01,0.2992414569450637,2.1355031501679194,0.014059650129638612,-0.64483998251743,-0.6090731155581591
1966-01-01,0.3661666065454483,2.4882004374549505,0.02266568066261243,-0.6302834045691569,-0.7731354091225602
1966-02-01,0.2848870484000546,2.374605195862906,-0.0004766142228618264,-0.5034472610129684,-0.5915441164156287
1966-03-01,0.16624296589170473,2.608917724518549,-0.00215786429180298,-0.4007838055735729,-0.28947931600780025
1966-04-01,0.03803574985240476,2.211663978440421,-0.021881819993723184,-0.32030182783720923,0.02585678565792921
1966-05-01,-0.1790140644978669,1.2805361123312087,-0.04908495116978884,-0.13741567486622294,0.4770677264143781
1966-06-01,-0.14898920968427498,1.6691214981533233,-0.04023513525680755,-0.014875413941555336,0.47356569912375474
1966-07-01,-0.22398559218746122,2.9654954160962785,-0.06663149339146912,-0.11170087534873212,0.7992100424882843
1966-08-01,-0.13452695714215102,1.4160160507474628,-0.0421699060825631,-0.24563108311324824,0.4787169942041723
1966-09-01,0.04600182301917319,0.9132896150861468,-0.05999005516059697,-0.36327819355198593,0.5999816627037234
1966-10-01,0.01358003434488329,1.8355761255536762,0.0008553503721486777,-0.46843094903914656,0.08310385775275347
1966-11-01,0.12377837704399886,1.6238449584870112,-0.006557330780196935,-0.42527034634449445,-0.16660170584190184
1966-12-01,0.26099847282393507,2.2116780281066895,0.010010004552896135,-0.6265257714224644,-0.43516678781044194
1967-01-01,0.45787992618851747,1.9063041323707217,0.04036263737361878,-0.849042857279543,-0.8568742653218712
1967-02-01,0.4695466514361107,1.6106247901916504,0.0040200643707066774,-0.6963228104544468,-0.7969787208045401
1967-03-01,0.2764807256349063,2.7424781095413935,-0.01799020574253518,-0.5966878328167025,-0.5139353435213974
1967-04-01,-0.004890548475718094,1.9600758949915569,0.016275446105282754,-0.30223524472752555,0.07851756200557802
1967-05-01,-0.006859231803376796,1.7442002182915097,-0.04557207998004742,-0.26324169069040015,0.24297228310166338
1967-06-01,-0.18127723833767034,1.9390583038330078,-0.045428138109855354,-0.05502303237797784,0.6398857366747973
1967-07-01,-0.03042786492634628,2.464015710921515,-0.037486355868168175,-0.2738508044696245,0.6402686601731836
1967-08-01,-0.06064772605895996,1.6377955675125122,-0.03222035098588094,-0.11505390532681199,0.6620111988811959
1967-09-01,0.04906496506626323,1.5252218359992618,-0.06401281163562089,-0.28978544669073136,0.3739334824608594
1967-10-01,0.16470757644560377,0.6932660227730161,-0.05871314453543164,-0.5266433367963698,0.13835600963452968
1967-11-01,0.1676553576174429,1.8849795772915796,0.015103787154657766,-0.5712620547560395,-0.15325235520921104
1967-12-01,0.5590466877161446,1.623702049255371,-0.06847988574008923,-0.726686637909686,-0.9977610372915501
1968-01-01,0.3956564402176162,2.541028317951021,0.008299166802316904,-0.7647694622884031,-0.9061643990074717
1968-02-01,0.33197656778965967,0.961037902604966,0.026527746813371778,-0.6926349929121675,-0.8213251102261427
1968-03-01,0.25186052514334856,2.357942433584304,-0.042840614332817495,-0.44157358466601765,-0.33519689629717575
1968-04-01,0.12807985215242637,1.4243885165169126,-0.0006985131767578423,-0.4128012989388138,-0.29073177677829093
1968-05-01,0.009874267093205857,1.2923521654946464,-0.007889381304266863,-0.1393338451620008,0.09591053353577125
1968-06-01,-0.06732269095541057,1.4238015526816958,-0.027823206910397857,-0.13873969189456253,0.5124700142116082
1968-07-01,0.04487503714606924,2.2392211925415766,-0.06734202150255442,-0.14451574839529444,0.5189885453480046
1968-08-01,-0.012790640595100695,2.158304907026745,0.005251740440144204,-0.23171960330400312,0.5404884495386264
1968-09-01,0.019116106174759947,0.8716456237293425,-0.06772576132789254,-0.26847551592060775,0.5635704209164876
1968-10-01,0.29922567339519324,1.2823205618631273,-0.08383311534998938,-0.5618106634890447,-0.10536283072901936
1968-11-01,0.21501876792665256,1.9565556730542866,-0.006652902084169909,-0.6552129983901978,-0.29485501894136756
1968-12-01,0.3678419958736937,2.5334088575272333,0.01285103615373373,-0.5889341968004821,-0.5799955347689187
1969-01-01,0.18876840526206515,2.168661639803932,0.02313599645276554,-0.4784985643918397,-0.5299514750155008
1969-02-01,0.25337097250809104,2.1757873750868297,0.05899757845327258,-0.5931767772455685,-0.6864334025034091
1969-03-01,0.22505399913100874,2.250087403115772,-0.0020585767924785614,-0.46798870211741966,-0.3953162853310748
1969-04-01,0.005533281808434907,2.3073397931598483,-0.016740022092562867,-0.2867714792001443,-0.11529751667162268
1969-05-01,0.018641008537704663,1.976316599618821,-0.1027982635423541,-0.23955412086893302,0.2752162334395618
1969-06-01,-0.009224507010589212,1.8684861205873036,-0.09408293757587671,-0.12064676304332546,0.4521091536777776
1969-07-01,-0.288418579404637,2.174372474352519,-0.04876070830505341,-0.08270837610862294,0.7578258834234098
1969-08-01,-0.21394221585685924,2.0861828611010598,0.020064248383278027,-0.16384657289161056,0.49945857466720955
1969-09-01,-0.02366044968998028,0.8871039464360192,0.008499844116158783,-0.24913913402401033,0.7587873354190734
1969-10-01,0.09424003882933471,1.034950926190331,-0.05503874956048094,-0.4378874282367894,0.15480236672773595
1969-11-01,0.46354856784060855,1.7653822898864746,-0.08358691993635148,-0.6667633037098118,-0.32537506847846803
1969-12-01,0.5255687792422408,1.9107861178261893,-0.028886656531597055,-0.6729551026078522,-0.8019463318150218
1970-01-01,0.36834892580064676,1.9575485161372594,0.005012812425775337,-0.6818355106916584,-0.8324871702892025
1970-02-01,0.22189109507253615,2.5835105351039345,0.010849254904314876,-0.6406966780052811,-0.5850930039475604
1970-03-01,0.20929282625853007,2.232331463268825,0.03578306917916052,-0.5400321522697074,-0.5838192454198512
1970-04-01,0.11141434059304707,1.5513049704687936,0.01834502055316989,-0.33371504701551846,-0.23777226849300107
1970-05-01,0.023619797459598316,1.7589957941146124,-0.023094911593943834,-0.1547146038930924,0.156204656856816
1970-06-01,-0.07044919371857482,1.58243959858304,-0.03213934483937919,-0.18045545601453938,0.44100938773736725
1970-07-01,-0.17381492939035773,2.8345840317862376,-0.005278200842440128,-0.2245123513409349,0.6902103017016156
1970-08-01,0.044652586013583816,1.1846246463911874,-0.05361906165489927,-0.1753139691274674,0.41301526674410194
1970-09-01,-0.10550537036132004,0.9624320836294266,-0.010567902063485235,-0.07460075812261613,0.5752892755880589
1970-10-01,0.2297739229970059,0.9351958831151327,-0.035531510366126895,-0.30329056450578035,0.3361868785648811
1970-11-01,0.21308297449249333,1.3871578943161738,0.04862709640292451,-0.5230943199063911,-0.31916379201702955
1970-12-01,0.39071520253763364,2.0084849425724576,0.033338943248963915,-0.6241182323362007,-0.590621770882025
1971-01-01,0.41430251578153193,1.2709047113146101,-0.011681397882057354,-0.7691793265889902,-0.8671507602784693
1971-02-01,0.33417537934699304,2.155301116761707,0.022276872186921537,-0.6684021383035379,-0.7208016587466729
1971-03-01,0.451856068635391,2.2541572650273642,-0.007686612370889634,-0.6867115126281488,-0.6864097787112725
1971-04-01,0.2716219526226238,2.253974477450053,-0.021914989411015995,-0.5239628866070607,-0.2031426785922632
1971-05-01,0.04369444292733225,1.4364713714236306,-0.03298477444332093,-0.21889173105114795,0.13524063113259108
1971-06-01,-0.053644360248315134,2.7700932252974737,-0.025672154151834548,-0.11878833174705505,0.4580206987334461
1971-07-01,-0.009369952762025898,2.584448882511684,-0.08252103812992573,-0.19209107658902153,0.7940665977757152
1971-08-01,-0.06467111219288939,1.9766801879519509,-0.002618578728288412,-0.1837610954143962,0.4498109221458435
1971-09-01,-0.0694207484060425,1.3114577247982935,-0.01828403524996247,-0.24122639757687928,0.658286344714281
1971-10-01,0.29257403339369825,0.9345276724724543,-0.055196837201947346,-0.421259979732701,0.16453244337221473
1971-11-01,0.6333597635818741,1.735364255451021,-0.014073409256525338,-0.7002862261944129,-0.3268933514269387
1971-12-01,0.41790153768103006,1.9032171794346402,-0.0019416715076658875,-0.5945106021693496,-0.6113923904372425
1972-01-01,0.39126825029567136,1.6281163408642725,0.006397141769411974,-0.5783131865204357,-0.4428573497911779
1972-02-01,0.3095371238255905,1.900869607925415,0.027547378558665514,-0.53391945166666,-0.6070925331697232
1972-03-01,0.2864799004490093,2.281273404757182,-0.004225134325679392,-0.6095943880862877,-0.4015777532647296
1972-04-01,0.1052569045480025,1.6209463278452556,-0.020976304804207757,-0.30293540387857154,-0.14805716530578894
1972-05-01,-0.057397719662068254,1.8742037670952933,-0.04574288352159783,-0.1229535849367986,0.44194274559253605
1972-06-01,-0.12247107481047259,1.8256853024164836,-0.05073633976280689,-0.07154038939319673,0.4584562487718536
1972-07-01,-0.1128502284823838,1.6136346828369867,-0.0663625739980489,-0.2157229136248104,0.698560258237327
1972-08-01,-0.29323753916611106,1.506843169530233,-0.03867562918458134,0.009378472526298195,0.9385901253397873
1972-09-01,-0.07110762141518674,1.504018335115342,-0.03980714449426159,-0.29330172988234976,0.499342127544124
1972-10-01,0.058759493216619656,1.2649486462275188,-0.07275316311279312,-0.3835239615596709,0.056855803037562026
1972-11-01,0.1238598756618419,1.580106644403367,-0.021030985517427325,-0.4240745892290209,-0.15261923757995047
1972-12-01,0.26341904017884854,1.7963048957643055,-0.048556320543866605,-0.49250839186496426,-0.40131632874651657
1973-01-01,0.3551255722167128,1.557635409491403,-0.005153197780600749,-0.5204847113030856,-0.7824696418715686
1973-02-01,0.28334304816642053,2.7795226801009405,0.010125225671799853,-0.5557843407646554,-0.7036088443383939
1973-03-01,0.2908819181434179,2.418384381702968,0.084587707206083,-0.625253261112776,-0.6729602086834792
1973-04-01,-0.013456820368261662,2.121042495682126,-0.04217363879433833,-0.08738344443626091,0.07505862087738224
1973-05-01,0.015941165166638665,1.6139417886734009,-0.020523434213828295,-0.2344736066020903,0.12093235443278058
1973-06-01,-0.05190583356356217,1.48959443682716,-0.03888840670697391,-0.09729356550779499,0.40983107031845467
1973-07-01,-0.10929037264343036,1.9549581266584852,-0.037179121864028275,-0.05291343712415852,0.7605577387460849
1973-08-01,-0.1345632992432279,1.042262429282779,-0.018928784838863066,-0.05276259340223719,0.6773963934037744
1973-09-01,-0.08500289108793614,1.8010399171284268,-0.024209131588577293,-0.18119121916958544,0.49988373023707694
1973-10-01,0.10855332711490534,1.1515566990489052,-0.03116104518994689,-0.3913495628560176,0.36973041005250884
1973-11-01,0.36441342810453,0.9708196634338015,-0.02071587776299566,-0.4905532129475328,-0.24280253706908808
1973-12-01,0.5807678073139514,1.5183931305294947,-0.05234439255559664,-0.749600275618131,-0.7799910336005978
1974-01-01,0.3284618005914203,2.2370771283195134,0.05095002838061191,-0.8445002993599313,-0.7686010948041591
1974-02-01,0.3912024199962616,1.5268589769090926,0.02577955776359886,-0.6151819326838509,-0.7811374780608387
1974-03-01,0.18474936832563352,1.9054214159647624,0.048885571595747024,-0.5954152736507479,-0.6126975867806411
1974-04-01,0.13610542578212287,2.017070707820711,-0.032304912820109166,-0.3309685920105606,-0.07839093847972592
1974-05-01,-0.012983618525125213,2.1684025015149797,-0.018791303446050733,-0.3350638708130258,0.17841749074982435
1974-06-01,-0.11722469797073785,1.9548356533050537,0.0017209374345839024,-0.14323121944411857,0.3411152013918249
1974-07-01,-0.16930591378171567,2.2857484363374256,0.02790758000628557,-0.15636702052882462,0.5497971685921273
1974-08-01,0.032023259959483553,1.4623551141648066,-0.05800008133519441,-0.12292281770315328,0.6078185468185239
1974-09-01,-0.09687594927342262,1.4998604853947959,-0.001518550852779299,-0.30936173728254973,0.3098580895400629
1974-10-01,0.14044167000358387,0.5114789874780746,-0.040168546547647566,-0.20881771552758138,0.3696775654467141
1974-11-01,0.32817088698936725,1.2652390059970675,-0.012105357582186116,-0.5491081319871496,-0.10595188089987127
1974-12-01,0.36207666715322917,2.4095103854224798,0.022998557451501256,-0.5904791296505537,-0.5152323987425828
1975-01-01,0.3632937321218394,2.1319705815542314,0.00829469587188214,-0.7449021104906426,-0.8344501256942749
1975-02-01,0.352106091834731,1.8495028927212671,0.026366554375272244,-0.6043973516245358,-0.6918156292380356
1975-03-01,0.3123701123868005,2.0819127559661865,0.00768478523241356,-0.4703015089035034,-0.4139077736110222
1975-04-01,0.07094531872514952,2.126664774758475,-0.005858978547621518,-0.22788519253496264,-0.10040333358252922
1975-05-01,0.032364638616978116,1.1078330732527233,-0.04585056041833013,-0.20492636278027393,0.14264854352648665
1975-06-01,-0.11006354401677343,2.6457221735091436,-0.025183807592839003,-0.1346174810753494,0.5519025572916357
1975-07-01,-0.07876890821982238,2.1039485931396484,-0.025736268144100904,-0.08436438978695479,0.6452448484374256
1975-08-01,-0.17124661954782777,0.974749383472261,-0.008085582157946192,-0.029286482661473948,0.7320790756039504
1975-09-01,-0.021456251457586128,1.398899583589463,-0.03415051602132735,-0.21052563288172738,0.48846944076258964
1975-10-01,0.14571187607312608,0.8431168539183481,0.007177237421274185,-0.2940772009677574,0.39590168290021943
1975-11-01,0.37718030103182393,1.0728721817334494,-0.038072169409133494,-0.5523376288961191,-0.35215856098547216
1975-12-01,0.5360920045335414,1.3942484344754902,0.005225937929935753,-0.6969749927520752,-0.7955615113421185
1976-01-01,0.4059634471343736,1.9691228866577148,0.000761625706218183,-0.7439714963318872,-0.8648796779353445
1976-02-01,0.19179256317221513,2.166012071427845,0.0625331699848175,-0.5412210206516453,-0.4202803824006058
1976-03-01,0.2920526506031974,1.9905917701267062,0.025595102342776954,-0.5287915468215942,-0.5852902080954575
1976-04-01,0.06383761321589099,1.9550725108101255,-0.003460074949543923,-0.3852759961222039,-0.06715624888495701
1976-05-01,-0.1719317856734082,1.2773161842709497,-0.012007319019176066,-0.08427696760560646,0.38420892343288515
1976-06-01,-0.0912192356535944,1.7163422845658802,-0.04668969311751425,-0.05377277609754781,0.47883307788430196
1976-07-01,-0.04794913012597521,1.6424005939846948,-0.05520996986888349,-0.08531099215882723,0.6281543795655413
1976-08-01,-0.10990716232839277,1.5332671858015514,-0.026656473310140427,-0.11874386033073801,0.6215979413288396
1976-09-01,0.059433448744022246,0.8452774513335455,-0.04806369193829596,-0.16464951341269446,0.3651110137381205
1976-10-01,0.13032324485859628,1.4149059851964316,-0.04352907883003354,-0.3176463431999332,0.12509829205710715
1976-11-01,0.39748212291022483,1.4818536383765084,-0.07997159598744474,-0.6998638637730333,-0.30105768180475007
1976-12-01,0.40164557048829935,1.8594127325784593,0.020335116278147325,-0.6414093443604767,-0.6491279456673599
1977-01-01,0.26274800805722254,2.0203912541979836,0.018040621071122587,-0.666234483484362,-0.7181752745698139
1977-02-01,0.40168173737445123,1.5764552922475907,0.028880986537842546,-0.7171687532643803,-0.9123183605147571
1977-03-01,0.24481658839573295,1.8484534252257574,0.02924003347288817,-0.5252840577578936,-0.589513996752297
1977-04-01,0.1882433503574171,2.670442206518991,-0.0237735333666933,-0.34566130794462613,-0.22463773081942304
1977-05-01,-0.03458173093149218,1.8338866177059356,-0.01570187450852245,-0.18737884085686482,0.19101102541132672
1977-06-01,-0.05381724962933084,1.945448915163676,-0.03152815574139822,-0.04868483873175793,0.4034246249896724
1977-07-01,-0.219213285372924,2.4153099173591253,-0.05763642373494804,-0.10636726119479195,0.7120900764697936
1977-08-01,0.03889523825402987,1.6580869754155478,-0.08381891064345837,-0.07842398691372793,0.591392342637225
1977-09-01,0.09959952242798725,0.6134843542462304,-0.05460263695567846,-0.1761365987238337,0.6364690094459348
1977-10-01,0.10286988848346776,0.9034063844453721,-0.03494531902106246,-0.4690313925508593,-0.018833692344587025
1977-11-01,0.31831051712319003,1.0407558509281705,-0.06438075564801693,-0.5027821806610607,-0.35828511889387926
1977-12-01,0.488640229075642,2.065536521729969,0.021713707865274046,-0.6598351431674645,-0.7284811357172525
1978-01-01,0.35373223787647184,1.796439148130871,0.02845688723027706,-0.6642586872225902,-0.8920837466309711
1978-02-01,0.35875538143060975,2.1689036062785556,0.01373208942823112,-0.746108322847085,-0.9669793815147587
1978-03-01,0.1892736907732689,2.2683504081907726,0.018534927803557366,-0.4822017228017088,-0.47267748088371464
1978-04-01,0.0865470933712135,1.8489145097278414,-0.002792381856124848,-0.26635666851137507,-0.16445826466490585
1978-05-01,0.06730075988729121,1.7427118051619757,-0.051793864695355296,-0.236126609513017,0.23758271481932663
1978-06-01,0.02331507029169697,2.0481394869940623,-0.03236710268538445,-0.16104429960250854,0.46660580286165565
1978-07-01,0.06101781825961198,1.1626298228899639,-0.04972833601641469,-0.1198775577740591,0.37932472258079347
1978-08-01,-0.005973801332510124,1.1992173535483224,-0.02477535221260041,-0.1250379764642872,0.810160360685209
1978-09-01,-0.020392078874727427,0.8140792449315389,-0.007662785437787534,-0.13209962453998503,0.7392708121276483
1978-10-01,0.261660014926377,0.7797942275092715,-0.05693360697478056,-0.43438223541760057,0.27965023750212137
1978-11-01,0.38018903489840233,1.6352674790791104,-0.019916987657779828,-0.6888594295157761,-0.2631300469724144
1978-12-01,0.49714602656283624,1.7171993142082578,0.018109013471985236,-0.601848129366265,-0.6370942040187557
1979-01-01,0.2725211682461076,2.1206740822110857,0.0405302250146633,-0.6274140760546825,-0.6416275733854713
1979-02-01,0.31536635705980204,2.5371977261134555,0.003083793562836945,-0.5783824158496544,-0.5980517806076422
1979-03-01,0.22882452645039156,2.106908389500209,0.011171655714861117,-0.3909506025861521,-0.36654163424561664
1979-04-01,0.023326656575930322,2.022115247590201,-0.025200051604770124,-0.3092375935101118,-0.02565152670552091
1979-05-01,0.06654838620984958,1.4888916696820942,-0.050753725809045136,-0.18853801684301408,0.20116100587495944
1979-06-01,-0.20804289033857443,1.9516370126179288,-0.0018614850705489516,-0.056203161595297646,0.563584377125996
1979-07-01,-0.16702760358230542,2.4706020241691955,-0.06414110830519348,-0.17993643147046448,0.6537175760036562
1979-08-01,-0.15040221545150725,1.4954232034229098,-0.0458909006556496,-0.1801144392763982,0.9547387681356291
1979-09-01,-0.07101063758639967,1.1006488686516172,-0.034310648625250906,-0.22659519168197131,0.20331138881241403
1979-10-01,0.32723486676054486,1.01349637621925,-0.06687874207273126,-0.5192401467776689,0.09479141089974381
1979-11-01,0.24358981241614133,1.3284185103007726,-0.03212789975805208,-0.5267182334524686,-0.21322038842410576
1979-12-01,0.5076553609411596,2.005824020930699,0.022561571386177093,-0.7144487294994417,-0.6801669190569622
1980-01-01,0.4275411746259463,2.1135250727335615,0.018023588345386088,-0.7021054381229839,-0.8654170646900085
1980-02-01,0.3684503042091758,2.1209241378875006,0.04095465876162052,-0.7213921331968464,-0.8893044256582493
1980-03-01,0.20140757058131495,2.7455593858446394,0.04527009732555598,-0.5078219976581511,-0.48647054084917396
1980-04-01,0.13053314918178624,1.9861217056001936,-0.017015100129356142,-0.26639800091258814,-0.08954933685500448
1980-05-01,-0.11048460600234696,1.4831474849155972,-0.04716622148407623,-0.08325803353161108,0.33192776325272355
1980-06-01,-0.1663264960555707,2.4638675508045016,-0.03075285261729732,-0.1525279806285608,0.5737014660021155
1980-07-01,-0.09104291616418099,2.573285500208537,-0.016635226202197373,-0.17360299825668335,0.6759050415783394
1980-08-01,-0.11269698803455143,2.0899840763636996,-0.024575625429861248,-0.1383570007613448,0.6852479242696995
1980-09-01,0.19447970819675317,1.4001104093733288,-0.054992627701722085,-0.40306595505261034,0.4090929540192209
1980-10-01,0.09288716019462731,1.456196251369658,-0.021124656777828932,-0.39408876270544335,0.27222655168393767
1980-11-01,0.24977628204782132,1.7380210615339733,-0.027405460132285953,-0.49054769218945116,-0.020800773962968734
1980-12-01,0.5493549472194608,1.7451954739434379,-0.04543396731605753,-0.7575143556125828,-0.7593724785781488
1981-01-01,0.47645631988169784,2.372298212278457,0.03033474349649623,-0.8986906927140033,-0.8762536979303128
1981-02-01,0.3259705032332469,2.4187970729101274,0.043614979658741504,-0.6763251101384398,-0.8356163414513194
1981-03-01,0.14728147504945935,2.3046607062930153,0.023619820130988955,-0.44764045809136066,-0.38632448853516
1981-04-01,0.0067612803462198225,2.0109608059837707,-0.01013155488180928,-0.2978132396447854,-0.18657525865043084
1981-05-01,0.012073373832439973,1.336678152992612,-0.01582766602950869,-0.22504439607995455,0.0896080238063161
1981-06-01,-0.09369605173498897,1.488854203905378,-0.042290310957469046,-0.13241452760383732,0.7500433340305236
1981-07-01,-0.25313821131900205,2.0700267383030484,-0.05407454096712172,-0.05868047353674154,0.8573114145092848
1981-08-01,-0.020286712353512395,2.4175754615238736,-0.058332731132395566,-0.3337812961124983,0.6297357925554602
1981-09-01,0.1799571248939482,1.35884199823652,-0.0538639270234853,-0.33546544489313346,0.2879921437763586
1981-10-01,-0.02439989376876314,1.557274659474691,-0.008862187969498336,-0.40425904950157543,0.03894969548394041
1981-11-01,0.3028779464252925,1.6480035725094024,0.010296978216501884,-0.6314422752036423,-0.21726636261474797
1981-12-01,0.477197513741962,1.3670989445277624,-0.013216848601587117,-0.7242908731835788,-0.8625577135783871
1982-01-01,0.5387365818023682,2.2009403932662237,-0.024282385129481554,-0.742207296559068,-0.8526434258716863
1982-02-01,0.27663720676959574,1.986039820171538,0.02628651011036709,-0.6457951225218226,-0.520692147859713
1982-03-01,0.1392603804499416,2.5408338932763965,0.03616412723204121,-0.47213391202395083,-0.3814379979924458
1982-04-01,0.1200387538489649,1.1017516964957828,0.01250029821676435,-0.2907870001480228,-0.15334508767942104
1982-05-01,-0.12219501817125386,1.5879849592844646,-0.03150036180159077,-0.09151272109297455,0.31968889439978254
1982-06-01,0.04423911351773699,1.9811635925656275,-0.11267464375123382,-0.2419868942166938,0.37739382284443557
1982-07-01,-0.16075673876172406,1.8183127755210513,-0.034104620572179556,-0.06670889551522302,0.7684333295356937
1982-08-01,-0.11866505620843273,2.2682821466809227,-0.03924434073269367,-0.18906537138047766,0.9154063899342607
1982-09-01,0.0436024266784474,1.7660586606888544,-0.06440709257731214,-0.33424992541797827,0.42311120324018525
1982-10-01,0.08567708970631584,0.9871677983374824,-0.018829358159564435,-0.39773715324089176,0.03329892529220116
1982-11-01,0.054109783180184286,1.6462372882025582,-0.0020759748690579727,-0.4085161891139922,-0.04330320147479453
1982-12-01,0.5098146907353805,1.530433836437407,-0.08334236859809607,-0.5047833821812614,-0.6077005368907278
1983-01-01,0.3641550886934087,1.7250319321950278,-0.012190930137876421,-0.629936183085207,-0.754578956743566
1983-02-01,0.19374390653634477,1.6581023023242043,-0.020521526457741857,-0.49452434797756006,-0.5730726006554394
1983-03-01,0.1158997913727821,1.448780582064674,-0.0037943635834380984,-0.3171895371108759,-0.3277285433397061
1983-04-01,-0.030869333925893753,2.2487936984925043,0.015622433202224784,-0.11278075761482365,-0.18030844810532362
1983-05-01,-0.039188658534470254,1.5757335083825248,-0.05258296034298837,-0.06705418106962423,0.1685024398129161
1983-06-01,-0.11668960263921044,2.2577136754989624,-0.03737309336429462,-0.13964653747980713,0.3149832167276522
1983-07-01,-0.22744425903942628,2.799114159175328,-0.04393465060275048,-0.052456893637532094,0.59984853354896
1983-08-01,-0.044559175937862724,1.7897168795267742,-0.031661977409385145,-0.15807019882514828,0.6170757660051672
1983-09-01,-0.1531925273396201,1.2953942730313257,0.022799676880822517,-0.20162204249960478,0.5435459134055347
1983-10-01,-0.08985734844611863,1.5666907741909937,-0.021193682005105074,-0.33234426232635,0.27427110003262034
1983-11-01,0.4649528760021016,1.539556894983564,-0.06785210920497775,-0.8124767268290285,-0.22372370812951067
1983-12-01,0.6357037920062825,2.0956607091994512,-0.04590449665556662,-0.8638125951172876,-0.829408735763736
1984-01-01,0.42091403472221506,1.671573519706726,0.057148561463691294,-0.6444267562178315,-0.9284298594405012
1984-02-01,0.37243750135777365,1.858401866186233,0.05824612046126276,-0.7127967037138392,-0.8949147491920285
1984-03-01,0.16345972731962044,2.023875145685105,-0.001053933156072162,-0.4429428792390667,-0.49354255926318286
1984-04-01,0.05701859560558352,1.3064351819810414,-0.01961832633242011,-0.22982945207689628,0.0629630076085649
1984-05-01,-0.060712752106078606,1.4351722739991688,-0.02394796465523541,-0.09646452352648877,0.24791772409183224
1984-06-01,-0.09081656018556175,1.8397386584963118,-0.06353392382152379,-0.05732918249779061,0.6474321935235
1984-07-01,-0.18902990209349133,2.482729298727853,-0.010710289643611759,-0.23244128364031433,0.6221186823961212
1984-08-01,-0.12367810675148237,0.8085246597017561,-0.01791567774489522,-0.072161609032115,0.9268286024651877
1984-09-01,-0.06462693593259586,1.5837672210875011,0.015472242084797472,-0.28384926377749836,0.3404834285015013
1984-10-01,0.26276926431110353,0.9453420128141131,-0.06617271494178567,-0.5121764589528569,0.017947114140885633
1984-11-01,0.2913651577496933,1.2507244234993344,0.011483411653898656,-0.49276982174545036,-0.08875533211521987
1984-12-01,0.5830058733285484,1.8202148732684909,-0.014508847962133586,-0.7722942066974328,-0.7586179710016019
1985-01-01,0.44828019404815417,1.7433535485040574,0.011209792501176707,-0.7520656116673204,-0.9062686344472374
1985-02-01,0.1930754821179277,2.1393310456048877,0.04562456480925903,-0.5044789587865111,-0.3742345949498619
1985-03-01,0.34672959502470696,1.7072159619558427,0.016944431845331565,-0.5181125930098237,-0.5750608880345415
1985-04-01,0.21938729589268313,0.9567063479196458,-0.01606727299076738,-0.22302172223075492,0.02261911087283274
1985-05-01,-0.0828175253029597,1.635006070137024,-0.019814927072729915,-0.28683914512884423,0.28903406204246895
1985-06-01,0.01833188994708708,1.4220781269527618,-0.051390238804742694,-0.20101800805232564,0.6489329948657897
1985-07-01,-0.06873625709470046,2.090020122982207,-0.007453698781318963,-0.11264135847326186,0.5480890957320609
1985-08-01,-0.2183573667780828,0.9385243767783755,-0.025349740753881633,-0.1032212474307076,0.8016738222866524
1985-09-01,-0.08723612922101709,0.8304754183405922,-0.008908632444217801,-0.1637572636369799,0.6509651498096746
1985-10-01,0.13217215694613377,1.5808068570636569,-0.015241068613249809,-0.46512753259940226,0.25736667760988563
1985-11-01,0.32474721892405367,2.2490656092053367,-0.04679211851907894,-0.5499329723295618,-0.3027568139681002
1985-12-01,0.5060541427741617,1.820409581774757,-0.0497758953133598,-0.7205696379552122,-0.596006832471708
1986-01-01,0.5289977005982803,2.139437056723095,0.0075881186057813466,-0.8020172842213366,-0.932460441821959
1986-02-01,0.5264488569760727,1.8873082739966256,-0.014453522599069402,-0.7670267683560731,-0.8545890087034644
1986-03-01,0.2904877950579433,1.9557268846602667,0.004431519355421187,-0.43202106092796955,-0.41045422961072225
1986-04-01,0.07131943850130854,2.223117720513117,0.018528440268710256,-0.3739065811282299,-0.30034787771178456
1986-05-01,-0.09599573657674305,1.399240607307071,-0.08171560824848711,-0.11761412024497986,0.21873283676984834
1986-06-01,0.025934017247567744,2.071602003914969,-0.044609892065636814,-0.21505973866728487,0.5043304911473903
1986-07-01,-0.10774800143504547,2.1813635315213884,-0.01130807853769511,-0.178345903509953,0.5526610627406982
1986-08-01,0.09291307148286852,1.1129257934434074,-0.03819598612608388,-0.27389025590458854,0.6610618131916698
1986-09-01,0.004423327617726084,0.9052512191590809,-0.04573029771563597,-0.2558448764144397,0.5998270177259678
1986-10-01,0.09925811496263338,1.2235485372089205,-0.028203161928104237,-0.35651096555053213,0.09915534316039668
1986-11-01,0.3222740681494697,1.5675157308578491,-0.03694178791192826,-0.5380828849604873,-0.1313266412514012
1986-12-01,0.3317129308894529,2.0481441702161516,0.01497969962656498,-0.6875875543375485,-0.5831949957987158
1987-01-01,0.5623840300713555,2.379096973510016,0.009086628415388986,-0.8088416740542552,-0.9350504817032234
1987-02-01,0.38114339113235474,2.519160509109497,-0.006486913734988775,-0.7259743135483538,-0.7759209813141241
1987-03-01,0.10749065490849948,2.812502213886806,-0.0045403262083709706,-0.4141708377931939,-0.3307940029516453
1987-04-01,0.07969445166162263,1.8328817117781866,-0.014802413643337786,-0.29747947806217634,-0.09321057033248065
1987-05-01,-0.059035637857929125,1.6849871192659651,-0.017955313451238908,-0.1565661708839604,0.15400350093841553
1987-06-01,-0.0649228755195262,1.816437499863761,-0.09286862215958536,-0.30525917889641935,0.5659141918508018
1987-07-01,-0.19397406002222484,2.572172312509446,-0.035894287284463644,-0.13909778389774385,0.9419854821228401
1987-08-01,-0.2155490219593048,2.279110323815119,-0.04095474781934172,-0.1823958559114425,0.7225730070253699
1987-09-01,0.08595059546878783,0.5468074409734636,-0.04157404875513748,-0.21101732234485815,0.5278190098157743
1987-10-01,0.0558953732252121,1.5573402245839438,-0.04653045310988091,-0.4025740213081485,0.124646477946421
1987-11-01,0.2736325233669604,1.5053378684180123,-0.033000027178786695,-0.4539988568571747,-0.10154120078900966
1987-12-01,0.544038339186523,1.4630482310340518,-0.03751385927898809,-0.6049405355922511,-0.8258254062838671
1988-01-01,0.44027128083220984,2.3995762779599143,0.01506346045061946,-0.639209297836804,-0.8183330297470093
1988-02-01,0.2564350364066787,2.312785103207543,0.04826983611565083,-0.7165130044593185,-0.6739238413368783
1988-03-01,0.26468358681363574,2.0161170335043046,-0.012674453028012067,-0.4794208729853396,-0.4834175109863282
1988-04-01,0.11700043865179612,1.4853652034487044,-0.02645223547006026,-0.30084533281013615,-0.22676845149296088
1988-05-01,-0.0653318745099892,1.7762590022314164,-0.03276707313489169,-0.2818332343805032,0.1975723701279338
1988-06-01,-0.18400586825811258,2.1879416136514576,-0.035082664544461295,-0.0629691804041628,0.593479014024502
1988-07-01,-0.025604652651285722,2.2316194715954007,-0.10493359179235995,-0.1876340659915424,0.6373195386514432
1988-08-01,-0.13632452020705757,2.0401724747249057,-0.028775353566743433,-0.08915107025474799,0.40727664784687323
1988-09-01,-0.005515980518470376,1.1446727173668998,-0.028605321313079912,-0.25453916827186207,0.35423432908407076
1988-10-01,0.21359230691598635,0.747425499416533,-0.05029136664234102,-0.39776524559396215,0.3427985964751825
1988-11-01,0.5307324862076065,1.3535330692927043,-0.022871165274409577,-0.6884459589348465,-0.46479244057725116
1988-12-01,0.5432555230997377,1.9775864623841786,-0.041127988315565744,-0.779654110064272,-0.6485808186414765
1989-01-01,0.3763959695727138,1.9365451165607999,0.011500720866024494,-0.7000175167302617,-0.5975374724806809
1989-02-01,0.39926707997160443,2.155803782599313,0.0020565577142406255,-0.6501237388517036,-0.6019639532740524
1989-03-01,0.29933624348397986,1.828299533753168,0.033301617950201035,-0.5728444603622936,-0.5163879656210179
1989-04-01,0.10896079692105622,1.7967102073487782,0.0034745733137242496,-0.26930626787123135,-0.06128837604348253
1989-05-01,-0.040901018803844516,1.4810025691986084,-0.012426073408278171,-0.18352638991152653,0.22864285402181672
1989-06-01,0.02336104289960053,2.5729985464186895,-0.032771031255833805,-0.28316588675389526,0.4051032589703072
1989-07-01,0.007129199329321667,1.637849353608631,-0.03774778117076494,-0.12173635549232609,0.604155768708485
1989-08-01,-0.06808831466961715,1.8002101353236608,-0.0602401839569211,-0.19047870987751445,0.7168263923831103
1989-09-01,-0.09834462050664224,1.533556694076175,-0.029916001221863553,-0.19464745629029195,0.7869064081005934
1989-10-01,0.2392687266534668,1.1501471201578777,-0.06298669497482479,-0.5018212267609894,0.21968467569932706
1989-11-01,0.44984076235253934,1.5252729256947837,-0.03160515858326107,-0.6535631222803084,-0.48385505996099337
1989-12-01,0.4374222356384084,1.933390327862331,-0.00044284097384661436,-0.7192066458405042,-0.6579370033450244
1990-01-01,0.37102385471432897,2.0730811925161454,0.03229614987503737,-0.6782564960542272,-0.7696512268810738
1990-02-01,0.17665123125001536,2.0567972035635087,0.023908268194645643,-0.5225389707283896,-0.4775108360662693
1990-03-01,0.2318121271870904,2.0238772744224187,0.04894782032351941,-0.5965070646317279,-0.48342576114142816
1990-04-01,0.0009920574345831145,2.0129835321789695,0.008739219920244068,-0.3192065924894614,-0.08492212651706324
1990-05-01,-0.05183117779887329,0.9044225726808821,0.017637129640206695,-0.1157383571882717,0.24736581779107816
1990-06-01,-0.17507554237115183,2.1071178572518487,0.0051338193588890135,-0.12710089566277677,0.8453702781258561
1990-07-01,-0.16227893657603507,2.5619941098349437,-0.03859956399537623,-0.181881704779922,0.8512185114185985
1990-08-01,-0.06375077764614154,1.0881951167469934,-0.02639072248712182,-0.15466149713172286,0.8755132192518653
1990-09-01,-0.07185867782366478,1.3612483228955952,-0.05060346040409058,-0.22785888343560892,0.6557651409288733
1990-10-01,0.18322831177610463,1.4128483477092926,-0.01862178381998092,-0.5210628275011406,0.12514494904657691
1990-11-01,0.16717540131787123,2.0273168881734214,-0.010107251582667232,-0.47506606969677034,0.0362366914930867
1990-12-01,0.4621358872470209,2.361297607421875,0.01695077895419672,-0.7187672325822174,-0.7880383148425963
1991-01-01,0.4630708719714213,2.15050322668893,0.062299626879394054,-0.7907977358239596,-0.9165941215142972
1991-02-01,0.35053955675181697,2.47423563684736,0.042151272064074874,-0.6939111185855553,-0.889960222127961
1991-03-01,0.10740605214515986,2.880994762693133,0.019055067095905542,-0.49069782749551244,-0.24267304234388398
1991-04-01,0.1900197338249724,1.952296921185085,-0.008692602859809995,-0.33435704278164224,-0.19635676247317618
1991-05-01,0.006807548136024152,2.0038530940101262,-0.04849965902394615,-0.30432719676221004,0.14524388967490778
1991-06-01,-0.22844089416124055,2.462191241128104,0.03214193740859628,-0.1482990677239465,0.5890377047585278
1991-07-01,-0.2757067144927332,2.4780040695553733,-0.008530576596967876,-0.08566942615587203,0.8766813976008718
1991-08-01,-0.006638801956580858,1.5818980478105091,-0.032745171047281474,-0.28272512994828775,0.5190942709038897
1991-09-01,-0.01665421335373895,0.8325092849277315,-0.06204179138876498,-0.2352589466532723,0.6224585742485232
1991-10-01,0.1729649696814812,1.0543921164103918,-0.13166112184990197,-0.42857180853359034,-0.0008602987935130553
1991-11-01,0.4570270746441211,1.5567033063797724,-0.04148959647864103,-0.6347827246931733,-0.4422391696674068
1991-12-01,0.43867307446770754,2.2539991708028886,0.0005208852235227823,-0.7112608092730163,-0.5716273697411142
1992-01-01,0.3209046072373956,1.4374989838827223,-0.006935425917617977,-0.6247411008741035,-0.7438571714773411
1992-02-01,0.2567586062823312,1.6283864066714333,0.024939891882240772,-0.5836884506413195,-0.6714658039372142
1992-03-01,0.07051666093579793,2.107582489649455,-0.016094852180685848,-0.31214954911685383,-0.14207696587574192
1992-04-01,0.036654623730455416,2.1213474727812267,-0.023429377724824008,-0.21484960786631851,-0.14128615034789574
1992-05-01,-0.0030684490072525154,1.8144247077760243,-0.07710159756243229,-0.20072142608830187,0.14458942885805923
1992-06-01,-0.1653424479951293,2.0338843266169233,-0.06453632027842104,-0.2160625379593646,0.6172719525127877
1992-07-01,-0.18040262541528476,2.1140873432159424,-0.05384455085732043,-0.12691544949031267,0.6547393595300071
1992-08-01,0.010703387275590736,1.3243998800005232,-0.04492679610848427,-0.2301905975967157,0.641870644034409
1992-09-01,-0.05642327922001734,1.0701960750988553,-0.014970483316574246,-0.31623285813409774,0.5892109216713324
1992-10-01,0.22019278731639103,1.141435830366044,-0.047708480269648135,-0.6318116774324511,0.283049283231177
1992-11-01,0.47334071438191305,1.2823767605282013,-0.06017317842633929,-0.641136140119834,-0.44599600681444496
1992-12-01,0.3680298325874038,2.14781349613553,0.028695911751128733,-0.6196850635966317,-0.5588554027603894
1993-01-01,0.38721063884638124,1.5766749779383342,-0.02056832890957594,-0.6559768661123807,-0.8584805378099768
1993-02-01,0.3360044779413838,2.674523705527896,0.04117231292184442,-0.7014328827623462,-0.5892721981537051
1993-03-01,0.14958513616505317,2.289314497084845,0.005906789592700079,-0.5707463768661999,-0.23868005813621895
1993-04-01,0.11470008925613712,2.1356314420700073,-0.007057117768454191,-0.3524718714542076,-0.146571101575363
1993-05-01,-0.036389735858824296,1.7394854908897763,-0.025810367660596967,-0.238730966067705,0.09272272085271231
1993-06-01,-0.15134112435882374,1.9082963466644287,-0.04778561014973093,-0.0525934957578534,0.558433300111352
1993-07-01,-0.08169741890693115,3.1058430671691895,-0.05070241342764348,-0.22509449818095223,0.5951691328025446
1993-08-01,-0.010350485474376355,2.216765142622448,-0.06284902803599834,-0.25775777023346697,0.4745775243131126
1993-09-01,-0.15054035900255383,1.31254323891231,-0.03198908652848331,-0.13416229945714356,0.4561604159634288
1993-10-01,0.08247126272674335,1.040593357313247,-0.040743649879004806,-0.4974005163693037,0.21999758191225008
1993-11-01,0.15972818611031872,1.9649516968500047,-0.002199516457039863,-0.3881676275222028,-0.08747161525051769
1993-12-01,0.46802754119291146,1.9166222640446255,-0.025669362512417138,-0.6703666976240815,-0.6450736668051743
1994-01-01,0.3810256088184098,1.955964451744443,0.011853410978801548,-0.6720627429055386,-0.7698915353635463
1994-02-01,0.28197205925391894,2.220529175940014,0.034245319257024676,-0.6214095920812889,-0.6671874988369826
1994-03-01,0.27622897493637216,1.9805011295136952,0.012115596546209417,-0.6296997187567539,-0.6104070965836688
1994-04-01,0.12169242441906768,2.1313302573703585,-0.007430362020386383,-0.365785008571187,-0.03412811585315844
1994-05-01,-0.026218179550211308,1.5579609643845331,-0.04725950013380498,-0.11164315167020579,0.30056147313699494
1994-06-01,-0.21404577261310515,1.8983875002179829,-0.024775125348242,-0.05529587019662388,0.5115668948103742
1994-07-01,-0.060886447712526486,1.6104658444722495,-0.08888673037290573,-0.14396786201195638,0.6840484171378903
1994-08-01,-0.158203241683669,1.2184837034770422,-0.03700105495227035,-0.09915417701494499,0.9861004061815216
1994-09-01,0.1587908115174811,1.7460022653852192,-0.06422532605938613,-0.3577270957290149,0.3939344025239712
1994-10-01,0.10331423984745802,1.2173256703785489,-0.04222152812872082,-0.5373715377244793,0.1406585297933439
1994-11-01,0.29141037898548583,1.7408037469500588,0.008496968075633049,-0.6377169343291736,-0.24918474075270863
1994-12-01,0.45654370244276726,2.4394693828764415,0.025725177256390452,-0.6646934591355871,-0.5376066376523274
1995-01-01,0.44694871215497034,1.8642703692118328,0.03715464845299721,-0.7477366044873097,-0.9591692104572204
1995-02-01,0.36761292840464643,1.4502187569936118,0.0346519096638076,-0.6481694882033301,-0.7730584319044904
1995-03-01,0.16997763413493916,1.8160455283664523,0.021668783301720396,-0.4570766062032981,-0.5455050526595697
1995-04-01,0.13153773211574152,2.268588968685695,-0.023608036572113633,-0.280094000159717,-0.25926606684196285
1995-05-01,-0.0610882668929585,1.9467122498012726,-0.05388637422583997,-0.17881867338399418,0.12838240803741827
1995-06-01,-0.16911639121629424,2.343447293554034,-0.03273690730566159,-0.08295879500811218,0.5236085958597138
1995-07-01,-0.2969396568961063,2.3200097538176037,-0.011552487849257886,-0.13792551443225048,0.6574217139220819
1995-08-01,-0.26118990223286515,1.9688823393413,0.01912188556161709,-0.1253065149315068,0.7981639809724762
1995-09-01,0.08025293127965119,1.875893133027213,-0.10625972878187895,-0.2878233057553651,0.5399106842715566
1995-10-01,0.1664020618329109,1.1445896256537664,-0.044372990378178656,-0.35709352766881225,0.24668817839971405
1995-11-01,0.32693920499187407,1.731986375082107,-0.06292260572081432,-0.6151929742000142,-0.21130582544861773
1995-12-01,0.6921817690639173,2.0662519193830944,0.0005273447641229723,-0.841286045606019,-0.7699057823274195
1996-01-01,0.378522920911595,2.1870635804675875,0.028207916766405106,-0.699129798373238,-0.707333480439535
1996-02-01,0.4843411304182926,1.9121460971378146,0.042517371475696564,-0.7696961770292189,-0.9123217041899518
1996-03-01,0.16191611697865746,2.6136591320946105,-0.001084875111700967,-0.4442520806046783,-0.4148333174426381
1996-04-01,0.17673687346405903,1.7135177339826313,-0.048724287771619856,-0.3748965556504297,-0.16356232326205183
1996-05-01,0.04124793271392079,1.3866414626439414,-0.0397391889418941,-0.27063601329678394,0.3032323063873663
1996-06-01,-0.12637933684607686,2.4565103508177257,0.01993500907701673,-0.12794685412625798,0.2753528516467025
1996-07-01,-0.10442431637291182,2.2458368823641823,-0.06548959412612021,-0.18233202519964,0.7116136027545464
1996-08-01,-0.0983388786661928,1.5881752684002832,0.0002983235754072666,-0.18901728460046113,0.3038451620718328
1996-09-01,0.043523400011709186,0.7636924584706625,-0.04083028281456791,-0.29509968933511954,0.5228861076075857
1996-10-01,0.11937340121653121,1.413920663651966,-0.05691797530744225,-0.4475686393800329,0.25639786589436414
1996-11-01,0.2846183855149706,1.653429014342172,-0.03102391754509881,-0.5025303754650179,-0.13709816082221707
1996-12-01,0.3189358165708639,1.8045548881803242,0.021398583776317537,-0.6858625372902292,-0.557567215547329
1997-01-01,0.4085367387634213,2.0657516661144437,0.012380355074128602,-0.7267713058190268,-0.8013087074931076
1997-02-01,0.31817282029127675,1.994955965450832,0.050929404533235356,-0.6830993245859616,-0.7177821019800699
1997-03-01,0.18887879737352922,2.4993161360422773,0.00909206377400551,-0.5514342765339085,-0.33223618094514057
1997-04-01,0.0878203407687656,1.8013529834293185,-0.03595483169192448,-0.30730977410175764,-0.1148217698422874
1997-05-01,-0.03292817638208301,1.9720964488529025,-0.05797892721602693,-0.1881778362344523,0.27085086557923294
1997-06-01,-0.1517322198566744,1.2887235198702132,-0.05581622011959553,-0.06046387992921423,0.5652328089969915
1997-07-01,-0.16629258959980336,2.5062580903371177,-0.023415923351421952,-0.1573414954005695,0.5349465986577476
1997-08-01,-0.06499330560534687,1.415511823835827,-0.020095716463401914,-0.160892234473932,0.7858969816347449
1997-09-01,-0.04724411893699129,1.3129506792340961,-0.034723526041489094,-0.2239471820534253,0.135951471037981
1997-10-01,0.1061021145117485,1.6041555574962072,-0.07606917817611247,-0.43854610841782365,-0.14034375184919776
1997-11-01,0.1606504574923192,2.0411481459935508,-0.033644241048023105,-0.4914580309977297,-0.22951164623586146
1997-12-01,0.40520332374815216,2.121571983609881,-0.030765508709009737,-0.6571360298844635,-0.5776902160993437
1998-01-01,0.20736590722354792,2.1113344601222446,-0.0265194007079117,-0.5335226899287739,-0.5953860719029497
1998-02-01,0.13926933851029913,1.8484679006394886,0.005721405032090843,-0.44067624162455077,-0.3818762011644317
1998-03-01,0.08484987636743967,2.3872012183779763,0.027733141396311112,-0.46015772663178994,-0.3928342606963181
1998-04-01,0.06119499330298376,2.228079949106489,-0.041174636280629784,-0.20895893456505948,0.012355616952224476
1998-05-01,-0.03682585883001655,1.4499684174855552,-0.02195906825363636,-0.16474854506430078,0.2843763770126715
1998-06-01,-0.16187987590240221,1.9945221287863595,-0.011839187645819038,-0.04359773192249361,0.5580093075589436
1998-07-01,-0.06685947093686437,2.785139424460275,-0.05195873731281608,-0.1987619722475771,0.5231763894965009
1998-08-01,-0.1229043544854148,2.239087933585757,-0.05959717324003577,-0.0947967782372334,0.5006535024177737
1998-09-01,-0.12244067738874484,0.650327191466377,-0.038304419722408056,-0.13116556601446183,0.7100107466302268
1998-10-01,0.039983672579213723,0.9051765714372908,-0.0021747230493929237,-0.3097638243534526,0.36773794307941343
1998-11-01,0.2935425204745794,1.8346421775363742,-0.015496060077566653,-0.4362374544143677,-0.013787276679422799
1998-12-01,0.4567917246939773,1.8593884649730865,-0.009311972535215318,-0.6681626937428459,-0.4906263656732513
1999-01-01,0.4287594834626731,1.9887047154562814,0.035278646610095166,-0.6592780351638794,-0.7955005256141104
1999-02-01,0.4861256328679748,2.275682914824713,-0.0029995896329637617,-0.7832047880673018,-0.9258865583233717
1999-03-01,0.19822526975708493,2.0126068875903176,-0.0003170029231114313,-0.30994520324175473,-0.16193617044425593
1999-04-01,0.2656367623199851,2.2724391449065435,-0.06528646044898778,-0.3914721187998037,-0.015106136206446625
1999-05-01,-0.010711721823377126,1.6448184138252622,-0.05315060610882938,-0.1959519308121478,0.2334839323671853
1999-06-01,-0.16185944363222285,2.312816892351423,-0.03687292948598042,-0.09331166377810181,0.632145782796348
1999-07-01,-0.05702010782088264,2.182918077423459,-0.046712554030818865,-0.15384413179804068,0.7700341503794601
1999-08-01,-0.18961182716539352,1.4355597041902088,-0.011192553793080151,-0.0382314817827256,0.740094591931599
1999-09-01,-0.08087839903625645,0.9903319534801301,-0.03150030970573425,-0.14111701338017574,0.6628551861134971
1999-10-01,0.20629456740314678,1.3756181512560164,-0.05061032523371978,-0.4506538148786201,0.08206461079236939
1999-11-01,0.44094708006260763,1.8737087647120159,-0.008271451224572957,-0.5935891241323753,-0.12246943646814766
1999-12-01,0.4948086910328623,1.553123195966085,0.004536744236247614,-0.6653366030239668,-0.5710312506047691
2000-01-01,0.4279440994990074,2.250672805876959,0.08486085796903353,-0.7186732819822969,-0.8101851474948046
2000-02-01,0.3954716279345044,2.2874265909194946,0.052489110094029456,-0.7258228102668387,-0.720079061461658
2000-03-01,0.23287983011391206,2.4328305607750305,-0.0044457636249717325,-0.5232167048532455,-0.45436210021740053
2000-04-01,0.15261732041835785,1.7460564772288005,-0.021426594466902316,-0.2843571246647444,-0.13885289975782722
2000-05-01,0.06120438229734615,1.356966013000125,-0.04622655542334542,-0.16250838754607028,0.24522437555033988
2000-06-01,-0.03547016886394408,2.5870635395958312,-0.056186403380706906,-0.2154707420067709,0.48964626905394765
2000-07-01,-0.09836350583424003,2.3103315205801103,-0.03679739427752793,-0.10676878641863338,0.7592571944725223
2000-08-01,0.006077994229429859,1.3841252951394944,-0.03510184760671109,-0.20239176075966633,0.7024813716004535
2000-09-01,-0.0043740148766566135,1.4344370081311182,-0.04505882359808311,-0.33199982564957414,0.35563085864229904
2000-10-01,0.2900552509699838,1.821029470080421,-0.028498165775090456,-0.5151894737462529,0.22649935832837734
2000-11-01,0.25131481431298336,1.291019434020633,0.0010359000953030773,-0.4613952069986062,-0.21331686435676203
2000-12-01,0.5087230543969041,2.0306077741441273,-0.02254056860692799,-0.6572607110758297,-0.4559681909840282
2001-01-01,0.34661501393479816,2.132995923360189,0.01959448751222226,-0.6332421400507943,-0.6032414189199122
2001-02-01,0.4044043563180051,2.30867380187625,0.029183275401010178,-0.6826952832644103,-0.7221594089415015
2001-03-01,0.2676940696724391,1.9065561748686293,0.020342129428172484,-0.467027699361082,-0.4780111152951311
2001-04-01,0.16947786434222076,1.7374731245495025,-0.03997243533376604,-0.2922009493483872,-0.09811304327918263
2001-05-01,-0.11650730413779364,0.8852250519252959,-0.03020378644578159,-0.1468245367534825,0.2390777192464689
2001-06-01,-0.10821107716765255,1.901517737479437,0.004160499702265952,-0.06148043226023189,0.5247377040909558
2001-07-01,-0.17211656954328894,1.7284702687036424,-0.049683020915836096,-0.09429231286048889,0.8708309836503937
2001-08-01,0.15479100836535634,1.0949708876155673,-0.03761199230211787,-0.214993025435776,0.5604990008400708
2001-09-01,-0.134771239896447,0.7801949977874756,-0.05231844290392473,-0.18708846363864962,0.9341000783734206
2001-10-01,0.12675537885624474,1.310413366272336,-0.00898245896678418,-0.5647074492251287,0.2793018410845501
2001-11-01,0.4062728609068919,1.4663934707641602,-0.052145437239232706,-0.6464910800339746,-0.39107963079359476
2001-12-01,0.42509519952838704,2.367152770360311,0.025403454201295972,-0.7631598437418703,-0.6850599515728835
2002-01-01,0.3976286467859301,1.8872299364634924,0.04333925899118185,-0.6896666327460867,-0.8838160008918948
2002-02-01,0.4535013841370405,2.468686728250413,0.027711065486073494,-0.7786845086050815,-0.8808837431233104
2002-03-01,0.30534730876906446,2.356856493722825,-0.04207773381494917,-0.4476392366847054,-0.3838404649641456
2002-04-01,0.06722896754489106,2.1828201555070423,-0.035136606347805355,-0.3748006263717276,-0.10549394277537742
2002-05-01,-0.019535220275490973,1.5644063552220664,-0.03960074463975616,-0.2912643014407549,0.1727982810357722
2002-06-01,-0.05450327328201068,2.646387474877494,-0.061636100872419775,-0.18509663030749463,0.4998962326747615
2002-07-01,-0.09774315028877582,1.2860749449048725,-0.0286993442568928,-0.12094323508075026,0.901538933195719
2002-08-01,0.1079717619439303,1.5964076632545108,-0.06693299452308565,-0.20343335192711628,0.5657950915941379
2002-09-01,0.10836718414547081,0.6289171321051461,-0.04499033158936072,-0.14489462873974784,0.5075423092376895
2002-10-01,0.0014155534869533474,1.4345383360272363,-0.03524919506162405,-0.39195330416569946,0.06269379178198373
2002-11-01,0.3267256953453614,1.9165900491532826,-0.07695292995776981,-0.644571566190876,-0.25858955412376217
2002-12-01,0.25854200377302655,2.1545508078166415,-0.005749155243393034,-0.6275824836043061,-0.5247127355598822
2003-01-01,0.49107381600444605,2.0699259780702137,-0.01846672748797573,-0.7822827726113992,-0.8948978854388726
2003-02-01,0.33886967763557274,2.4258917286282493,0.059686081076506525,-0.6944230345428968,-0.6794819017735924
2003-03-01,0.2738067785562095,2.165303769565764,0.002976135874632746,-0.6045578444590334,-0.4377465422560529
2003-04-01,0.15395083543607746,2.0530801443826587,-0.025547290279064327,-0.3361352887309966,-0.03227531319347824
2003-05-01,0.04526928414480161,1.7267662854421708,-0.06032146397046745,-0.3273445318956844,0.3334659265308845
2003-06-01,-0.19322965230982184,1.7210946196601504,-0.045596855343319476,-0.032610434000609353,0.682167963283818
2003-07-01,-0.06400105756533854,2.597748665582566,-0.0645131862256676,-0.19273458689939782,0.5795719783480575
2003-08-01,-0.053722485584222664,2.114162558601016,-0.049500237219035625,-0.14627660151387825,0.6847397583286937
2003-09-01,0.010770875013480752,1.2516667445500693,-0.06922351778484881,-0.20447223157179162,0.6781639849267356
2003-10-01,0.18635957296622002,1.1820715098153978,-0.07696765707805753,-0.48291624569502034,0.08250912878571487
2003-11-01,0.30095740142515154,1.9237514053072249,-0.01482257735915482,-0.49376927438329477,-0.18371190966629403
2003-12-01,0.5418283959566537,2.1916199298132035,0.012971714677405544,-0.8356398246327384,-0.9605945610418553
2004-01-01,0.39512223358881676,2.03701655069987,0.017039052618201822,-0.7324613508630972,-0.8034498226351855
2004-02-01,0.3190085102440947,2.035556378818694,0.02718618168728426,-0.6079828152891066,-0.6075565044472857
2004-03-01,0.2696035903389171,1.936683768317813,0.0027349841548129916,-0.5199414296228377,-0.4213049280934218
2004-04-01,0.06056323458077544,1.7865571237745739,-0.03875686350511387,-0.3671658576511946,-0.05819772983469614
2004-05-01,0.019635230113389128,1.741918921470642,-0.03111018508207053,-0.24771018594991967,0.23581431042857287
2004-06-01,0.04102385965949398,1.808023452758789,-0.036487696634139866,-0.2808715232083055,0.5316597295970452
2004-07-01,-0.3115426370147932,1.922255896386646,-0.02789968144497834,-0.06565496814055521,0.8701232148379815
2004-08-01,0.012144042273699227,1.4245308580852691,-0.015354313654825091,-0.2256699517124989,0.7255961255329412
2004-09-01,-0.25863192533537493,1.3191804999396914,0.016450369485028205,-0.2525674759364519,0.5540208482160801
2004-10-01,0.2929896968653647,0.8459972483771189,-0.036642704071709886,-0.5870897750385472,0.029172366712151506
2004-11-01,0.32184274267342133,1.7783203295298986,-0.027227368991589174,-0.6120658800250194,-0.30382977026264846
2004-12-01,0.5025218477693655,2.0098273243222917,-0.024408470490016043,-0.6933113590615695,-0.5759720395251019
2005-01-01,0.48814359105239485,2.063127216838655,-0.013426418663584627,-0.7189574300265703,-0.9623413405767302
2005-02-01,0.19952133613622797,2.450607220331828,0.01702854126051534,-0.5335684682502121,-0.5998638344974053
2005-03-01,0.33829699633485183,2.2873149031684514,-0.05336475089279702,-0.5815350618518766,-0.5867275522976387
2005-04-01,0.1710208511706126,1.8391742592766172,-8.735414667171426e-05,-0.35682860456529214,-0.2154156747387677
2005-05-01,-0.10028809222187532,2.0401493424461004,-0.0425476988311857,-0.10656595962946533,0.31609077279160663
2005-06-01,-0.13387875663021864,1.881587931088039,-0.0410521803132724,-0.11210494109841644,0.6072503037569
2005-07-01,-0.08648869628875944,2.575178941090902,-0.05374776548705995,-0.18225892401132426,0.5874214375891337
2005-08-01,-0.10357591939174524,1.6457242625100272,-0.047968828584998846,-0.10566076294320528,0.9132148289098972
2005-09-01,0.03646526927665129,1.2522084372384208,-0.04445452906679748,-0.33165177360909887,0.5420911966300592
2005-10-01,0.2271432492692592,1.7004809209278653,-0.02911389212385984,-0.5385194156990677,0.09360008123444348
2005-11-01,0.2687114906513085,1.7700155576070151,0.005414187180576846,-0.5532853916043141,-0.29814281478160765
2005-12-01,0.3827743737374322,2.148547342845372,0.0009139557369053364,-0.7807030052435203,-0.5867825412168736
2006-01-01,0.3319338153479463,1.9745039088385445,0.05318786104908213,-0.6317950663019399,-0.6502416075729742
2006-02-01,0.43242304759510497,2.382820560818627,-0.0083034390991088,-0.6498185826129601,-0.7991814031833556
2006-03-01,0.3098860888157861,1.9191639763968331,-0.037775011151097715,-0.4443161311696787,-0.6601157711773384
2006-04-01,0.2642894353149301,2.1079845371700467,0.025617327191866934,-0.4088101328396406,-0.3390356171421889
2006-05-01,-0.02003607292801647,1.2782140856697446,0.005232624716882128,-0.1597387746709292,0.17809191854988657
2006-06-01,-0.2369564594858784,1.930935609908331,-0.03105335053987801,-0.06173011220869471,0.5894346208107181
2006-07-01,-0.11643448181576649,2.18506654103597,-0.0586915307212621,-0.18286800286808952,0.9890155821311766
2006-08-01,0.10155264595997031,1.340293600445702,-0.05736646591685712,-0.1359856641683422,0.7120136080718622
2006-09-01,-0.05721790179357691,1.1527833484468006,-0.05677125707279629,-0.23921320184332426,0.6034858706520825
2006-10-01,0.2968607265186512,0.9977310186340695,-0.11271979426965117,-0.5274447749872677,0.09167164382411214
2006-11-01,0.18034360797728524,1.7459191027141754,-0.005597001654678024,-0.4593966925730471,-0.19800808371567147
2006-12-01,0.499825040667744,1.74857463155474,-0.014885546115692705,-0.6585736255176732,-0.6098066161318524
2007-01-01,0.588729813442392,1.5044581322442918,-0.03371330987647525,-0.705419798366359,-0.7630117782732336
2007-02-01,0.23714666396884596,2.0350609506879533,0.0611271511297673,-0.58446575383671,-0.5617846076081439
2007-03-01,0.15495232290635674,2.3778143383207775,0.03967117845604662,-0.4943543281711516,-0.31564351989001765
2007-04-01,0.14824482722807739,1.1717030689829873,-0.0038759552262490615,-0.3374744878440607,-0.33058364216874286
2007-05-01,-0.014313291442596307,1.8765421140761602,-0.06091475661378354,-0.2579884695225075,0.1852248863476079
2007-06-01,-0.10018494311656993,1.4507912454150973,0.0102534764300799,-0.08925304549639343,0.4193336135003625
2007-07-01,-0.08267650017672677,3.4179977008274625,-0.02271380799356848,-0.28045150588770384,0.5047653142998858
2007-08-01,-0.22852016076193019,1.2329514537538802,-0.01498200697824359,-0.03818369730085623,1.048329835984765
2007-09-01,-0.048751563970315256,0.9459450131370908,-0.013333693204913288,-0.23867942270685416,0.728698838047865
2007-10-01,0.08449666202068329,0.7926210051491147,-0.009045099141076207,-0.40396469049766415,0.454202694136922
2007-11-01,0.2808762540630365,1.212982762427557,-0.07025144062936306,-0.6087028589404997,-0.09255410149330047
2007-12-01,0.38292213516720275,1.9938436292466664,-0.004740412477985956,-0.6260467357322818,-0.5922486869300284
2008-01-01,0.3216432375928103,2.277650010018122,0.05651336628943682,-0.702819619022432,-0.73066928037783
2008-02-01,0.4233895848363133,1.3019469522294544,0.03426231676712632,-0.689046353590293,-0.9172542066108891
2008-03-01,0.2668586196535725,1.6371566624868485,0.0025607450515963137,-0.5137175810141642,-0.38381447879279534
2008-04-01,0.09656575650481855,1.5753649529956637,-0.02533379207307007,-0.3015454186767828,-0.07656826296957528
2008-05-01,0.06470894283157284,1.2544031654085432,-0.08609417476691306,-0.18687976188346989,0.31100489744325965
2008-06-01,-0.13052478937779444,1.3504005613781158,-0.03616661357227713,0.05378742687037734,0.5093071882317706
2008-07-01,-0.1459739060472634,2.297130369004749,-0.04335651668952778,-0.2119010589161857,0.7532435946348237
2008-08-01,-0.1684419305647834,2.014088063012986,-0.04156479408266023,-0.17323478079233012,0.5939184892468337
2008-09-01,0.007345947294922199,1.3040565309070407,-0.07523637730628252,-0.22862658637468933,1.0210122277097005
2008-10-01,0.09384294577195483,0.8371194203694662,-0.040136117313522846,-0.24432877048117216,0.16167221999749906
2008-11-01,0.2945426156965353,1.5058456432251703,-0.012774818897014484,-0.5435593792649567,-0.12860616169324737
2008-12-01,0.6616512345055403,1.8108627625874112,-0.06695683958241716,-0.6633179598167295,-0.7954185328832487
2009-01-01,0.4820270811097097,1.69800789583297,-0.036209933896316215,-0.7253553535117477,-0.8268384671792752
2009-02-01,0.31849879582049484,2.941065175192697,0.05281317498884164,-0.5914799991201182,-0.3891790421997629
2009-03-01,0.09558495386677274,2.0714802401406427,0.03434482903685421,-0.43211447410896175,-0.3157145729879054
2009-04-01,0.08553577097669497,1.7872384616306851,-0.034541273926151916,-0.3423788996993518,0.10648603301222732
2009-05-01,0.16845475756010767,2.128039087568011,-0.060352288419380784,-0.3844323949735673,0.14305512716130514
2009-06-01,-0.1628547970016124,1.8819692588987806,-0.024352906621061265,-0.188123740133692,0.5458752193102023
2009-07-01,-0.07574599930795572,2.6736370154789517,-0.06652524811215699,-0.19109424997548588,0.796550585002434
2009-08-01,0.07698248787704161,1.1661002323741005,-0.0699056827579625,-0.09428439203832971,0.6106383189922426
2009-09-01,0.20877359064011758,1.4453662293297904,-0.09809007751755416,-0.35142002047085374,0.5568875408754117
2009-10-01,0.020436399568945676,0.9249817047800337,-0.0946972263045609,-0.3139628005809471,0.3822294677176127
2009-11-01,0.432430750737756,1.6524367389224826,-0.007759232339594746,-0.574992621531252,-0.27778165006056066
2009-12-01,0.4316706147234319,1.68090405918303,-0.014204600738594308,-0.6404595785453672,-0.7791421762326869
2010-01-01,0.2861680810229253,2.2083550691604614,0.017299792962148786,-0.6841941935117127,-0.767319885695853
2010-02-01,0.17752466660182356,2.328678255989438,-0.03415050778130535,-0.47161808756531265,-0.45098164459554163
2010-03-01,0.2631302417839988,2.440576893942697,-0.020260534015505982,-0.47322326019162037,-0.474238395690918
2010-04-01,0.19033206468921599,1.960652924719311,-0.024492067750543356,-0.32743643053242416,-0.19354942004855089
2010-05-01,-0.00501458801455417,1.9342538856324696,0.003078322042711079,-0.20877086236828662,0.21703795688908276
2010-06-01,-0.09488834352311441,1.358228638058617,-0.0376279947522562,-0.09400825642171454,0.5500083652938285
2010-07-01,-0.0938871354496075,2.6749026207696827,-0.0558885233476758,-0.11078515013710398,0.7154656619560428
2010-08-01,-0.15238964519763398,1.3019079253787087,-0.0027118873549625278,-0.20383762531593197,0.7168574304115481
2010-09-01,0.0028704056295297915,0.9852947933333261,-0.03163790051075921,-0.17186690305100114,0.41575122897217914
2010-10-01,0.2183627337217331,0.5491589151677632,-0.02680205332580954,-0.3807003136541023,0.20832532062763123
2010-11-01,0.1957544804377071,1.5218607016972134,-0.021047758782515302,-0.40959364078083976,-0.15731593821106887
2010-12-01,0.45402933985500016,1.913767627307347,0.05628010374493897,-0.6270733035978724,-0.7598379763161264
2011-01-01,0.48429972286951745,1.7971377997171312,0.0453834910877049,-0.8518982129018815,-0.986247091758542
2011-02-01,0.29806472613649854,2.139620695795332,0.02880968910176307,-0.6284185120316803,-0.4890854038843295
2011-03-01,0.3755331165709738,1.8103145417712985,0.03440330910962075,-0.6799917240611842,-0.5497681658442428
2011-04-01,0.26509456210217236,2.0694281373705183,-0.006389114714693278,-0.4798286762393889,-0.2660900354385376
2011-05-01,-0.053312441618260695,1.2330832935514904,-0.020689265802502632,-0.10583783026601448,0.42079149222955475
2011-06-01,-0.20305478345539613,2.1702642951692854,-0.02181845367886126,-0.13751674626694352,0.8377507692430078
2011-07-01,-0.12770970115217112,1.6774559304827736,-0.024028591578826308,-0.13132509393770186,0.6227400971622002
2011-08-01,-0.005567335855152648,1.43471360206604,-0.059699329431168735,-0.13712370981935595,0.6573514240544017
2011-09-01,0.07102923878168656,1.7101875373295377,-0.08731081034056842,-0.31412722634487467,0.4323972797975308
2011-10-01,0.17743136860051398,1.2230027289617629,-0.045023945858702064,-0.4192070394265847,0.1376871292184039
2011-11-01,0.25290990469314284,2.066912821360997,0.024396601402258966,-0.4469902300443806,-0.003728495978909295
2011-12-01,0.6339443437123703,1.870004619870867,0.009345834114355966,-0.8059359964777212,-0.8270460657957124
2012-01-01,0.37422700453612767,1.7770734571275257,0.04121523583307862,-0.6698063162506604,-0.8324218959343143
2012-02-01,0.3043611549724967,2.5127586864289784,0.008431829191977158,-0.5642815202963157,-0.6047753299154887
2012-03-01,0.2869395823296854,2.4952672776721774,0.020383488154038787,-0.5316796849985592,-0.4875732631218143
2012-04-01,-0.08221639604386637,1.6325222594397408,0.03221133985789493,-0.10017556611631738,0.07585662348968226
2012-05-01,0.06269388595374964,1.7457490875607447,-0.06001420086249709,-0.2073399844716807,0.3613205217733616
2012-06-01,-0.10233476631722209,1.2645111197517032,-0.008818265050649643,-0.08140873835712183,0.7528392280020365
2012-07-01,-0.09946576359097736,2.3417306797845026,-0.08172325207851827,-0.18238813662138142,0.8886579333282099
2012-08-01,-0.14962365977087264,0.7796411712964376,-0.035641919530462474,-0.07776731594664152,1.0710721335759978
2012-09-01,0.038693775817499325,1.042230214391436,-0.0572795735206455,-0.2627228859995232,0.5582157068136262
2012-10-01,0.19562069042506866,1.4196678286507016,-0.05237544537521899,-0.5389473477347952,-0.04515210848029067
2012-11-01,0.18011161078841,1.920067554428464,0.03200393810402602,-0.4543315191737941,-0.26677937769308324
2012-12-01,0.39412905856714414,2.001147468884786,-0.0023130388581193984,-0.631914568729088,-0.6951593044327526
2013-01-01,0.40776650026693184,1.9003818432490032,0.012722096143988892,-0.7248282432556152,-0.8264882535469241
2013-02-01,0.3672383725643158,2.8466119652702697,0.03391618432942778,-0.6692474005652256,-0.6862782123612194
2013-03-01,0.2756872609005136,2.2887855768203735,-0.04545995223452337,-0.48174941148914274,-0.34433254381505457
2013-04-01,0.16628523372997672,1.9856039966855732,-0.06646106048719957,-0.2921947934588448,-0.15250251787464794
2013-05-01,-0.024924405960965967,1.3514603887285506,-0.033327808923786506,-0.15853967090122037,0.1803396133387961
2013-06-01,0.1951782822103824,1.4851511943907965,-0.06848193297628313,-0.1684161849686357,0.45369343786704835
2013-07-01,-0.01936282141733978,2.9337005955832347,-0.05508772563189268,-0.2277641022791628,0.5420269762597433
2013-08-01,-0.1341896778824976,1.892341034752982,-0.042501813150011,-0.127486738025165,0.9216283879628996
2013-09-01,0.08712840084996769,1.0029075401169913,-0.03195571756805293,-0.2874716872074565,0.6190411201337489
2013-10-01,0.29638383095547305,0.5838047890436082,-0.07169900927692652,-0.48598270924364934,0.1824561779091998
2013-11-01,0.2319465943817365,1.6081553129922777,-0.020769857510458678,-0.48823263801512173,-0.2942596812073778
2013-12-01,0.3765014773708279,1.0249456479435877,0.0049374390073353425,-0.5316133870453131,-0.7142286475111799
2014-01-01,0.3799699878288528,1.606321618670509,-0.011443482580943964,-0.7139503467278403,-0.5826445250976376
2014-02-01,0.3157882177728718,1.9318468513942901,-0.022939978225622326,-0.6473036085973021,-0.5959469370725679
2014-03-01,0.23251418340004099,2.255143579982576,-0.016643065246171318,-0.517130826340347,-0.462340145576291
2014-04-01,0.22762177543619933,1.6142494621730987,0.017183786458190298,-0.4034237050619282,-0.16426380451132613
2014-05-01,0.005517263060151521,1.635121163867769,-0.05428535892860964,-0.16638344672859692,0.12509412154918764
2014-06-01,-0.14011894305378705,1.7738617601848785,0.011893700357177295,-0.22199896515392867,0.45712731960343156
2014-07-01,-0.05066107832274195,1.9593532596315657,-0.023785345838405192,-0.2836757018917897,0.7903314218288515
2014-08-01,-0.19522019172624008,1.7715858561652047,-0.023082911502569914,-0.22805677574188984,0.554521018412055
2014-09-01,-0.02571965678263519,1.2579565956479029,-0.04055262135807425,-0.2251697124027815,0.5444937726346458
2014-10-01,0.13265544390779432,0.9857670182273501,-0.013247274328023195,-0.5313254770685415,0.012343112243021407
2014-11-01,0.35342005854946074,1.965974768002828,-0.07298247481230646,-0.6206299437851203,-0.16055714066435653
2014-12-01,0.5118804210323399,1.6575647251946586,-0.03128483396722004,-0.6680123630117197,-0.6473065149493334
2015-01-01,0.4276288389149359,2.099732274100894,0.0072822143556550145,-0.8370454194115811,-0.7869968327080331
2015-02-01,0.19929308002277957,2.269445714496431,0.03836738760583103,-0.6775322507639401,-0.660679471202013
2015-03-01,0.24709925371206415,2.6231643699464344,0.016127160051837564,-0.5146674933980723,-0.5232382474876032
2015-04-01,0.16057658624851098,1.729164378983634,-0.0038074171607149765,-0.29460670518093424,-0.1939729401251165
2015-05-01,-0.02101596160712889,1.825700771240961,-0.06086357083404437,-0.13981306406318164,0.25514687706784506
2015-06-01,-0.08950291864447675,2.696117333003453,-0.06126008229330182,-0.1540300543191003,0.47434419393539434
2015-07-01,-0.12975431094735357,1.2300440243312292,-0.06202787859365344,-0.08769178243934131,0.8256346714205859
2015-08-01,-0.12009032228488034,1.1807156460625785,0.023365653469227254,-0.09899883240949912,0.6888015241157718
2015-09-01,-0.003598409436516843,1.5095390024639312,-0.03122760623227805,-0.3100479968258592,0.4414416304448756
2015-10-01,0.037636582629155306,0.8904456382706052,-0.07504117209464312,-0.3121552408718672,0.008169495750491213
2015-11-01,0.1420443846007525,2.1216914767310735,-0.035487891400407534,-0.5075291531984923,-0.09389344330241041
2015-12-01,0.31130378276614823,1.2634287277857463,0.0096125854543061,-0.528891604454791,-0.6208690201363913
2016-01-01,0.3211239384392561,2.049265305201213,-0.036411872251846944,-0.6547963521519645,-0.7424686740084393
2016-02-01,0.4496492950593011,1.587365780557905,-0.05037944712967146,-0.6165741408457521,-0.7982822453103415
2016-03-01,0.25273189580036426,2.020393524851118,-0.01750756255205488,-0.492116711178764,-0.36693902277364965
2016-04-01,0.047894038449404604,2.164825371333531,-0.032722572213970125,-0.12949935969759208,-0.09055127639596056
2016-05-01,-0.026045788584624308,1.8647672165007818,-0.029230288928374648,-0.16763006321719437,0.24344550400245482
2016-06-01,-0.09992563055228379,2.100482866877601,0.011719245812855661,-0.17797758833306734,0.43694416924220764
2016-07-01,-0.22781719848261042,2.2741043851489113,-0.0072865819674916565,-0.19763195123828825,0.7275453427942788
2016-08-01,0.17482310975507157,1.2821853160858154,-0.09467459633015096,-0.11542609236279472,0.5075268629120617
2016-09-01,0.035292016523811275,0.45665729613531203,-0.017015428747981787,-0.10493209616082613,0.6838523760074523
2016-10-01,0.18854246680009165,1.1642763302439736,0.008405052067246288,-0.3486853398260523,0.33554227613821264
2016-11-01,0.3079964068986602,1.5850728466397241,0.007960360089782625,-0.5656537951016035,-0.1770125293150181
2016-12-01,0.4369068953950527,2.209350040980748,-0.02907300106016919,-0.6350728332019243,-0.38728554074357197
2017-01-01,0.3096800360639217,2.116454782940093,0.05788595641206484,-0.6940468412930848,-0.650538395090801
2017-02-01,0.4324422928236299,2.271392373811631,0.02739673131145537,-0.7786881239687811,-0.7494341309477643
2017-03-01,0.22087965981434968,1.868727377482823,0.034832676537916996,-0.5437747865426736,-0.4966059835945688
2017-04-01,0.11644957871255229,1.758685140382676,-0.057748876279219985,-0.29738745728477106,-0.0012074117321611904
2017-05-01,-0.06978952215384629,1.2935839948200045,-0.061492263921536505,-0.19891597941273548,0.3559965186002778
2017-06-01,0.04622413248013137,2.1425352210090276,-0.058339491952210665,-0.1501136016650278,0.3393336767103614
2017-07-01,-0.1948854554507692,2.287645567031134,-0.031050831312313676,-0.14272731591443547,0.7278919219970703
2017-08-01,-0.1335453305204036,1.998343070348104,-0.03496431017993018,-0.1596976499088475,0.5176333755981631
2017-09-01,-0.060539613714662655,1.702151553971427,-0.037688041738874745,-0.24049216118015226,0.49791052574064676
2017-10-01,0.3474591394602242,0.9118775526682537,-0.060771694988943636,-0.533356529767396,0.09145894792021775
2017-11-01,0.21018757153365572,1.689283053080241,0.015796384614077397,-0.41563833346132373,-0.0721061102500776
2017-12-01,0.5590067829115917,1.8066464435486567,-0.059719886630773544,-0.7357970124385396,-0.8045264133592932
2018-01-01,0.4075780132059324,2.417385294323876,0.030326155538205057,-0.7100919231039579,-0.7105305427458228
2018-02-01,0.40631257628990436,1.9050423588071552,-0.04136041607125662,-0.5820661783218384,-0.8064812276421525
2018-03-01,0.2580790133294413,1.9021059785570418,-0.00723546436347533,-0.5380656875547816,-0.39190144800558324
2018-04-01,0.16131154498306371,2.060067369824364,-0.030538978171534836,-0.4236401593098875,-0.140889188865336
2018-05-01,0.038429984223034425,2.1897815522693453,-0.053395144641399384,-0.3668553516513012,0.08118112639683049
2018-06-01,-0.07621279120508392,1.7600527831486295,-0.05147534830030054,-0.20161400564381335,0.6700334752478251
2018-07-01,0.002860685147471347,1.8790175517400107,-0.059672603383660316,-0.21828664619414534,0.8086481472341026
2018-08-01,0.033108575932555284,1.181120460941678,-0.06551554841280449,-0.12233925403141585,0.6445639744037536
2018-09-01,-0.030814515332044184,1.0083807366234916,-0.021656471071764827,-0.23190835948850289,0.4331296536980606
2018-10-01,0.14765253132682737,0.9033279049964178,-0.051513107027858496,-0.5924898092863989,-0.05541851335182423
2018-11-01,0.15707238245818575,1.6456405321757,0.00785373238613829,-0.48263923066561343,-0.2668078171043861
2018-12-01,0.3490848308902676,2.302907052494231,0.02617242862470448,-0.7571990372704678,-0.5994922504192446
2019-01-01,0.43399431190248267,2.284914255142212,0.09010344161652029,-0.8029805343659198,-0.9521802024143499
2019-02-01,0.17516492723913518,2.908400694529216,0.04303044392145239,-0.5878410867003144,-0.5539543381551417
2019-03-01,0.30534526933047734,1.9726788713818506,0.002769384536804864,-0.40683255332415225,-0.5266778716226904
2019-04-01,0.049206766031556215,2.0605786925270446,0.004734151007141918,-0.26802638026534537,-0.07690200354994797
2019-05-01,-0.010549147629131705,1.2642099743797666,-0.05273304763250053,-0.09002442486950608,0.18485392012247226
2019-06-01,-0.1661548936558035,2.4341112091427757,-0.08006043470231816,-0.24412166876871078,0.5378750766195902
2019-07-01,-0.16328002310405343,2.277831520353045,-0.0384958758513676,-0.13371379893334187,0.7899064843247577
2019-08-01,-0.0824642478156898,1.0713691512743633,-0.023070111637935042,-0.0656485374345154,0.8080468672077831
2019-09-01,-0.04957276948932874,0.856164949280875,-0.015585662622470409,-0.41902348643443627,0.823004507436985
2019-10-01,0.12311684441263393,1.5136071613856725,-0.04142314297496341,-0.518637553590243,0.06518959999084473
2019-11-01,0.14954442158341408,1.5346686045328777,-0.04864851536694914,-0.6717490368202085,0.07426764180020588
2019-12-01,0.35080883209988223,1.8316000699996948,-0.004002277855761349,-0.6239408352335946,-0.48690561841173874
2020-01-01,0.3523558251938578,2.174999174617586,0.05225253931712359,-0.6721072021077891,-0.6727149573768058
2020-02-01,0.2675456768375332,2.434139308475313,0.08010369841940701,-0.7334428243949765,-0.6628624549726161
2020-03-01,0.2908207286717528,2.4224576495942616,-0.02736473106779158,-0.47629861558069947,-0.4429801571659926
2020-04-01,0.23161449422270566,2.145420511563619,-0.054470324248541147,-0.5109328226964982,-0.4375715808170598
2020-05-01,0.014240781271482929,1.6000387214478993,-0.034665371058508754,-0.1457842402770871,0.23887853433446188
2020-06-01,-0.21847442929017344,2.7535268238612587,-0.037723907735198736,-0.16144787678953076,0.47987416023161356
2020-07-01,-0.20114136701923307,3.0352558408464705,-0.026251066619806807,-0.16037257479839637,0.5986418665909186
2020-08-01,-0.2494279168925043,1.9575306347438268,0.002491041668690741,-0.14626722111076607,0.8459263458484557
2020-09-01,-0.06300267147815834,1.516855898357573,-0.03269192193329218,-0.3017021495787824,0.24449965212403277
2020-10-01,0.16043226597672802,0.8881248888515291,-0.110634109005332,-0.3920662354250423,0.39744693331602143
2020-11-01,0.2704560440980782,1.8275168680009388,-0.031438139121746644,-0.5911064929649478,-0.11258328833231113
2020-12-01,0.45207881573903363,1.8659331968852453,-0.015560899264528416,-0.6709357265566216,-0.7362435503703793
2021-01-01,0.4987130351996018,1.651903135435922,-0.0029470423760358244,-0.7133523948857042,-0.8348220732153916
2021-02-01,0.32064826306650196,2.176968398548308,-0.01291438622502028,-0.6043972050557371,-0.5041751556280183
2021-03-01,0.2673945058200319,2.417426733743577,-0.014522645724355243,-0.5356423190382661,-0.2792395287897529
2021-04-01,0.2502285070338492,1.3726272753306799,-0.015323697662097402,-0.46186222404730126,-0.036244921204520435
2021-05-01,0.016592036522293494,2.523872965858096,-0.05358196620363742,-0.2398005030194267,0.18942808596099298
2021-06-01,-0.12386287483623473,2.0307529540289018,-0.037569183914456517,-0.10598113790887301,0.46617875738841735
2021-07-01,-0.09710641017467794,1.6720455317270189,-0.05208301648963243,-0.13721118696400378,0.7563372210758489
2021-08-01,-0.18559314184269662,2.0478039979934692,-0.00044087297283113003,-0.18858869300513972,0.7422975650647792
2021-09-01,-0.05385042089274374,1.3130528586251395,-0.003593429282773286,-0.20246972314646988,0.5313864931827639
2021-10-01,0.14575053227402396,0.8596254956154596,-0.02302592458363506,-0.36807546361548005,0.19671077408441684
2021-11-01,0.23708248795089076,1.0668277740478516,-0.0357545749284327,-0.4393279552459717,-0.2550277222947377
2021-12-01,0.5212248129359747,1.6278962294260662,-0.02721367316553369,-0.7110691949969432,-0.7694705957319679
2022-01-01,0.363950014619504,2.1327346563339233,0.04089191264938563,-0.7903248560233195,-0.6897530177744424
2022-02-01,0.27319816083221116,1.9291819561095465,0.06585456314496696,-0.7116392499110737,-0.7894697712688912
2022-03-01,0.20928805283570695,2.408071075166975,-0.015817960374988616,-0.49402425523664134,-0.16012686054881026
2022-04-01,0.2951091250120583,1.4361517769949776,-0.05997116328217089,-0.31573801744179647,0.016637818842399413
2022-05-01,-0.06327261295864138,1.5070375942048573,-0.033281726646237075,-0.11710325469736194,0.3539203870587233
2022-06-01,-0.14058743935015242,1.7326037089029949,-0.01247243257239461,-0.04968299667854778,0.5388274425413551
2022-07-01,-0.10864607421523434,2.1376900729678927,-8.988456102088094e-05,-0.1463480049469432,0.5445027860199533
2022-08-01,-0.12221015689862988,2.393558763322376,-0.059774059045594186,-0.21747358021188956,0.5840173218308425
2022-09-01,-0.09375901229805866,0.46079545503570923,-0.03869239561026916,-0.199695603280771,0.944581555157173
2022-10-01,0.3226807814533428,0.537240682613282,-0.043084228527732193,-0.5549638974862021,0.11633640018905082
2022-11-01,0.17473001222489246,1.6326139370600383,0.026572696879156865,-0.37547889791551187,-0.0920138344532106
2022-12-01,0.4223919520943852,1.4265958751950947,-0.0510370270058047,-0.6630003452301025,-0.6393634691471007
