,mgu500_cluster1,mgu500_cluster2,mgu500_cluster3,mgu500_cluster4,mgu500_cluster5,mgu500_cluster6,mgu500_cluster7,mgu500_cluster8,mgu500_cluster9,mgu500_cluster10,mgu500_cluster11
1965-01-01,0.61885226,0.7733208,1.3742495,-0.30404893,0.6814219,-0.29590225,-1.0271841,0.9404991,0.6863098,0.46014708,1.1673138
1965-02-01,0.1039566,1.4563719,0.69445723,-0.3874752,-1.4690813,0.19618186,0.95092714,0.02867775,0.73030436,-0.9678732,1.1415688
1965-03-01,1.0975746,0.27667505,2.3949156,-1.0027424,0.36433753,-1.1363544,0.6530701,-0.7954807,1.7418457,0.21606064,0.8358906
1965-04-01,0.92518234,0.56866646,0.16848163,-0.7114029,1.2908233,0.6595875,-0.48784733,0.3216465,-0.06191788,0.36987764,1.0776958
1965-05-01,1.095945,1.0998558,0.92094594,0.003584671,1.1715502,0.58300513,0.29101372,0.89454937,-0.047253035,0.82546234,0.7641964
1965-06-01,0.5530235,0.2261631,0.81405604,0.23170319,1.4430107,0.9613554,1.8620968,1.4218283,-0.45721397,0.25353736,0.3646633
1965-07-01,0.7599598,-1.0600983,0.25386316,0.0912468,0.85348815,1.4114001,1.9803925,1.6124703,0.44678575,-0.042038918,0.46536103
1965-08-01,0.64655226,-1.5759712,0.5790943,0.26331407,0.75083506,1.3485047,1.480162,1.254976,0.40116233,-0.21508293,0.9137764
1965-09-01,0.34478456,-0.2013958,0.62993205,0.21703835,1.1135428,1.8510164,1.1389618,0.56312597,0.14338875,0.4438526,1.1119137
1965-10-01,-0.14306259,0.99524766,1.180349,0.19618149,1.344594,0.53249323,0.42918816,1.3520895,0.21182403,-0.8358906,0.3063301
1965-11-01,0.7742985,1.017733,0.4340767,-0.4699238,1.3863074,0.028351974,0.65111464,1.0539061,0.20595817,0.71368426,0.9773237
1965-12-01,1.1174533,0.7664772,1.3755529,-0.50446737,1.8705696,0.21215019,-0.10526009,0.63807905,0.387801,1.0845394,0.7746242
1966-01-01,0.95679057,0.40175325,1.5620464,-0.05415802,-0.16017608,-0.5619297,0.554052,-1.0585415,2.1912627,0.9876436,0.80416334
1966-02-01,0.46772766,0.7460667,2.13251,0.05842514,-0.5625866,-0.7237469,1.2853485,-0.36663285,2.183057,0.13293305,1.0119331
1966-03-01,1.4527458,1.5915867,0.27275905,-0.24682884,-0.07221069,-0.32724532,-0.016083336,-0.14606209,-0.25142422,-0.8314064,0.25372162
1966-04-01,0.77527887,0.3669609,1.358872,-0.18971673,0.7690426,-0.23173027,0.4591934,-0.5277939,1.3267053,1.4826145,0.998147
1966-05-01,0.28096503,1.2305343,0.60624045,0.19234276,1.708765,1.7652206,1.3884125,2.0645664,-1.3194844,-0.3328251,0.15426788
1966-06-01,0.475605,-0.3873108,0.10175133,0.3022999,1.336552,1.0365498,2.395422,1.4438833,0.3863266,-0.12866631,-0.2419056
1966-07-01,0.8425663,-0.68797,0.10404892,0.39551696,-0.69026756,1.1858947,1.8978252,0.70536613,1.3628105,-0.27669755,-0.029541016
1966-08-01,0.67155874,-2.0212398,0.6410332,0.16706924,1.2485867,0.48184127,1.7005589,1.293554,0.85110015,0.6682762,0.78709525
1966-09-01,-0.17494698,-0.60788155,0.5767002,0.25798875,0.76182157,0.091576,1.4021981,0.9170744,0.5658684,-0.11159821,0.70602244
1966-10-01,-0.16116104,0.18052635,0.7815155,0.036105346,0.2648819,0.83239114,0.9610573,1.1005548,0.4545986,0.6213392,1.3378652
1966-11-01,0.9466152,0.71028936,-0.1785572,-0.48807794,-0.5550369,0.20383072,0.773966,0.013129425,-0.0059078215,-0.5796539,0.8760456
1966-12-01,0.9945366,1.1281265,-0.09748421,-0.6482544,0.6170719,-0.112910844,-1.2131379,0.033807375,-0.48742142,-0.43654555,1.056572
1967-01-01,0.21127395,1.3930371,1.5510845,-0.046042632,0.39087334,0.009469986,0.04310379,1.0580028,0.72917306,0.6896612,1.2206218
1967-02-01,0.545982,1.1331079,2.0395947,-0.048654936,1.8165649,-0.2230297,-0.44605923,1.169028,1.1843758,0.24001007,1.9034252
1967-03-01,0.2929104,0.7801138,0.6325159,-0.37519914,1.5674118,0.79284894,-1.4230791,0.5156132,-0.08849335,1.1967843,1.3094418
1967-04-01,0.12571946,1.6905186,0.2876854,-0.08163605,-0.3774849,0.951223,-0.08718719,-0.86926043,0.259276,-1.6395776,2.0180423
1967-05-01,0.52606237,1.4537747,0.96722376,0.09339142,1.004123,0.2883381,1.4599788,0.52573603,-0.540757,-0.16784343,1.2784202
1967-06-01,1.0106541,0.0026123046,0.46957016,0.16065979,0.68378335,0.8950573,1.6023518,0.6971714,-0.13878135,-0.9319569,-0.0933918
1967-07-01,0.3748726,-1.0237156,0.22498894,0.009143067,0.68019104,0.30238,1.5194095,1.2829918,0.8633827,0.36866838,0.9988983
1967-08-01,0.67496717,-1.5680649,0.24588776,-0.009796143,0.6978245,0.5779827,1.487408,1.9030991,0.41699713,0.104820445,0.73570365
1967-09-01,0.17927285,-0.65863913,0.17437439,0.2860527,0.63969994,-0.20898819,1.9233444,0.74190825,0.25731698,-0.17502746,0.7360306
1967-10-01,0.15870018,0.69586563,0.56884,0.053553008,1.3420963,0.552186,-0.05877762,1.4465904,0.4440998,0.12147446,0.8738321
1967-11-01,0.68019104,1.2970333,0.56818694,-0.8620766,0.7170906,-0.22433586,0.68215066,0.861097,-0.17861938,-1.307156,1.2029883
1967-12-01,0.45683518,0.09633064,-0.0013061523,-0.15870056,-0.5926777,0.14955711,-0.10808601,-0.042450715,0.7657461,-0.43365058,1.3254423
1968-01-01,0.6119278,1.0458939,0.48027992,0.15717545,0.63563234,0.19400863,-0.79827803,0.4733509,0.63745534,-0.060901262,0.83292234
1968-02-01,1.7416977,0.40989724,0.52695847,0.07621765,-0.19874878,-0.6206802,0.20968933,-0.4051563,1.3077323,-0.06673584,-0.31106988
1968-03-01,0.8690258,0.8788719,-0.33112678,-0.3690529,0.23412284,-0.2979412,1.2668884,0.35665435,-0.160458,-1.5673825,0.49486694
1968-04-01,0.66480637,1.2023407,-0.05871277,-0.28736535,0.29502374,-0.28371888,-0.23084068,0.28189546,-0.3460785,0.39166337,1.3223194
1968-05-01,-0.06673584,1.5145038,1.5582653,-0.008023071,0.87084883,0.3256569,0.69762766,-0.42521363,0.46751595,0.22828789,1.167696
1968-06-01,0.22245255,0.21333618,1.0542816,0.17942123,1.4762131,1.3124729,1.4984585,1.0699625,0.3657711,-0.5685318,0.06090088
1968-07-01,0.28882447,-1.2140106,0.4036972,0.3103401,0.65058404,1.0984077,1.7712368,1.2898629,0.45694047,0.093357086,0.37671128
1968-08-01,0.32893905,-1.3452942,0.74831736,0.26621398,1.426252,1.3186722,1.9692566,1.6465174,0.7625397,-0.42958945,0.1754097
1968-09-01,0.12399063,-0.25454482,1.1443565,0.1345665,1.3405529,0.4631401,1.0163548,-0.797184,0.69507444,1.265794,0.36248893
1968-10-01,-0.006199646,0.22281799,1.1775421,-0.22938156,1.0086968,0.56634367,0.37707597,0.9394081,1.025837,0.641832,0.8445923
1968-11-01,0.25418013,0.3249275,2.1647236,-0.35410118,1.5323731,-0.8077599,0.6411026,1.6315655,0.44599992,0.10903816,1.6136963
1968-12-01,0.816877,0.93393785,1.4656376,-0.27824935,0.8788719,-0.59442365,-0.3584774,0.21844177,0.6713707,0.7745743,1.9149196
1969-01-01,0.3718666,0.9367992,0.552327,0.3038624,0.49394265,0.3416794,0.03814869,0.09056167,0.8741026,0.6740707,1.1335137
1969-02-01,1.7465465,1.2449741,-0.29888648,0.381155,-1.8148825,-1.2552578,1.6029084,-1.5295967,0.5327549,-1.8802328,-0.0689991
1969-03-01,1.8264927,0.72482526,-0.2033493,-0.23386765,-1.392593,-1.7508589,1.6118653,-1.2897575,1.6214851,-0.78453636,0.07861938
1969-04-01,1.0316731,2.0862358,0.4256069,-0.26869926,1.7249842,-0.20699807,-0.759988,1.8553534,-0.6896618,-0.371867,0.49626464
1969-05-01,0.87310755,1.5063759,0.5354088,0.22391625,0.88305914,0.65748405,0.65018636,1.254926,0.017250061,0.28760797,-0.6966282
1969-06-01,0.700277,0.4617653,0.26173323,0.14264297,0.34433326,1.2993777,1.4463333,0.677388,-0.45479888,-0.24315643,0.20567131
1969-07-01,0.5115242,-1.1122833,0.5221394,0.13368607,0.7072433,1.5491683,1.198201,1.6151822,0.30054513,-0.12672004,-0.09487419
1969-08-01,0.27931443,-1.3216031,0.2464737,0.46674043,0.6253067,0.744397,1.6619561,1.3123147,0.63326836,0.10084496,0.05871582
1969-09-01,0.50124055,-0.4571209,0.4597744,0.15325813,0.48664436,0.7437336,1.6559849,0.5682495,0.21330109,-0.8840542,0.27831954
1969-10-01,0.083927155,0.6939747,0.7490414,-0.3284107,1.2774836,1.2413251,0.8701218,1.5213035,-0.22325249,-0.8011223,1.2340275
1969-11-01,0.62829244,0.9689766,-0.41300088,-0.29921836,-0.73344994,-0.31149215,1.1285375,-0.5470188,-0.09686451,-0.885713,0.7009405
1969-12-01,1.1156002,1.4387032,-0.4212944,-0.2866127,0.5274471,-0.55332184,-0.76164687,-0.2680359,-0.712883,1.0008228,1.2423207
1970-01-01,1.3551369,1.2013862,2.0636554,-0.3733948,-0.360083,-0.43130073,1.2769302,-0.5710739,2.1159034,0.13444862,1.1082039
1970-02-01,1.2822548,1.193066,-0.0026622773,-0.10948906,0.85561335,0.07754135,-0.009650993,0.7640947,-0.8506214,0.019967651,0.40434456
1970-03-01,1.3930752,1.5960796,0.2881996,-0.043263245,-1.9371933,-0.4572586,1.3025553,-0.51716197,0.17305279,-1.9901078,0.3085003
1970-04-01,0.5790615,0.3387844,1.28525,-0.11448097,0.2675663,-0.69920003,0.4036789,-0.8815708,1.2030503,-0.16306877,1.5355113
1970-05-01,1.3188626,1.0649407,-0.379385,0.013977051,0.13511428,1.0542911,0.56109047,1.3704453,0.022629928,-0.34577292,-0.18736306
1970-06-01,0.8299885,0.40467757,-0.023628235,0.115479276,0.6199951,0.46058694,2.3095899,1.1937317,-0.088523105,-0.9018717,0.120471194
1970-07-01,0.40733948,-1.1887398,0.25924644,0.3397827,0.14909172,0.8715874,1.8596528,0.6842243,0.9467987,-0.04392891,0.49486428
1970-08-01,0.28354034,-1.6343505,0.323143,0.59902954,0.7501175,0.9917259,1.5371746,1.1734314,0.9428051,-0.15774421,0.86526453
1970-09-01,0.35975036,-0.6752388,0.3980213,0.23794708,1.4283516,1.3857539,1.1817509,1.7108936,0.8652641,-0.16040687,0.98407173
1970-10-01,0.78406256,0.86526453,-0.11980591,-0.23461953,-0.016307067,0.10649414,0.8606049,0.13112107,0.5524376,-0.9700943,0.1790432
1970-11-01,0.71384275,0.7441273,-0.5068451,-0.60868037,0.5654167,-0.60102594,-0.15042305,0.56974334,-0.18869439,0.3191494,1.0096967
1970-12-01,0.006988907,1.6330197,1.5145451,0.103831865,-0.17970887,0.17338562,-0.26889744,0.15674591,0.7404667,-0.7208317,1.9391901
1971-01-01,0.28579408,0.10321274,2.3484104,-0.16494408,1.2999547,0.54643786,0.5180222,0.6545498,1.9858602,1.1699593,1.8225495
1971-02-01,0.51214296,1.4002278,1.1372973,-0.25411186,0.67774045,-0.4357136,-0.48993263,0.7055031,-0.76200867,-0.41742286,1.6363751
1971-03-01,0.6045769,1.4907017,1.1098608,-0.14665337,1.2574937,-0.8955967,-0.07446976,0.72510034,-0.010778427,-0.23908691,1.6073059
1971-04-01,0.9230331,1.7320755,0.464456,-0.189114,0.0816555,-0.10647869,0.41938248,-1.4959278,-0.68329275,-1.2682724,0.73783857
1971-05-01,0.5944519,1.4893951,0.9004963,0.15841141,0.82504636,-0.35013866,0.47262174,-0.2995121,-0.16951676,-0.5634224,0.78029937
1971-06-01,0.3331543,-0.2910202,0.49352568,0.17343597,0.69276464,0.97071993,1.7928269,0.94622326,0.25117224,-0.26554337,0.2678299
1971-07-01,0.49319878,-0.72607994,0.34393272,0.23712769,0.2678299,1.2989746,1.4368095,2.1364331,0.6045769,-0.49450532,1.0589077
1971-08-01,0.022863388,-1.3714851,-0.27207565,0.37430876,0.9093151,0.73130643,1.5259769,1.083078,0.5885723,-0.070223615,0.7179146
1971-09-01,0.60131073,-0.6957043,-0.9919502,0.18748054,0.0081653595,1.3505812,1.5259769,1.7163975,0.93838423,-0.6320133,0.4905861
1971-10-01,-0.019597244,0.85705566,0.55427706,-0.010778809,0.34327966,0.64899766,0.65618324,1.6961467,0.040174484,-0.25803107,0.5915119
1971-11-01,0.5529705,1.3440487,-0.3119236,-0.49287224,0.3276016,0.15057258,-0.27828178,0.53500634,0.0009799957,-0.5307606,1.511932
1971-12-01,-0.15808487,1.16408,1.3868358,-0.1381611,0.90898836,1.3695252,-0.58399963,1.3221649,-0.051279448,-0.45106468,2.333386
1972-01-01,-0.2631027,1.1270103,2.0376856,-0.01635437,1.2466549,0.9941681,-0.66507375,2.154174,0.82832986,0.92817706,2.1243346
1972-02-01,0.71872747,0.6355213,1.6956803,-0.39852792,1.9797283,-0.0043037413,0.16067353,0.97609216,0.7692245,0.37643528,0.78844833
1972-03-01,0.80623704,1.5596813,0.3864773,-0.13714638,0.025248718,0.0014347077,-0.67339456,-0.13284263,-0.09783878,-0.85759526,1.0825382
1972-04-01,0.0054512024,1.3442068,1.3918349,-0.17215042,0.8504225,-0.02324028,-0.45591125,0.4524681,-0.3494648,-0.24072342,1.0435177
1972-05-01,0.44902533,1.0753654,-0.33224982,-0.14948387,1.6150564,-0.29839382,0.50468713,0.70610315,-1.2446464,0.32966766,-0.685445
1972-06-01,0.8464054,0.07890244,-0.21231881,-0.068286136,-0.09611702,0.40053615,1.8529106,0.19051304,0.34889108,-0.70294684,0.80824566
1972-07-01,0.605682,-0.6599094,0.32019958,-0.17358474,0.10329018,1.2759203,1.8491809,1.0343361,0.44902498,-0.23670654,0.77438927
1972-08-01,0.2740059,-1.0836861,0.49292374,-0.18420105,0.82201767,1.2521063,2.100233,0.8231651,0.32679862,-0.4587803,0.23785439
1972-09-01,0.26138154,-0.03959465,-0.16956826,0.3170433,0.45964128,1.0529858,1.6612504,0.6203146,0.2978199,-0.754879,1.1513984
1972-10-01,0.33999673,0.81541824,0.21404037,0.061113358,-0.085214615,0.7187271,1.5332851,1.3410509,0.5293621,-1.0443783,1.2876841
1972-11-01,0.4432869,1.3310086,0.82861674,-0.8326336,0.7987772,-1.8775856,-0.8317726,-0.22723846,0.6335131,-0.2648247,1.3660122
1972-12-01,-0.07918892,0.8802616,1.7542112,-0.43611413,1.5909554,0.4584938,-0.6498674,2.069533,-0.022092437,0.9103882,1.375194
1973-01-01,0.9942074,0.617358,1.6963009,-0.58932495,0.15513572,-0.36793023,0.3169613,-0.11977653,1.2675269,-0.2608959,1.2089126
1973-02-01,1.5943635,1.7303861,0.4376932,-0.5491875,1.4800026,-0.5507803,-1.308939,0.38322085,-0.9760498,0.34180832,-0.28478736
1973-03-01,0.6412495,1.4350863,0.52657014,0.11690941,0.6179949,-1.2171952,-0.028351402,0.032811165,0.25898457,-0.5151022,0.25802916
1973-04-01,0.80371207,1.1614482,0.58454704,-0.060206603,-2.156293,-1.3720125,1.3242296,-0.0047782897,0.4880249,-1.3901703,1.1792877
1973-05-01,0.96776736,1.1901184,0.21852836,0.024210358,0.005415535,-0.8002081,1.123222,0.5628853,0.23955269,-0.4450201,0.80084515
1973-06-01,0.6332855,0.5995186,0.015609359,0.035359573,1.466623,0.6848915,1.5950006,1.8402874,-0.9349564,-1.2688011,0.3676117
1973-07-01,0.7572033,-0.5972889,-0.11276817,-0.12232475,0.18603554,0.97891694,0.97573125,1.1563514,0.66832656,-0.1423935,0.45266533
1973-08-01,0.5354897,-1.5402092,0.7632557,0.27491227,1.4086466,0.8247368,1.5437133,1.1840656,0.58391,-0.33065948,0.37430114
1973-09-01,0.39755553,-0.40105972,0.73076326,0.009556579,1.4478287,0.89195174,0.76612246,1.3962228,0.19208793,0.36347046,0.51956177
1973-10-01,0.6466648,0.95120275,1.091048,-0.30135193,0.380035,0.54950583,1.1442467,1.21178,0.27682343,-0.27108955,0.47560158
1973-11-01,0.36665574,1.1856582,1.0152318,-0.3985111,-0.17456779,1.1502987,0.30294496,1.1729164,0.079638675,-1.5596409,2.1101024
1973-12-01,0.02739563,1.595319,-0.3220581,-0.43100396,0.76230013,-1.0646079,-0.768034,0.962352,-1.0939147,-0.06402931,0.8040308
1974-01-01,-0.16863099,1.1666111,2.016998,-0.37342072,2.4117856,1.050246,-1.5945988,2.9581113,1.156092,1.9762375,2.0778103
1974-02-01,0.72251666,0.59629023,1.7730913,-0.5545429,1.5249112,-0.9148151,-0.6084522,1.0449867,1.0255924,1.2823188,1.4512787
1974-03-01,0.28992692,1.165625,1.6583694,-0.50194854,1.1107296,0.6469124,-0.77576864,1.9088509,0.68241346,-0.15318146,1.875322
1974-04-01,0.23470306,1.4585106,1.2004688,0.015778352,0.5433668,-0.75736046,-0.18901138,1.075886,-0.007889176,-0.809626,1.3013843
1974-05-01,0.12754174,1.2386001,0.9033104,0.26428717,1.0778582,1.5051883,0.68076974,1.6531101,-0.04404793,-0.05423813,0.6173275
1974-06-01,1.3990132,0.22977218,0.63212013,0.06475754,1.0758858,0.34580842,2.1797123,1.5009148,-0.10354538,-0.85367393,0.61075324
1974-07-01,0.31523818,-1.0131016,0.36980477,0.299131,0.45921555,1.1327537,1.414463,0.7813568,1.4289261,-0.23667526,0.00756073
1974-08-01,0.041088868,-0.8375675,0.4424511,0.15186615,1.2369564,0.6478981,1.3644981,1.4591682,0.6548012,0.49373055,0.925663
1974-09-01,0.16764489,-0.55881613,0.7570316,0.06147003,1.4203796,0.18506679,1.5104477,1.7382473,-0.5216713,0.5173985,1.3763317
1974-10-01,0.50983775,0.8553177,0.18079337,0.08119278,-0.37703666,0.82310355,0.7839867,1.3158484,0.0121623995,-0.4871563,0.40004653
1974-11-01,0.15515366,0.8046955,0.7208729,0.15416756,1.0173744,-1.0959375,0.14069024,0.7070667,0.6245594,0.7060806,1.4506214
1974-12-01,1.0528755,1.2195343,1.1104009,-0.5144402,0.7780697,-0.8730682,-0.6972057,0.25278205,0.4911011,-0.2156372,0.8615631
1975-01-01,-0.1947647,1.3418194,1.3541701,0.2451187,1.422892,-0.04180336,-0.63971555,1.3877392,-0.30560684,0.25208586,2.1341796
1975-02-01,0.5665596,0.82656324,2.2871413,-0.23055077,0.48833734,-0.72395515,0.1871643,1.1176021,1.3111004,-0.17766361,1.5315167
1975-03-01,0.60867995,1.5859878,0.84239787,-0.19444808,1.0634476,-1.0472965,-0.31732425,-0.09627418,0.79489404,0.40314752,1.8985618
1975-04-01,0.42056543,0.9545063,0.7670252,-0.15106162,-0.06365509,-0.55230904,0.18114719,-1.010244,0.76385844,-0.6948196,1.592638
1975-05-01,0.41011468,1.4855969,0.948489,-0.3508934,0.8233963,0.12445965,0.47091922,0.25683632,-0.1754467,-0.37021142,0.29040566
1975-06-01,0.5839779,0.059537508,0.44843444,0.15929565,0.29927292,0.87216645,1.9777343,-0.04021988,0.41264802,-0.674868,0.06713867
1975-07-01,0.15992928,-1.2943153,-0.51398927,0.23593445,0.4915039,0.49498788,1.1033512,1.3579705,0.97129095,1.0305121,0.33284187
1975-08-01,0.5314072,-0.62356454,0.83733064,0.37116164,1.0282952,0.72997206,1.7908871,0.67518485,0.52000654,0.031035613,0.6482662
1975-09-01,0.49752158,-0.5991791,0.28850517,0.44558412,1.5416511,0.8059782,1.5391175,1.945432,0.026285553,-0.08233948,1.211026
1975-10-01,0.2391018,0.25240248,1.2034252,0.27678758,0.82972986,0.9450056,1.1112683,1.7031635,0.21123275,0.8351139,0.8696331
1975-11-01,0.2083828,1.0146774,0.73915637,-0.23656806,0.7176216,-0.34994334,-0.6577667,1.461845,0.12825966,0.9814247,0.98839206
1975-12-01,0.3315754,1.2499787,-0.51588917,-0.2159832,-0.35406035,-0.026601791,0.61184657,0.5605427,-0.32049122,-2.4787393,0.8446146
1976-01-01,0.8958267,1.6268183,1.1269318,-0.25566214,0.7333466,-0.3606182,-0.86857855,0.9311485,-0.17862701,-0.36700934,1.3553455
1976-02-01,0.43260726,2.030159,1.6705498,0.19443779,1.5225353,0.5278076,-1.5487741,1.8417766,-0.08645401,0.5577469,1.5316181
1976-03-01,-0.18602791,1.4004227,1.2762921,-0.25498924,1.39975,0.47701186,-1.8683517,0.7949074,0.035657883,0.14767838,1.4582832
1976-04-01,0.95906943,1.7728145,-0.29771194,-0.21462174,0.7757324,0.18468209,-0.46019173,0.6670763,-1.3132957,-1.2164131,0.13556786
1976-05-01,0.080062866,1.545747,1.1891651,0.09351806,0.9086094,-0.31318626,0.17963639,0.6139256,-0.529826,-0.38988456,0.28761977
1976-06-01,0.8171097,0.21462174,0.53251725,0.19477463,0.91533774,-0.07299843,1.8878628,1.282011,0.17559929,-0.033639528,0.6357914
1976-07-01,0.71686286,-0.9755524,0.17929992,0.38248366,0.5601021,0.59576,2.1771648,0.77203214,0.45581856,0.51838875,0.93518525
1976-08-01,0.6267086,-0.71450806,0.07468033,0.36196366,-0.6361278,0.4982048,1.4707302,1.4458363,0.34648934,0.71551764,0.4770115
1976-09-01,0.5829765,-0.05516968,-0.0053821565,-0.0006729126,-0.22101326,0.55539244,1.6745865,1.357364,0.54260904,-0.1375866,0.59407806
1976-10-01,-0.022538375,0.4810482,0.8083633,-0.11437531,2.340654,0.086790465,0.34749871,1.5810684,-0.35859984,1.1494701,0.73166466
1976-11-01,0.35691756,0.2297596,1.837403,-0.21125755,1.428344,-0.32933313,-0.22168617,0.36869162,0.59744185,1.0155838,1.5666034
1976-12-01,0.7505032,1.0004463,1.4337263,-0.33875236,0.9348488,0.22673187,-0.2109211,1.0334133,0.8029808,0.21327591,0.9816078
1977-01-01,1.7323654,0.31455725,1.2267383,-0.4737816,0.606469,-1.4641597,0.20380744,-1.5292652,1.3406723,0.21902236,0.93942565
1977-02-01,1.2486756,-0.20522308,2.1290116,-0.2834198,0.79612386,-0.73986435,0.32234153,-0.41787642,2.299205,1.3778244,0.59514695
1977-03-01,0.4801506,0.04033699,2.1467032,-0.09376602,0.7639248,-1.0158539,-0.2285759,-0.24556008,1.3116581,0.9238575,1.7199806
1977-04-01,0.4631672,0.8566292,0.6114227,0.0668747,0.71721876,0.33755645,-0.19000816,1.1089118,0.086335376,0.31668013,0.7748936
1977-05-01,1.000993,1.3742859,1.2249687,-0.037506867,1.2911354,0.30040398,0.6333607,1.0491142,-0.62734526,0.5505638,-0.056259535
1977-06-01,0.21548386,0.13587189,1.2423065,0.1772705,-0.050598145,0.6782974,2.1672256,-0.00530777,-0.28448144,-0.64397544,1.2246147
1977-07-01,0.520134,-0.3909851,0.3534786,0.24237518,0.7840935,1.720335,1.5986164,1.4312534,0.30004996,-0.0987194,0.34109458
1977-08-01,0.70483476,-0.8017853,0.20309982,0.2582985,1.2306302,1.8275461,1.5090965,1.7412109,0.13587189,0.9015659,0.95039445
1977-09-01,0.8336304,-0.266436,0.7448181,0.32694167,0.8775051,1.2628292,1.1266037,1.3838398,0.35277137,0.55233306,0.8067387
1977-10-01,0.1613472,0.9620708,1.3841934,-0.0693512,1.5412954,0.1762085,0.4111538,1.1457103,-0.20982285,0.30500373,0.3361412
1977-11-01,0.25617522,0.7196957,0.6156689,-0.27988166,-0.799662,0.49678117,0.68077433,0.79860055,0.18328515,0.14153329,0.36303216
1977-12-01,0.56896365,0.660252,1.812685,0.33932608,-0.02193756,-1.0314224,0.64680636,0.6453911,1.2210766,-0.3796627,1.0225766
1978-01-01,0.7614311,0.94575274,0.5682678,-0.22751121,1.7031028,-1.4017948,-0.9525539,0.8841988,-0.45604286,0.20030518,0.92092705
1978-02-01,1.6527714,0.10440369,0.90392303,0.21322784,-0.59105265,-0.9858818,0.9528942,-1.0103672,2.0370579,0.32987404,0.5196369
1978-03-01,1.3790096,0.76381147,1.4602883,-0.35163918,1.4725311,-0.422715,-0.4210148,0.3717037,0.25777817,0.8875996,0.66756976
1978-04-01,0.8175438,0.9090244,1.8554573,-0.35401955,0.5305191,-0.368643,0.0034008026,-0.4400589,0.59377325,0.1509941,0.88929975
1978-05-01,0.49481124,0.85461235,0.91616595,0.028566742,0.60771674,-1.0936857,0.8641342,-0.24791566,0.1894226,-0.10100289,0.99438345
1978-06-01,0.64444506,-0.19724426,0.24417457,0.32987443,0.80802155,1.4487259,2.1210568,-0.015983582,-0.1373909,-0.5199768,0.8910004
1978-07-01,0.51045454,-0.61655885,0.06767502,0.20948716,0.08671951,1.6877995,1.2314171,1.2678051,0.8036011,0.75700986,0.3951687
1978-08-01,0.6492058,-0.7145012,0.077877805,0.4869896,0.53630066,1.0396134,1.6446098,1.5051781,0.69035494,-0.28600425,0.6815132
1978-09-01,0.6206398,-0.528479,0.507394,0.2815834,0.9532345,0.99574393,1.5997196,1.4330822,-0.1441925,-0.49889183,0.066654965
1978-10-01,0.017343903,0.37884483,1.0848439,-0.10916481,-0.49617156,0.5604458,1.2395786,0.61961937,0.6682499,-0.68763465,0.7838764
1978-11-01,0.24723586,0.6913754,1.191288,-0.086379625,1.037233,0.1931633,-0.24757576,1.0481154,0.56996804,-0.116305925,1.4153982
1978-12-01,0.4101326,0.46624488,2.290755,-0.09420128,1.7007225,0.59173316,0.03808861,1.1647621,1.6959614,1.7558148,1.598019
1979-01-01,0.8981918,0.463813,0.39691678,-0.061841585,-0.5396282,-1.044471,0.3169388,0.11833191,0.77748126,-0.37342873,1.2294018
1979-02-01,0.6115791,-0.43556786,1.1678569,0.18968734,-0.8648922,-0.5696575,1.173209,-1.075689,1.7862746,0.6647984,1.4256302
1979-03-01,0.9573574,1.7306763,-0.95646554,-0.42248574,0.10762825,-0.5794687,0.035975266,-0.63595885,-0.56430566,0.1879036,-0.09216766
1979-04-01,0.19860688,1.2406998,0.9216797,0.16114502,-0.39780864,0.09276275,1.0123608,-1.0691484,0.6252554,0.1388464,1.028416
1979-05-01,0.2446907,0.88778573,0.028839493,0.1590641,0.8512157,0.16114521,0.9540869,0.60384864,-0.11119614,0.54616964,0.7423979
1979-06-01,0.9103817,-0.19236335,0.40078202,0.27739564,-0.38710517,0.6677715,2.1516757,0.5110861,0.008324814,-0.71266633,0.5693604
1979-07-01,0.6314991,-1.0753918,0.7483444,0.2319065,0.34875184,0.741506,1.9069847,0.36986122,0.6258499,-1.2002646,1.311758
1979-08-01,0.20574264,-0.7748054,0.22893333,0.16709137,0.5093025,1.1699383,1.5433674,1.605209,0.8889748,-0.32347983,0.35350877
1979-09-01,0.34875146,-0.008027649,-0.2705574,0.2690708,0.654987,0.42367515,1.5014458,2.2147067,0.23874474,-0.713261,0.8304035
1979-10-01,0.43289185,0.68947566,0.81761897,-0.15103683,1.4568484,0.36213094,0.47035408,1.4363337,-0.22090606,0.475111,1.3111633
1979-11-01,0.17720032,0.9641956,0.27709848,-0.31634408,0.14063072,-0.19533654,-0.78729284,1.8317635,0.8179165,1.0168209,1.1509101
1979-12-01,-0.4647049,0.5420071,1.2451594,-0.005054474,1.265674,0.24439354,-0.69928724,0.6734207,0.9609253,0.8640003,0.9980898
1980-01-01,1.0210145,0.35181808,1.0868537,-0.085422136,0.42440987,0.4747177,-0.09487591,0.17658386,0.8029009,-0.17489585,0.77521515
1980-02-01,1.1614716,-0.5047676,1.516666,-0.27382356,0.8420671,-0.55169904,-0.45614776,-0.7309845,1.0419483,0.0955513,0.513546
1980-03-01,0.6060585,1.9025853,0.5959295,-0.2832775,0.3592457,-1.388026,0.17894764,-0.06583901,0.4129303,0.3501297,1.2718792
1980-04-01,0.8765057,1.3832992,0.7009346,0.0020256042,-1.6692779,-0.87718123,1.1932096,-0.54089487,0.15328732,-1.4011942,0.23702125
1980-05-01,0.9031795,1.4650078,1.0064961,0.18637618,0.6722355,-0.32717055,-0.07056618,0.5979551,0.6030197,0.05165863,0.17084427
1980-06-01,0.6563667,0.12425079,0.06786499,0.2880043,1.1496544,0.95078623,1.9883449,0.9595648,0.05132103,-0.21203613,0.7606964
1980-07-01,0.51017,-0.6050453,0.34033853,0.33696136,0.99434125,2.2442741,1.1057613,1.5392878,0.17962304,0.5375183,0.45412216
1980-08-01,0.13978119,-1.4791882,0.6992466,0.2873291,1.4582548,1.7320786,1.3211743,0.7032982,1.0017693,0.6043705,0.42778626
1980-09-01,0.6283428,0.09116211,0.65400314,0.14349595,1.7411945,1.2999027,1.1489792,1.391065,-0.105680466,-0.23499528,1.0760494
1980-10-01,0.18873939,0.50240403,1.1959107,0.030387497,0.90891916,0.009116173,1.1121769,1.5386126,-0.07124138,0.055034637,1.0794258
1980-11-01,0.38254243,0.3464157,2.1193483,-0.36160928,-0.449057,0.505443,0.65265274,-0.49936524,1.6682647,0.5449463,1.7982552
1980-12-01,0.8532089,0.96564215,0.9889393,-0.11682244,0.6148373,0.8518585,-0.7009346,0.9143211,-0.20562096,0.3146778,0.59120256
1981-01-01,1.7218406,1.1573147,0.6882223,-0.16040191,1.2061329,-0.38099974,-1.023341,-0.0932312,-0.1409481,-0.7594307,0.77925146
1981-02-01,1.0776646,1.6638466,-0.4503727,0.02716217,0.59278905,-0.13360672,-0.90331495,0.24445686,-0.29621086,-0.6181156,1.0365547
1981-03-01,1.7104626,0.16737556,-0.017618561,-0.06863861,-0.9359825,-0.23050842,1.016,-1.7020199,2.6974652,0.4823063,-0.14461823
1981-04-01,0.5428699,1.6833007,0.7260288,0.006240082,0.02459259,0.60086405,1.0618817,0.9198324,0.26023978,-1.0648178,1.4017713
1981-05-01,0.7396099,0.88899994,0.6537197,-0.5469078,0.007707977,-0.5002918,1.5886009,-0.15893325,0.06056366,0.16040154,0.5149738
1981-06-01,0.466156,0.38430327,0.35383797,-0.2132576,0.13691024,1.7930489,1.639254,1.10189,0.2591385,-0.750988,0.9257046
1981-07-01,0.5781067,-1.4847252,0.5832459,0.2514305,-0.37035522,0.66987,1.6476959,1.4109478,1.4935341,-0.5905865,0.7249279
1981-08-01,0.16921082,-0.63610154,0.819627,-0.1236969,0.54030037,0.56746215,1.7710259,0.8530289,0.3523697,-1.1463035,0.9356152
1981-09-01,0.2749222,-0.41917342,1.13676,0.1791214,1.3305633,0.47936973,1.1841099,0.60526884,0.5388325,0.790263,0.9569046
1981-10-01,0.2356472,0.8427517,0.557552,0.13103715,1.0692227,0.33952293,0.86440736,1.0060892,-0.07597999,-0.18095627,1.4759159
1981-11-01,1.0442626,1.0123295,0.77117616,-0.51203763,0.33328325,-0.92900884,0.30245095,-0.099471286,0.28409806,-0.7032715,1.0648174
1981-12-01,0.3398903,0.65335274,1.8704967,-0.02899704,1.5276703,-1.3353348,-0.0022022247,0.070473865,0.5883843,0.90882075,1.8279186
1982-01-01,0.7321564,0.0135883335,1.7066393,-0.41250497,0.8356873,-0.117119215,-0.07797165,0.4047405,1.207427,0.10741291,2.1133208
1982-02-01,-0.47268257,-0.14656067,2.0686731,0.1536785,2.1282034,-0.116148755,-0.6807146,1.5642846,0.66971433,1.0582781,1.9117594
1982-03-01,0.46912384,1.6564915,1.5976082,-0.1928257,1.3653114,0.23909111,-1.3119284,0.873864,-0.10158958,0.32579842,1.1860739
1982-04-01,0.536095,1.6739624,0.24394417,-0.23973808,-0.2840622,-0.7230976,0.45229968,0.7473625,0.15335484,-1.4892247,1.268575
1982-05-01,0.8550991,0.9693062,0.3164156,0.20770836,0.7030382,0.38435763,0.90880567,-0.22032623,1.26631,-0.22647324,-0.23779717
1982-06-01,0.6538612,0.66583174,1.1404556,0.12100144,1.8124346,0.5351244,1.1401322,0.79977494,-0.01941223,1.4461946,1.1184553
1982-07-01,0.6189194,-0.51991844,0.0993248,0.2792099,0.55647737,0.93307036,1.6801094,1.3384581,0.7997745,-0.4335348,0.53221244
1982-08-01,0.4849762,-1.0786606,0.22873802,0.29473954,1.2821633,1.4190178,1.5982555,1.5561962,0.30250397,-0.5953018,0.73053855
1982-09-01,0.32450408,-0.15206107,0.0029117584,0.14364891,0.8748344,0.4516529,1.5849907,1.5775493,0.21741447,-0.5267124,0.8596283
1982-10-01,0.022647094,0.68783224,1.3471934,0.15497284,1.9638485,1.1427205,-0.17567864,0.69171464,0.753833,1.1181316,0.542889
1982-11-01,-0.13361931,0.9971302,0.90718806,-0.14623718,1.5364605,0.5817131,-0.3707695,1.5274016,-0.078942105,0.89651144,1.2520748
1982-12-01,-0.5800953,0.91430587,0.36300468,0.0006469727,1.4982837,0.44712296,-1.250457,1.787846,-0.36818123,1.4326065,1.4869597
1983-01-01,0.89477617,0.8944508,0.9305668,0.13730736,0.64554024,-0.15032196,-0.7382717,0.035791017,-0.29804152,-0.46951333,0.4220085
1983-02-01,1.6857582,0.69434625,0.10542107,0.12364121,-0.5801403,-0.23426895,-0.23459396,-1.2159191,0.3618149,-0.49163857,-0.8511761
1983-03-01,1.7902024,0.6966236,-0.10314331,-0.268758,0.13893433,-1.1150538,0.027981948,-0.59055215,-0.31300887,-0.76625365,-0.747382
1983-04-01,0.7304627,1.4739399,-0.13795814,0.07646255,-0.3910984,-0.8856657,0.3621401,-0.8736269,-0.37743282,0.0029283524,0.15064773
1983-05-01,0.14348945,1.188913,0.58371925,0.1529251,1.0008476,-0.09891377,1.3226414,0.77894306,-0.10216713,0.15845661,0.67905366
1983-06-01,0.8508503,0.41842955,0.036441423,0.19685058,0.30227166,0.15910721,1.5494267,1.2240536,0.06832848,-0.52254903,-0.0426239
1983-07-01,0.74087447,-0.6823074,0.13242683,0.18513794,0.10574646,1.1863102,2.3400834,0.7265579,0.2505371,-0.41485062,0.2804714
1983-08-01,0.7255821,-0.55768967,0.32569847,0.1763527,0.4948925,1.333379,1.8269703,1.4056114,0.16040878,-0.45714912,0.38394052
1983-09-01,0.24858475,-0.07776413,0.4831791,0.279821,1.2539879,1.1114746,1.1453133,1.1144028,0.28307456,0.7952118,0.46788636
1983-10-01,0.0058570863,1.1667877,0.22711067,-0.18676415,1.0232983,0.62731934,0.54272234,0.85833395,-0.24825974,-0.79195786,1.1131012
1983-11-01,0.30422363,0.9836025,1.1674385,-0.3234207,-0.67417276,-0.3660446,1.0558357,0.20075531,0.9705879,-0.74217606,1.003125
1983-12-01,0.24793395,1.1716683,1.219498,-0.4233101,1.0184177,-0.90746534,-0.02895851,1.6031132,-0.035140228,0.0045555113,1.7017014
1984-01-01,0.79330176,1.9467556,1.4862735,-0.57568896,3.0528119,-0.39267272,-2.9050837,1.6748257,-0.13804093,1.597675,1.0136833
1984-02-01,0.69158745,1.1631405,0.44595146,0.13181381,0.13665695,-0.94552726,-0.12454796,0.87356645,-0.37537384,-0.14634399,0.2996071
1984-03-01,1.194278,1.8741024,0.8147522,-0.44595107,-0.0726532,-1.0558907,-0.2501339,-0.15187988,0.07161522,-0.76770055,0.80125886
1984-04-01,1.3779862,1.1932396,1.4132748,-0.24598312,-0.7587055,-1.810099,0.6576828,-1.890363,1.1209328,-1.4572124,0.69124144
1984-05-01,0.2010067,1.3873272,0.38540688,-0.37122267,0.60475004,0.6206646,1.3866352,1.2783476,-0.72064894,-0.6486877,1.2395996
1984-06-01,1.349963,0.20792618,0.36257362,0.16675644,0.91542816,1.3620716,1.1050183,1.0219864,-0.024909591,-0.8597275,0.31344604
1984-07-01,0.79468536,-0.5566605,-0.015914153,0.20169906,0.70888597,0.9534847,0.8123299,1.5893719,0.22280273,1.1842445,0.4930027
1984-08-01,0.4307289,-0.77081376,-0.14703599,0.003805542,0.68985826,0.52068025,1.8976281,0.32520905,0.61893463,-0.28092498,0.3708763
1984-09-01,0.55181694,-0.35738373,-0.004151535,-0.0020759583,0.9071251,1.7139199,1.786573,2.0661144,-0.026293565,-0.4196579,0.2978775
1984-10-01,0.40824127,1.0053794,1.2174572,0.031137085,2.3051772,0.73275775,-0.45979005,1.4288431,-0.16986962,1.7121903,0.73310393
1984-11-01,0.71199954,1.3779862,1.2852669,-0.24840394,1.9958827,-0.22141914,-0.66598624,0.3390476,0.4442211,1.0230242,1.0489714
1984-12-01,-0.38955918,0.86422503,0.80056727,0.055700682,1.6464561,0.94068414,-0.44698906,2.2930684,-0.14703599,0.12489395,2.1052084
1985-01-01,1.0570587,-0.80800784,1.9860748,-0.2434227,0.5899128,-0.9177593,0.011256409,0.15548095,1.7306919,-0.16392326,1.4791787
1985-02-01,0.49634248,0.36513367,1.8056183,0.0010551453,-0.051006317,-0.1565361,0.7886608,0.8748436,1.5885785,-0.4108637,1.5189285
1985-03-01,-0.4245823,1.2245,2.1820087,0.12522888,1.4837517,0.3447315,-1.2199266,0.8558483,0.61488837,0.60820466,1.4717915
1985-04-01,0.5339817,1.2930943,1.0549481,-0.31412774,0.69720155,-0.26452866,0.017588044,1.6744095,0.18608436,-0.18678817,0.3443798
1985-05-01,0.94167936,1.7655166,0.7847916,-0.047488403,0.42036095,-0.0042209625,0.5385548,1.2508819,-0.24799576,-0.76544416,0.33417854
1985-06-01,0.6134815,0.38835067,0.45729637,0.37005845,-0.2149292,0.5469971,1.6480267,0.83228,-0.21563263,-0.3359371,1.2561588
1985-07-01,0.4903633,-0.9536392,-0.0010551453,0.20824584,0.6173504,1.4411881,1.5942066,1.5045059,0.94414175,-0.34262085,0.5093578
1985-08-01,0.16286774,-1.3940506,0.6254414,0.37603837,1.4112877,1.3272156,0.9729866,1.2568623,0.9986652,0.53468513,0.64478797
1985-09-01,0.5754906,-0.37498322,0.86534613,0.19382325,0.7802181,1.1108792,1.3637997,1.0246964,0.031658936,-1.0813305,0.13437462
1985-10-01,-0.105529785,1.0123844,1.5083752,-0.20226593,0.62614477,1.5023953,0.21070823,1.6561177,0.16744117,-0.12698784,0.8333355
1985-11-01,0.03658371,0.6507683,1.191082,-0.30638885,0.24518128,1.204097,0.46046257,1.5111897,0.6377529,0.36407852,1.3476177
1985-12-01,1.0039421,0.43443185,2.3592992,-0.53749925,1.296612,-0.2550308,-0.7932339,1.0370086,1.3673168,1.007108,1.6821483
1986-01-01,0.4043022,1.1479641,1.2205654,-0.12455444,2.0285034,0.4186222,-1.1423028,0.74366224,0.095580675,0.8702148,0.85189784
1986-02-01,0.054284286,1.0027621,1.3441204,-0.31305084,0.8515652,-0.97378767,-1.0723655,1.00476,0.4199543,0.8132664,1.6122116
1986-03-01,1.1672806,1.0383965,1.1736076,-0.42361793,1.8899616,0.01498642,-0.2900715,1.5162983,0.30672303,0.66673166,0.38565198
1986-04-01,0.7193508,1.5412757,0.09158401,0.11356392,0.05028801,-0.07026978,0.3729971,-1.0304035,0.16585045,-0.7093601,0.47124156
1986-05-01,0.8352467,0.8682167,0.26742515,0.18949585,1.349116,-0.054950714,0.010324096,-0.8595581,0.7416641,0.43527374,0.54484177
1986-06-01,0.70969313,0.37233123,0.18882942,-0.010324096,1.2278919,1.2601963,1.886631,1.7664063,-0.6757237,0.16618347,0.50154763
1986-07-01,0.5408455,-0.8668839,0.54450876,0.12955017,0.982447,1.7450924,1.7640755,1.1729418,0.8172623,-0.41296083,0.3723305
1986-08-01,0.5811424,-0.64941406,0.84390527,0.06427536,0.60745203,0.97911644,0.9548054,1.3101513,0.6760567,1.0687023,1.1080005
1986-09-01,-0.09724579,-0.5884693,0.86588514,0.1795044,-0.6041214,1.1366413,1.4650116,0.9404848,0.9581356,-0.08792038,1.114661
1986-10-01,0.014320374,0.60711896,0.9887745,-0.16851464,1.6664963,0.1282177,-0.21414033,1.2139046,-0.119225696,0.71169126,1.2012494
1986-11-01,-0.5947968,0.82758677,1.429044,-0.30639037,2.1310773,0.7856247,-0.39963952,2.088116,0.18583222,0.66706467,1.7374322
1986-12-01,0.35767668,1.1612854,1.409062,-0.13854179,1.8186924,-0.08292542,-1.2235626,0.5728165,0.7832931,1.0527169,1.022411
1987-01-01,0.73856276,0.47481424,1.8249,-0.026341248,-0.7368954,-0.82859075,0.08836059,0.31976622,1.5594842,-0.20372982,0.62552756
1987-02-01,1.2640591,0.024007415,1.4564526,-0.1793892,0.41812974,-0.27541906,-0.36544687,-1.102676,1.6311731,0.7208904,0.69988406
1987-03-01,1.7398735,0.34444046,-0.06835461,-0.27908668,-0.47147998,-0.9716352,0.34510726,-0.6985502,0.33977205,0.4047924,-0.40645942
1987-04-01,1.9449371,0.91528434,-0.33310357,-0.10569954,-0.2887562,-0.992308,1.0033118,-0.64319956,0.11436882,-0.290757,-0.5598408
1987-05-01,1.4087708,1.1053432,-0.28475493,-0.14304467,-1.093673,0.6068554,1.7732172,1.1373533,-0.32310048,-1.5214723,0.01567154
1987-06-01,0.78290975,0.2594139,1.29907,0.006668472,0.4508068,0.67487603,1.4474494,1.0169823,0.48715132,-0.041012574,0.62219316
1987-07-01,0.6548702,-0.7282265,0.6618721,0.17572097,0.49181977,0.6218597,2.1716747,0.38745347,0.5228287,-1.3877643,0.40946046
1987-08-01,0.16805267,-0.93729097,0.742564,0.2784195,0.2897564,1.5228064,2.0202937,1.6528466,0.9322895,-0.8942776,1.1900364
1987-09-01,0.4484726,-0.10436592,1.42711,0.13037339,1.1900362,0.46747857,0.8332588,1.2763962,0.86126745,0.46681136,0.65887105
1987-10-01,-0.23907432,0.4051258,1.2967365,0.015338135,1.4511173,0.67787707,1.0326538,1.6631832,-0.5618412,0.9149507,1.0599959
1987-11-01,0.34110564,1.2977364,0.7165558,-0.19672775,0.99730986,0.37678355,0.7872446,1.4087709,-0.36211243,0.020339584,0.24407597
1987-12-01,0.6885468,0.493153,2.345395,-0.20773125,0.26508254,-0.6812115,0.6265278,-0.70288503,1.9295994,-0.107033156,1.4694561
1988-01-01,0.9506962,-0.24059372,1.9838152,-0.33836633,2.2664545,-0.4121132,-0.6393589,1.5146405,1.0511383,1.4929502,1.4735959
1988-02-01,0.3910904,0.66405237,0.6530407,0.21356468,0.7745056,-0.045048524,-0.53558004,0.7528156,-0.44548225,-0.9753895,1.1051967
1988-03-01,1.5570195,0.49219972,0.51589185,-0.14115295,0.20555572,-0.6376907,0.25027123,-0.13214341,0.1928753,-0.1534996,0.4161175
1988-04-01,0.92166483,0.35538483,0.37907696,0.12546921,0.7398014,-0.38541737,0.26628837,-0.79452705,0.6446983,0.44247913,-0.14782676
1988-05-01,1.1302242,1.3467919,0.61266327,-0.13314438,0.12213211,-0.59164083,1.5366642,-0.17652473,-0.107449725,-0.6280136,-0.092767335
1988-06-01,0.67339593,0.22858123,0.117126845,0.22290802,0.3770752,0.62133944,2.441978,1.1625923,0.07541504,-1.7151909,-0.24326324
1988-07-01,0.40577316,-1.247351,-0.0033370971,0.23792419,1.4829395,0.34303817,1.9284217,1.1922913,0.6940853,0.79586184,0.52256584
1988-08-01,0.1748558,-1.753899,0.34437293,0.63702315,1.3648113,1.7105194,1.4045208,1.66814,0.4648369,0.3180111,0.1431549
1988-09-01,0.21523324,-0.55393374,1.2433468,0.29532012,0.80420417,0.8465832,1.4619167,1.5940597,0.33703154,0.20088425,1.4799362
1988-10-01,0.089430235,0.52323306,1.0811707,-0.024025727,1.6474508,0.7261198,0.91699296,0.90264434,-0.38341522,-0.30266112,0.7538164
1988-11-01,-0.026695633,1.1632599,1.7765907,-0.20755807,-0.10177688,-0.41011086,0.54659176,1.3704846,0.6854088,-1.0681568,1.6491196
1988-12-01,0.36873245,1.1372315,1.774255,-0.35371667,0.7184448,0.5656128,-0.1291397,0.9533657,0.3744053,-0.68207204,1.6684735
1989-01-01,-0.53113973,1.0336424,2.0154374,-0.0027126311,1.1888847,0.37348595,-1.0206808,0.9242195,0.5510349,-0.6348354,2.0193558
1989-02-01,-0.4021225,1.8523573,1.4906276,0.075360104,2.616511,0.72828215,-1.2066698,2.304821,-0.46572685,0.7632496,1.8791857
1989-03-01,-0.03255577,1.4231046,1.1560276,-0.4069458,1.8312563,0.78615916,-1.00802,2.0094085,-0.057876967,0.65744364,1.1071943
1989-04-01,1.2407326,1.3733673,0.941703,0.015976334,1.8182945,0.0054260255,-0.64387894,1.3887405,-0.12750968,0.23331566,1.2977053
1989-05-01,0.71773183,1.5195659,0.49255523,0.0168808,-0.777116,-0.58057594,1.2793173,0.04340744,0.14469185,-1.4472201,1.3420172
1989-06-01,0.63332826,0.41026154,0.48984224,0.24416733,-0.2887806,0.36293525,2.261112,0.8340883,0.12479667,-0.45517653,0.9676269
1989-07-01,0.78857076,-0.91427153,0.9872204,0.2007595,0.65051043,0.0985714,1.6799328,1.5005753,0.3068672,-0.53958017,0.6707069
1989-08-01,0.53807294,-0.8500649,0.47657853,0.25230676,1.213,0.8220304,1.5448872,1.4107456,0.19412842,-0.9435116,1.018872
1989-09-01,0.45065498,-0.47688025,-0.006631851,0.3147049,0.8820175,1.2030525,1.8140743,1.0179676,0.2034729,-1.1273906,0.32766685
1989-10-01,0.51908225,0.7454647,-0.010550308,0.010851669,0.50491446,0.7011528,0.7364214,1.4794743,0.3463562,-1.0417817,0.65653956
1989-11-01,0.4919525,0.9441145,0.78977644,-0.24175605,0.7738001,0.66497993,-0.081690595,1.565988,0.13233261,-0.52842677,1.3513619
1989-12-01,0.9594879,-0.47296143,2.6400237,-0.5407856,-0.012057495,-0.47507173,1.2410343,0.13233337,2.5791326,0.03707733,1.272987
1990-01-01,-0.672805,1.512845,1.7877028,0.16755676,2.524953,-0.41438103,-2.2971396,1.8676144,0.31578025,1.2383095,2.4108853
1990-02-01,-0.58161545,0.10794525,1.5544119,-0.05896721,1.7190688,0.87000656,-1.1677421,2.1682498,0.62092704,1.1335863,1.5908234
1990-03-01,0.065733716,1.2914766,0.7053499,0.31771356,0.7066387,0.53650415,-0.32319146,1.3671995,-0.025455857,-0.8390732,0.6844053
1990-04-01,0.8709732,1.8392588,-0.5977268,0.07862282,0.25520173,-0.015789032,0.23264618,0.50750387,-0.49558163,-1.1326199,0.46142578
1990-05-01,0.54617083,1.3581772,1.060764,0.32673606,-0.7424057,-0.22233506,1.1638756,0.16079025,0.31513557,-0.30740243,1.7190689
1990-06-01,0.73467255,0.33736914,0.03286705,0.15821227,1.3307879,1.352055,1.6723461,1.2447541,-0.13372345,-0.7475613,0.557449
1990-07-01,0.5513264,-1.0949199,-0.13952331,0.07056694,1.6649351,0.80362856,1.7335689,1.7448467,0.72565,0.16626778,0.7214615
1990-08-01,0.49364814,-0.68923837,0.05123367,0.27550203,-0.66410524,0.81748426,1.5302455,0.42630348,0.86098444,-0.3383358,0.49074823
1990-09-01,0.46658134,-0.19945717,0.49525946,0.0012889862,0.5442375,1.068175,2.145372,0.37893638,0.13726768,-1.3771884,0.98858565
1990-10-01,0.113422774,0.58967096,0.004188919,-0.28871346,1.3514106,0.9347738,1.3314327,1.6143459,0.26938018,0.00096664426,0.7775284
1990-11-01,0.35025826,1.3700993,1.4728892,-0.13726768,0.69858325,0.9077072,-0.2829132,0.98536336,0.74595034,0.29547995,1.511556
1990-12-01,0.16433449,1.3874996,0.40310287,-0.38312492,0.5255486,0.075078204,0.05928936,1.8324919,-0.26100197,-0.72983897,1.9072483
1991-01-01,0.31725615,1.3913691,2.2859814,-0.3634964,1.5461441,-0.25977784,-1.6723402,1.1287014,0.9174107,0.836491,1.598806
1991-02-01,0.29927444,0.84034425,1.7333511,-0.03275337,1.5371529,-0.30473328,-0.7530025,0.96718293,1.0378269,0.27743912,0.4929039
1991-03-01,0.8098389,-0.32271537,1.2410896,-0.654422,1.0551674,-1.2298508,0.400745,-0.046239473,0.72153395,0.07449742,0.99255025
1991-04-01,0.42097512,1.8996861,0.9819538,-0.092479706,0.9074566,-0.5099224,-0.010917664,0.5324005,-0.22927245,-0.6762577,0.5645111
1991-05-01,0.46946257,1.3107708,0.49772033,-0.104681775,0.08252525,0.5269413,0.70066166,0.757177,-0.17115173,-1.0432861,0.6640552
1991-06-01,0.9623661,0.23569413,1.3502667,0.076424405,1.7455533,-0.11656304,1.3602215,1.083746,-0.18656464,0.28032914,0.35643196
1991-07-01,0.6778633,-0.32367936,0.95465964,0.22927245,1.4334342,1.3737084,1.6472934,1.3727448,0.46111375,0.22381362,0.21032715
1991-08-01,0.44377366,-1.4475635,-0.10692978,0.4399208,1.2471908,0.2867508,1.7574348,1.6758722,0.74144286,-0.14995842,0.93507195
1991-09-01,-0.017982483,0.05555191,0.800848,-0.15573807,0.79442596,1.5079321,1.5711902,1.4327924,0.08573608,-0.29606324,1.0641578
1991-10-01,-0.12202187,0.725708,0.7070839,0.23344688,0.28932,0.86860216,0.90007097,0.9980097,-0.37858886,-0.21996002,0.6768993
1991-11-01,-0.1274807,0.37345085,0.59212685,-0.09986496,0.95176965,-0.3631752,0.5484554,0.943742,-0.15349045,0.24147454,1.3685703
1991-12-01,-0.027936554,0.9430996,1.0192028,0.058442306,0.4508381,0.42964476,-0.7343782,1.3537991,-0.06518517,-0.66855085,1.8614738
1992-01-01,0.847295,0.3960537,1.1469328,0.2071167,-0.1655632,-0.3843666,-0.5934313,-0.12368546,1.0212991,-0.39735222,0.79437983
1992-02-01,0.39735222,0.9206627,1.7199116,-0.056811143,1.201471,0.24347572,-0.5005859,0.26587525,0.4713688,0.10485687,-0.1486824
1992-03-01,1.3621651,0.38891143,0.95280135,-0.33404845,1.3280785,-0.91806567,-0.65900767,0.09252052,-0.0025970459,0.2548378,0.13180122
1992-04-01,1.1621902,1.395602,0.7794466,-0.22951622,1.6725153,0.43565902,-1.2131579,0.7044563,-0.47818604,0.36781043,0.07077026
1992-05-01,1.3770984,1.2082882,-0.09836426,0.21718025,1.1212864,-0.3759262,0.87651217,0.69926226,-0.3980015,-0.41910285,0.070445634
1992-06-01,0.36586267,0.30937654,1.0414264,0.15744705,0.25289002,0.023373414,1.8987854,0.43565902,-0.106480025,-0.7083519,0.607066
1992-07-01,0.51941454,-1.1186898,0.6424511,0.28697664,1.9796193,1.5546732,1.6715416,1.4978622,0.48565254,-0.083106235,1.4085877
1992-08-01,0.43403625,-0.6642014,-0.023049165,-0.024022674,2.166284,0.53889275,1.4712425,1.9510514,0.22919159,0.481757,1.036557
1992-09-01,0.27334213,-0.3642395,0.7518528,0.11557007,0.13212585,1.2491922,1.4761117,1.2897717,0.12887993,0.1912094,0.5366203
1992-10-01,0.58596456,0.6021961,0.12530899,0.20354576,-0.074990466,0.33275014,0.92650604,1.0914199,0.11686859,-0.3545006,0.40189725
1992-11-01,-0.6314133,0.7031578,1.1193386,-0.45221558,2.139339,-0.95961875,-0.938842,1.8296385,-0.38404235,1.3456085,1.6014202
1992-12-01,0.29346925,0.69666517,1.0128587,-0.58531535,1.332948,-0.4639023,-0.31294745,1.1862133,0.3249588,-0.32788047,2.2179008
1993-01-01,0.1908535,1.1609218,1.8502868,0.0895401,1.8924236,0.36900407,-1.7824348,1.3291581,0.42942008,0.2952652,1.1150675
1993-02-01,1.5104069,1.1987207,0.43530694,-0.27636606,-0.5830944,-0.81019783,-0.19054374,0.2940262,-0.35382232,-0.9536476,-0.23918648
1993-03-01,1.098027,1.2151417,1.1974818,-0.2698593,0.6444403,-1.2944574,0.7981148,0.36156806,0.09542694,-1.2504618,0.20231704
1993-04-01,1.0865635,1.1674283,0.76186466,-0.26954955,0.7968752,-0.22648354,-0.22276554,-0.7782856,0.3057991,0.6593119,0.16668701
1993-05-01,0.95953447,1.5575005,0.1970501,0.03408127,-0.31633338,0.5830946,2.2189813,1.1618513,-0.8458277,-0.7398672,0.4421234
1993-06-01,0.7336704,0.0944973,1.1959321,0.2137806,0.57163084,1.3499165,1.9051266,0.7547386,0.79904366,-0.66117096,0.67108536
1993-07-01,0.6621006,-0.9362968,1.1857078,0.17877045,0.65404475,1.7833643,1.7728302,0.81732386,0.6332863,-0.029433822,0.1995285
1993-08-01,0.56636393,-0.91460913,0.33244437,0.18558617,0.35692063,1.4973942,1.6172974,0.8783596,0.6016842,-0.73490983,0.63421595
1993-09-01,0.25932503,-0.132296,-0.046474077,0.013322448,1.746495,1.1776524,1.5887932,1.7006404,-0.24569282,0.9722372,1.4809735
1993-10-01,0.1062706,0.65094644,0.7565975,-0.16203956,0.6682968,0.40122604,1.0751,1.265024,0.8018322,-0.43871516,0.82166135
1993-11-01,-0.42601204,0.6115986,1.5342636,-0.52143896,1.7517622,-0.009914398,-0.6224424,1.8992398,0.023237228,0.41175994,1.3616902
1993-12-01,0.90407526,1.3201729,0.8343643,-0.23887673,1.1931438,-0.89973795,-1.2544897,0.33554268,0.29123765,0.672015,1.1544155
1994-01-01,0.84735525,1.1764123,1.5178257,-0.1115284,2.5488937,-0.13689041,-1.5587953,1.7594162,-0.41099662,0.8008579,0.99465024
1994-02-01,-0.20322227,0.8801956,2.4126537,0.08356476,1.016111,0.007804108,0.17655945,1.4293835,0.89645386,0.81581515,1.8852514
1994-03-01,1.0603317,1.19202,0.77809715,-0.23671302,1.9122394,-0.06405564,-1.3311865,0.2357376,-0.3020695,0.37620467,0.83174783
1994-04-01,0.46009523,1.7720973,0.7117653,-0.08356514,1.1744616,0.8525578,0.29979342,1.8647665,-0.026662827,0.3284069,0.33295918
1994-05-01,0.32092857,1.4498684,1.0196877,0.017558288,1.2437197,0.13103771,0.2666275,1.2391675,-0.36579973,0.4409109,0.20939998
1994-06-01,0.29589158,0.018534089,0.5319546,0.059503555,0.41814995,1.0463501,1.3308617,1.2853397,0.25882378,-1.2411184,0.31214944
1994-07-01,0.8028091,-0.87824476,0.16160202,0.07153435,1.4147514,0.8593861,1.3936161,1.2115291,-0.039668657,0.16810513,0.9839207
1994-08-01,0.6425072,-1.4853103,0.42010117,0.37262803,0.9042574,1.1393446,1.8797238,1.7083666,0.36482468,0.21915455,0.31930274
1994-09-01,0.04714737,-0.19964524,0.508218,0.2415905,1.0616328,0.19639377,0.7361519,0.7751707,1.0037549,0.45586777,1.0177364
1994-10-01,0.28841287,0.4028675,1.1286144,0.007803726,0.76476556,0.84572923,-0.028939057,0.5947092,0.02243576,0.6509611,0.092344284
1994-11-01,0.16843072,0.61747015,1.4618992,-0.3082474,1.1520258,0.43505782,-0.36222306,1.5955379,0.7888271,0.8704411,1.6452869
1994-12-01,0.51277006,0.23671341,1.2134804,-0.3206032,1.9593868,0.08519077,-0.5839794,0.9426254,0.22565766,0.8649136,0.007803726
1995-01-01,1.3769372,0.67927057,0.58347166,0.054494478,1.8774525,-0.93855226,-1.1502823,0.8177624,0.3526516,1.5157764,0.5043335
1995-02-01,1.4480922,0.29572716,1.7629101,-0.19437408,1.4689184,-0.39187393,-1.8364948,0.4477562,1.3911682,1.0846809,1.2797501
1995-03-01,1.0583012,1.7202171,-0.0388752,-0.14578132,0.7643097,0.5824305,-1.2676014,-0.40575752,-0.53661346,0.004859543,0.2530344
1995-04-01,0.6994022,1.0784328,0.5078043,-0.01284256,0.055883028,0.16799545,0.08330345,0.5716702,0.31134683,-0.6285942,0.21277103
1995-05-01,0.80873793,1.2748909,1.2339325,0.13988037,1.2564942,-0.09024544,-0.48281327,-0.44081402,0.14751664,0.70287323,1.3651358
1995-06-01,0.28947908,0.6004791,0.38284874,0.1957634,-0.29225653,-0.43977278,2.2016418,0.8861408,0.18014374,-1.1166137,0.12113724
1995-07-01,0.66851044,-1.119738,0.63171804,0.2679596,0.762574,0.8673973,1.4775959,1.309253,0.78097,-0.24921608,0.41582337
1995-08-01,0.26379433,-1.3915154,0.8965538,0.37556,0.09371643,1.3286908,1.8420483,0.8222748,1.4696121,-0.66052705,-0.16730118
1995-09-01,0.41269952,-0.3925682,0.70044327,0.37937775,0.6095039,0.32904854,1.4772484,1.141605,0.21242408,-0.040263366,1.0110962
1995-10-01,-0.4866314,0.76049155,0.57548827,0.06282463,0.49912643,0.35126305,0.5466793,1.9402775,-0.28670272,0.046511076,1.5827663
1995-11-01,0.6914188,1.251635,0.47725946,-0.3155117,0.2884384,0.11419525,0.6372719,0.67128754,0.21693611,0.3366848,1.3745075
1995-12-01,1.1815212,0.81220895,1.594915,-0.23741493,-0.6355362,0.006594849,0.35403976,-0.663998,1.6098398,0.026726533,1.0350456
1996-01-01,0.7602749,1.1035073,1.4427681,-0.28166884,0.6805069,-0.7476975,0.8076059,0.55373955,0.92676085,-0.428627,1.2531132
1996-02-01,0.48522568,2.2583175,0.7003662,0.13901444,1.2299439,0.06156349,0.079436496,0.24923249,-0.7291622,-0.6930847,1.4543526
1996-03-01,0.88009185,0.77185935,1.4553455,-0.3455494,0.0767889,-0.8142258,0.7192324,0.7152607,0.8820778,-0.9575426,1.1452118
1996-04-01,0.78807753,1.3613453,1.2378876,-0.16648635,-0.12908459,-0.31079635,0.9155073,0.8754581,0.7917185,-0.5424862,1.2981272
1996-05-01,0.9045849,1.5473595,0.60802156,-0.033760834,0.35647202,1.5192258,1.39974,1.6688312,-0.15655632,-0.91285956,0.9846832
1996-06-01,0.31443673,0.27339402,1.228289,0.14033738,1.7717682,0.5385143,1.3755779,0.9337114,-0.40413398,-0.11915474,0.14596482
1996-07-01,0.46338043,-0.6983803,-0.35680312,0.17178193,0.06222534,1.4023876,1.836972,1.2269653,0.5633381,-0.547451,1.3878243
1996-08-01,0.2028946,-1.1011906,0.281007,0.1956131,1.0449226,0.47529602,1.862458,1.4887753,0.4312748,-0.038725663,0.45312005
1996-09-01,0.5994156,0.1310707,0.74637336,0.21315536,1.4474018,0.1515915,1.1054932,1.4818243,0.032105636,-0.14828186,0.87777483
1996-10-01,0.19428901,0.36938056,0.7222115,-0.2436058,1.1690423,0.42333108,1.0558453,0.8857185,0.662965,0.86486626,1.1571271
1996-11-01,0.20057754,1.0512116,0.66164094,-0.4852253,1.7274163,0.5444721,-0.3339649,0.28597164,-0.5203098,0.6030567,1.7145073
1996-12-01,0.7781483,1.1051624,-0.25188026,0.12643662,0.2330141,-0.18601418,0.18303509,0.8973028,0.27173957,-0.64145106,1.631099
1997-01-01,0.5072891,0.943597,1.8403072,-0.034513853,-0.2865305,-0.44119185,-0.040374756,0.8511257,0.88401186,-0.1168911,1.7348118
1997-02-01,-0.51575506,1.753371,2.23331,0.3376503,2.8246047,-0.70232546,-0.9448994,1.6215019,0.05372467,0.61538965,2.1532116
1997-03-01,0.13284607,0.65055466,1.7970021,0.000976944,0.20057145,1.142215,-0.7348854,0.7856792,0.61538965,-0.3259285,1.070582
1997-04-01,0.9002918,0.77656287,1.0992352,0.34709245,-0.6362278,-0.29922906,0.72772217,-1.2366394,0.48742732,-0.94164354,0.03483963
1997-05-01,0.43533134,0.83972967,1.2219871,0.06577225,0.41807404,0.24778385,0.7492119,0.87066233,-0.24876061,-0.6639042,0.8195425
1997-06-01,0.53008115,-0.039398193,0.48645058,-0.17549972,-0.5720844,-0.4441223,1.8598435,0.20806046,0.7619106,0.31095085,0.56785125
1997-07-01,0.63492584,-0.5655724,0.7804699,0.36044234,0.9937401,1.3059928,1.821748,1.258455,0.30639228,-0.8537304,0.4034218
1997-08-01,0.48742753,-0.36727983,0.39397925,0.25787812,1.8285854,0.7970756,1.5703827,1.6000122,0.13252029,0.032234572,0.38518828
1997-09-01,0.04297943,0.016280364,0.84852064,0.30769426,0.4089573,0.90387344,1.1428661,0.75084,0.497847,-0.30346185,1.0813271
1997-10-01,0.60952836,0.5053352,0.6007372,0.17680207,-0.03256035,0.56947935,0.4919861,0.06381798,0.6179943,0.181361,0.16638298
1997-11-01,0.45519334,0.91559523,1.236314,0.07619095,1.5342404,-1.256827,0.053073503,0.30899698,0.5652466,1.0862108,1.8477962
1997-12-01,1.1265854,0.48286897,2.4521148,-0.112658694,0.6463215,-2.163631,0.15173073,-0.4460762,1.7195088,0.24322529,0.55026853
1998-01-01,0.5909065,1.362422,1.4851185,0.35074845,1.0306505,-0.046133805,-0.7214554,0.080488965,0.31475753,0.72440034,0.42567483
1998-02-01,1.7560322,0.7181835,-0.035663605,0.17341118,-0.8628019,-1.4406207,0.26338845,-1.585893,0.5225237,-1.034577,-0.7355248
1998-03-01,0.7901657,1.1958821,0.6857916,0.28007507,0.48849565,-0.8356451,-0.90337336,0.2113655,0.29839784,-0.45054168,0.7787136
1998-04-01,0.73028946,1.4550167,0.5329937,0.28989068,1.7481798,-1.6997557,-0.0716547,0.8451336,-0.43876305,1.3761642,0.14952621
1998-05-01,1.0813652,1.5400867,0.53201216,0.31410295,0.09815712,-0.82223034,0.58763444,-0.59156096,-0.17177506,-0.9481987,0.76268137
1998-06-01,0.6049755,0.61217344,0.75090253,0.15999603,0.99204236,1.0296692,0.86770976,-0.112226486,-0.010797119,0.012433243,1.5384508
1998-07-01,0.0068710325,-0.64423865,0.7021515,0.35336608,0.39295617,0.9926964,1.519146,0.8798157,0.64685595,0.089977644,0.89944726
1998-08-01,0.4757355,-0.9027187,0.77478755,0.29512635,0.5271042,0.85887563,1.4193531,0.99138796,0.8542946,-0.5091087,0.079180144
1998-09-01,0.4511959,-0.6059574,0.6710682,0.3638359,1.6238474,1.2642651,1.1353519,0.9076269,0.23983078,0.983535,0.40604362
1998-10-01,0.55655134,0.9730652,1.1229185,0.10633697,1.8623693,0.72865355,0.18617134,0.8595301,0.2002407,0.8291012,1.2292553
1998-11-01,-0.3638359,1.6166493,1.497879,-0.11647987,1.7154605,0.24441147,-1.5541556,0.8569126,-0.02224884,0.5359386,1.3764912
1998-12-01,-0.15672454,1.4795563,2.208537,-0.22805175,2.1457167,0.5902519,-1.6114143,1.8571346,0.54739,0.20842056,2.2533622
1999-01-01,0.25704765,1.4384009,1.329189,-0.33729172,1.7470577,-0.018312836,-1.8166472,1.7480564,0.26836815,1.0208652,1.473362
1999-02-01,0.56071013,1.9301875,0.3829077,0.25271875,0.9216423,-0.62097627,-2.2142048,-0.71853465,-0.543063,-0.082574844,1.1234179
1999-03-01,1.0704765,1.9638169,0.33263016,0.050943375,0.08423996,-0.2950054,-0.59900093,-0.70355093,-0.25205308,-0.45715827,1.1510534
1999-04-01,0.7178688,0.9825741,1.2329626,-0.0033298493,1.0261923,-1.2902323,-0.55171967,0.80510485,0.023307418,0.6972248,1.356492
1999-05-01,1.2326298,0.95527154,0.13884583,0.014317322,0.19078788,-0.5740286,1.2725853,-0.045949172,-0.12885666,0.02463932,0.10321846
1999-06-01,0.8410648,0.1028862,0.4611538,0.13018799,-0.38124275,0.55571556,1.9837945,0.70255244,0.3283016,-0.77613676,0.28102073
1999-07-01,0.544062,-1.4723629,0.6196445,0.1524971,0.9296333,1.7437279,2.0610423,1.2845719,0.922974,0.16947822,0.50976676
1999-08-01,0.31864548,-1.8146492,0.6988899,0.3665924,1.3834622,1.2599323,1.6218636,1.2429516,0.5397331,0.80011046,0.67957765
1999-09-01,0.5420639,-0.48246345,0.45516053,0.23906784,1.08546,1.0068804,1.6518303,0.7421749,0.8833515,0.30266342,0.43651468
1999-10-01,0.3962261,0.59633714,1.246947,0.23507233,1.6348492,1.1753597,0.9595997,1.5948937,0.20810203,0.5124302,1.1227516
1999-11-01,0.36359558,1.1107651,-0.011320877,-0.19012222,0.26870117,1.1100991,0.36992186,1.1523855,-0.42585984,-0.6995556,0.5610428
1999-12-01,0.33629265,1.7061031,0.9256374,-0.128191,1.7960036,-0.26936722,-1.0125412,0.6259705,0.034294892,1.102108,1.4467251
2000-01-01,0.6274902,2.1934714,0.7636177,-0.11761169,0.63057595,-0.5479393,-1.1675427,0.6137741,-0.098752595,-1.1922309,1.4133949
2000-02-01,0.9367771,1.6023281,1.0070698,-0.07132111,1.369162,0.03531761,-1.4435695,1.084563,0.59080046,0.9343769,1.0831913
2000-03-01,1.109937,1.7724015,-0.0051433565,0.07852173,-0.28322792,-0.5589117,-0.36895028,-0.41764086,-0.5784565,-0.29694328,0.7598454
2000-04-01,0.9162037,1.5299778,0.8263664,-0.26471177,0.02228775,-0.5287374,1.3335018,1.2018318,0.35523453,-0.57811373,0.94740677
2000-05-01,0.914489,1.8845272,0.3041439,0.12824173,0.7917347,0.6888672,0.75950277,1.0519884,-0.89734495,-1.2961266,0.9899254
2000-06-01,0.8407677,-0.05417633,0.42518464,0.20093384,1.5070041,1.5776398,1.4041374,1.8190346,-0.06720658,-0.7101261,0.75230217
2000-07-01,0.35626298,-1.1455971,0.5791424,0.093608856,0.9124321,0.8167656,1.4240249,1.3914502,0.542453,0.7910488,0.7961918
2000-08-01,0.7224709,-1.0314156,0.46770287,0.34186172,1.1383969,1.4888313,1.6126144,1.384592,0.8596264,0.28391343,0.9045456
2000-09-01,0.4790184,-0.35214844,0.7941345,0.23968124,0.96352273,0.8369961,1.6458752,1.3945363,0.33260384,0.15670128,0.43067092
2000-10-01,0.32951775,0.8143654,1.0506169,0.0058288574,2.0295691,0.67652285,-0.24928132,0.8778,-0.737558,0.8119648,0.08915176
2000-11-01,0.60965955,0.9775814,1.2529224,-0.31443062,1.5090615,-1.0838776,-0.8051071,-0.69538194,0.0706356,1.447684,1.5543232
2000-12-01,0.30483016,0.66143644,2.0645447,0.19887695,1.4960315,-1.0262715,0.44267195,1.2683525,1.3972794,0.38780937,2.2277603
2001-01-01,1.2876304,0.4638916,2.1776397,0.03313446,1.3906807,-1.1868998,-0.24685669,0.46223488,0.9191681,1.4148695,0.672974
2001-02-01,0.04340706,1.3224224,1.4678856,0.61266863,0.2389042,0.65077364,-0.02750206,1.2853111,0.7462028,-0.24453735,2.4483535
2001-03-01,0.56164014,0.6259224,1.7482086,0.20875129,0.12955818,-0.39894637,0.7568058,-0.27137643,1.4089048,0.35520822,0.666016
2001-04-01,0.2932457,1.245549,1.169338,0.11497879,1.0865005,0.74421424,-0.040756226,-0.0003314972,0.4112068,0.73659325,1.063637
2001-05-01,1.0364662,1.0758969,0.6421585,0.22399369,-0.3707819,0.0066272737,0.7773498,-0.710417,1.2747078,-0.20179291,0.55401915
2001-06-01,0.8936542,-0.12028046,0.9211563,0.20610046,0.006958389,0.72996634,1.5527115,1.043425,0.81512374,0.7034588,0.53678894
2001-07-01,0.61167413,-0.8144611,0.19218369,0.20643158,1.3582084,1.210426,1.5901539,1.5682852,0.41418916,0.42214125,0.7690662
2001-08-01,0.3118019,-1.0758972,0.49205628,0.20311813,1.174971,0.8502468,1.6680218,1.2988966,0.5367886,0.22233658,0.48344153
2001-09-01,0.69418067,-0.06626968,0.75448644,0.19814758,-0.3174343,0.71472436,2.073927,0.016567612,0.6620396,-0.7508419,0.23459664
2001-10-01,-0.016898727,0.4642231,1.3118191,-0.30749398,1.5427711,0.60670394,1.0205616,0.89464796,-0.22565003,0.26872578,0.92910844
2001-11-01,0.9436878,0.4635605,-0.61366254,-0.18853875,0.55998343,0.94733274,0.3161091,1.1835864,0.18853912,-1.243892,-0.07289734
2001-12-01,-0.07886162,0.89034045,1.2776899,0.25116426,-0.7872902,0.019218445,0.6212832,0.9827877,1.0689389,-1.3724563,1.9317772
2002-01-01,0.3400837,0.8943518,1.9037225,0.06621399,1.568613,0.22692986,-1.2916342,1.521362,1.0199401,1.1072929,1.4424026
2002-02-01,0.7519768,1.1150643,0.735812,-0.07149849,1.3845823,-1.0171429,-0.866374,0.6288754,0.36215478,0.7578831,1.4722455
2002-03-01,0.104449846,1.867041,0.8240967,-0.11812782,0.68762815,0.8592243,-0.016475677,1.6969993,0.29749528,-0.6030735,1.0410792
2002-04-01,0.62421227,2.111379,0.39728278,-0.3282711,1.5114142,1.0849106,-0.88844526,1.7193813,-1.1620048,-0.18216553,0.98139346
2002-05-01,0.5216274,1.1545436,0.8763218,0.24620362,1.7081902,0.6988195,-0.004352188,1.6572088,-0.95590246,0.6947781,1.5695455
2002-06-01,0.7466923,0.110666655,0.9493748,0.12185822,1.2851061,1.1215923,1.694823,1.4237511,0.038547136,0.26516572,-0.18216553
2002-07-01,0.61457556,-0.68887174,0.5200733,-0.20796737,0.57758296,0.16537896,1.5661259,1.0668805,0.8212994,-0.17346115,0.0668354
2002-08-01,0.74886817,-0.63011855,-0.36495247,0.21946946,0.70721245,0.88316077,1.9556366,0.8959061,0.44080314,-0.89714926,0.21418457
2002-09-01,0.48898697,-0.059375,-0.11906014,0.14859238,-0.0640377,1.0584873,2.4427586,1.5443656,0.36650735,-0.9450224,0.57323074
2002-10-01,-0.010258484,0.57758254,1.4368073,0.17625923,1.4293463,0.8797411,-0.2704506,1.4001253,0.39634973,1.4815712,1.4333875
2002-11-01,0.20081711,0.9630524,1.6024967,0.004973984,2.462654,-0.45727882,-0.8042015,1.6497482,0.57074356,1.4060314,1.2602371
2002-12-01,0.31490365,0.56452674,2.8024268,0.04973793,0.45230523,-0.6779915,0.037303545,-0.46473962,1.7538872,0.85456145,1.6419766
2003-01-01,1.4205902,-0.23012047,1.9745,-0.24989167,1.2501065,-0.14714737,-0.6158161,0.36657256,1.0342464,0.988871,1.243948
2003-02-01,0.8060703,0.562661,2.4175637,0.19770965,1.5852398,-1.0488316,-0.37597162,1.0533692,1.105552,0.8517704,1.9644527
2003-03-01,0.97363776,0.481633,1.1363426,-0.18247604,-0.39671516,0.1659462,0.24989167,0.86894876,0.69781685,-0.36171073,0.37402686
2003-04-01,0.83686143,1.5314366,0.9292339,-0.003565216,0.30952853,-0.45829678,0.90168417,0.8180628,0.6281322,-0.37759227,-0.17178039
2003-05-01,0.40773505,1.3641942,0.91691744,0.31017685,1.8092022,-0.122515105,0.41130027,0.33934706,-0.38148195,0.54969674,1.4565665
2003-06-01,0.8245449,0.27160722,1.4222107,0.2194252,1.6925213,0.050237656,1.6182995,0.658923,-0.10598488,0.42458877,0.94900435
2003-07-01,0.5244163,-1.2624229,0.68549997,0.33383712,1.029385,1.0229027,1.9087048,1.4397129,0.41616172,-0.047968674,0.7973194
2003-08-01,0.43107072,-1.036515,0.92404824,0.17502137,0.69781685,0.5441868,1.5473187,1.4711517,0.61127853,0.08232498,0.4861706
2003-09-01,0.5007553,-0.81384885,0.38375053,0.05898819,0.28165475,0.60252726,1.0880497,0.91951066,0.9117317,0.20905304,0.38083345
2003-10-01,0.5402973,0.5373806,-0.19933014,-0.09658585,0.79926413,0.5746536,1.4390644,1.42059,0.047320556,-1.1480106,1.2494581
2003-11-01,0.19057885,0.5587719,0.3899086,-0.21294251,1.6714538,0.97979546,-0.18571739,1.0533692,0.18798599,0.7010578,1.6464971
2003-12-01,0.62294656,1.3240039,0.590535,0.02074356,0.32346573,-0.6242424,0.17631797,0.8336201,0.24049225,-0.30531502,1.154817
2004-01-01,1.085239,0.30527496,1.8326362,-0.50890124,1.2322843,0.30461693,-1.6217728,0.3102089,1.1895195,1.3395252,1.0013546
2004-02-01,1.3901851,0.7858852,1.6681564,-0.164151,-0.7062771,-0.48390007,0.07697658,-0.47567597,1.3549865,-0.33553925,0.7062771
2004-03-01,0.31777534,0.7069351,1.085239,0.13421555,1.2704437,0.25527304,-0.0674366,-0.19046783,0.64509046,0.3006695,1.4839386
2004-04-01,1.3184719,1.7671738,0.24672012,-0.05230484,-0.22336388,0.2398119,0.36086923,0.91023254,-0.6414722,-0.48521614,0.15724297
2004-05-01,0.6888424,1.7234218,0.29639322,0.3062622,0.8872055,0.9224041,1.5464413,1.5510467,-0.947076,-1.210902,0.7855568
2004-06-01,0.5931152,0.48488694,1.4997292,0.18421707,0.7480551,0.914509,1.3569603,1.3296566,0.3187626,0.044409562,1.3349197
2004-07-01,0.5164673,-0.9253647,0.23191682,0.08454285,1.0062889,0.5704166,1.5240723,1.2388637,0.5408104,0.7589108,0.89904785
2004-08-01,0.5315994,-0.67140734,0.21514015,0.19869156,1.3605789,0.6730522,1.7461201,1.1349121,0.37534332,0.61285245,0.5635086
2004-09-01,0.5263359,-0.2815895,0.31316987,0.27764282,0.64739305,0.72502786,1.631971,1.0865551,1.0391849,0.055923082,0.065791704
2004-10-01,0.6049576,0.6263401,0.33553925,-0.22632484,-0.35856628,-0.5566004,1.1276748,-0.16678277,0.62666893,0.5217306,1.4688069
2004-11-01,0.36975098,1.1020164,-0.22500877,-0.11349144,0.10987282,-0.14671631,-0.10559616,0.6602228,0.018421937,-1.738554,1.3707765
2004-12-01,0.47468948,1.4000542,0.6746971,-0.31580162,1.2572854,-0.33718413,-0.9727348,1.4767017,-0.42731896,-0.3000118,1.1543205
2005-01-01,0.33124772,0.8975075,-0.12238731,0.28278083,0.5697464,0.06520386,-1.6740224,1.5467536,-0.114019014,0.0937954,1.4295963
2005-02-01,1.5767399,1.4822476,-0.17852516,0.34589309,-0.5299969,-0.32532007,-0.21478805,-0.07915077,-0.10146675,-1.0369804,0.24093895
2005-03-01,2.0042243,1.0864933,0.3654186,-0.3054451,-1.7451534,-0.8769352,1.5293194,-1.2095779,1.5575626,-1.0631313,0.23501167
2005-04-01,1.1900517,0.8992508,0.22420235,0.09588699,-0.12761764,-1.2120186,0.51918757,-0.13738099,0.610891,-0.33438605,-0.10181522
2005-05-01,0.99060553,0.36123428,0.3720436,0.104255676,0.5167465,0.9825861,1.3982147,0.015690614,-0.072525784,0.33996505,0.46618766
2005-06-01,0.10076904,0.54708177,0.34345207,0.26953125,0.95259935,0.68167305,1.189703,0.465839,0.0407959,-0.09519043,0.23361702
2005-07-01,0.27894592,-0.8037117,0.18340683,0.30195922,-0.16109124,0.5150032,1.8818371,1.0983483,1.1356571,-0.29847184,0.99444085
2005-08-01,0.6433182,-1.178196,0.2698799,0.13319702,0.99688184,1.0129216,1.8546398,0.97107923,0.4536354,-0.808942,0.72525865
2005-09-01,0.64192355,-0.3591423,1.1370518,0.1725975,0.8999481,1.4756222,1.1440258,1.2897747,0.38459626,-0.011506272,0.43445778
2005-10-01,0.33473435,0.44631273,1.1551838,-0.1698082,0.8657772,-0.26569557,1.3295243,1.3528862,0.5871803,-0.080545425,0.52127993
2005-11-01,0.5857857,0.8758892,-0.14086762,-0.47734565,1.2796631,0.5153519,-0.11506538,1.2336371,-0.6816734,-0.7594296,1.3406823
2005-12-01,1.0739403,0.957481,1.0094341,-0.42748412,0.35391235,-1.0331452,0.52302325,0.22036704,-0.1586502,-1.1440258,1.0178028
2006-01-01,0.24577102,1.6754284,1.7897263,0.16270217,1.0430439,-0.22953224,-0.38005525,1.2638321,0.37474632,-0.76104736,1.1645243
2006-02-01,1.101754,0.8769062,2.1504195,-0.20548591,0.36131802,-0.06964035,-0.4375164,-0.13428421,1.028991,0.13365936,1.619841
2006-03-01,0.4487587,0.27169114,1.8234535,-0.041846465,-0.32540473,-0.596471,-0.005308914,-1.1482853,1.2916256,0.6017801,1.3834385
2006-04-01,0.63519514,1.2703903,0.2445219,-0.040909577,-0.5365116,-0.053401183,1.2088692,0.103055194,-0.5271433,-1.3837509,1.0542862
2006-05-01,1.090512,1.1129967,0.33383638,-0.07463684,0.31197625,-0.26919287,0.38005525,-0.10930099,0.21547928,0.22047576,0.48498422
2006-06-01,0.9930779,0.27699965,-0.14989853,0.124291226,0.22890778,0.7900902,2.2128773,0.806954,-0.40941048,-0.96684533,0.4815487
2006-07-01,0.6801647,-0.77603686,-0.11242409,0.20611039,0.79383737,0.67548025,1.8849742,1.7488161,0.810701,-0.04996605,0.645813
2006-08-01,0.577734,-1.436528,0.5880394,0.24733277,-0.33727187,1.2066829,1.8468746,1.5411444,1.0186856,0.12272911,0.20454903
2006-09-01,0.4734295,-0.61333466,1.0708377,0.22672196,1.5067928,0.061208725,1.550513,1.8040912,0.57429886,0.89782965,1.1870089
2006-10-01,0.45750275,0.23140565,1.7169628,-0.22266158,0.596159,-0.0003124237,1.405299,0.662052,0.7879044,0.048404694,1.4127938
2006-11-01,0.58148116,0.58679044,-0.27949828,-0.39816818,0.81913316,0.2104826,0.88065416,0.9356167,0.31228867,0.044344902,0.39598197
2006-12-01,0.027793884,0.996513,1.5092907,-0.050590515,1.9112062,0.44938317,-0.45032007,1.7847297,0.06464348,0.7448082,1.0792698
2007-01-01,0.17924729,0.74011725,1.4792707,0.58721083,1.0986112,-0.12849274,-0.12785034,0.901054,0.041760255,0.009958267,1.938953
2007-02-01,1.4885864,0.061997604,2.0247219,-0.2852539,0.5576576,-0.27015573,0.5370987,-0.14712372,1.8281281,0.51750374,1.1329834
2007-03-01,0.9746159,0.5692223,1.0157337,0.27272528,1.4853741,0.31994668,0.086732484,0.6607731,-0.08062935,0.65595436,0.7854107
2007-04-01,1.0154126,1.0032055,1.1365168,0.05942764,-0.14230557,-1.2033327,0.6520996,-0.36620408,0.9306072,-1.1959444,0.8557604
2007-05-01,1.5303466,1.3700516,0.13138351,0.26340944,1.70863,0.58432007,0.9209703,1.1670338,-0.61869204,0.123031616,-0.40699998
2007-06-01,0.7719189,0.34436035,1.1718521,0.16447067,0.6479238,0.5489845,1.3045208,-0.57918036,0.6437477,0.30709726,-0.08159256
2007-07-01,0.53260195,-1.332468,0.017346572,0.020880127,1.669761,0.6864716,1.4554993,1.3761555,0.37776834,0.76035464,0.8348805
2007-08-01,0.06585236,-1.5525112,0.56440353,0.34885788,0.64953005,1.5990902,2.0533109,0.8242798,0.99645996,-0.6209404,0.55990636
2007-09-01,0.23835373,-0.8127152,-0.031159211,0.37551957,0.06874351,1.2107213,1.8567177,1.4953324,0.9161518,-1.4192005,0.21104927
2007-10-01,-0.008994293,0.3970417,0.310952,-0.16704063,0.5126854,0.8226736,0.76292455,1.6376377,0.5319592,-0.3106308,0.70124817
2007-11-01,0.5605488,0.97975576,0.08223534,-0.031159211,-0.6659126,1.2200367,0.49501762,0.6742647,0.5425598,-0.7227707,1.118849
2007-12-01,-0.089624025,1.157718,2.0767608,-0.18213806,1.4314076,0.13588104,-0.88402903,2.1413288,-0.3189827,0.012849045,1.6337827
2008-01-01,0.17924194,1.0115513,1.3377651,0.32525557,2.252826,-0.7706448,-0.75850374,1.3895248,-0.3188656,1.0706596,1.3735497
2008-02-01,0.03546486,1.4170024,1.7905028,-0.032269668,1.1284897,-0.89269525,0.11789703,1.8489723,-0.08051529,-0.61153144,2.1892445
2008-03-01,0.51248515,1.5703644,0.1402626,-0.10288048,1.2291336,0.297139,0.3881979,0.7239971,-0.42206573,0.13195534,0.94605273
2008-04-01,0.402256,1.2201874,0.9543598,-0.06134491,-0.14697209,-0.090739444,0.37989062,0.5492283,0.7540306,0.21374837,0.46072522
2008-05-01,0.81473655,1.2316898,0.63325804,0.050482176,1.3150804,0.32653332,0.6974781,-0.45880833,-0.02875557,0.1530426,1.084398
2008-06-01,1.1208214,-0.29011002,0.91122705,0.13131638,0.8284752,1.4911273,1.9901936,0.66808397,0.14601326,0.04792557,0.32301903
2008-07-01,0.6537064,-0.90228045,0.1341919,0.31950456,0.78821754,0.8958904,1.9004128,1.6000782,0.7351799,0.13003846,0.57830274
2008-08-01,0.5584942,-1.3023002,0.55625725,0.38596115,1.7010418,0.8930149,1.3227489,1.0211363,0.21502647,0.6262287,0.29362488
2008-09-01,0.68565637,-0.19138336,0.951804,0.3070442,0.7869396,0.9070732,2.1119246,0.98375434,-0.062942125,-0.97416914,0.34346732
2008-10-01,0.061344527,0.62399215,0.64507943,-0.08243255,1.6633402,0.39586583,0.26454964,0.44890365,0.2741348,0.21470718,0.7428482
2008-11-01,0.92081183,1.3467114,-0.6422039,-0.35241318,0.51344377,-0.34506455,0.16550331,0.7700058,-0.53772604,-0.6367725,0.98662984
2008-12-01,0.39522666,1.3201927,0.7243168,-0.39011496,0.29266626,0.8214458,0.26582775,1.7745278,-0.6150459,-0.3632763,1.762706
2009-01-01,0.7087345,0.2805813,2.6556506,-0.085112765,2.2342935,-0.26181108,-0.42782974,1.556303,1.1171467,1.1757225,1.6216751
2009-02-01,0.61844367,1.3579223,1.8456224,0.15016098,0.6275051,-0.35307273,-0.19579181,-0.0022651672,1.1245899,-0.5381851,1.1048492
2009-03-01,-0.2278305,1.5925491,0.23948097,-0.059870146,0.8029087,-0.046925355,-0.24821892,0.080582045,-0.13753967,-1.2122921,1.2090557
2009-04-01,0.9003193,1.6443287,0.57766724,-0.40808868,1.7469171,-1.055335,-1.0475677,0.6129419,-0.89514124,1.0087332,0.6533949
2009-05-01,0.53430176,0.740126,-0.43268394,0.11909294,0.8669861,1.2203825,1.2197354,1.5430348,-0.55598414,-0.20291138,0.46731186
2009-06-01,0.8491867,0.82750434,0.89255255,0.24886627,0.74109685,1.2106737,1.0993474,0.60614604,-0.30064583,0.115857124,0.6323597
2009-07-01,0.49902686,-0.7647209,0.89934844,0.08899613,1.5359148,0.7207085,1.4893128,1.2398001,0.41520843,0.8876982,0.663427
2009-08-01,0.16213532,-1.3164982,-0.04207077,0.19805717,1.8009621,1.1142342,1.6721599,1.8465931,0.5022629,0.3488655,0.6414207
2009-09-01,0.46731186,-0.2831703,1.086726,0.37896234,0.87119293,-0.6614853,2.0569482,1.7006391,0.07928772,-1.0229725,0.680579
2009-10-01,-0.04336548,-0.0058250427,1.0964348,0.11067925,0.14077587,0.40808868,0.8951416,1.4770157,0.81811905,0.54886454,2.1336467
2009-11-01,0.4093834,0.622327,0.75921977,-0.30711824,1.4844592,-0.27151966,-0.9174713,1.12815,0.5488647,1.6770147,0.5207094
2009-12-01,0.8864037,0.42071,1.6041996,-0.2006462,-1.5084069,-0.66504556,0.89611244,-0.20938416,1.7851048,-0.52685815,1.6177914
2010-01-01,1.6970081,0.6292202,1.2991531,-0.05660019,0.2081955,-1.2941881,1.2521518,-0.7384483,1.4295648,-0.42466584,0.5226402
2010-02-01,1.9009006,-0.0013240814,1.6860859,0.24394302,-1.583477,-1.2336162,1.5795056,-2.677414,2.1090963,-0.6212765,-0.5342247
2010-03-01,2.083941,0.5530918,0.6216076,0.02515564,-0.96815854,-1.3070968,1.5093346,-1.290878,1.8459556,-0.37137565,-1.4467766
2010-04-01,1.0634849,1.2445389,-0.14100341,0.16384201,-0.7387794,0.067191884,0.39917907,-0.18337098,0.39719334,-0.88540995,0.6070436
2010-05-01,1.0290616,1.1889317,1.353767,0.076128766,-0.091023445,0.15225735,0.7483784,0.9357212,0.6825104,-0.7242157,0.8685293
2010-06-01,0.6616577,-0.08241768,0.8516487,0.15821572,1.5037075,1.8320539,1.5798362,1.4944398,0.18734284,-0.021183396,0.7222298
2010-07-01,0.63914984,-0.8456909,0.5196613,0.284655,0.9188404,1.4510796,1.3878597,1.1515297,0.5858601,-0.35383302,0.88938177
2010-08-01,0.3677349,-1.3666756,1.0227726,0.5007946,0.33926925,1.2210385,0.992321,1.2600956,1.2068055,0.0016551971,0.55243
2010-09-01,-0.13074303,-1.116444,0.7695621,0.5034424,1.2134254,1.1651003,1.6940292,1.4252619,0.5143654,-0.39586908,0.8738251
2010-10-01,0.37733382,0.4749771,0.9757717,-0.17277908,1.3756126,0.50178754,0.9204956,1.7900175,-0.105918124,0.20587845,0.95855963
2010-11-01,0.4574341,1.0998948,0.4362505,-0.2863102,0.694095,0.44154662,0.040050507,-0.34688205,0.28829592,0.8907059,1.3713099
2010-12-01,1.4805378,0.87614214,0.50741464,-0.15788421,-1.536145,-0.7844566,1.4401567,-1.7307698,1.0409772,-0.98106766,0.6600025
2011-01-01,1.0471108,0.34389037,1.5387329,-0.15966263,0.11088715,-0.60952795,0.5000442,-0.0052635195,0.94885635,-0.32739717,1.1808068
2011-02-01,-0.71585274,0.23756485,2.0910625,0.03158188,1.5008351,-0.47442818,-0.5674187,0.6453201,1.1401012,0.89727247,2.1100118
2011-03-01,0.23124847,2.2251098,0.4642517,-0.26247978,-0.07404137,-0.04421425,-0.10035972,0.89130706,0.051934432,-1.019038,1.3109932
2011-04-01,0.44530258,0.97727966,0.7565586,0.0035095215,0.79059637,0.062461473,0.4182827,1.6706746,-0.064215854,-1.358366,1.9552612
2011-05-01,1.0046505,1.3102916,-1.4587257,0.19335023,0.23475762,-0.5747879,0.937627,-0.33792496,-0.7098877,-1.5566292,0.95201415
2011-06-01,1.030267,0.13755646,0.5828587,0.0077201845,0.6674274,1.5604893,1.4404786,0.39442062,0.6035622,0.43021354,0.5600494
2011-07-01,0.44495162,-0.7663841,-0.12632675,0.17896347,1.200457,1.5478566,1.3138005,1.4373207,-0.02315979,-0.13088913,-0.0028072358
2011-08-01,0.50495756,-1.1537864,0.6565498,0.31020278,1.1250118,1.1772972,1.6222489,0.76252365,0.44109192,-0.32494125,0.66321677
2011-09-01,0.7698925,-0.56285703,0.9632431,0.21896668,0.87937623,0.025967408,1.5278553,1.5482075,0.37196273,0.09579811,0.7474346
2011-10-01,0.061408997,1.0057033,1.1878246,-0.543557,1.0344776,0.12948532,-0.12562522,1.5966332,0.50320244,-0.11720352,1.0162308
2011-11-01,0.0024562837,0.20282516,0.61794966,-0.30107918,1.5815437,0.15404892,0.2877449,1.9131523,0.9355217,0.05895271,1.2927463
2011-12-01,0.35968095,1.906485,1.3022206,0.13860932,2.2654643,0.06983109,-2.040181,1.3025717,-0.5990006,1.4576733,2.044392
2012-01-01,0.9848362,1.4101136,0.53310394,-0.0,1.0086113,-0.4480484,-1.3039612,1.2835346,-0.5267414,-0.02243576,1.5092331
2012-02-01,1.2728195,1.7597119,1.5805591,-0.4503929,0.45072746,-0.989859,-1.9492447,0.1563816,0.69919664,-0.6630314,1.3337643
2012-03-01,0.20795098,1.8444325,0.70555913,0.55386543,0.3663416,0.06496372,-1.1542771,1.6759955,-0.22837715,-0.6332283,0.6322239
2012-04-01,0.8043438,1.6006511,-0.29300612,0.03516083,0.42695197,0.60476476,-0.08706474,0.28296033,-0.6429394,-0.70321465,0.7671741
2012-05-01,0.5763012,0.6298798,0.4758423,0.30874482,-0.3167816,0.7082378,1.6713078,0.39179116,0.1604,0.53410834,-0.48119965
2012-06-01,0.71962357,0.12289505,1.2269424,0.027793884,1.3089844,1.2617683,0.90748215,-0.6148106,0.12088623,1.4439347,-0.24512061
2012-07-01,0.3971489,-1.4971778,0.50631446,0.30472642,1.0886437,0.9520191,1.6204083,1.1566212,0.78391725,-0.090078354,0.6114624
2012-08-01,0.09878464,-1.1120842,0.6426045,0.29200134,0.91819763,0.50363576,1.38232,1.3846633,1.0839558,0.9687622,0.86763346
2012-09-01,0.245121,-0.6154804,-0.33586884,0.26655197,-0.5531956,0.767844,1.7191932,0.6817837,0.19656524,-0.43163985,0.7604767
2012-10-01,0.3204651,0.32615775,1.2155571,0.025784303,-0.23373528,-0.13394566,1.0645336,0.62284774,0.7048893,0.10313797,1.2751633
2012-11-01,1.434893,0.59672815,0.43097037,-0.2699005,0.8987759,0.3713642,0.56893426,0.36801586,-0.16743203,-0.5294201,0.17345962
2012-12-01,0.68446237,0.68915063,1.0253544,-0.2986988,1.3498379,-0.19020271,-0.06362419,0.7229721,-0.20259285,1.2909015,1.628445
2013-01-01,0.630833,-0.3519722,1.6372532,0.4700512,0.96307105,0.6835636,-0.95466006,0.8116711,0.9006351,1.1675256,2.130273
2013-02-01,0.7977608,1.1141472,1.637253,0.1310192,0.5745428,-1.2202568,-0.6188631,-0.5470451,0.44514123,0.85405046,1.218639
2013-03-01,1.5182037,0.62500954,0.91907465,-0.047231674,-1.6446934,-1.2137867,1.7517735,-1.5512012,1.5007343,-0.52925223,0.6389202
2013-04-01,0.54866254,1.1626728,0.7760857,0.15301743,-0.19895497,0.49754906,0.68550473,1.0345656,-0.23486385,0.343561,0.91163385
2013-05-01,0.88090134,0.82461166,-0.447406,0.122284696,-0.2982708,0.00097045896,1.881822,0.6547718,-0.42864266,-0.8660202,-0.0045291902
2013-06-01,1.02486,0.124549106,0.20283699,0.24101028,1.5143219,0.55772054,1.7999756,1.8232682,-0.2338932,0.6321266,0.9439842
2013-07-01,0.7110615,-0.9536896,0.04399643,0.12907791,0.37299997,0.25686225,1.9568748,1.3583927,1.2678115,0.37202948,0.54736865
2013-08-01,0.3348263,-0.6829163,0.35456008,0.29083022,0.39435157,0.8508152,1.0306835,1.1982584,0.37138215,0.27886048,1.1481152
2013-09-01,0.57874835,-0.27141953,0.819759,0.17825088,0.7414707,0.54866254,1.4580319,0.541222,0.110961914,-0.36394197,0.23324624
2013-10-01,0.80520093,0.33773804,1.40433,-0.09575729,1.2687823,0.3357973,0.7126789,1.5411723,1.2419316,0.8799307,1.1458508
2013-11-01,-0.046584703,0.6483017,0.33838502,-0.5347519,0.96986467,0.8084358,-0.26009712,1.7013069,-0.25103873,0.06631813,1.4780891
2013-12-01,-0.6803287,0.44449463,1.4874706,0.1093441,1.6708972,0.58198357,-1.0507408,2.3509026,0.39532167,1.4043305,2.287496
2014-01-01,0.9597195,0.5637649,2.1693408,0.010549927,2.5428765,-0.53343356,-0.80344737,1.5946964,0.2947403,1.6299728,1.6678871
2014-02-01,0.13385276,-0.28320122,2.5230951,-0.17440453,2.4027596,0.34419364,0.66398966,2.3671532,0.22550622,1.737451,1.72789
2014-03-01,0.92740977,1.5646948,1.4605137,-0.17374496,1.2208315,0.12824821,-0.7160803,0.47639808,-0.23275909,0.109126665,0.83905375
2014-04-01,0.88092387,1.3553436,0.8891659,0.32869798,0.34485283,-0.14341354,0.99334717,-0.2719919,-0.23012142,-0.5205759,0.35078716
2014-05-01,-0.09231262,0.85883486,0.58057916,0.1200058,1.1483002,0.40947133,0.20407638,-0.25748596,0.33166504,1.0306019,0.82092094
2014-06-01,1.224458,0.57958984,0.58354604,0.22880325,1.3078686,0.52189445,1.8000911,0.28946513,-0.56805074,0.1704483,0.51299286
2014-07-01,0.8980675,-0.32770842,-0.084070206,0.06989364,-0.57761157,1.0962095,1.5755745,1.0286236,0.80971146,0.19781227,0.50606954
2014-08-01,0.53771937,-1.5337044,1.1153313,0.23374787,1.1588501,0.58123857,1.7348137,0.37353534,0.7375099,0.9109257,0.92114604
2014-09-01,0.50343245,-0.5182678,0.22023086,0.17341538,-0.23803405,0.99598485,2.3453937,1.5702994,0.70618975,-1.3982029,0.5472805
2014-10-01,0.39760247,0.7091568,0.92642057,-0.0464859,1.0424706,0.04714527,0.7299274,0.9287283,0.066926576,0.16451415,1.6309618
2014-11-01,-0.00032958985,0.029671859,1.7262417,-0.42727432,1.7262417,-0.19055939,0.6461868,1.6059059,0.22550622,0.47310084,1.2913841
2014-12-01,1.1212654,1.2257763,0.34880868,-0.26902467,1.167422,-0.6264057,-0.27100295,0.48826656,-0.8377346,-0.691024,1.1298376
2015-01-01,0.8821274,1.6016448,1.3522282,-0.048599623,2.2569742,0.4725464,-1.5976715,1.2498333,-0.6599144,0.3744301,1.478159
2015-02-01,1.0575749,1.8064352,1.0850836,-0.24085808,1.4518728,-0.0091697695,-1.4206955,0.74335897,-0.030871581,0.22251853,1.4164165
2015-03-01,0.46521074,1.1135099,1.8397522,-0.0076416014,1.7083193,0.47621423,-1.1517172,1.3259418,0.36495513,-0.15588531,1.710459
2015-04-01,0.26806146,1.2189617,0.67366904,0.34569854,0.37351322,-0.21762848,0.9056629,0.4370903,0.47529715,-0.7589474,0.54987776
2015-05-01,0.7057632,0.6006168,0.23199387,0.27020112,0.13326684,0.7130987,1.3464206,0.5018894,0.4526783,-0.14396477,0.7684227
2015-06-01,0.6849785,0.28365022,0.89465904,0.2533905,0.7953205,1.1214571,2.5235076,1.3772923,-0.10606308,-1.1425472,0.6171223
2015-07-01,0.60245055,-0.7250198,0.7699512,0.111564636,1.9143324,0.9420363,1.2681725,1.067967,0.016505431,0.5767757,0.7082081
2015-08-01,0.70240057,-0.89374197,0.033010863,0.3512001,1.3907413,0.52634203,1.8617588,1.2837608,0.09811592,0.574025,0.9958321
2015-09-01,0.7782036,-0.17269668,0.22496375,0.3741249,0.77514726,0.49119148,1.4158051,0.92675364,-0.080387875,0.5562965,-0.0061134337
2015-10-01,0.65349543,0.4756031,1.1193177,0.22832604,0.6956762,0.7170723,1.1523285,1.0135599,0.55232275,-0.48049337,-0.097810365
2015-11-01,0.024758149,1.1670002,1.4002167,0.13326645,1.296293,-0.08802948,-0.6473824,1.0584915,0.78981894,0.62292975,2.101089
2015-12-01,-0.57219046,0.69017446,1.8137712,0.75711364,1.1614983,0.1803379,-0.047071077,1.7165722,1.1994,0.7782038,2.1839223
2016-01-01,0.68879473,-1.0108452,2.055924,-0.12045212,1.546222,0.0006340027,-0.6066971,-0.12679176,0.8485519,1.5059656,0.17687416
2016-02-01,0.91765326,0.5442524,1.055856,0.023456192,2.0185206,-0.19842835,-0.26499406,1.719609,-0.043743134,0.64568555,1.0301812
2016-03-01,1.1053047,1.7100999,0.7667715,-0.23012657,1.1328819,-0.5715126,-1.3937556,1.266964,-0.51382256,0.5350601,0.48846418
2016-04-01,1.0514183,1.0472977,-0.11221047,0.31761283,-0.5154074,-0.11759911,0.60511243,0.73412263,0.08875408,0.36928025,-0.051033594
2016-05-01,0.34265405,1.3899517,1.2558696,0.4412346,0.6520252,-0.34645766,0.9693209,1.6131046,-0.22790757,-0.34740868,0.4136572
2016-06-01,0.9141666,0.27894133,0.68879473,0.27894133,1.0482489,1.2276586,1.5931351,0.7807186,0.3759369,0.3531143,0.5556637
2016-07-01,0.24946213,-1.5541465,0.52396584,0.33472902,0.80861247,1.1855001,1.266964,0.9569588,0.89609873,-0.41777802,1.0691693
2016-08-01,0.2732357,-1.0187695,0.7658207,0.04723053,1.6631873,1.2099079,1.3195827,1.4365475,0.7281002,0.16070786,0.34043503
2016-09-01,0.33504638,-0.60733145,1.03969,0.11221008,2.1037877,0.9018043,1.6768177,1.3062693,0.020920563,0.07132034,0.30525056
2016-10-01,0.6323727,1.0599769,0.6177918,-0.16165924,1.3011976,1.1062555,0.85077095,0.98517,-0.031380843,-0.26753005,1.2111759
2016-11-01,0.34075204,1.3484272,0.52396584,-0.16007423,1.4279892,0.21586266,-0.3895668,-0.3768877,-0.82541275,-0.63015366,0.8507708
2016-12-01,0.062127687,1.2317791,1.9852375,-0.13503265,0.9122648,0.4963886,-0.5309393,1.0666336,0.8387257,-0.37403488,2.3732195
2017-01-01,0.06733818,1.8161819,1.4487365,-0.068632886,0.21496353,-0.014244461,-0.7274437,0.78247947,0.17740937,-0.22597083,1.3856071
2017-02-01,0.5341709,0.12723008,1.4901756,0.031079102,1.4752833,0.7656456,-0.50859565,0.666581,0.72517776,0.27809256,1.0702846
2017-03-01,0.2952507,1.6523693,1.4066503,0.14600678,1.7634121,0.42507058,-0.51345176,1.1644932,0.23147392,0.023632813,1.3357515
2017-04-01,0.72453004,1.2897804,-0.087086104,0.17061082,-0.5875885,-0.0045322417,0.38557452,0.38136578,-0.09129467,-0.10683403,0.64715654
2017-05-01,0.743631,0.97704774,1.3205357,0.37424392,-0.27582628,0.27809277,1.0450329,0.45614988,0.5416172,-0.27323645,1.227946
2017-06-01,0.5380562,0.15442428,0.9326954,0.20848846,1.291399,1.2483416,1.4331974,1.631326,-0.0113307955,0.5895306,0.915213
2017-07-01,0.601833,-1.0935943,0.043381117,0.26352388,1.4772259,1.2247086,1.5448872,2.0871522,0.5260776,0.18744545,0.526725
2017-08-01,0.38848838,-0.7760048,0.060539626,0.24604264,1.4196002,0.66852343,1.1800324,1.537118,0.75917053,0.2952507,1.3920822
2017-09-01,0.5927681,-0.35805625,0.185503,0.19942322,1.2622627,0.6863289,1.3590606,1.369097,0.65071756,0.43737298,0.38945922
2017-10-01,0.054711916,0.5607174,0.40338022,-0.002589798,1.1453927,0.7727674,0.60571784,1.2499605,0.28780478,0.16381225,1.184565
2017-11-01,0.8864002,0.82780343,0.470718,-0.22726555,-0.10035934,0.9326952,0.27874032,1.3001404,0.29719353,-0.7060772,0.9278391
2017-12-01,0.38654557,0.7721203,0.93107665,0.027518082,1.343845,0.39237326,-0.96604043,1.6455708,-0.042733766,1.1755005,2.073555
2018-01-01,0.8823185,1.0260433,0.8361565,-0.056966018,1.8910099,-0.18170166,-0.6053459,1.6949028,-0.14830819,0.6865387,0.8122568
2018-02-01,-1.042413,1.86842,1.3426304,0.32640877,0.9183319,0.95499957,-2.007234,2.4292407,-0.0006549835,-0.3034912,2.4240024
2018-03-01,1.0018162,0.72811735,0.98413694,0.5018902,0.69996184,-1.2820629,0.60305405,-0.90261686,0.71698606,0.7012714,1.0371746
2018-04-01,0.19152375,1.561655,0.9612198,0.22229843,1.8098167,0.101818465,-1.0083641,1.6336809,-0.5585289,0.401054,1.1491423
2018-05-01,-0.042233277,1.2149483,0.7441597,0.1944706,1.9378269,0.8132393,1.2984326,2.0622354,-1.8487766,-0.5176048,0.011131287
2018-06-01,0.84892464,0.4125122,0.70258105,0.06678772,1.2748604,0.56343955,1.61371,1.4280792,-0.13979569,-0.5087654,0.27599066
2018-07-01,0.35489196,-1.2440853,-0.12768249,0.2435791,0.676717,0.7536537,1.9967575,1.2385197,0.5588562,-0.3424511,-0.084466934
2018-08-01,0.39679796,-1.2444127,0.1669693,0.19250564,0.5297184,0.53233796,1.4398655,1.0921761,0.7114204,-0.7854107,1.1658394
2018-09-01,0.35783806,-0.89999807,-0.01636963,0.23244743,0.5382309,0.94648707,1.415966,1.6274605,0.62204283,-0.8538357,0.6276085
2018-10-01,0.22197112,1.0682766,0.31593245,-0.117860414,1.311528,1.1913755,0.5307007,1.885772,-0.33033752,-0.48191947,1.5312073
2018-11-01,-0.079883195,1.0607468,1.9204752,0.077264406,1.7672564,-0.8639847,0.29792595,1.5590355,1.077116,0.62269765,1.3930483
2018-12-01,0.6171318,0.70781934,2.1843524,0.224263,1.6618366,-0.75594556,-0.76936877,-0.012768174,0.8652943,1.0100014,1.0895573
2019-01-01,0.57223165,1.4277664,1.1977484,0.22836342,0.6824417,0.019857788,-0.7476414,0.37001458,-0.46897203,-0.075790405,1.8040695
2019-02-01,-0.1793808,0.9161003,2.3524718,0.36538124,0.59771615,0.3289753,-0.7125591,1.8351791,1.3115994,0.81118584,2.2836323
2019-03-01,0.17309265,0.441502,1.1590258,0.15257302,1.3132538,-0.16581154,-0.6337906,0.7565773,-0.09233818,-0.4643383,1.0481539
2019-04-01,0.7138832,1.7921547,0.41436347,0.24127083,1.1600189,0.3763029,-0.5023991,1.6908805,-0.39582938,0.35677606,0.54873353
2019-05-01,0.57223165,1.214627,1.5071971,0.3005127,1.7795784,0.43686867,-0.34982604,1.2152894,0.13470116,0.96640664,0.94985884
2019-06-01,0.41370162,0.61194766,1.0474923,0.16912155,0.087704465,0.0297863,1.2801578,1.2328304,-0.13205338,0.8181362,0.5970543
2019-07-01,0.222406,-1.1381752,0.48353425,0.11451264,1.4393504,0.6248547,1.7153717,1.2185991,0.5513813,-0.20552711,0.3236801
2019-08-01,0.46632463,-1.3301327,0.43124276,0.15091857,1.7256315,1.1246064,1.4095634,1.72166,0.35975495,0.9587948,0.8671185
2019-09-01,0.46897203,-0.62320024,0.55766946,0.09498596,0.55469096,1.866621,1.5462506,1.3254993,0.16779709,-0.5232498,0.3018368
2019-10-01,0.20751266,0.22042008,0.40939903,0.080754854,0.9217266,1.0656948,1.0104244,1.2109869,0.4514309,0.6950184,1.2983608
2019-11-01,0.43488312,1.2225704,0.87108994,-0.37795752,2.030778,0.47228163,-0.9687233,1.253681,-0.2766838,1.7660086,1.3350976
2019-12-01,0.39715347,1.310606,1.7223221,0.051298905,1.6640728,-0.04798927,-1.0289581,1.3238446,1.211649,1.1689548,0.9084883
2020-01-01,0.22329292,1.2678334,1.2854875,0.23408203,1.4110286,-0.79836196,-1.0961952,0.56853104,0.30927545,0.46783638,1.4979916
2020-02-01,0.5894543,0.34262237,1.5931284,-0.09807892,2.62688,-0.43743172,-0.80457383,1.3034683,-0.08500175,0.99909705,1.6277828
2020-03-01,-0.05427017,1.2779678,0.3550457,-0.009154129,1.7376311,-0.10854073,-1.3891242,1.0863869,-0.44985542,0.18634987,1.979559
2020-04-01,0.7002834,0.715649,0.86832505,0.081732176,0.1543108,-0.76207274,0.9359995,-0.24585113,0.9892891,-0.664975,0.8248436
2020-05-01,0.9134415,0.6407822,1.1694273,0.043154906,0.9376341,-0.40506572,0.5508766,1.138696,0.35569954,-0.2556591,1.1118879
2020-06-01,0.37858468,0.05623169,-0.4563938,0.14057922,0.48810577,0.55741537,2.519647,0.53452986,-0.5521843,-1.2881029,0.50510633
2020-07-01,0.51360625,-1.5280697,0.49987563,0.29456407,0.58030015,0.62345505,1.1691005,1.1174453,1.3767006,-0.74670756,0.2246006
2020-08-01,0.32627565,-1.3103344,0.69864845,0.30208284,1.6362829,0.062116623,1.2874489,1.543762,0.64208984,0.404739,0.6571285
2020-09-01,0.6849178,-0.82876664,0.6499359,0.18831177,0.28181344,1.1671387,1.7310925,0.9650963,0.009154129,-0.85295945,1.032444
2020-10-01,-0.10723305,0.3874115,-0.14842606,0.17719574,0.86080587,1.520223,1.0657905,1.6457641,0.16019554,0.2671013,1.9615777
2020-11-01,0.036289215,1.5601085,0.78790057,-0.47208634,1.3227577,0.4867981,0.36452636,1.5231651,-0.6976677,-0.8928448,1.5859358
2020-12-01,0.74441874,1.2684872,1.0550022,-0.21544647,1.394355,-0.5335495,-0.043154716,0.6708595,-0.209235,0.95626944,1.5218576
2021-01-01,1.3552418,0.9185379,1.625029,-0.38261336,-0.066036224,-1.8025644,0.40252417,-1.9462516,1.5742573,0.27874678,1.6114235
2021-02-01,-0.09988403,0.27078325,2.4121578,0.5024082,1.0307003,0.018583298,-0.29301605,0.9032734,1.3914124,0.9948614,1.6834332
2021-03-01,0.2462265,1.9283326,1.9256775,-0.2087284,0.6158983,-0.2817337,-0.25916824,0.32819137,0.79343337,-0.3447834,0.92948854
2021-04-01,0.9845745,1.6598724,0.67496604,0.33681947,-1.0190861,-0.75493985,0.5730904,-0.97959673,0.9553722,-0.62917197,1.000171
2021-05-01,0.6451004,0.88999903,0.74797094,0.0491127,2.008306,-0.04645767,0.13837814,0.81798995,-0.48117027,1.0346825,1.0217407
2021-06-01,0.96897733,0.10585709,0.11382179,0.16426162,0.81234854,0.8544922,1.9037758,1.6887424,0.13306884,-0.5754135,0.45561868
2021-07-01,0.27775192,-0.996521,0.107184984,0.45429152,1.3615468,0.88236696,1.1465133,0.92484283,0.8302677,0.93678933,0.42210275
2021-08-01,0.09291534,-1.4743729,0.39522362,0.38128662,0.84818727,0.5120319,1.9469154,1.4182914,0.8286087,0.7502941,0.86345214
2021-09-01,0.8023933,-0.5043991,0.64078635,0.16791153,0.73436546,0.91953355,1.7590927,0.9397758,0.41646156,-0.23461227,0.43637198
2021-10-01,0.466901,0.5803913,1.0652119,0.10253906,0.9762785,-0.3431244,-0.5561668,0.53227407,1.025391,1.2327919,0.71578294
2021-11-01,0.66501045,1.4043541,0.7363571,-0.13174133,-0.49046212,1.0018303,-0.36701697,0.36933976,-0.20607376,-0.490794,0.7320427
2021-12-01,0.20939216,1.2022625,1.6535673,0.0029865266,0.48183423,1.6097641,-0.43803138,1.3943989,0.6082657,0.6218716,1.5092163
2022-01-01,0.98083305,1.4632603,1.1453819,0.064595796,0.9359562,0.07751465,-0.554842,0.80268514,-0.38383406,-0.14143029,1.2014782
2022-02-01,-0.5874802,1.2749134,0.7248306,0.04521675,1.7335418,0.46746826,-0.8594614,2.5052896,-0.4389103,-0.28456077,1.541795
2022-03-01,-0.29815978,1.17836,2.1177156,-0.0057796477,1.2164371,0.22574463,0.020398712,1.0590279,1.0756867,-0.45148927,1.0892859
2022-04-01,-0.11933212,1.1035649,0.86048144,0.23866387,0.4552288,0.40831223,0.5001057,0.3093788,0.13837051,0.19276695,1.143342
2022-05-01,0.99171257,0.8016655,0.55382234,0.02651825,0.3787344,0.67213404,1.17258,0.93663615,0.09961319,-0.33827704,-0.042497255
2022-06-01,0.48684692,-0.15230942,0.5103054,0.26994172,1.190939,1.6458277,1.7536007,0.9097778,-0.05235634,0.07887459,0.59325945
2022-07-01,0.46338806,-0.98321307,0.55620193,0.22744446,0.97131383,1.8501542,1.4717598,1.851854,1.1786995,-0.65819514,0.8159443
2022-08-01,0.26076204,-1.2766129,-0.3654751,0.42565155,0.09519348,0.62011755,1.3136704,1.2847722,1.092006,-0.49534646,0.9777733
2022-09-01,0.49330634,-0.5599419,0.93289644,0.3797539,0.4178318,0.6282772,1.714843,1.0950654,0.7717476,-0.35935554,0.7183712
2022-10-01,0.15163001,0.3766945,0.5613014,-0.17916794,1.3446083,-0.31549853,0.67995375,0.9383362,-0.39539298,0.7350296,0.6629547
2022-11-01,-0.07955475,-0.13157082,1.540775,-0.35493582,2.171772,-0.28932,-1.02537,1.2745731,0.35255623,2.1391344,1.4693798
2022-12-01,0.6466362,0.36683503,0.6224974,-0.1315712,-0.80778503,-0.543623,0.0084991455,0.02651825,1.1841393,0.5568819,1.5050774
