,vws_u500-250_cluster1,vws_u500-250_cluster2,vws_u500-250_cluster3,vws_u500-250_cluster4,vws_u500-250_cluster5,vws_u500-250_cluster6
1965-01-01,26.551265226133676,14.743667056866277,14.189528020677738,8.93605012842202,15.802863458827408,30.769053281580746
1965-02-01,27.683152104630167,17.081627662237736,20.93658875181247,8.898999234815129,10.154414432891137,18.401747566170098
1965-03-01,23.375912286760116,21.33369210239947,17.370202762473955,10.732585190892685,16.931959028020916,11.876871367772525
1965-04-01,28.999148402808224,11.707341897227566,15.319648481989947,5.441035256394263,9.948905421669009,9.322648485248553
1965-05-01,20.934695679265037,8.545645938796682,14.85581432812515,8.382860996740536,9.331717291615927,0.7566819542100713
1965-06-01,13.314197975031616,4.6543976820171284,9.487996673858175,8.954814510844955,1.7205397343790483,0.6543410478953413
1965-07-01,10.945326599451928,1.0015522163787733,6.63377478263778,7.415993927448704,-2.360965141330842,5.991501481992182
1965-08-01,9.012685494465279,2.7076192757564375,5.803911668142825,2.961319148603138,-4.670183404996104,-0.953793755023879
1965-09-01,11.162272920975031,4.933896247608968,5.215261234275828,5.317827758326146,-0.7593105318692632,-5.817331488589568
1965-10-01,13.037892367583247,10.183102052055176,8.682396788186495,5.4700349981753735,5.425317199209287,-4.546741797398289
1965-11-01,19.944137747009048,14.586202119040234,15.666759741016703,6.626413351687609,11.514821731598456,3.378665360842968
1965-12-01,19.986884265842114,14.91153314168241,13.988494219768949,12.390689731278714,15.806342157964437,10.93953903710542
1966-01-01,19.000681873247192,23.946338120388596,17.084986445354286,11.50527755092998,20.471898176717108,16.38529486255508
1966-02-01,16.674039044615608,23.69854582357513,21.340472691864058,9.408904167957694,17.37042841756077,12.453975427626222
1966-03-01,27.148847753033234,14.170441161045698,26.050672667881347,8.45001209153872,12.656620612478513,13.681861533224133
1966-04-01,20.442595014885494,17.806838913647223,18.388746665891052,7.882303845613219,10.774564879829928,10.75527414891853
1966-05-01,22.010178000426762,8.554564386754448,14.130778352714755,5.944761196415303,6.980371739415984,-0.302058361139965
1966-06-01,13.804944979469084,6.079752471482629,10.772269355351282,2.2641440943210736,3.527780999864851,-9.593236384566145
1966-07-01,10.186694199023517,3.9426563128354943,5.4895158046978345,2.9793907445211523,0.1807988773780432,0.035117417183261314
1966-08-01,7.954624550089579,2.7816337230833215,4.1132386776299095,0.21374068660477813,-4.5153279240161375,-4.238367415783786
1966-09-01,9.617067666369472,8.239064327979136,4.187123741459856,2.9686772909524084,-3.0099695273111307,-5.47644822318675
1966-10-01,11.832365589349186,11.507795592220019,6.440251718243141,5.951935241301449,2.565286384857352,-5.781758099728684
1966-11-01,14.94275047634617,14.017774308967473,15.873383933547208,6.520902266191227,11.554458062140666,11.22932859004496
1966-12-01,24.16584015545141,13.331158795471355,18.63341829529778,6.614523983623429,11.246228043478004,13.331858627466415
1967-01-01,29.39873898288492,15.310180000861767,15.821382198716085,13.832534153982417,11.258878564949732,32.07724583678087
1967-02-01,30.199522949115096,17.016100204816844,16.51584765254294,6.4325362043684855,11.766414084209671,16.959657468551487
1967-03-01,31.040421432842233,11.954387492229703,18.317936789642633,2.476171575267185,8.623594149945914,21.269291475923417
1967-04-01,27.591852027019687,11.133259957318495,16.211197211644993,5.520110837557772,6.571618866925094,15.69212233408937
1967-05-01,20.80729935826487,11.369032682313742,14.655997522972344,6.742509281452438,5.453162881963464,1.3818008796440084
1967-06-01,15.812552223055746,5.68007585743373,7.879656054507958,4.130154513851828,0.34541617874236763,-6.037989428845904
1967-07-01,10.172278022077524,1.383732186816065,6.435161897377791,3.4480753623754237,-4.747183858103918,-1.0666374974128314
1967-08-01,8.226106211739381,4.232209099626746,5.961771711202306,3.127246449947571,-6.725923046331041,-0.09830713123351474
1967-09-01,8.080863944392265,7.297365476825566,5.565473941661705,2.0284485798063017,-3.9201659775751625,-6.040332342903851
1967-10-01,12.799830451862572,7.2189744768825035,10.800951770542227,8.613171721506015,3.8098684369925673,-3.2197310887848216
1967-11-01,18.823381618139514,13.371075516014052,13.95405876900565,7.045482113509832,8.912742244212858,7.499838175858314
1967-12-01,24.3350621561305,14.144781424565938,14.18275584166959,12.629838557363424,13.36856197458021,18.198836738640328
1968-01-01,27.79913542769081,13.71993131099723,16.857572277904058,16.045216887602727,16.217502004810857,33.79641679150912
1968-02-01,21.705308705797506,22.386660970688432,22.66580131784004,6.048982859838004,15.527000891930067,15.42321592365116
1968-03-01,21.841665680628402,16.287295328703667,20.749778425642326,7.852355796061053,7.287348708893612,15.536141570637609
1968-04-01,25.564775064265124,14.145831686796521,17.27110718477806,7.008219601483782,9.14942932682414,10.423608620594827
1968-05-01,19.491720775598584,12.665010162393285,12.237509027007201,5.99164736380876,6.23878130460357,-1.500929604599551
1968-06-01,12.735528124052605,4.323263827542582,6.745363170219606,3.343213325425325,0.6044128209173081,-7.174629907716362
1968-07-01,9.282180387598084,2.9679301252245462,4.907720934402597,4.977155346038148,-4.044573305503257,6.493927502132466
1968-08-01,8.365523255716441,1.8222860969378092,3.691332927541491,4.6895961221873455,-2.6341535775937284,-0.1877433136814914
1968-09-01,10.49246931314889,9.489783771719964,3.3149571203517003,4.646921730599472,-0.776062060230558,-4.369303601329981
1968-10-01,13.636110589582064,11.410127545835165,8.52488375317033,5.438624083361141,6.210597830234224,-6.480093040452902
1968-11-01,16.23601666542656,13.310641027794713,13.859438656478863,6.877582015537327,11.233424237471208,1.3106773877514855
1968-12-01,22.057029265043294,14.273981386631489,15.77086989103324,10.243414997721137,11.381419442381976,16.144363800367994
1969-01-01,23.596225879662754,16.741558362214416,17.97261474568734,9.621870643361511,14.330998579768558,27.153656508751965
1969-02-01,23.731732637728058,23.87846094572916,22.765265858840365,11.06655607641025,13.271767531583928,23.280008551732926
1969-03-01,16.56370210576482,27.334062332061734,21.36932403143904,10.9016820722455,14.244582257172745,14.597736269444853
1969-04-01,26.908703321896162,12.232535288664435,23.194779794188783,4.511963421502595,8.574103672965697,4.966825922749258
1969-05-01,18.8631076643304,11.038172338135686,17.608812765604213,6.853652080417179,9.109625096588132,0.4874097042474272
1969-06-01,10.074895970724098,5.861820134794178,8.816824461095573,4.701774703927783,3.3346689044298117,-6.287346879427348
1969-07-01,9.142855418893918,1.312232076070389,2.1172893892277393,3.1116502645399287,-3.052904327229123,1.8385598218760726
1969-08-01,8.07916733577327,3.4553921962591256,4.04171341153938,-0.07695716883365408,-5.419186117263075,-4.845718805818069
1969-09-01,10.63848945826781,7.042637622241918,8.200133624436626,4.192000186839792,-1.7692430950502192,-4.359462193529916
1969-10-01,11.570651069126816,11.18159754949397,8.19676205864258,3.8799269813336528,2.362509759780444,-11.305056821175905
1969-11-01,16.04106245148005,16.623356665886593,18.897370700061117,5.468826941810912,8.500387788343202,-1.6891133621789
1969-12-01,23.037426300652314,13.275566701353496,18.978448166671836,9.52499456503258,14.293371077418312,14.588161252832384
1970-01-01,19.05888464816261,22.78334753312999,22.082702293499754,8.406414058327314,17.022538019565463,15.971126439313569
1970-02-01,27.066538235030812,17.355182247378266,20.838361863999953,13.319584356798963,15.351474339203056,23.58065697588418
1970-03-01,24.545206087079844,20.099104872897453,22.583142380549543,9.801297664139723,10.304996121922603,14.384526529530104
1970-04-01,22.728982614553555,19.253875259382816,15.730848561990342,11.692508533836344,11.001995027632695,4.935840330396688
1970-05-01,19.000095435599118,8.008828590809784,17.702126859359637,5.109412034091501,5.2121083871665395,-1.9829433329947956
1970-06-01,15.88272138466055,5.1862443809226155,9.830752678083881,6.290608470008446,2.818634421557765,-1.6824834158618318
1970-07-01,9.074751131559038,3.540877685096803,6.677400265628359,1.4372246855446273,-4.231199861343895,-4.9941158679117414
1970-08-01,7.279267089449504,3.2194603616845607,3.4926193585397645,0.4915135332436082,-6.8064410709922125,-6.868261945648517
1970-09-01,10.111482593731937,2.8269923607802694,5.416719547536258,3.2918507601415037,-1.3875442623780656,-9.543404977194365
1970-10-01,13.976252326805795,11.51390471907033,12.870183106217116,5.475370890094347,5.719626660198131,-6.595354930165424
1970-11-01,18.78407773925362,12.373085031483576,17.278999292530074,3.8140570730866696,10.42313890261317,-1.0303939228013328
1970-12-01,27.180204143810958,14.933152207704124,15.22572308783148,11.205846716785743,11.476531171832452,21.39110538689127
1971-01-01,25.226745517518083,18.842964795737018,16.193517663463368,6.457357903563456,13.748261358992007,19.927400750546134
1971-02-01,28.892041856649573,13.67994545792716,21.37594825704795,6.443389167969445,9.51369216865337,8.942704086191311
1971-03-01,26.57112574835782,15.772483064499454,19.748070630814453,7.522471693862065,9.259617471075419,7.8473183830191955
1971-04-01,24.898107627399654,13.739461958256788,22.60405247882008,4.126735529169271,8.165383712648064,6.1725345500277005
1971-05-01,22.176361385333745,10.516657970905845,14.836355516232286,6.443291369646895,7.798724637912777,-0.676424468860354
1971-06-01,14.727148719197439,5.0818062570699185,7.781455238511613,5.3545172072726865,1.5364895112834152,-0.5371201260152862
1971-07-01,12.129263885932923,1.8978036265209524,3.820748341244346,4.491379008920066,-1.8567764863022587,2.472259379363598
1971-08-01,7.938726400716262,3.9538000583443855,4.267150026020279,-1.5127767309131486,-6.487167359653472,-2.6147628350006915
1971-09-01,9.201849146044374,7.490887444714481,3.2821372046290893,2.308801627030981,-1.7931590807156352,-5.708920476389569
1971-10-01,16.00523798265423,8.247048762302876,5.920162325394757,6.95353419344227,4.814603129572929,-3.7408252788041603
1971-11-01,19.148422293967858,11.414046436725561,14.080419069009118,7.405970055927785,7.138435526088286,2.700602044171213
1971-12-01,25.243065187418015,12.504121718535115,11.309094512546237,10.337084329020751,11.271547133749463,17.315748926527327
1972-01-01,31.746650945661056,12.103893809474208,13.85265970865311,13.007684335381336,12.776515253174923,23.83088637803883
1972-02-01,28.83861490188871,16.59893409136554,19.528455492351846,7.953628162963438,12.565580695821954,16.091686177626983
1972-03-01,30.65252632159973,11.421387631212486,23.838039492443727,6.784801460129688,10.934476375745106,13.124742253476775
1972-04-01,27.890235358741574,11.803083128987627,15.867426142598145,6.686798638279338,7.574623174251077,5.198915813571553
1972-05-01,21.326675248022752,9.944127785051565,16.319247263382305,8.485500489556307,5.922899734838994,0.8545642836530152
1972-06-01,13.285383514939474,6.475333284048071,9.324508953472877,7.87514191963395,2.07191311550103,-2.0546303504783983
1972-07-01,12.613622677203997,2.117498537280878,7.839679380411808,8.84497756872743,1.3075289043586413,4.701114398406994
1972-08-01,11.175855988902178,2.0869971645139054,5.876569773733757,7.768100587489934,-1.3517396357416578,4.254183595296748
1972-09-01,13.73785136563092,5.724640061702476,6.2124875793275,7.831225694269882,1.0473594930658416,1.544999217583905
1972-10-01,14.509807921752893,10.52204379461416,9.336000153722177,6.378691863133146,3.7283870454903805,2.3714204282357625
1972-11-01,21.089511244104667,14.975094920826123,10.849530294411368,6.848621107847358,9.328448844239105,-1.9078224243091435
1972-12-01,24.942711899409648,15.513370396056068,13.686773576230104,9.941226733644166,13.996288191094639,12.480069975893372
1973-01-01,22.0262471243012,20.46362657547041,18.091607346757,15.035654445147804,17.12663601254372,21.684100638433762
1973-02-01,27.413152893145075,17.40658983372171,20.51240045047475,11.339723764522805,13.46230891342626,21.638848879551343
1973-03-01,27.578756832322807,15.192734187979875,22.598538380605294,7.504662378513887,9.742845989792086,14.500454011845129
1973-04-01,20.570383782651597,19.410728410490357,19.35342976162923,6.607324326339383,6.857726618655305,0.5277447744070385
1973-05-01,20.071303621323413,11.992727667330756,14.430706276610533,8.007492069992228,7.392912634998454,0.6234860512041521
1973-06-01,18.082169202550297,4.535842837908367,9.100466862562717,6.6494045166293025,2.593761643292066,-3.659213201133115
1973-07-01,7.987714098913447,3.913839195441354,5.298190600606767,3.7695244771967977,-4.122218181419848,-4.367685807951996
1973-08-01,9.812355126531175,1.815175677723908,4.16752457034941,3.2743818419472714,-4.997463528783218,-4.074690993794394
1973-09-01,11.391362411124677,5.309808953355999,3.4800446318384672,1.6740926807183951,-1.3090118825098602,-9.258821860896358
1973-10-01,15.073149404517512,13.214708373204525,9.639921305220298,4.599115239061134,5.4052005577086115,-9.385718506080782
1973-11-01,23.537578745858518,10.80961775429192,13.999050282402035,7.422378365780238,10.729791930764321,12.023941828966356
1973-12-01,27.311054405682523,9.668165803751302,16.743420886077626,6.147353820552949,8.463044211287233,21.238498580605746
1974-01-01,33.06111594206957,10.125429661260005,13.082211739837028,5.482601301723301,9.862715098996745,22.549309744414057
1974-02-01,30.503607062785036,15.437985024858706,17.379564204198314,7.036094710399299,11.004028863838172,20.405520812994183
1974-03-01,32.23452025084221,13.115839626221014,17.770607115196164,2.3711022665994648,6.914704620081726,14.03523378306621
1974-04-01,24.88249631316874,11.613339627006109,18.406185168163624,5.3382023880064935,5.9908662762109035,9.580999064998096
1974-05-01,20.23187418927004,7.49417262379427,10.379431865097672,8.500433444529055,7.790225257452039,-1.9559714663019199
1974-06-01,17.284575491542032,4.344902198320746,7.687717779043468,5.0469564759027294,3.575360947288995,-0.7863304112744782
1974-07-01,8.290736783753253,4.0957147998129075,5.574780406136664,5.116296380440763,-4.894991915307428,1.4626795826510837
1974-08-01,9.45967834953085,3.700969702157435,6.420948635562004,4.247790664255275,-3.915421409650414,4.9140898333168375
1974-09-01,10.76193978910598,4.767591020853594,4.278174365565086,3.094737204209637,-1.453317761724436,-7.591892960602822
1974-10-01,13.791919667045383,9.763881019532349,12.888608667348507,6.992002377621329,6.029261549529588,-1.3167270791184027
1974-11-01,19.260398994621337,11.227485710867434,14.288808478201604,8.759183964356108,11.969673464078733,17.339766999027617
1974-12-01,27.98584608848634,15.560105768441483,12.956122730576212,11.924960075652638,15.609896890569363,23.00660358181666
1975-01-01,30.133480087111028,12.985334352302718,11.859848337149964,15.273824275953343,15.690761470634662,30.167257250595934
1975-02-01,30.44764751082604,17.17100043687057,15.355365458310892,10.505968908757634,14.395987401203232,22.122924783583798
1975-03-01,29.73942334176911,15.053782394891352,18.12138209973795,9.674395622836233,8.511111095263214,15.728371558970686
1975-04-01,23.58522502002888,17.055801982808685,13.961583336565605,8.121302411980814,9.353262871567205,8.625913488597087
1975-05-01,21.348390731964273,10.12244881249873,13.478012111586336,6.767683092175962,5.176761309072707,-0.7039861636162147
1975-06-01,13.815854295657921,6.574339209704402,6.3537191952837,7.024967898363409,4.206020822233985,0.269868961271416
1975-07-01,6.392083521214752,3.6040730433573342,4.179652983095646,1.339790214015911,-5.585729844794259,-2.4812090376228912
1975-08-01,7.9691380127393465,2.6152507032026007,5.511483282779111,2.40744562845421,-5.000198962686054,0.2997349334908754
1975-09-01,10.524338271746972,4.818341928603336,5.403238693936576,2.024147715799902,-3.9141748864419728,-6.559209685278235
1975-10-01,15.06434178350759,9.760310270023673,7.380320437114429,6.724655587552355,6.67921167198863,-0.41370454941011414
1975-11-01,20.596574268356093,10.09214930101192,14.234866155025282,6.029315454638676,10.33796554130868,2.4026184120530996
1975-12-01,24.42880848090015,12.683233717181201,20.05104455828213,7.431639590016287,12.628615695555137,23.714509771673484
1976-01-01,31.13183016980033,12.590409969487533,17.24409465448199,14.232809642760097,12.957928546897097,34.73976659226038
1976-02-01,31.878859386173758,11.867638928915815,19.798158732746593,3.823364278568292,8.564341519822827,25.759615781804467
1976-03-01,34.33749575990852,11.734243348652447,18.182632276743767,5.889823153249588,8.211122020370416,30.140062226608894
1976-04-01,27.195109321693533,10.87855676182151,18.864467504702837,6.874880340036327,9.617262963174143,13.945360668127936
1976-05-01,19.62523103929915,9.647518834880522,14.717941058914636,9.94830874117644,7.1031761402420575,2.831679999258634
1976-06-01,14.78358807538727,4.6018517842346,8.712549514774174,7.861511046837498,2.14751847342955,-2.941571858327737
1976-07-01,10.128428302952777,3.95019206433758,5.693919492173451,7.056016944592116,-2.238697925803062,4.838329199758864
1976-08-01,7.835827408682814,4.06079424744398,5.685464702280986,5.897074995583988,-3.5982908955628226,1.654420189248633
1976-09-01,11.411635072960255,6.64408943929166,5.961065202463089,9.610152825532465,0.9561376979650122,0.6383687952441424
1976-10-01,12.533696856627927,11.448748969878116,8.235449354876808,4.735953810715919,5.139369925093518,-0.870227877317217
1976-11-01,13.498769143495718,17.98352864766792,11.79896051835538,9.301066087595471,12.736762141017309,4.011082665600866
1976-12-01,21.660785979526825,18.382750034837027,13.18110675532766,13.040172320269791,16.822059676245697,14.700110683560801
1977-01-01,18.796269626631908,23.242966569783334,17.438086329763056,11.74125908587998,21.21973148791948,20.067177969208675
1977-02-01,17.354845610507944,22.521849274071805,17.80296653707306,12.949274703692323,16.510615454072035,19.854086402107523
1977-03-01,23.495379368160556,18.284176375210162,12.093889247110067,15.019487273609025,18.165746460074207,19.843895144069943
1977-04-01,25.347833943522367,11.363109206147007,19.028828852006757,6.94793179474492,6.146233538086182,18.42208651793814
1977-05-01,19.953032956309027,8.286160921053744,16.160231702593375,7.577062137897577,9.272629997300912,5.7383240692827675
1977-06-01,12.438123969961646,7.08033592344189,8.033215095672482,5.487214354994517,2.3075373807119277,-0.38176171044642443
1977-07-01,7.7051582073359635,1.4939674855757379,6.137300032345281,5.75269738554877,-3.1095934510998435,6.029907967003122
1977-08-01,6.9234169907247445,1.6524856274004929,4.003050415887724,2.9627406931741516,-5.495493131515546,-2.3337416363952754
1977-09-01,11.321458318875813,5.5803933960936725,4.963448694839824,7.71055697456386,0.8452438924133384,2.006431512738108
1977-10-01,15.12386794520838,9.225240271070186,7.798531472119425,7.812876813023293,6.984979436759962,2.618232177585117
1977-11-01,15.449944278245283,13.879012935231925,15.726209199145782,10.033866760447893,12.68230939414923,8.377354741965544
1977-12-01,19.976148812678154,16.800999869108125,13.380853660670411,14.624487591187897,17.241198735720932,21.83724791131251
1978-01-01,27.69630320205839,15.547086586372236,18.41768310061193,10.28151994994424,16.172055001500627,22.87276347778702
1978-02-01,18.27620272972219,27.111799736488095,20.160471014320123,12.3675907258604,18.4408098298239,21.216493295014406
1978-03-01,20.86274331379446,17.491760623120555,18.64286493706913,9.277591225690097,15.698675620112963,14.607428617239954
1978-04-01,22.559695884379188,15.691754766942012,20.4103403313504,4.086776350186721,8.147528071315685,10.480018541428738
1978-05-01,18.591947528378903,11.464260980055752,14.03078222089766,7.640352791453697,7.332408058988582,5.26266261262709
1978-06-01,9.926705131935076,8.186255953325386,7.598011793157506,4.309388930607129,-0.7246796411828617,-5.333323744060257
1978-07-01,7.958981736213492,2.9631349667823397,3.339577834313108,4.3123823974406434,-3.6483037118526047,0.9113512012152346
1978-08-01,8.834749847751647,2.666806167942299,5.294673911830296,2.952866019233758,-3.1557664862624044,0.20189553972272875
1978-09-01,10.77999139380783,5.788980197817585,4.01851100129273,5.860758061707797,-0.4327840015331777,-3.872271285682033
1978-10-01,10.088468646099344,13.933934223975598,8.762493535821408,8.321755219873237,5.812406830803789,-4.191784439716688
1978-11-01,17.06393932437517,12.790255556714417,10.72757539098634,10.049343539650502,12.427383742040668,10.826696194010946
1978-12-01,21.84846359481436,16.351267277419304,10.013786738670424,12.615904114356914,17.382282840237234,21.66871226178217
1979-01-01,25.45933753224963,17.654444534530946,15.064542497312354,13.477938540237856,17.047875110531336,26.501455802760585
1979-02-01,22.76951254829551,21.075750172552926,18.589523059799838,8.465105395249944,15.71370877026877,19.034494586302163
1979-03-01,26.690516704833005,15.744669767478333,23.539700174365844,7.051684368439339,11.379713870274795,15.988963463794944
1979-04-01,22.282217019606353,15.24087057709059,19.530499946116098,9.328140050231303,9.388207927737042,5.139983078315886
1979-05-01,20.630480945949362,9.505039695373092,17.20742230482505,8.354337068096592,7.532928894677408,3.06086478109941
1979-06-01,15.36992949400658,7.359559400726189,9.719865269351477,3.282324950134508,0.6575194101985871,-3.959949187077146
1979-07-01,8.7912629398289,5.272518108634505,3.9787634122005042,2.8923381065829052,-2.2405613119698047,-2.7761628146863044
1979-08-01,10.186689148465256,2.3791122181837507,6.784363791542384,4.182886479527807,-3.4503368946824424,0.12680381626294332
1979-09-01,10.990289529217273,6.316317421276234,3.771597493147887,2.9934158662217096,0.7665979898626837,-7.203595623768679
1979-10-01,12.9180330419416,9.238805189629135,10.98898131565118,7.54941032962152,6.683005016626503,-5.854316574338951
1979-11-01,15.927613236076926,11.171116832978095,15.17813528289043,6.215597525886093,8.979118480774567,-0.20832556903149857
1979-12-01,22.758798747039787,14.960980268071195,15.95368087051737,8.838299588465201,15.339124203764678,14.259698642531701
1980-01-01,26.28644137160848,17.593598177822063,18.986102514276517,7.18232739394503,17.88748486570126,18.985534314393224
1980-02-01,23.98745015633606,22.851722899344296,22.217607668115132,4.514521288434562,19.20950656562003,16.848367042871274
1980-03-01,25.726085043255306,18.432162970992866,16.93870630530304,10.371485695539155,10.996583270113005,25.870328777977562
1980-04-01,21.689162414782714,16.374241669489187,21.91049835368425,9.174016022327132,12.216703682967363,10.160560556397769
1980-05-01,17.99358572007592,14.135401464779543,14.55052722378963,7.8676281249539635,6.4391969921548835,1.3712643257019974
1980-06-01,13.980934887555328,6.780400647378498,9.401141839950737,7.539516545790735,3.8231012815916072,1.0695537829257418
1980-07-01,8.55727496731024,3.1951291366006513,3.47017560306756,5.5276842616267725,-3.363889413887476,2.8151827259903874
1980-08-01,8.54985595927362,2.361018393629759,3.8972832321428252,2.226794557985131,-5.288040174378691,-4.376076712010373
1980-09-01,13.660460757080001,4.1031334185628054,5.07150301392832,4.05269477044241,0.29226375256100107,-4.881559890842086
1980-10-01,13.01781775082688,11.299467797907328,7.090161837465612,7.771021275118449,6.836888016324355,-5.203000393821064
1980-11-01,12.669790401314525,17.71464025110632,12.03444641687324,7.191035675323221,10.208554596262891,1.8121716839884063
1980-12-01,20.839282551426095,13.193357940505727,19.271681911322272,7.668526371860519,14.510522744350155,13.020406283662755
1981-01-01,25.899538720187913,15.862398902925941,20.128346065205285,9.481133910212767,19.32906074096968,22.14618442385663
1981-02-01,28.373943551594962,14.36224072940959,19.04676040759785,13.999634611417545,17.305342920538195,27.449065151533592
1981-03-01,16.644108375174927,26.82668155689786,20.127916389603847,6.493839393146665,16.975593963714637,7.29557392308725
1981-04-01,25.82664464286633,13.51072639774866,21.091143186581938,8.35071004639311,11.198216440735857,11.54697136813407
1981-05-01,18.96643771560062,10.860533115846152,16.594180925483684,7.457596172189223,6.397926787997403,-3.007451701944536
1981-06-01,14.605589667814021,5.159321648164791,5.918362719724257,5.848471813307529,3.789801737771186,-5.568143091155878
1981-07-01,7.999526091117907,2.523624081280507,3.436778439381565,2.646434447051554,-4.380598935467778,-1.069018823337236
1981-08-01,8.113027513705998,5.295018466385466,2.9382662260012347,1.2717244995680517,-3.23357787635533,-6.670640172885592
1981-09-01,8.154100475210269,6.916432185501816,3.887592513585182,3.7248017628552774,-0.006769858211084223,-6.4500212036716205
1981-10-01,15.662758160531935,9.85147487165916,7.872542766606697,4.834381592175997,6.485442251869829,-7.894700939942572
1981-11-01,17.391597380908454,13.293793073612147,16.862263184240515,5.392275117893068,12.251962400666434,-0.004137603319584504
1981-12-01,19.94339952690513,14.799772380656794,15.565032023178032,12.237835605608407,17.39346985964415,18.552134567535127
1982-01-01,28.79079238103431,16.649385519180118,16.34838788174453,8.962440720853094,13.239373798812274,19.407468566282077
1982-02-01,29.802234207558193,14.796605799732383,18.895367204087364,7.589752631748922,11.11861147823423,16.89774747519745
1982-03-01,33.57319308443258,13.726356237706867,15.571928456923345,3.791212836406295,8.673382551420096,20.573323798073783
1982-04-01,28.383291335813865,13.441067756010801,18.948158864150926,6.600594080787391,9.675000841580104,9.48291631963215
1982-05-01,18.181347612972544,13.186786096005097,16.73436839161974,6.510685161424275,7.920009361335234,-2.3457650546939965
1982-06-01,16.45279840404467,7.224898475114519,5.73895142362098,8.132419791938082,6.673410941019703,-1.4560351932374347
1982-07-01,12.851567822823432,0.6229392122730749,5.20225545507512,6.977324235574826,-1.4331132340944108,4.468162233891703
1982-08-01,7.379503310466482,1.8758522671580007,4.550920502629796,4.694654236862074,-5.460221908694506,5.985604333724498
1982-09-01,11.396681631627713,4.5684556906101745,5.856233130892834,6.345767615637711,1.9191528544543912,-1.0154056497135677
1982-10-01,13.451031732720685,10.963229211998534,6.679853738953697,8.118089488929797,5.6494693074923354,-0.12498517396311272
1982-11-01,21.803831215533716,12.203341186153462,11.676421506506424,10.756880982298277,14.230621057160029,9.341642754971454
1982-12-01,27.140094375025686,9.912967394905703,16.557810360240282,11.659424448275837,17.677194460945234,14.355190108485129
1983-01-01,24.886082743948137,15.757223010597551,22.450503800033335,14.266998462552946,24.711275978508567,20.9883555746674
1983-02-01,25.12943312689245,17.797409744844604,26.929129869824084,12.89309699668841,20.289833698490977,19.069914135812795
1983-03-01,25.295152126809263,14.567188918207828,26.931595835316784,9.942880777949943,22.243311307197285,7.277377758726253
1983-04-01,24.15756310566083,16.212027168615432,23.224416432009,8.498016534653688,12.975525498534514,6.167899360627072
1983-05-01,21.110321206526727,13.046842335295826,17.4321026390184,10.891103782954277,8.855772544425662,3.6964822011791254
1983-06-01,16.169345502965477,8.033095755172713,8.853287160119764,8.336748672818025,6.9424095530717835,-2.8036583157873025
1983-07-01,11.638235505289563,1.816443616922548,7.273407214720267,7.681024260007476,-0.8420728092164235,-0.3507570427170556
1983-08-01,8.670189406710792,3.2770470204758726,5.948426283249472,7.151451832102364,-1.6285347691414456,1.0195926993315507
1983-09-01,13.453464040534893,3.9610682585124777,3.731817228733997,5.278209160864015,-0.15852010663352423,-0.28776002545385665
1983-10-01,15.898294953080226,8.370051935291833,8.67988943229061,8.202326226665612,7.076024465975188,-2.8552790433484865
1983-11-01,15.185437215450468,13.727389291860238,14.328419469466628,9.189629475538226,11.148502365266477,2.820037887809219
1983-12-01,22.85063722390457,14.531092928666077,12.420050840426427,10.469478546980456,12.655179371428357,10.412961374299895
1984-01-01,25.920054243789057,14.35585507088811,15.147787228308902,10.204331630986848,11.170383564790347,7.728669402932519
1984-02-01,27.457768097089026,13.947419389672463,21.713410090404327,10.404421771512546,11.850264733668599,14.409697840113257
1984-03-01,26.192031086512124,15.981538312375049,25.10085425610987,5.127308297660364,6.39493286004036,11.885085825450128
1984-04-01,21.953353565432995,15.976623606163853,19.661926335969284,4.330713333676955,5.618760388418365,2.615633807559037
1984-05-01,20.98284338537744,6.869741547689537,17.564357518086304,4.014889853043547,3.6527787320214116,1.4945033508926708
1984-06-01,13.097964919347886,5.618323048783311,8.277377695182983,6.927210242184327,1.5185796546359607,-2.883986551535404
1984-07-01,10.55230949382311,1.1280928700041724,6.557170416160899,2.2785539139796858,-1.1325740109451685,-2.137370291425813
1984-08-01,11.758916587684954,1.8372110314033419,5.420296292909689,4.247033648779468,-0.713803307719699,-4.0336777622024025
1984-09-01,11.273726704598218,4.712638482385802,6.116834436164173,3.5256535255587194,1.2998116440716803,-7.7684548012410035
1984-10-01,18.063360645979202,8.874646080246391,7.60076574181439,7.991990517361868,6.921263788712165,-0.7186957296426939
1984-11-01,15.808773175868186,13.393228132577928,13.674068465877834,3.615501267397186,8.713881184883528,2.9109215917238838
1984-12-01,29.91772040133124,10.163138806711665,11.580076421808482,7.344546542844183,13.477546697445911,20.775639691581524
1985-01-01,26.06434513583401,20.196380833031718,19.349689087305254,3.4258638215781048,16.41753889040526,19.918247591975227
1985-02-01,26.16475874600735,18.15474207528684,17.550437532179817,11.35710561582679,11.057037522717064,25.235129734816663
1985-03-01,33.03419614874955,14.047366207021012,12.851590967456184,6.192470893032241,9.363719404801827,31.367819454154407
1985-04-01,24.99336709457843,12.510303790930154,18.67224289117984,6.587208479719857,9.579224204216958,13.443400220262879
1985-05-01,20.956753063147723,8.95188027974584,14.890940970373714,6.971687608484184,4.861871328723858,6.2047355037845655
1985-06-01,14.611560665449275,7.908202501526016,4.29894388887488,10.938497879954543,4.208096853059604,-1.63566332009956
1985-07-01,9.229673700096,2.550273300372777,3.196425344990672,3.6389811305606035,-3.284763440126621,-2.513243400032816
1985-08-01,8.60824593768263,3.160659890562991,2.772671634228581,2.7646041694290537,-5.531509204027983,-3.8807620282089905
1985-09-01,10.862739832341445,3.86123753496224,5.048871593115906,3.589717504653327,-0.1564715215528883,-3.744095503319026
1985-10-01,17.02233721784756,8.928108957477322,6.420364042437823,6.676733097145426,8.492656265156318,-3.802242303910951
1985-11-01,16.279754284095493,13.106270691947174,11.175527315321018,7.4152811002386745,9.13982655343829,8.21398874258056
1985-12-01,20.00070238941316,17.451090422356888,13.980397080490368,9.117588066021197,15.618603666106477,15.74380964642674
1986-01-01,30.971242581032314,11.242954736973175,18.419456145787542,9.607539264147828,16.493400417116593,23.507891955275287
1986-02-01,29.180261057639484,15.515274709382412,20.904560313034775,3.7249818237759524,9.64723125320547,8.391407265536861
1986-03-01,25.23975941876993,11.95869638775921,20.913024448796968,5.218729908402863,6.76239986264813,5.7235508225643565
1986-04-01,25.06967789292204,12.776232165661726,19.86221543681918,8.183131872998054,11.67757430574217,19.640773517400405
1986-05-01,20.449070654070024,9.840972697049235,14.736203071284526,9.621821795941194,12.967761076963344,0.8614227060139049
1986-06-01,15.358307456651078,2.70069906867194,7.356932618796452,6.68086121193615,2.8889747519209394,-3.247793515801687
1986-07-01,11.453199069377142,-1.3530509180900587,2.254011586967853,6.205323688632875,-1.5671898175302634,2.2845206485527916
1986-08-01,10.264527200264224,2.2468105700933143,3.89012166396756,5.586171965146523,-1.174718148022619,1.2080873997561148
1986-09-01,12.142455578816305,7.554990734303432,3.4018067465940476,6.68810029949752,0.17690990152968458,-0.7435285203641897
1986-10-01,14.675742117146209,9.193486285490293,5.747327042091171,6.30464186529246,5.117708634438889,-3.1027095416439328
1986-11-01,20.52588189651041,12.131479635576978,9.488889108232854,8.949434373043724,11.613492227191028,0.7960966068783022
1986-12-01,22.804013874322273,16.64857501810192,11.888966909870279,13.275401392491789,17.767076343553963,22.390353054708925
1987-01-01,18.097563772858816,19.85418263748756,15.287947326431512,14.049206918411736,21.03502106811724,19.65903419536125
1987-02-01,21.13989563035643,21.349597443993467,17.10003946411216,13.350396320527313,22.140559227513723,21.109138940289665
1987-03-01,21.994865537967748,17.505107650692,22.853530800425563,8.15004441616618,15.397678636881524,11.77412175204798
1987-04-01,21.932829880249244,13.564386188522754,24.403413721747064,10.429836269466099,16.434598476595408,8.927961933806145
1987-05-01,21.022253161989134,8.654397532308021,21.07124855415805,6.568285163373083,10.348477431594338,3.658128842573819
1987-06-01,16.390831604203075,6.054852359021627,7.892931613843899,8.481135182190986,2.4483989662760375,2.8146405975605515
1987-07-01,14.15517613766648,2.1015452251885165,6.158489561643112,6.418048268870759,-0.17189476161857928,-0.7607203814654724
1987-08-01,11.05739598689525,2.8121634667669575,2.2640217513048415,3.423158063569141,-1.8666848615566292,2.6054556566930787
1987-09-01,11.322229094377064,9.450306129790174,3.6550069544273693,3.004943985659114,1.8007033528654695,-3.4556209566498017
1987-10-01,12.836563986402298,11.173716371709157,9.7082808123386,5.491420796164446,7.1890609064494,-3.0912187092124563
1987-11-01,16.253606184351845,13.455857172163709,17.830545397860547,5.445641436896312,10.359664040554607,3.5698176973116293
1987-12-01,18.61761456818734,18.7241158933963,15.037199434198914,10.931153955133608,13.941860646946594,16.934256938223385
1988-01-01,23.476936332046797,17.71360302495152,15.66453227618989,12.517705599945195,14.955849306979617,23.272729182267366
1988-02-01,29.081118302390024,17.03893637167797,19.5447753264222,10.574022430217013,15.683817423975345,24.697113841356018
1988-03-01,23.607645269633824,19.450846401522515,24.01013956213887,8.37271848866858,9.009110268195617,10.827599440933753
1988-04-01,24.257519279476234,16.736244943019653,19.02102049250183,6.070222835468724,9.883284992002594,10.624099783093923
1988-05-01,20.687171969715482,10.518740550015478,18.055008765511904,5.611919284023571,6.324229475252672,2.4062582777186328
1988-06-01,8.647149213186943,6.634700108676843,11.903629010133582,2.2682497328862627,0.6817921499919656,-9.118294755629373
1988-07-01,7.1355265666100465,3.298145291971402,4.3316217315664405,1.1702105363371686,-4.6863843139135,-1.8398069789091138
1988-08-01,6.449566138822884,1.8962579060202305,5.3915544081150895,-1.861347683103167,-8.96811148151634,-11.951321281476385
1988-09-01,9.806990670976653,7.674860697835299,3.04215398208193,1.9750485350484281,-1.8171909112787707,-10.368768004409581
1988-10-01,14.624549195343016,10.879926446594345,12.328801892095347,3.489180928853831,6.820461746803779,-4.183888416104598
1988-11-01,19.16908734491954,12.591142804289827,11.792984038440778,6.669465304944722,9.441667448567932,7.351476238264037
1988-12-01,26.382330689894843,14.57035357407243,14.945542812777626,7.516009179762455,9.317746945363327,14.346955968042703
1989-01-01,31.911413905545714,14.582392019677934,15.546394676867186,9.60133419722443,14.985508658878919,22.89749788004947
1989-02-01,32.373202990744716,10.291057719729844,14.530974029110908,8.26840749726507,11.362356749110408,23.79999307684254
1989-03-01,32.30900280406844,9.745335146373973,19.18825719344682,4.207136673307387,7.728491104533344,12.538601532119005
1989-04-01,29.237055099736985,9.741251711432177,18.50040013535522,6.5743154695351205,7.592269827883139,21.56865505247754
1989-05-01,21.97285179750199,9.228337049692916,14.662676115509083,7.912354489694534,6.762600874245704,3.4464594542068316
1989-06-01,15.496901250364367,5.844581397170124,6.638757005708533,7.537008520337494,3.1353366044214592,-1.556616867637334
1989-07-01,9.932914288973446,2.771476081290369,4.545552915284374,4.290201342436999,-2.320148163143809,2.5369484564135227
1989-08-01,5.76643246807982,2.501750814513284,3.9508407946598068,1.3819814757114783,-6.435686695149033,-3.7643742825352646
1989-09-01,11.002714936879038,3.385511702023801,5.028422780184675,1.429328208865683,-0.07222576185559225,-11.546369419435587
1989-10-01,15.726864256309021,10.141397362562943,8.183755935133595,7.748982151221372,7.4595646750620395,3.1372202198043633
1989-11-01,20.88025942322853,14.988781849910128,12.119545864231691,7.331944755006154,13.789837236685354,7.181344024313414
1989-12-01,14.112269233934258,24.452141905919866,15.69365208356338,6.530763755397753,17.847663542814548,12.4549368051314
1990-01-01,28.90126737497558,12.89272839489519,14.077530280119689,13.59601820196835,19.797620227669718,22.81533163655967
1990-02-01,30.831400225493066,12.882901740974578,12.98716300562133,8.738669259780131,17.433920761089958,17.076047333474516
1990-03-01,29.536071042795097,13.430788353291517,17.791864797929062,11.410138951162857,17.36768411194797,26.91523755369948
1990-04-01,27.619339966575634,11.64217117403442,22.741179063573043,8.230973175655121,9.877067846085453,15.901017705370839
1990-05-01,18.813876415387366,13.64212128634404,12.361273811301912,7.859222190159185,7.594319458808868,3.027687714234268
1990-06-01,16.250391500511626,4.262856248242031,6.949077087873337,7.508640683794552,4.511050747231207,2.1535592432416855
1990-07-01,9.972694111508188,1.267850188059407,4.797563936871534,3.073034402381261,-2.959505977491601,-1.648374345642134
1990-08-01,11.472560726890633,3.487146418306501,4.25661303596405,3.763126550747741,-0.9184032915353987,-0.33010194077719046
1990-09-01,9.472410689160473,4.417684019115808,6.264405390765896,3.0397262571587134,-1.5109491763581107,-3.304823774015883
1990-10-01,11.61971509444269,8.765066543750391,8.010293064692936,3.4020128746244227,6.7255487001388605,-11.202149910944762
1990-11-01,16.676941871756082,12.240970964408223,10.506014109629522,10.056461273409381,10.941510224547612,1.1747267191068185
1990-12-01,23.69672695699295,13.516131125517386,13.826539184803304,9.983869611194779,10.053721514506982,12.358062107116952
1991-01-01,28.432616357182766,17.682710993119766,16.521660990057185,9.509087524995472,16.850007846811014,18.141318882892694
1991-02-01,28.369737238361598,16.86262734624973,16.358942364882026,10.919128663298462,16.07823297657205,23.902896954254224
1991-03-01,26.213656627823273,17.621215557321726,14.895728105108725,6.957872765766425,11.824502830916103,10.375681788244627
1991-04-01,26.51945747651614,12.162889943267476,17.644666702098387,6.1645706771809365,6.324069727877123,11.74562741421497
1991-05-01,21.27862324707785,7.841176538589901,13.901546932478368,9.181464154360482,4.521808257616471,1.7576013512904194
1991-06-01,18.520878350105896,3.765746498332739,6.790831639364145,8.664350909488022,5.604434493282377,1.58102596858691
1991-07-01,10.362284329979087,1.5447556628096661,3.756562910851254,6.045200193018946,-2.923084275745392,3.6904429779431855
1991-08-01,8.524766889043654,3.9661570587479753,2.385760633175808,5.694819816501863,-6.302176732314731,3.245724297102628
1991-09-01,13.10266467693962,4.68670400668193,3.535184259547357,5.427413581685936,2.913367132485541,-0.931367050631259
1991-10-01,11.837031184494167,10.404465200444408,7.6340625309349885,7.450893188033746,3.9605771672061345,-4.658818850866893
1991-11-01,19.478249258218195,11.275411106511209,11.535587416374751,6.96102009086517,14.044523156112238,6.74707660829668
1991-12-01,26.2215743727987,13.318351942079449,13.727591774146775,10.208177105249545,16.814477638634475,17.68316355907744
1992-01-01,24.765635631458483,19.995081245067517,16.0982201992568,13.462764921476586,20.961808963352915,20.991254813720886
1992-02-01,27.31165713158197,16.74232957979042,19.783823503942884,10.228303469705802,16.68348317730354,14.961031100299426
1992-03-01,26.69095369291428,19.910839714616216,19.936109918750752,12.924057763697064,18.051812818814923,16.529738394459198
1992-04-01,26.177803868007192,13.028943383957198,21.19840762068728,10.599087315678078,15.771157935505178,12.65462091201005
1992-05-01,18.34015991948208,9.776522239140416,19.9596371323811,8.761454134867346,9.841760414287627,4.884579397917941
1992-06-01,14.331985341128417,10.598454272844924,7.155778893999741,9.19294563738924,5.2885434702564424,-2.9164284723991134
1992-07-01,10.794623456042492,0.46106723115414855,3.2494308253472477,7.206862981401254,-3.3276174365623272,0.4140461517304658
1992-08-01,9.166775591220537,2.5319341261100647,4.60936058297499,5.298589503440036,-4.629736820184704,-1.7433976247945533
1992-09-01,12.470777972236371,5.115616077206272,6.407226552664988,4.777799828258508,0.9176388258896677,-5.0981647335448
1992-10-01,10.117955573316044,13.844511750731701,9.688752526953987,9.432137778974134,5.9248598957237295,1.5991280776613341
1992-11-01,17.65951251694309,10.941984813065,10.049593206896896,6.9357988526484355,13.104835574057725,-0.41082393855491856
1992-12-01,23.86957270996992,14.750044559930727,11.748393053694151,10.346189202807066,18.67972877750081,11.34052652685758
1993-01-01,27.881621405507722,13.877274710372337,12.56411281976771,13.391260219170672,16.28139538292015,20.835768380389915
1993-02-01,30.13394086537718,14.897871127174142,20.429343240591415,9.163974970845455,16.043063938365904,20.04905304677569
1993-03-01,23.320807993570096,16.522281949088963,20.134220987341394,10.521689918087164,12.385108713669755,9.458842582909975
1993-04-01,24.688389459183014,12.822431323987455,20.644895736793533,9.66352295491166,13.202497928679302,7.163826844757224
1993-05-01,18.19776785579236,9.645430257287904,21.791879865160332,7.381013568623164,8.244857171013374,-0.7983546450307661
1993-06-01,15.003892583740283,7.425755944065217,8.551772991711031,8.06555983187199,4.789539865467137,-2.2429660087626018
1993-07-01,10.868713329719547,2.784953852678871,1.9883214734721824,4.540490350137945,-2.8676538188086953,0.4552689069138616
1993-08-01,9.46896894478535,2.6717720776896674,4.714407845468718,3.7208001890858147,-3.668702973255067,-2.235946848636719
1993-09-01,10.319980644205442,4.808981150396334,4.456506751857849,4.5682478271192535,-0.8428358668099766,-6.675081444702062
1993-10-01,13.581418055646006,13.153462890491474,7.967853771767615,8.965475695576986,5.398737651834857,-1.6208174787832124
1993-11-01,20.958338656437633,12.601296793474253,10.397917855820735,6.484665144638529,9.024504051218859,3.9873861786835127
1993-12-01,26.139706581839118,16.32378453452636,14.433626841282006,9.657498423159089,14.035505468135282,17.239036334328176
1994-01-01,28.85961389799203,14.488120091297725,15.200598171009931,9.695218215024022,14.339691755588394,19.03903788964243
1994-02-01,29.78559523814964,17.36463122812798,14.186150687234681,9.498703450356139,12.443222023588422,21.860283048150524
1994-03-01,28.77609218111519,12.725996066857503,15.470102147250223,5.9394174497352115,10.608119951769977,14.55472561116859
1994-04-01,27.191898866729293,11.344056437396867,18.652793751940084,6.768804852692757,8.048566814354173,8.32220980761382
1994-05-01,20.264081053498735,10.341775208050647,11.807510700097483,8.977581105277563,6.699738066607351,-0.08430208352412666
1994-06-01,13.462425594198216,5.562242054308648,6.334531737792257,6.1669494990238185,1.7513074587688269,0.240417167038565
1994-07-01,9.415225597460458,1.1140351542263027,6.067059581528302,3.509009963775253,-3.8597067445955053,3.7510641470462653
1994-08-01,7.646253934069495,2.0608541802810545,5.864543407174986,3.099259811433302,-8.881984886247656,-0.5990486398580592
1994-09-01,11.194554295969349,6.306688598317605,6.118778266328345,7.813856563601658,-0.4726241718479135,-2.094740621398712
1994-10-01,12.59060431834203,12.19290232767683,5.649485102553625,4.008578338792892,2.004964819796939,-4.673915175489261
1994-11-01,18.867289778353445,12.044561939359891,8.143264451059578,7.4771358569262425,12.347205940383231,0.5236243573407334
1994-12-01,25.880916355415494,13.870175571645287,13.0020870418977,11.93922024048399,18.62975513345785,20.630708805207625
1995-01-01,28.022555867683643,15.790597754281716,18.594782739558074,16.24047660252694,19.590665776194907,24.765030016732542
1995-02-01,28.066351293105622,16.053091415515624,18.527383066285683,7.064381327888533,13.786232225936368,14.058827141659002
1995-03-01,29.99874847022576,11.157468250099408,23.09311072460384,3.722237013744167,9.797878172235015,9.258665947442921
1995-04-01,22.809343124798406,17.673793428297618,19.313286407125673,6.381730410539419,9.639591302094468,1.9630998661666486
1995-05-01,19.27885767538104,12.62669194443137,12.035001027615408,6.213341752783389,9.306314898324576,0.9284771289259965
1995-06-01,14.114125974431543,8.110933467159741,8.809172627138814,2.670316021816374,2.3041131250309,-7.832918596724242
1995-07-01,7.706455401640979,4.165877245340895,5.215475673043227,-0.025154207170366753,-5.238021525597994,-6.918619910576389
1995-08-01,6.536941161009645,3.3701716692828443,3.7735329765668237,-4.047387451421752,-6.215853361443859,-12.709072697631788
1995-09-01,8.971082589553744,7.53233724187845,5.103081863338781,2.4396802084053855,-2.339973670668447,-8.056369449701094
1995-10-01,12.179893129552577,12.175514589447333,5.652586458300349,4.0192437008173005,5.011585626753418,-11.270492039402738
1995-11-01,18.127232743294392,15.019892365228754,14.257654493112405,8.87832368302346,13.527264905570112,5.814781906335415
1995-12-01,21.035017512197157,19.409356087599935,17.8048374941889,6.16248072302253,15.55899076013716,9.605582186588428
1996-01-01,19.139924117565347,19.784764286206684,21.586367540732894,6.797621677883287,14.682933936591303,8.335396232925603
1996-02-01,30.837500924884246,12.710280586941716,21.24631656692904,7.531829477979767,9.058993044832091,20.48790662927287
1996-03-01,24.190531382526345,16.99748003031748,22.621541741666352,5.024061862045485,8.189393592759783,9.79924849557488
1996-04-01,24.066591976679845,14.278489495742408,22.585544956467114,5.238525312636661,7.040886224130407,7.203222098750911
1996-05-01,22.03898862411743,9.205438729203843,15.897501095146904,4.557044236249843,4.983251419138554,-3.6460748770305464
1996-06-01,18.126414579404056,4.3095015872358235,7.786762478553606,3.241101542930351,1.260070102253615,-6.4806491266650115
1996-07-01,10.507263864953417,2.9127108531842842,3.661472929102915,1.5239436571634613,-2.549925122568794,-4.286376063823963
1996-08-01,7.4742478746939875,3.809908976016868,6.753924882357049,1.490137129915369,-5.805113704489384,-7.909717849032895
1996-09-01,11.057961336955628,7.385897311117211,4.366059640606101,4.081476136760106,-0.7251779494223384,-5.031190809305759
1996-10-01,11.384743407231014,11.875708175473255,7.438030627327695,5.330928194732555,6.467220538097696,-7.828863953524925
1996-11-01,21.459166338981387,10.171151615049972,13.706330241181162,6.965347263421702,14.794186591109575,-0.23278632857947104
1996-12-01,23.645384861068354,13.169405024311493,15.550305236144125,13.343680061822846,16.91228541501296,24.473806645065256
1997-01-01,30.811521430447186,14.099952716368557,21.143378465575115,4.3043491071734685,14.342222858878813,23.324351417862573
1997-02-01,31.576899897478288,13.892445444452186,14.97125177934671,10.74389451543072,17.02716482945315,18.306143824660612
1997-03-01,32.11180375521424,14.168446054985782,15.247203947612661,8.580176590138535,14.951283986572196,17.66304734004511
1997-04-01,21.275433658608755,17.990492223965777,17.635823272503675,7.733415328412225,8.779769088142833,9.722555179860777
1997-05-01,21.95165927511924,11.522340133636876,14.725926912707243,10.373038252536656,9.370338835623214,7.036568202530581
1997-06-01,14.143395865085296,8.607784290264396,7.628346057170462,3.5272331818671327,1.594316123220068,-2.9171320515067873
1997-07-01,11.526125542169401,2.8382906409258166,5.260138989104612,8.7971103134001,0.5056387555135683,11.45238673365947
1997-08-01,9.493594946403025,1.7846737088604294,4.47326873386515,6.583163180029138,-3.187031246213632,9.362020096945226
1997-09-01,12.323273115608993,6.288770218041055,3.8708044430262682,10.267606557773863,2.9836726749145868,-0.09987668004182707
1997-10-01,11.465631086941654,12.343783870589133,12.150479374752718,7.630990417375258,6.431422077646525,-1.6243413829394444
1997-11-01,15.687017580096338,16.799777999723553,13.911977725617076,11.140629541690577,10.664994764760468,-0.22486612289355756
1997-12-01,14.862614685857993,20.899987567106038,17.832255425555317,11.895967396812692,16.290650381505493,3.872800912573753
1998-01-01,24.99690426986933,16.315648242609104,25.069223998334987,15.516509713662373,21.958717272277095,17.637569036260796
1998-02-01,21.86772359072904,19.85548759255916,26.15388893828048,9.124299116453416,17.987086897292293,7.408591886185274
1998-03-01,26.499811686664895,17.642321705886992,24.90681210289403,8.839989924823586,14.789924757920918,2.558030157996158
1998-04-01,23.317761927561723,17.590336732650794,19.952269838093414,7.630428616239095,11.478046175207133,3.016191659774632
1998-05-01,21.339233806145423,11.330468141163385,19.172473274745716,7.734755403674119,8.818752613070817,9.870684094909809
1998-06-01,15.421054092972138,8.001704804104879,5.984287158887744,4.28517105524133,2.2246004487113473,0.5105250471653632
1998-07-01,7.31485745280797,2.7850803449363495,2.7895892764803563,2.6286106084701544,-4.720041426569447,-1.381086856070828
1998-08-01,6.778093038183389,4.468505536485928,4.520501259872255,0.6109707442821426,-4.749606738381284,-2.8159114139842716
1998-09-01,7.739259588113971,8.003634077045431,0.540992376800575,1.1746739327940527,-3.3956107746144255,-8.276058724878284
1998-10-01,15.38370940059977,10.178235330726183,7.173032566319821,6.132164385427609,4.4931442517161955,-9.61226923601236
1998-11-01,21.365669032851137,12.204533271539626,12.065579500942619,7.680598948237446,12.999134809131,1.734616517813458
1998-12-01,25.25018797807608,14.40804971001018,12.867287656864612,6.8481764293737415,9.348866201179483,7.9629397342838155
1999-01-01,31.79899977240094,11.716158724958571,17.36401506586413,9.691349504596353,13.39849743600955,19.56315682978462
1999-02-01,34.1081533319103,11.044562553368321,22.081624875567623,6.5036996141813255,11.083751146535235,20.641979477030432
1999-03-01,30.393943631615095,11.897596590926685,25.822034083773076,2.8275816735660544,6.089718477627111,12.415682679031969
1999-04-01,25.675999884716767,13.411513247195215,17.420891092000574,8.728519626084822,10.837186144687566,13.22579346641533
1999-05-01,20.880436487651096,9.633697863846587,16.510663337032614,4.4542557443144215,5.242523792817927,0.7437989881343184
1999-06-01,16.973439316329465,4.992773191951865,7.509471368649126,2.934490546702609,3.6800359540033556,-2.519170948136972
1999-07-01,9.28708227169394,-0.2238526437811136,3.3071408180816513,1.084273629251014,-6.01872697931967,-2.833251336055831
1999-08-01,5.568376544694024,3.4716035461498547,2.541538537338944,-1.3748810442368373,-10.511712815253032,-6.50746522757293
1999-09-01,7.380062346488426,7.185263115253012,2.862528184135729,0.7791532701453536,-3.3210542555517137,-13.90952022689532
1999-10-01,10.956074030893244,11.815502278056861,6.3746718499827475,2.227331225832334,3.9909387198705684,-13.37712111115822
1999-11-01,14.201611522272378,12.94446262815888,19.045811764546844,0.589720396070558,11.520321943820166,2.9200221779034843
1999-12-01,21.59827193718327,13.823961631454946,14.964785310564261,7.208467422302768,15.78036172403604,17.5280239212234
2000-01-01,31.634644957696448,13.713634284500692,19.633871045285627,5.043875747895551,9.209854466280802,17.562841075137047
2000-02-01,31.69104791551431,12.032674240718801,19.14990689644877,5.3858416144450345,12.83185565352715,25.396984672381013
2000-03-01,29.715006457392505,12.940176510002818,23.079508551813948,3.8216990415880865,8.00988005170691,16.871425696296953
2000-04-01,26.158583894538726,12.119854482714963,20.048399852903376,4.423614761252934,8.190495984523274,13.23687172282416
2000-05-01,23.159005431868223,5.8559293449886765,15.99487399611432,4.662498491427631,6.414449631751125,1.2902189693120056
2000-06-01,19.133693186983056,2.048280969973663,5.505051021966484,3.2871603496957076,1.2640480919856483,-1.8916803019707749
2000-07-01,8.89473286775394,3.1543486121337243,3.8490434840236603,2.3852791251712078,-3.9140570648525674,1.0925382811178177
2000-08-01,10.865154525675646,2.057617396824464,4.217353621746464,3.089997205306003,-4.345163240377921,-3.3226583435927535
2000-09-01,10.265732917407567,6.044219964730761,3.4494979978383142,1.461810581191231,-0.17664623501786536,-8.370375583221113
2000-10-01,14.531147964943775,9.706226221290624,7.014142300889798,11.35985338809831,5.894823882184242,2.639048367743414
2000-11-01,20.998133973131964,14.947882461940498,11.262057072642412,5.351417573909942,11.7896135741737,6.851409370090579
2000-12-01,18.121133552875182,20.324214284108834,13.523834189568564,11.255917976936407,18.337387489209764,14.330195049484155
2001-01-01,23.059023172712198,18.151828568707742,15.569309745189601,11.142371750436967,14.874084220433874,22.0833989730914
2001-02-01,29.177027342118958,15.853500680946285,14.342254441104219,17.3369299492829,18.706978411080243,34.88656361074525
2001-03-01,25.16525099209915,18.88734579240757,19.10865543342689,8.444693807233413,12.433457042898253,12.038738718547055
2001-04-01,25.679514654172415,11.990007730978697,16.23955186800357,7.891288304535618,8.002359670424761,14.229758954647481
2001-05-01,17.562573100514577,13.549617946574353,15.707019373035108,7.0408754105868026,9.324267687919637,3.905298551632507
2001-06-01,15.038297557868054,6.452247391149158,6.769729805881946,5.728192990515206,1.8360293861143144,5.524492693683049
2001-07-01,9.688084305112625,0.9793692478643595,2.9277623632191565,3.2579595722962593,-4.139199372978577,0.23666800990910594
2001-08-01,9.420155225421981,1.9104744568675678,4.629911299692981,2.822043685828395,-2.9617809477520054,-0.06070161695763021
2001-09-01,9.319849336924952,7.819962010828394,4.077224391901758,3.65589935512307,-1.032883773623466,-8.08939294935425
2001-10-01,14.132264192397944,10.597350122277685,9.014095320301454,5.72174468198918,7.062783253898645,-7.2021335104572435
2001-11-01,15.509267284288832,11.88741362939617,19.48125941762567,6.717848294630705,10.307836967227905,9.510488522303659
2001-12-01,22.457357654527275,16.516976788018937,14.72397064637848,9.857405360926652,19.58238466752853,16.853398225948787
2002-01-01,26.09297390700662,16.928453741505898,15.497792280281836,12.11283742979827,18.166243166022852,19.746006624122977
2002-02-01,27.352695540804987,17.14299295819467,14.702545731014906,12.623643853925161,16.872752329343243,24.741353186232242
2002-03-01,30.450787116421697,15.079157325660086,19.04113638782222,9.835005621764237,12.267458231946964,14.555932984096358
2002-04-01,27.80013234807027,8.643317328442361,18.87890220369503,3.5179928746075992,6.8967720874731375,9.405003565697092
2002-05-01,20.92445164326051,9.731316486423937,12.900429168860983,10.132546496408194,11.49931243452264,2.028245519287474
2002-06-01,13.973267355440504,5.138188683383714,7.151211754173214,6.469838776054607,3.566020748327476,-2.5543367228367844
2002-07-01,11.096005679589013,3.1443355867772635,5.759594798205661,5.265743600691953,0.13594012511756107,2.5648080644144184
2002-08-01,10.071792533443846,1.9751867945980845,5.863946284940687,4.6257336701286,-2.870233257346938,4.903948566385427
2002-09-01,10.463802208922864,8.0935385357837,3.470434871503025,3.5504059827754086,1.7413085593719007,-8.769181359608309
2002-10-01,14.020463364455974,13.70891421927301,4.710482531571642,9.956435419599922,5.3033420107656735,-2.55300832980783
2002-11-01,17.57425910630675,15.29154255632274,10.766037504933866,11.415842221935414,10.978241875365184,7.42345196386469
2002-12-01,18.414720072547002,20.39579115895988,17.668831426726655,9.945278814045764,19.025382854616456,12.722304659127424
2003-01-01,21.01179056518963,19.458922584188727,20.624388850257134,10.145619009073776,19.14841472452924,15.941037741438695
2003-02-01,27.169580013834434,18.169553034249766,17.46658465469621,11.611714741518776,11.842658916279635,21.736716653056334
2003-03-01,24.454525628491375,20.497412644379242,17.586539571729762,10.186934820648663,12.0079317552051,9.549847192369288
2003-04-01,22.96222288404035,14.391663998502482,17.987388239527654,6.6059828664196205,10.186688393475864,7.858153714466315
2003-05-01,22.58124916841465,9.906675889290156,10.130682423750393,9.9148370221961,10.18867655418284,6.349941815934006
2003-06-01,16.285157344726937,6.458304620083102,3.4950169948234344,4.1774178067748196,1.3609289607207895,-5.880477891328735
2003-07-01,9.868550231789303,1.3770517806144371,7.189065614937316,1.69016829791705,-4.529861183767184,-0.7976775340748123
2003-08-01,7.276224211486745,2.6124949241636615,6.392666199950555,2.3419632795502374,-6.591761320439341,-6.086867002964426
2003-09-01,8.575166530853817,8.796826607043785,3.7185533418620764,3.1611064724107623,-0.8434814034012826,-8.30603821006133
2003-10-01,12.461268894350503,11.311718718996445,11.126854568442303,5.701241361177627,3.7943187414879542,-10.140531813679921
2003-11-01,17.85212849070281,11.779124161135469,11.322891879726823,6.095281169106188,10.338155357078513,-0.7686498193476666
2003-12-01,20.994785668375783,13.758730312284422,18.71551997410111,11.061869908639931,14.11220008502867,14.436213871816221
2004-01-01,28.959878359799212,19.169583120743255,18.699817130292317,4.381063952200401,15.70242900227558,15.70235216287405
2004-02-01,26.23576659466931,21.13320807524873,18.84276934002733,9.407186389700122,14.838591835376558,16.537373064794966
2004-03-01,27.472048962149717,15.681315349694234,20.711154235110815,8.417136100308412,13.891524563881138,21.267281728229907
2004-04-01,25.676332315515143,11.667752429196794,21.189573325961973,6.291406829727195,8.937668184440646,12.322624281559802
2004-05-01,22.15748245622661,5.688601788496327,18.32282368774369,5.4330592190436535,7.038241036890388,0.47596304203944545
2004-06-01,15.968603224092119,5.9085056324190335,5.08469621063892,5.747518692058302,3.6399097168203474,2.1436776459494844
2004-07-01,10.096007797322166,3.1309764759688963,3.401979778434392,2.7074380472500015,-5.195030293244294,-4.253190936804563
2004-08-01,8.666323402904123,4.557867940743044,3.19393850928906,3.9546541719121167,-3.1541370760680865,-0.5366948665791105
2004-09-01,9.550283677724234,6.00717548214556,3.9213364237312307,0.30658708468396906,0.24354318531606836,-8.856940493228526
2004-10-01,11.570089617729481,13.138571635537442,9.116339454294593,3.609637308649767,6.396372459450166,-7.401241970224269
2004-11-01,17.5037783977525,13.552635385032376,17.158191235744706,4.628101735503386,7.939690045678882,2.5896779483025063
2004-12-01,23.3400729950243,13.481372754025722,17.893858637603802,8.271170869049637,11.399541792087367,14.822350492070125
2005-01-01,30.235843323860088,12.924617688602545,18.955133705076083,8.367340743540991,13.873044340874232,22.711872257747153
2005-02-01,32.07094286976035,17.740665760651165,20.14552843084247,8.918911428677681,15.074339986888752,22.712805440728594
2005-03-01,18.281288782665076,25.115651818592923,22.736066655877472,7.342082278867445,13.986191913246257,7.073075738153689
2005-04-01,23.088316006730686,15.635692284358905,20.304904201282717,7.205052444627653,11.219117497211968,6.758217405261308
2005-05-01,16.73270345995475,12.951499125128318,18.220996650516778,6.700956268823843,11.66727320369638,2.0118214426243135
2005-06-01,12.497257401083935,6.450107461858654,7.680667711048453,4.0246132928379375,2.034286700113397,-7.164162571461954
2005-07-01,8.538299583313961,4.059226802189283,3.619139293686395,0.2134366254583609,-4.119505686852555,-4.981893329276402
2005-08-01,7.451551635749157,3.603080124403356,4.11903752552351,0.8929911225205739,-3.626938334945732,-4.325180159947522
2005-09-01,8.935869029827241,6.127536079018752,4.046619468149977,1.2975304438479447,-0.8710824495039086,-8.635313472897526
2005-10-01,8.63449996247226,12.166313202152756,6.025198268445906,3.377441415173279,4.9867737749296674,-16.029996126608975
2005-11-01,16.694251905994857,14.216124375900677,16.30400300285494,4.9906884457698615,11.69904242084741,-1.9970426921075362
2005-12-01,23.98775166134099,16.37789066864664,18.209352060890875,8.861315898548636,14.349697892310957,9.71179622466042
2006-01-01,30.070479530043038,14.06662832426199,17.24465686724107,10.10533126840001,11.865057740777821,28.18377235767271
2006-02-01,28.66112138756731,18.400954385192275,18.76934471148906,11.589747840398298,13.008521448790102,21.865146812609826
2006-03-01,28.202276714693795,16.468432644405148,21.70725294729841,3.323627821861123,11.646645920195104,15.540910477447808
2006-04-01,26.246996590197977,11.71689123561833,20.11717453202985,4.263394680786089,7.810503493598661,9.003747285068433
2006-05-01,16.744602100138966,11.999339053814893,16.083269749446817,4.121243949519905,6.206943093343272,0.2561101344878228
2006-06-01,14.654707998022012,4.541387041094132,9.810286295037344,2.236206882214727,3.3493164032835328,-5.08299302415534
2006-07-01,10.5816403643508,1.8232713127660827,6.692435915059721,4.0245680717209575,-1.746133848253774,-2.3542818828609757
2006-08-01,8.12106518083541,2.5259251256007333,2.937682389210365,-0.5924931441467978,-5.483830301608692,-5.719053016243554
2006-09-01,7.859925742972768,7.008037642653952,3.418013233170617,0.4412095616926232,-1.4015992786583202,-4.215442862924653
2006-10-01,12.75432158775877,12.708288930714613,6.8155613154516015,6.035026957000961,4.709537376404065,-4.773375598900118
2006-11-01,15.974959644380414,13.220428777372078,15.477571520444425,7.536548713674276,8.894690626024056,-3.2211509432418857
2006-12-01,22.59189275655769,15.04337842100481,15.920352716036621,10.46507225013904,13.003233342780097,8.157485373845358
2007-01-01,26.676629671815295,16.714447799862494,16.081871748540852,13.358557682674027,19.64118012938831,20.479183012563862
2007-02-01,21.936759619641848,22.434699674755105,20.650663156262308,7.463779195814033,15.689866162116743,11.053663837608259
2007-03-01,26.336401007791466,13.054538512386758,20.950965896540325,9.875724396795636,13.1451057325367,17.257214435167235
2007-04-01,20.44406671492752,17.391430333098175,19.515325063351444,6.142669301498735,9.344912596855233,4.760381784199591
2007-05-01,22.287740826488758,6.571780274851923,18.130206276264357,5.810053581598777,6.169985436903931,-3.3455721304667505
2007-06-01,10.047243231840497,8.656106276076823,8.584273463128596,7.127665857320034,1.2578442074438656,-3.685323658519735
2007-07-01,9.209602907343891,3.217288769211839,4.030269737158308,1.8932236217124605,-3.7383760175742973,-6.626129463100007
2007-08-01,7.518221216667365,2.2970506194039015,3.3224847310498444,-0.07096375317767803,-9.403530274056793,-6.7172812948275125
2007-09-01,11.077237618999437,4.491635710996323,5.41919413960992,2.8948082478922004,-2.564883526578467,-5.590120354672797
2007-10-01,11.188161189469241,9.627406613347837,6.858269088540193,4.832017133028943,6.188762297489975,-12.84350946816943
2007-11-01,19.253598080850143,13.543129655713066,15.631382420971562,8.815824008514637,10.503759848512184,9.765731090501715
2007-12-01,26.519562654911937,14.404227188029372,13.495724980688504,7.48876773637582,10.950355142276676,16.072868704674242
2008-01-01,31.49090058371008,14.343412418910113,15.768607540389775,10.422884400540775,17.207089613657,27.82607671919148
2008-02-01,29.56630113712352,13.098043759637685,18.361012415108245,10.716837974148111,13.215704435198342,17.56910510710969
2008-03-01,25.92851393569072,14.325475489692177,20.730484622869046,3.643678031741589,6.019843616137105,5.143682236751696
2008-04-01,23.20011766154048,14.124219277118316,17.653661791240463,3.4097517691671735,7.955743139617105,7.314644710999364
2008-05-01,18.706258031235176,12.077123340023583,13.506685752063452,5.7923573841899625,5.133214620112168,-2.6432596396199743
2008-06-01,16.650002121602732,6.2849465410529115,7.649780615013744,1.6266389492016444,2.29188869796041,-2.7881050330858024
2008-07-01,9.44596881787056,2.7186358177562937,5.219854121658365,2.1022769741709038,-3.286794942487525,-3.150766026319734
2008-08-01,7.973628514035121,4.862046661262605,2.7552061603605065,-1.969606603151281,-6.526227466200512,-6.219779182582453
2008-09-01,9.209427613840054,6.053213892419058,4.746417599398342,2.0094695442170845,-2.049562090766632,-9.86097164261769
2008-10-01,13.095213830297121,10.210129960658389,8.487993213937104,3.330299822718631,2.8455245093412755,-8.037921986084424
2008-11-01,19.10877746872409,12.994551771273821,19.33017050538185,4.566117662329702,10.807820727978463,4.107404415867401
2008-12-01,25.301584416062475,12.785827472499879,16.1578322257817,6.858918581327453,11.93970768627711,15.015330613916424
2009-01-01,24.32184299702353,16.33745115104346,15.739673232444094,8.786552081111424,14.662995091678939,13.390918311564926
2009-02-01,29.287641348620657,16.538694212077175,23.759182703478487,5.836902987332765,12.385729995650168,18.27681047369231
2009-03-01,30.79361879054452,12.424823771832827,18.382641007825697,5.00315680800043,11.257853456233331,21.636840410729437
2009-04-01,27.70746850690669,10.66656750840771,21.02386401252712,4.944769564330221,4.1866842936883195,14.245980526538267
2009-05-01,23.353367290013676,7.440551868452599,15.342595992227917,7.616868343646983,8.658643448097271,2.8236409270183653
2009-06-01,17.20597066629319,5.59663719450978,4.928188062047197,7.213117217105338,5.388874394619085,-3.504238208101444
2009-07-01,12.098276872344503,4.327968308604229,3.4579100542946493,4.456210905851616,-2.0407714942609956,0.6701613484417364
2009-08-01,10.196535498254011,1.8963929915669886,5.607976411569066,0.8527740380938023,-4.667123964177432,1.5153634717123114
2009-09-01,11.158278273544157,6.997869981801157,4.715578570407821,5.210500165237857,-1.742638304821546,0.11562717130703637
2009-10-01,15.116989282388806,11.406404470638403,3.641015431447228,7.3298184181832715,5.443767271119738,-1.9035871814025267
2009-11-01,18.057825162020873,13.263194565777871,12.204226576323993,8.95528036094238,12.293298592453747,3.0755196739677757
2009-12-01,17.879512393928128,21.470509597359616,16.441972477340492,11.497932619256813,18.571206813878675,11.15364224387381
2010-01-01,19.94792153586283,21.92726220986773,20.81519113068331,14.383161944991663,20.578977482055876,23.40388931015389
2010-02-01,18.56858968648101,27.5060742005762,23.43428393041383,14.99480095671607,20.465687472597466,21.495082146395077
2010-03-01,18.997906909680793,23.785785091298035,23.2679861326161,8.771506540184987,14.474483963032746,8.666971510576074
2010-04-01,22.87259665828986,15.681308847089584,23.218715458905862,4.59469907760728,12.05099523581693,3.1834905410028917
2010-05-01,19.277460711725855,12.20506449666853,16.45189264896698,4.512857322869268,8.169724835110442,-2.4042987202587653
2010-06-01,13.144725813258018,3.987518196949176,6.8888932352735734,1.0943241752000052,0.5016606456335109,-9.080821981824664
2010-07-01,7.733607268672276,1.0087257703352168,3.348860213631358,-0.6799418679541117,-4.082876039590479,-10.077349102034164
2010-08-01,6.796192164705431,2.7296147985933668,1.5529739621584813,-1.4059432689025149,-5.482982003867213,-6.933333705419077
2010-09-01,4.621459940715358,7.059329711834164,5.2981186696907665,-3.2606239609807353,-5.130376954641374,-16.808081040207302
2010-10-01,10.160844497774223,11.599127413000161,10.705169808996018,0.4306104889712491,2.804152065651256,-7.052827517759298
2010-11-01,17.146327952572456,14.438469708150148,14.485259634908568,2.039827577173423,8.796047700754738,-3.294038709977506
2010-12-01,19.845214463191798,17.470069457181783,23.01038022473232,4.820380643230963,12.661593552022495,16.19505476970734
2011-01-01,27.937693394802203,18.608415428873187,19.965351805152494,9.05539105779652,17.22857354351892,24.607681380291936
2011-02-01,27.242505620790702,18.504822540617962,19.926469785516538,4.815345121284636,8.031092653979586,3.3771183682456587
2011-03-01,28.42170045275239,13.666554367261933,24.005374942856857,0.9335101751613218,7.473295498823769,8.76114268460588
2011-04-01,26.63975947488912,9.218304865871342,19.959531038209366,3.9461973329462787,10.114528160516699,4.899700181216448
2011-05-01,20.349671667097894,8.765813270136256,20.28402273197002,6.4865695820105485,8.91615655016455,2.1784287853445528
2011-06-01,13.877099479075367,6.658859435384804,8.473834230172576,4.338292548002922,3.2949507729729297,-4.648220461409983
2011-07-01,8.018656018190269,0.8937257894903282,4.6604156403592265,1.4715287086021935,-2.647142691487499,-2.2315209703677947
2011-08-01,8.09728755450107,1.7010946313121196,3.346690421065189,-2.357995750661385,-5.52470381444466,-9.005531819287725
2011-09-01,10.019741441591423,6.183192719636411,4.9956819430693375,1.616490292800731,-2.0859288967443086,-7.206002040367963
2011-10-01,12.705037458155148,9.573998678115787,8.441513779102761,2.5377672151912654,4.155767066516486,-12.316241134233927
2011-11-01,17.30713072377494,14.858199687675146,14.99876305449058,3.823870206157581,8.439558352087207,-3.693581920618273
2011-12-01,23.743169126021918,12.952752586313677,13.994675006734354,10.83016858598316,16.55254686584237,18.846419843675537
2012-01-01,33.370259425259086,11.817982205654959,17.770987039502796,9.136199730724298,16.082964203306727,23.494639708527497
2012-02-01,28.273814631560978,18.185621023127304,18.01034377668443,12.211871756756182,14.447946580096142,19.05678557505403
2012-03-01,32.6471623066399,9.192826926246928,18.153995757649113,9.536319930125757,14.68844441712463,27.47653396315042
2012-04-01,25.808203727598944,8.398734145705209,20.537612161103038,6.958864527076243,10.848832289349387,7.321868762177236
2012-05-01,16.379844690587134,10.142302556109904,16.201891682858598,7.621554182532223,6.880103873307116,1.591376740603725
2012-06-01,12.514975472081398,7.159426049156384,5.5352780563557324,5.573693306355301,2.033594285432436,-5.9075529321526625
2012-07-01,10.098897882965662,0.4581180608911768,5.4756894528687114,4.0456904465480354,-4.756399337816315,0.8728296720747707
2012-08-01,8.782288867021338,4.29803677098148,3.355130318362373,1.137982965351295,-7.7732771272274315,-4.292092980418929
2012-09-01,6.787784929219344,6.9233702457207515,6.133131898790995,6.271032979655357,-2.60653229760797,-4.31906936543964
2012-10-01,10.790489949276772,10.744934266060937,9.885120121632319,3.377330991953856,3.9537609153071656,-8.908402765430464
2012-11-01,17.25081210255806,14.34897948506436,19.47815109185006,7.244952829368393,9.631711055289312,7.567625776366586
2012-12-01,22.007804185601067,15.97342358643431,17.07836874413429,9.600340125410657,11.711473190046112,13.347020299116693
2013-01-01,25.790524090273685,16.270479992243867,11.660134744895684,14.391631287008561,14.889122709437919,23.418411479008736
2013-02-01,26.04847125351335,21.135623625035905,17.233552499446088,9.68098981201284,14.51695725967997,14.237397106413528
2013-03-01,19.5068873667109,23.540848610800143,24.673092262998477,6.373270471563149,11.987475731043725,14.185596520892027
2013-04-01,25.700799576688624,13.509126731491344,19.83657271961345,7.4776739181567615,8.142283476987004,6.899315571650669
2013-05-01,21.080818524827805,10.081621635698014,19.472932634335624,5.24263200192948,6.197491678383381,-0.88396070669831
2013-06-01,17.178694274484865,3.602490547892738,8.125018755240541,4.83444188809499,2.704015194282857,-2.5563483153539814
2013-07-01,11.109474898026276,0.7309907804511228,5.226437265016899,2.7185293471906924,-3.6692405542203375,-3.0881090670712714
2013-08-01,9.699305069451453,2.7574129769732005,4.503393895972937,0.8084598426308207,-6.932212066615834,-4.37345914120898
2013-09-01,8.518537603652833,6.112535658634425,4.684584889337619,4.582393946837553,-2.1200583378692266,-8.756459960353144
2013-10-01,12.777004807724802,12.661109074066555,4.778069101175082,5.47937988979563,6.178236437470271,-7.247810636863311
2013-11-01,18.00105115011885,14.603444279674466,10.90440147650118,7.703357779410343,9.972251219578757,0.7907984920390774
2013-12-01,23.52528652782886,15.852516268416698,11.514025577460297,11.073494266427508,15.650292221238562,17.16746725428401
2014-01-01,24.71037822765633,14.518082102095233,15.421224769124587,13.702680232244164,16.685761220550596,23.202134423765663
2014-02-01,31.2751976546882,15.163795976119115,15.477726660533426,8.806213324792756,16.317795115088682,22.567907628835208
2014-03-01,26.276393864208806,16.145307248908484,18.01481256859734,8.869377675252927,11.507424606179706,16.296370806371844
2014-04-01,24.0841190422338,12.320346409902866,19.240975740210832,8.088107548621943,9.552712278827626,8.473716229150414
2014-05-01,19.30655442813227,10.803546619864475,15.28899946879333,6.0281119052840975,6.218461629382717,-2.1672360057721014
2014-06-01,19.84333811531137,4.515014866490056,7.454167448280541,10.61927551848863,3.712085696814624,2.6622140339250446
2014-07-01,10.30622126444577,3.102664148906207,4.9138699213556025,6.431117194818184,-0.5002672738665306,4.7246847466046615
2014-08-01,7.632505116866795,3.885999822584586,2.286212921915649,2.3154617355127898,-6.335450316359045,-0.9544730846574894
2014-09-01,12.09645514773328,5.609065677392714,4.0556484987068275,6.029113336690941,-2.841106329548133,-4.815987804465879
2014-10-01,13.662291677302516,9.189083829790544,6.823467641294641,8.147578505215726,5.010024224234239,-6.111381787818531
2014-11-01,17.242257106897533,12.687631974259494,11.696883843156643,6.494931953755724,8.221069599480614,-2.977737749084077
2014-12-01,23.71280829408546,14.269257674311293,16.16887722437956,12.34413013387631,16.026988874547033,11.471320973063273
2015-01-01,25.09647847774905,12.773989987581905,15.127836453527355,16.853273563453836,20.290381580182736,18.216361809108548
2015-02-01,26.297738236802505,15.948918331878453,17.708904253892676,9.046740124901083,15.86053427536927,14.69328274794608
2015-03-01,28.564742304284295,14.634335823681564,14.25669667397242,10.299311857988696,9.789712095087468,13.124453933717392
2015-04-01,24.949006170366854,17.196699225304094,15.574868473027756,7.217007591401003,12.167084301269313,7.9841709798126015
2015-05-01,20.448483650862737,8.467983785791109,14.076982379998231,11.416308074641957,10.660839308297184,6.531513528514396
2015-06-01,17.62275303322495,1.9068918241796176,7.631933173696455,11.303713500552801,3.4339473529267823,4.993132689485691
2015-07-01,14.1560715105357,-0.3024649185309046,3.2346810950566303,9.043478693851549,-1.252736509873597,8.89241504812065
2015-08-01,10.554539557172953,3.48480542326098,4.0068798614227905,4.411762010762482,-4.589821536536835,7.139124036695558
2015-09-01,11.110204719578704,7.07929293209163,4.215776718558358,5.944536472395445,-1.1154421589267542,0.27023754110598946
2015-10-01,11.839462718788527,11.06729379912588,5.830860289537785,9.766099231644565,4.013500786688202,-1.8688531852354207
2015-11-01,18.011648096830402,12.747860438911228,9.15217367684402,10.491828811536083,10.186830517096055,-0.5467459695472978
2015-12-01,20.453887644867706,14.410176142691364,11.375955647130247,17.91539366213647,23.07723344272737,11.795468561133777
2016-01-01,20.762754130446858,19.991716639632095,20.665532009436173,10.001730412598398,24.062118856976866,13.793138568450695
2016-02-01,24.338943678919488,15.93935650243359,20.330273614526213,14.878127163852046,23.46556759539714,18.33493686317464
2016-03-01,31.36467626679551,12.990358574357336,22.27253306604541,10.237951839451622,11.108592774038222,19.787885834496326
2016-04-01,24.305579529018303,15.608450241853184,21.035114997585573,9.696302788811904,13.395488230495223,8.09537809821282
2016-05-01,19.896892729961873,10.850341162339056,14.408970222387104,9.42423495119624,7.304304638454876,-0.2674577128390234
2016-06-01,11.950814279698498,6.097113836981895,4.903502917047518,6.414284369689036,2.1455782220865545,-1.4931546236117266
2016-07-01,8.130093890854084,2.144906551573641,4.506948166081042,2.6037755026309575,-6.118382880479163,0.494856006178907
2016-08-01,7.544823123766218,1.674080002804662,3.6206293905008637,2.4993623819636572,-4.267995218280409,-6.345024301436885
2016-09-01,9.696166232394003,4.06474667563428,3.0823989111283976,2.492239495381631,-2.6719954747221792,-6.276398608165706
2016-10-01,13.029545379188775,9.521202480457877,9.096999392218523,4.5026220472268506,6.013073060747074,-7.967076754578745
2016-11-01,17.52114091036184,12.450811482366271,16.78801711526993,3.751467529882235,10.508295513088699,-1.2738920696067009
2016-12-01,24.828819108495594,14.74806867307394,11.867496219945256,9.99849517233923,13.765978263058722,14.622614812227063
2017-01-01,29.93626701921699,14.266458400925686,16.409714588618886,8.488126318843957,12.6044222209025,16.160654642582596
2017-02-01,32.829516318915424,13.793362379128673,18.14370139570129,5.735738828870067,10.99822606326448,12.415443936835945
2017-03-01,26.662011520805986,13.663129209086492,24.299579973083492,5.536184749540632,11.92977808113061,7.312434739116136
2017-04-01,27.962233171751556,9.377903605258215,21.025374097526043,7.2447719719011285,9.658483871196454,9.492540195972797
2017-05-01,19.089402340833605,11.408786588428612,14.413478986506208,6.906461066631733,7.002524068043369,-2.150461127173576
2017-06-01,13.882822692246327,5.732702344822664,6.8200369516983494,2.807251408953642,0.9917560742175726,-7.984605440221059
2017-07-01,9.461672590412617,1.6048097626958013,5.553163495450147,2.6030234791769087,-4.365012633942524,0.4853811301948065
2017-08-01,8.888371771038889,3.9385415043405563,1.8227642367849253,-1.434559842224628,-4.705459475199708,-3.5565292070106764
2017-09-01,9.54862796162601,7.1793645267492066,4.224879241009682,2.9561314747905434,-1.1339760554816793,-9.196591802188996
2017-10-01,13.068021068520764,8.284541438756966,7.078844519932977,6.538505444489564,8.427878560866391,-4.371346478335832
2017-11-01,17.539929985549858,13.448428090459727,14.104383541467998,6.87247641116542,9.58954403232823,11.46658285039073
2017-12-01,26.38724036620671,14.236534715959513,12.335833945357939,10.142985915332506,14.658067091657427,17.75192886865156
2018-01-01,21.87070993265648,12.810321133427207,15.978634935944918,11.681420067031356,17.120322122249444,19.11072385559152
2018-02-01,35.59392384975995,10.32925733342035,14.442594501186813,6.310206674073452,9.352331996559274,29.040266094507597
2018-03-01,24.97397163587441,17.17168375523768,17.405194436809953,7.65800372054357,11.038907040221662,25.29791711990541
2018-04-01,25.739424762355508,11.118951631422748,15.697424259912017,8.569997957703755,9.560697069326455,5.388851730302785
2018-05-01,21.283984439210684,4.664333708340493,12.266418293241331,6.622155084274728,5.978781653162734,-1.583413639254408
2018-06-01,16.109052357701408,3.6666722608783773,5.480560441970459,6.422930195394036,1.587912029366324,0.48945541781552
2018-07-01,8.653436828745402,3.313101212134463,5.462069057594636,6.3005729693212835,-4.668815789549153,2.5602981377144305
2018-08-01,7.578709927356825,1.7644203903156517,6.065288058769261,3.3772287197794477,-6.685565845019565,-0.7034305459035767
2018-09-01,12.149181433315258,3.2091231366313364,4.952499052782806,0.7510351062376341,-1.9183786295981524,-5.015861123945241
2018-10-01,16.373919586359392,7.81460650507245,6.984780559497565,5.491034618316986,7.114851674685662,-7.472346126056774
2018-11-01,20.09640851326659,15.309278127221782,12.395521329912743,7.804524337610595,13.602077446194498,4.408730236986608
2018-12-01,21.65473676245808,17.537441172463986,12.901265608971013,12.695527421007842,15.601790294638963,17.61746015580104
2019-01-01,27.131726863468163,13.741950582223014,15.716195787854966,14.989540249422374,16.839568433161343,21.3279650588673
2019-02-01,29.19838166250294,15.448207153450557,13.520042699964845,12.691593226781972,19.135700245611744,25.69741737194918
2019-03-01,28.50000136462796,16.156689668387145,18.860137734797533,5.943359680377334,9.45000970522003,13.156499405751562
2019-04-01,28.736940993661495,10.88231276432329,19.012537184663973,5.49950863011352,8.151659227289564,9.959212543089913
2019-05-01,24.250832352337095,8.388666411213773,11.397117163651044,8.356399420449076,10.309001869799115,1.9134586225079522
2019-06-01,16.472595526551924,8.162145034329038,5.963732025397667,10.522765999227985,2.9959023295162095,3.1899417749321373
2019-07-01,8.829482518700575,1.6435748970119455,4.503238491994413,3.1854425003780706,-4.918938780501415,3.0535775940124674
2019-08-01,6.505390160751981,3.032335975257366,2.0584872065555433,1.9207486869901937,-7.517423966026424,-0.09153761465202724
2019-09-01,7.621396914112445,5.552306386565694,4.64535001977716,1.4229924730327648,-2.7168340350180995,-9.143116682215021
2019-10-01,12.562331303173773,9.681747973922116,3.8322517068928383,6.190476270977001,0.6297003713451684,-6.853535273126522
2019-11-01,20.00925234269955,12.530435464166144,11.160361303463183,7.774476902002668,8.251350852612383,2.9979326413853493
2019-12-01,23.19124725110187,15.201012515172378,13.773912588994092,10.637796591624499,14.45528248922606,9.26298278237568
2020-01-01,27.316025456306388,16.477870425902143,14.775209281316464,15.093193771699083,16.971086743046452,24.20937339560585
2020-02-01,29.322071388968794,15.413692482911172,13.019858955962132,14.486709079081603,15.836799847140371,23.61444416899791
2020-03-01,30.55597915201277,14.1014623950846,16.21377870526464,5.284521343079052,5.651979731204833,22.639557338192155
2020-04-01,23.414736764222866,18.560039067879565,15.937942254511826,5.420789244234414,8.909619446611654,8.763232721321787
2020-05-01,20.389571171685983,10.754792011149652,15.23545317857878,7.945790082098701,8.85652762895182,4.683036767110053
2020-06-01,15.234789755286034,5.375627403064953,8.616997319060134,3.4292873556625625,1.5791618941901808,-4.305452134681559
2020-07-01,6.571907610120439,3.017206941431048,4.89039308969017,-1.9851117795655742,-6.293900541420532,-2.663646543078901
2020-08-01,6.932690330897073,4.004342275333287,4.389531908775644,-1.1983882650283157,-7.458681369558216,-8.165113999520655
2020-09-01,6.456828421248643,7.284738223020157,3.007011549053468,0.671444417209487,-3.74937859526442,-7.50209064571054
2020-10-01,13.145176443591279,10.347764434798563,5.816769999007724,5.220688057964422,3.04018784682794,-9.657057864311284
2020-11-01,19.8285320133215,11.602144824375175,13.646891687143762,4.220794848128468,9.224895880998309,-8.47886526536158
2020-12-01,24.14878180314035,14.01809084409705,17.96127055522472,10.25163632844753,11.863740084672274,14.939699806266614
2021-01-01,22.903523034015606,19.0302366078862,17.38495911346967,12.584387529398326,14.302483938746395,22.537356524757737
2021-02-01,29.28483548718891,16.25024173051773,16.031777504625776,6.158884118789511,15.08483369255654,20.597871401986218
2021-03-01,29.965996204208846,14.188237166612321,18.595282226374284,5.572103289959732,7.949458781218779,9.178108063735769
2021-04-01,24.55314400614264,15.668269068657851,19.040832957181784,7.614442721421735,12.184886151149174,5.502549235475878
2021-05-01,20.114104633017774,10.404008151052476,13.376502160899081,5.940622327537501,7.295055230262056,1.3322899986628112
2021-06-01,16.77041779644667,2.740360688461803,8.348471085457167,3.365855056226634,2.078825471927089,-4.525628022218971
2021-07-01,7.517262405148856,2.8586122015735724,5.8975108803464655,3.8336945915419247,-2.8527983677509616,-0.748354919252283
2021-08-01,8.013665896449147,2.8067783812351,5.037067317933982,-0.9266937081694372,-7.106053697684158,-7.320127914696797
2021-09-01,10.384654950088256,5.842930489859255,4.380672717923793,1.789633308501473,-2.935692644203765,-6.04806825260514
2021-10-01,13.598673964986169,11.415601076440634,7.305873845427804,4.213685861755764,3.1591100455895758,-7.250905951137461
2021-11-01,18.493867263428474,13.431564901464002,16.60374915770859,5.579704237590849,8.65604747194421,4.208976336206797
2021-12-01,29.100260642322198,11.873097249304841,14.825358058083156,8.547263284469516,14.942409465831602,19.311305949674168
2022-01-01,29.26289240325722,14.370590879655401,17.37038454359831,10.824348014118518,16.87038257933991,22.206594054147622
2022-02-01,28.218753066123853,14.418165805016345,18.354444687738763,5.680558932364911,12.2020540108172,11.466852279501854
2022-03-01,27.618922156238494,15.748021492061048,17.364641870586265,5.7669234689543565,9.257528968879475,12.60274932368579
2022-04-01,24.087550350082545,12.408367584265703,19.45255000575672,4.438682450713839,5.544670367625726,3.410246891687077
2022-05-01,21.20908060738067,7.172940244401056,15.694538875895939,7.508088251875587,8.716640714370708,-0.15856481588166232
2022-06-01,15.161087783616798,5.088379040591073,6.310412283092664,1.3371665618689925,1.3731778632147866,-8.421516167512602
2022-07-01,9.614315816164131,0.9147803854992664,5.676009913331872,2.0429753030107816,-6.123943464952409,-1.7830935785085142
2022-08-01,7.688343938895848,2.4883278293188464,5.454186795822281,-1.4802631293783826,-6.659566486021543,-1.7240285082531646
2022-09-01,7.768285788217976,6.75409288612001,5.597451705168749,0.03805664514543303,-5.067627548587445,-10.859466505295655
2022-10-01,14.885368333327627,11.716512570442863,7.28657921377807,4.9333595173540825,7.103498851352079,-5.806297190644759
2022-11-01,20.41712518978018,14.052494105191323,9.691148047506195,4.628880784745477,11.712514878612067,0.7480764066745575
2022-12-01,25.945670220017202,16.236937649820774,14.254503043084194,7.945599323291378,12.729849592335613,18.24064741678405
