,vws600-250_cluster1,vws600-250_cluster2,vws600-250_cluster3,vws600-250_cluster4,vws600-250_cluster5,vws600-250_cluster6
1965-01-01,17.278852462768555,9.107392311096191,10.858187675476074,21.55849266052246,22.492734909057617,18.2413387298584
1965-02-01,16.44593048095703,6.183457851409912,11.054122924804688,12.395565032958984,16.089778900146484,13.232568740844727
1965-03-01,19.58155632019043,6.473351955413818,19.617706298828125,6.831275463104248,17.42441749572754,21.26113510131836
1965-04-01,17.219242095947266,6.662732124328613,6.018081188201904,8.331192016601562,24.04267120361328,10.2692289352417
1965-05-01,14.621946334838867,6.506316661834717,8.169156074523926,1.6437196731567383,19.166990280151367,11.122220039367676
1965-06-01,7.088850975036621,7.760891437530518,2.4947407245635986,7.798007011413574,9.417094230651855,2.5262610912323
1965-07-01,7.790985584259033,6.723695755004883,1.4064079523086548,3.6969285011291504,11.171354293823242,8.517928123474121
1965-08-01,6.188968658447266,4.273399353027344,5.331340789794922,3.7237842082977295,12.017403602600098,11.596631050109863
1965-09-01,6.038487434387207,4.600883483886719,5.853187561035156,5.325436115264893,7.112010478973389,4.860925197601318
1965-10-01,6.4707489013671875,5.878127098083496,7.774478435516357,4.213456630706787,5.624722480773926,5.302332878112793
1965-11-01,18.875192642211914,5.591172218322754,13.136462211608887,3.8435704708099365,16.74480438232422,10.958108901977539
1965-12-01,16.836938858032227,10.666804313659668,9.815412521362305,6.9771223068237305,15.710946083068848,17.700544357299805
1966-01-01,17.467103958129883,6.156450271606445,22.084793090820312,13.81386661529541,16.93794822692871,25.747533798217773
1966-02-01,19.647592544555664,5.898103713989258,25.649986267089844,9.753456115722656,12.476887702941895,21.46489143371582
1966-03-01,28.6845760345459,6.171477317810059,7.4941229820251465,9.133774757385254,27.40380859375,11.746896743774414
1966-04-01,17.288463592529297,6.705473899841309,20.39435577392578,5.744208335876465,18.521656036376953,14.477324485778809
1966-05-01,11.461645126342773,6.0705366134643555,8.261486053466797,2.470357656478882,20.90461540222168,7.097741603851318
1966-06-01,10.851554870605469,0.6219988465309143,2.1111373901367188,6.737652778625488,13.261284828186035,4.578695774078369
1966-07-01,6.595430850982666,1.9235502481460571,3.8212244510650635,3.0461552143096924,14.0079345703125,5.007153034210205
1966-08-01,5.572458744049072,1.6098488569259644,3.3045601844787598,5.302727699279785,10.496082305908203,9.85482406616211
1966-09-01,4.895554065704346,3.594724655151367,5.775892734527588,3.9452526569366455,3.924412488937378,8.774243354797363
1966-10-01,4.853945255279541,7.029345512390137,7.680953502655029,3.1379079818725586,3.5351545810699463,3.909825563430786
1966-11-01,18.08930778503418,3.944918155670166,11.709446907043457,10.261739730834961,13.771257400512695,12.143996238708496
1966-12-01,21.00303077697754,3.349343776702881,7.113735675811768,10.70736312866211,23.856109619140625,12.807581901550293
1967-01-01,15.564827919006348,14.807608604431152,10.20775318145752,21.246131896972656,17.93995475769043,13.736395835876465
1967-02-01,18.7442569732666,4.848872661590576,12.653178215026855,12.973458290100098,19.357227325439453,11.26290225982666
1967-03-01,19.585430145263672,8.86263370513916,8.971967697143555,13.668821334838867,29.510278701782227,7.642448902130127
1967-04-01,12.658435821533203,7.658483982086182,7.476820945739746,12.506845474243164,24.400747299194336,6.960598945617676
1967-05-01,10.752218246459961,5.286440372467041,9.845112800598145,0.860614001750946,19.841028213500977,3.745826482772827
1967-06-01,9.462441444396973,2.4304423332214355,4.254063129425049,6.901371955871582,10.937430381774902,4.501107692718506
1967-07-01,6.222513675689697,2.969515323638916,2.6450252532958984,3.423746347427368,16.341812133789062,8.932550430297852
1967-08-01,7.11151647567749,4.2300848960876465,3.506006956100464,2.3930485248565674,8.38635540008545,14.390867233276367
1967-09-01,6.58622407913208,2.8635735511779785,6.084227561950684,4.873298168182373,11.055839538574219,12.177509307861328
1967-10-01,5.202353000640869,10.02509880065918,5.5203142166137695,5.01796817779541,2.6955158710479736,3.404498338699341
1967-11-01,16.55931282043457,5.0604939460754395,10.832087516784668,6.049808025360107,13.531384468078613,9.539421081542969
1967-12-01,17.532468795776367,14.928862571716309,8.756081581115723,14.118521690368652,15.243313789367676,13.039081573486328
1968-01-01,17.988933563232422,16.0479793548584,11.061476707458496,25.704458236694336,21.136924743652344,19.4902400970459
1968-02-01,25.23582649230957,5.584517478942871,19.650556564331055,11.208925247192383,24.45061683654785,20.681718826293945
1968-03-01,22.970075607299805,6.798828601837158,4.919427394866943,7.630581378936768,19.32541275024414,9.491854667663574
1968-04-01,19.55323028564453,6.59233283996582,10.339914321899414,8.088515281677246,23.6473388671875,9.515420913696289
1968-05-01,10.443370819091797,3.9106013774871826,10.995071411132812,3.4727556705474854,12.815345764160156,4.230810165405273
1968-06-01,7.984455108642578,2.658747434616089,4.873820781707764,7.393399238586426,12.563773155212402,4.044095993041992
1968-07-01,1.2597131729125977,5.812295436859131,4.098559856414795,3.2292001247406006,5.738440036773682,11.135659217834473
1968-08-01,2.8403477668762207,5.958162784576416,2.5389225482940674,3.093106269836426,4.707729339599609,8.041723251342773
1968-09-01,2.950983762741089,5.759760856628418,7.374587059020996,4.104727745056152,7.459545612335205,7.570165634155273
1968-10-01,6.572833061218262,6.60457181930542,14.164275169372559,4.356601715087891,2.3633129596710205,3.8562960624694824
1968-11-01,14.9188871383667,4.225883960723877,12.132880210876465,7.088367938995361,12.506706237792969,11.665234565734863
1968-12-01,16.444698333740234,8.871557235717773,13.397845268249512,10.111255645751953,16.118297576904297,9.411216735839844
1969-01-01,23.7194766998291,12.854680061340332,14.468829154968262,19.989620208740234,21.968435287475586,18.364360809326172
1969-02-01,24.767215728759766,8.649810791015625,15.273249626159668,16.345748901367188,22.941513061523438,17.105566024780273
1969-03-01,21.645029067993164,5.085763454437256,19.672353744506836,8.055609703063965,17.934282302856445,16.518104553222656
1969-04-01,24.446575164794922,2.268096923828125,6.861923694610596,5.8011555671691895,25.7252140045166,8.619023323059082
1969-05-01,14.266375541687012,4.661923408508301,9.137057304382324,3.2205188274383545,12.126402854919434,8.03451919555664
1969-06-01,8.103402137756348,3.312711477279663,5.182187080383301,6.145421028137207,8.352678298950195,1.7836068868637085
1969-07-01,3.451564073562622,3.4178028106689453,5.426150798797607,5.000295639038086,9.987464904785156,8.739289283752441
1969-08-01,2.4110066890716553,4.353984355926514,4.530632972717285,6.1710944175720215,7.093855857849121,12.600730895996094
1969-09-01,3.6662144660949707,4.997773170471191,2.0552473068237305,5.971112251281738,8.098278045654297,8.507002830505371
1969-10-01,5.815090656280518,3.409588575363159,5.744572162628174,8.283842086791992,7.350790023803711,3.210528612136841
1969-11-01,20.034597396850586,2.4910733699798584,12.032378196716309,2.444835662841797,18.45713233947754,9.09054946899414
1969-12-01,21.509016036987305,6.266425132751465,8.370174407958984,12.275474548339844,20.244447708129883,14.674538612365723
1970-01-01,24.416147232055664,3.9769952297210693,23.39771270751953,11.924339294433594,18.405298233032227,16.704740524291992
1970-02-01,19.870960235595703,11.17823314666748,10.526734352111816,14.47227668762207,19.316865921020508,16.741323471069336
1970-03-01,21.124897003173828,7.306906223297119,14.01945686340332,6.30979585647583,19.99462890625,11.699737548828125
1970-04-01,15.965251922607422,9.297070503234863,17.866069793701172,2.8455495834350586,13.371109008789062,12.50321102142334
1970-05-01,21.373632431030273,1.955627202987671,5.298311233520508,4.216547966003418,18.399187088012695,5.71799373626709
1970-06-01,5.428022861480713,4.5941481590271,3.9462080001831055,3.592087507247925,13.464533805847168,2.2998642921447754
1970-07-01,5.523268222808838,4.608226776123047,2.905592918395996,7.402624130249023,15.526445388793945,8.993578910827637
1970-08-01,2.614713668823242,3.956209897994995,2.0802958011627197,6.391971588134766,9.002649307250977,13.764450073242188
1970-09-01,2.8788561820983887,5.185488224029541,1.9866317510604858,9.338348388671875,8.358545303344727,9.190321922302246
1970-10-01,8.830551147460938,3.826882839202881,6.333122253417969,5.6361517906188965,8.511984825134277,3.5640146732330322
1970-11-01,21.28605842590332,1.87697172164917,7.619929313659668,4.351031303405762,15.49624252319336,9.006585121154785
1970-12-01,15.933926582336426,10.559420585632324,12.339093208312988,16.619853973388672,16.030813217163086,9.531469345092773
1971-01-01,19.444278717041016,3.4702324867248535,17.521493911743164,22.584957122802734,15.728385925292969,11.625711441040039
1971-02-01,21.222997665405273,7.717064380645752,8.803590774536133,4.614930629730225,20.678714752197266,8.361701011657715
1971-03-01,22.47112464904785,4.741360187530518,10.759359359741211,7.581737995147705,19.84058380126953,10.946280479431152
1971-04-01,21.654186248779297,5.008246898651123,10.896410942077637,5.282376766204834,25.090572357177734,8.782083511352539
1971-05-01,12.1155424118042,5.316347122192383,7.6658616065979,2.1721837520599365,17.13959312438965,6.171705722808838
1971-06-01,4.406622409820557,5.2495198249816895,2.653085470199585,3.195782423019409,9.331770896911621,2.6443116664886475
1971-07-01,3.2309226989746094,4.850322723388672,5.106577396392822,1.652281403541565,9.371603012084961,8.126331329345703
1971-08-01,3.8343863487243652,2.3354413509368896,1.1663470268249512,5.574464797973633,11.056291580200195,13.781261444091797
1971-09-01,0.9152718186378479,4.867396354675293,7.187856197357178,5.991660118103027,2.9488365650177,8.313932418823242
1971-10-01,6.158472061157227,7.4426374435424805,9.833882331848145,4.8226399421691895,10.801118850708008,4.21643590927124
1971-11-01,17.83454132080078,8.527713775634766,4.9075446128845215,7.6782941818237305,12.8526611328125,8.754131317138672
1971-12-01,11.680561065673828,12.046789169311523,10.309013366699219,16.6970272064209,11.126293182373047,9.415820121765137
1972-01-01,13.717076301574707,15.57029914855957,12.11050796508789,16.095962524414062,23.896730422973633,11.824299812316895
1972-02-01,18.518535614013672,6.00486421585083,13.785758018493652,13.068142890930176,23.433300018310547,11.86782455444336
1972-03-01,24.818279266357422,6.6865925788879395,3.002805709838867,11.513055801391602,30.358304977416992,11.089651107788086
1972-04-01,15.613607406616211,5.281431674957275,9.29276180267334,5.008634090423584,25.207155227661133,9.00843334197998
1972-05-01,12.473247528076172,9.705748558044434,3.035902976989746,1.1574658155441284,15.056092262268066,1.8224238157272339
1972-06-01,3.482913017272949,7.985982894897461,4.387722492218018,3.043931245803833,5.992197513580322,3.4134671688079834
1972-07-01,4.282135963439941,8.797683715820312,2.190363645553589,4.563617706298828,11.484206199645996,1.1494067907333374
1972-08-01,3.501391649246216,9.881752014160156,2.937110662460327,3.986969232559204,7.839029788970947,6.758544921875
1972-09-01,0.50240159034729,7.256216526031494,4.392978191375732,2.749168872833252,7.514418125152588,5.279170036315918
1972-10-01,8.142905235290527,6.708346843719482,8.291280746459961,0.07943663001060486,6.940512657165527,4.7396697998046875
1972-11-01,12.470305442810059,6.345623016357422,7.3248186111450195,1.3549244403839111,12.224596977233887,7.545377731323242
1972-12-01,13.423279762268066,7.778725624084473,12.548919677734375,9.057971000671387,13.12248420715332,11.418334007263184
1973-01-01,18.18534278869629,13.451261520385742,16.079967498779297,13.240723609924316,14.584031105041504,22.70461654663086
1973-02-01,26.9268798828125,9.245771408081055,7.380513668060303,13.548635482788086,23.398534774780273,16.740163803100586
1973-03-01,18.081514358520508,10.502992630004883,12.017343521118164,4.861993312835693,27.983047485351562,11.452691078186035
1973-04-01,15.07190227508545,5.532301902770996,15.758489608764648,1.2462135553359985,14.833374977111816,7.207758903503418
1973-05-01,9.487678527832031,7.557447910308838,10.20103931427002,2.302814245223999,14.501935958862305,6.574345588684082
1973-06-01,6.227428913116455,5.711519718170166,2.249530076980591,3.9959306716918945,14.097175598144531,5.293535232543945
1973-07-01,1.931241512298584,3.930475950241089,0.7502981424331665,5.058041095733643,9.865625381469727,7.901485919952393
1973-08-01,2.0267395973205566,2.9383251667022705,2.5282089710235596,5.40341329574585,9.78988265991211,11.817935943603516
1973-09-01,7.019526958465576,2.0495433807373047,1.470770239830017,7.616525173187256,12.472189903259277,6.152185440063477
1973-10-01,9.859587669372559,2.81567645072937,12.598628044128418,9.391393661499023,11.615168571472168,3.8610332012176514
1973-11-01,16.432693481445312,7.006770133972168,8.149160385131836,10.518868446350098,17.492107391357422,11.559708595275879
1973-12-01,14.254595756530762,6.031809329986572,4.15544319152832,17.104225158691406,21.700275421142578,6.704875946044922
1974-01-01,13.307113647460938,7.988651752471924,9.759480476379395,15.92418098449707,21.285289764404297,8.3929443359375
1974-02-01,18.832443237304688,6.690809726715088,11.095636367797852,12.963133811950684,18.90946388244629,12.573206901550293
1974-03-01,21.024694442749023,9.248966217041016,10.513214111328125,11.829228401184082,25.11244773864746,8.1150484085083
1974-04-01,18.983854293823242,8.225751876831055,8.223007202148438,7.082583427429199,23.307764053344727,10.57203197479248
1974-05-01,8.248069763183594,7.629466533660889,7.489764213562012,2.3045012950897217,13.686848640441895,5.410040855407715
1974-06-01,3.286302328109741,3.9469523429870605,1.9616751670837402,3.996309280395508,17.159515380859375,1.2869099378585815
1974-07-01,2.920753240585327,4.845781326293945,1.6528607606887817,1.2360360622406006,7.02712869644165,11.0487699508667
1974-08-01,4.161824703216553,5.895649433135986,3.087296724319458,0.7960897088050842,10.012064933776855,8.465789794921875
1974-09-01,7.639347076416016,4.052099227905273,0.7653374075889587,7.271515369415283,9.790534973144531,7.693215370178223
1974-10-01,13.83039665222168,5.781404972076416,10.49365520477295,6.503787994384766,8.377880096435547,5.349167823791504
1974-11-01,19.546276092529297,7.359512805938721,6.79984712600708,9.432525634765625,13.466326713562012,13.043397903442383
1974-12-01,18.32048225402832,6.5223612785339355,11.305444717407227,17.148408889770508,17.846773147583008,12.716352462768555
1975-01-01,14.757669448852539,18.975290298461914,8.896134376525879,18.878646850585938,16.467256546020508,16.501619338989258
1975-02-01,18.367420196533203,7.001399517059326,18.39638900756836,16.87730598449707,19.234302520751953,15.015218734741211
1975-03-01,16.416194915771484,10.426414489746094,10.054375648498535,7.540091037750244,20.188932418823242,6.774669170379639
1975-04-01,13.822033882141113,7.4878621101379395,12.13981819152832,4.003911018371582,19.26459312438965,11.362772941589355
1975-05-01,9.675545692443848,6.4885735511779785,7.115724563598633,0.06338994950056076,16.731477737426758,2.105884075164795
1975-06-01,5.7403950691223145,5.7111897468566895,5.750204563140869,3.1768791675567627,11.718053817749023,1.0390326976776123
1975-07-01,3.3848559856414795,1.8529000282287598,3.5597763061523438,3.7304680347442627,7.227527618408203,9.949530601501465
1975-08-01,1.5234286785125732,2.6723673343658447,3.94010853767395,3.095113515853882,10.119013786315918,8.636813163757324
1975-09-01,1.560418963432312,2.9291117191314697,3.5024490356445312,7.586488246917725,5.782933235168457,8.68569278717041
1975-10-01,4.181811809539795,4.731815814971924,12.299341201782227,3.403834104537964,6.175772190093994,5.109376430511475
1975-11-01,17.475011825561523,3.66156005859375,5.847559928894043,6.270694732666016,14.604290008544922,9.243096351623535
1975-12-01,22.30819320678711,4.922834873199463,5.105190753936768,17.021108627319336,22.3719482421875,12.790607452392578
1976-01-01,22.17582893371582,12.584869384765625,8.088337898254395,19.507936477661133,24.058650970458984,13.501194953918457
1976-02-01,21.145668029785156,5.253769397735596,8.833160400390625,20.602481842041016,29.36998748779297,10.135518074035645
1976-03-01,15.252738952636719,9.881205558776855,6.498939514160156,18.165727615356445,32.38760757446289,8.9945068359375
1976-04-01,19.619510650634766,4.86712646484375,8.429289817810059,9.992507934570312,23.823713302612305,9.656915664672852
1976-05-01,11.276082038879395,9.083105087280273,4.861024856567383,0.8070346713066101,11.620645523071289,5.5775885581970215
1976-06-01,9.612260818481445,7.789997577667236,5.9706220626831055,4.548567771911621,16.631948471069336,2.0966365337371826
1976-07-01,2.2166528701782227,7.088733673095703,5.7854695320129395,3.0395426750183105,12.804058074951172,6.432342529296875
1976-08-01,5.463805675506592,7.7767558097839355,5.373038291931152,2.4001147747039795,6.390415668487549,4.887135028839111
1976-09-01,3.672807216644287,9.015660285949707,1.1994308233261108,3.675196409225464,6.4188642501831055,2.1699678897857666
1976-10-01,8.046781539916992,4.692113876342773,4.425148963928223,2.9419822692871094,7.154478549957275,4.298360347747803
1976-11-01,8.902523040771484,9.709919929504395,11.14931583404541,2.9619431495666504,5.40065860748291,16.44357681274414
1976-12-01,14.541293144226074,11.247661590576172,10.18017292022705,10.307085990905762,12.350197792053223,17.078170776367188
1977-01-01,21.865520477294922,5.883031845092773,16.875154495239258,11.792828559875488,19.144363403320312,27.120891571044922
1977-02-01,18.06959342956543,8.723456382751465,25.619056701660156,11.548288345336914,12.762569427490234,18.844921112060547
1977-03-01,16.43516731262207,14.993012428283691,17.160913467407227,14.35146713256836,13.403362274169922,22.679628372192383
1977-04-01,16.88213348388672,9.393710136413574,10.725499153137207,11.340703964233398,22.246585845947266,9.408001899719238
1977-05-01,17.781818389892578,5.561748504638672,6.270825386047363,3.5797910690307617,16.334745407104492,8.411431312561035
1977-06-01,4.749391555786133,5.267449855804443,6.338486671447754,1.4926512241363525,9.52451229095459,0.44245031476020813
1977-07-01,2.7433624267578125,4.823330879211426,2.9658029079437256,2.8608736991882324,11.352835655212402,4.980822563171387
1977-08-01,6.254125118255615,3.88991117477417,2.5136899948120117,2.9407334327697754,10.431865692138672,8.607412338256836
1977-09-01,4.936964988708496,7.81949520111084,3.957864761352539,1.8388580083847046,7.436212062835693,3.4824678897857666
1977-10-01,5.422979354858398,6.3722381591796875,4.066953182220459,1.1588701009750366,8.061349868774414,5.005784511566162
1977-11-01,12.088066101074219,9.07043170928955,8.935609817504883,3.5588676929473877,10.19752025604248,15.151274681091309
1977-12-01,14.17761516571045,12.846266746520996,16.16132354736328,13.829083442687988,14.759071350097656,22.690855026245117
1978-01-01,20.61756706237793,6.74233865737915,9.446554183959961,17.664505004882812,18.24778175354004,17.49273109436035
1978-02-01,22.478633880615234,6.2603888511657715,24.94730567932129,15.281331062316895,18.963172912597656,26.136207580566406
1978-03-01,23.409351348876953,4.96297025680542,12.964395523071289,10.908073425292969,19.008554458618164,20.66732406616211
1978-04-01,20.006704330444336,3.679065227508545,15.339537620544434,8.459237098693848,22.32354164123535,8.797080993652344
1978-05-01,14.225048065185547,6.625337600708008,9.516257286071777,2.324040174484253,13.269417762756348,5.317598819732666
1978-06-01,6.9369425773620605,4.076722145080566,4.706657409667969,5.362401962280273,10.270974159240723,5.7576470375061035
1978-07-01,1.871617078781128,6.056338310241699,2.969292402267456,3.397717237472534,9.405913352966309,6.845241546630859
1978-08-01,4.901183128356934,3.505065679550171,4.7768049240112305,2.714134454727173,10.389883995056152,7.241183757781982
1978-09-01,2.4122471809387207,5.17158842086792,4.582778453826904,4.109851837158203,5.548295974731445,6.127021312713623
1978-10-01,2.902104139328003,7.704803943634033,11.265730857849121,4.330291748046875,2.6816163063049316,6.164400577545166
1978-11-01,12.787484169006348,9.037432670593262,12.753362655639648,8.826001167297363,9.160539627075195,13.58814811706543
1978-12-01,10.677680969238281,8.15085506439209,16.796184539794922,13.35615062713623,12.069197654724121,18.23740577697754
1979-01-01,17.889829635620117,12.975794792175293,10.562583923339844,18.523366928100586,17.747081756591797,19.46582794189453
1979-02-01,15.537869453430176,4.933163166046143,19.3768310546875,10.457565307617188,15.97635269165039,17.807165145874023
1979-03-01,23.826614379882812,7.190615653991699,9.79167652130127,13.760376930236816,26.116235733032227,10.245512962341309
1979-04-01,19.134363174438477,8.747575759887695,8.421882629394531,3.4731991291046143,17.4760684967041,11.939559936523438
1979-05-01,13.491133689880371,7.315857887268066,5.562049865722656,0.22054804861545563,14.506250381469727,6.71769905090332
1979-06-01,9.800007820129395,2.1984944343566895,7.723766326904297,6.375101566314697,13.326132774353027,3.9113333225250244
1979-07-01,5.032073497772217,3.2896981239318848,2.933278799057007,3.605105400085449,9.487571716308594,4.63541841506958
1979-08-01,6.745238304138184,5.520511150360107,5.386689186096191,2.8319449424743652,12.80401611328125,7.312236309051514
1979-09-01,5.555630683898926,4.143703937530518,5.167420387268066,5.6454620361328125,11.828897476196289,3.3894965648651123
1979-10-01,9.948643684387207,4.888598918914795,8.218497276306152,6.305629730224609,5.273390293121338,4.611394882202148
1979-11-01,17.037734985351562,4.600476264953613,6.438544273376465,4.149499416351318,10.865265846252441,9.818696022033691
1979-12-01,15.528101921081543,10.16038990020752,12.743579864501953,7.817140102386475,17.726987838745117,15.537485122680664
1980-01-01,23.112905502319336,3.750321626663208,11.310501098632812,13.393831253051758,24.82993507385254,20.02286720275879
1980-02-01,25.807302474975586,5.725917816162109,18.005624771118164,11.358827590942383,21.217864990234375,22.74453353881836
1980-03-01,18.44793128967285,9.337653160095215,10.029634475708008,18.247228622436523,18.77517318725586,12.293440818786621
1980-04-01,15.112380027770996,6.763306140899658,18.41290283203125,3.7738876342773438,16.572525024414062,13.158307075500488
1980-05-01,11.721640586853027,6.2330522537231445,13.336173057556152,3.9737319946289062,14.102120399475098,1.4051342010498047
1980-06-01,3.8254857063293457,7.324404716491699,3.4947714805603027,3.50181245803833,10.810959815979004,2.3010056018829346
1980-07-01,4.38376522064209,3.722405433654785,2.4819154739379883,2.907358169555664,11.303811073303223,6.094329833984375
1980-08-01,6.887569427490234,3.981705665588379,1.639277458190918,3.9222333431243896,10.719864845275879,10.16831111907959
1980-09-01,2.9537885189056396,3.628837823867798,1.7286286354064941,4.501767158508301,8.346609115600586,6.862161159515381
1980-10-01,2.9976682662963867,8.436238288879395,7.260522365570068,3.6874876022338867,6.359582424163818,4.134750843048096
1980-11-01,9.656609535217285,5.599644660949707,13.756705284118652,3.648207426071167,4.548105239868164,10.469658851623535
1980-12-01,21.45096778869629,6.661401748657227,9.55084228515625,7.211710453033447,20.587657928466797,18.698938369750977
1981-01-01,23.226152420043945,10.164852142333984,9.067944526672363,15.201096534729004,24.06512451171875,23.801252365112305
1981-02-01,23.461793899536133,14.894122123718262,9.14853286743164,17.623947143554688,24.8671932220459,20.25533103942871
1981-03-01,22.644275665283203,3.7589340209960938,20.86498260498047,8.597365379333496,20.185203552246094,23.320173263549805
1981-04-01,22.322874069213867,6.593332767486572,6.47717809677124,4.260153770446777,28.251659393310547,12.461305618286133
1981-05-01,11.88054084777832,5.633264064788818,11.196094512939453,3.526904344558716,14.25513744354248,3.319042921066284
1981-06-01,3.035615921020508,6.849569320678711,2.7457499504089355,5.362212657928467,10.078004837036133,4.0166730880737305
1981-07-01,6.399979591369629,1.3795552253723145,9.66839599609375,2.41811466217041,9.447391510009766,10.638108253479004
1981-08-01,2.419049024581909,3.6819279193878174,6.348608016967773,4.539217472076416,7.498645305633545,8.57885456085205
1981-09-01,1.9029382467269897,4.89286470413208,5.873340606689453,6.164968967437744,3.016592025756836,6.855582237243652
1981-10-01,7.549434661865234,3.9525041580200195,6.366360187530518,7.139190673828125,9.07705307006836,5.522170066833496
1981-11-01,19.24924087524414,1.9754430055618286,9.97187614440918,3.7064743041992188,13.238497734069824,13.845587730407715
1981-12-01,18.56261444091797,10.207788467407227,11.493172645568848,14.117202758789062,18.503307342529297,18.844350814819336
1982-01-01,16.840158462524414,5.130221843719482,12.05370044708252,10.465423583984375,18.117467880249023,13.415539741516113
1982-02-01,20.870391845703125,8.496390342712402,13.110304832458496,15.432220458984375,20.618038177490234,13.844677925109863
1982-03-01,17.898807525634766,6.279806613922119,10.624584197998047,13.904823303222656,26.62726593017578,9.12276840209961
1982-04-01,18.41618537902832,4.54030179977417,6.618326663970947,6.832470417022705,24.73086166381836,8.458671569824219
1982-05-01,14.53817081451416,6.349407196044922,13.642985343933105,5.83357048034668,16.397850036621094,5.814833164215088
1982-06-01,5.613954067230225,7.636343002319336,5.789780616760254,4.383443355560303,14.195170402526855,4.684596538543701
1982-07-01,4.129962921142578,7.927015781402588,3.641174793243408,3.638925313949585,11.99977970123291,5.483584880828857
1982-08-01,4.240257263183594,6.486632347106934,1.6039849519729614,3.3065755367279053,9.867207527160645,9.924695014953613
1982-09-01,3.40421724319458,8.05313491821289,2.8107964992523193,4.641683578491211,6.6521172523498535,4.257866859436035
1982-10-01,5.482776165008545,8.111120223999023,9.968132972717285,3.022928237915039,4.809806823730469,2.8695735931396484
1982-11-01,8.71701717376709,12.341514587402344,11.83004093170166,6.387792110443115,13.739760398864746,16.118505477905273
1982-12-01,13.542928695678711,13.752939224243164,3.1924426555633545,7.560983657836914,20.451324462890625,20.903913497924805
1983-01-01,22.508853912353516,14.972732543945312,10.54924201965332,11.241796493530273,19.741657257080078,34.52571105957031
1983-02-01,32.501739501953125,8.382949829101562,8.058849334716797,11.483708381652832,28.49831199645996,29.19375228881836
1983-03-01,33.310272216796875,7.257830619812012,7.697464942932129,5.359680652618408,28.337295532226562,29.607845306396484
1983-04-01,25.23042869567871,6.993565559387207,6.568094730377197,2.403489351272583,21.81549072265625,14.102737426757812
1983-05-01,13.72590160369873,10.17872428894043,9.822341918945312,1.7145936489105225,17.287109375,8.305612564086914
1983-06-01,5.903642654418945,5.545513153076172,4.956462383270264,3.3103134632110596,11.279170036315918,5.305517196655273
1983-07-01,5.179558277130127,9.213768005371094,3.2540972232818604,2.7507145404815674,11.204024314880371,3.05304217338562
1983-08-01,4.232245922088623,6.960198402404785,2.9735491275787354,1.7065175771713257,9.61639404296875,5.003901958465576
1983-09-01,4.003546714782715,5.6378326416015625,4.005825996398926,3.9949722290039062,13.045483589172363,4.451202869415283
1983-10-01,7.1561079025268555,8.401596069335938,5.8068437576293945,2.329183340072632,7.815596103668213,5.384607315063477
1983-11-01,11.906709671020508,8.673168182373047,13.264151573181152,3.0824520587921143,9.946452140808105,11.01743221282959
1983-12-01,12.291982650756836,8.4951810836792,9.208312034606934,7.556571006774902,11.783221244812012,12.188037872314453
1984-01-01,17.91193199157715,8.313610076904297,5.786607265472412,5.814787864685059,15.288087844848633,10.127328872680664
1984-02-01,23.087783813476562,7.780138969421387,7.9870100021362305,7.176355361938477,22.445281982421875,12.595579147338867
1984-03-01,23.857620239257812,5.110758304595947,11.965972900390625,5.163930416107178,25.0721378326416,7.92630672454834
1984-04-01,18.70808219909668,3.88594651222229,14.112659454345703,1.7227758169174194,18.213045120239258,6.314381122589111
1984-05-01,12.710620880126953,3.2531728744506836,5.472214698791504,1.9163504838943481,20.790605545043945,0.11761550605297089
1984-06-01,7.351864337921143,5.716552734375,3.9871013164520264,4.60623836517334,9.3134183883667,4.126552104949951
1984-07-01,4.710330009460449,2.3382914066314697,3.1062331199645996,5.202396869659424,16.7598876953125,6.217775821685791
1984-08-01,2.0719752311706543,3.228998899459839,6.2253828048706055,3.3912296295166016,9.53371524810791,6.684312343597412
1984-09-01,5.481808185577393,4.0186333656311035,5.9687371253967285,6.9937968254089355,7.904537677764893,4.122076034545898
1984-10-01,4.134378433227539,6.893068313598633,7.623647689819336,4.136735439300537,9.226959228515625,5.4390788078308105
1984-11-01,18.289573669433594,1.3911802768707275,12.696684837341309,3.8576931953430176,10.664244651794434,6.662008762359619
1984-12-01,12.398902893066406,8.547607421875,8.305060386657715,15.499218940734863,20.51068115234375,12.050646781921387
1985-01-01,23.01872444152832,6.662458896636963,18.115703582763672,12.056288719177246,21.13837432861328,21.321456909179688
1985-02-01,17.035642623901367,11.303788185119629,16.0047550201416,15.609587669372559,19.31524085998535,12.11839771270752
1985-03-01,12.74465274810791,9.286951065063477,13.489546775817871,22.761913299560547,25.99355125427246,10.00300121307373
1985-04-01,14.88759708404541,6.392456531524658,9.511771202087402,6.830201148986816,18.77176284790039,8.676190376281738
1985-05-01,14.710057258605957,5.835291862487793,8.440873146057129,3.4142379760742188,18.225112915039062,5.249367713928223
1985-06-01,4.886906623840332,10.419408798217773,5.042055130004883,4.928746700286865,10.229314804077148,2.379558563232422
1985-07-01,1.9965393543243408,5.0532450675964355,2.197157144546509,3.004190683364868,9.017634391784668,9.193119049072266
1985-08-01,4.124750137329102,3.440483570098877,3.8201730251312256,6.471930980682373,11.889830589294434,10.623725891113281
1985-09-01,2.357915163040161,2.979978322982788,5.998895168304443,4.217041015625,8.995737075805664,5.73432731628418
1985-10-01,7.717854022979736,6.152329921722412,6.619341850280762,3.069084405899048,9.876850128173828,7.831399917602539
1985-11-01,11.302766799926758,7.829099655151367,10.415964126586914,8.247039794921875,9.172490119934082,9.351305961608887
1985-12-01,15.63709831237793,4.043779373168945,19.17413902282715,12.336492538452148,10.970074653625488,17.235387802124023
1986-01-01,23.245121002197266,5.650081157684326,7.789207935333252,17.193649291992188,30.28474235534668,20.90041732788086
1986-02-01,19.104103088378906,6.681487560272217,14.684953689575195,10.900909423828125,24.389373779296875,13.932074546813965
1986-03-01,24.198740005493164,1.7049964666366577,8.475330352783203,2.639418840408325,21.471803665161133,7.042908668518066
1986-04-01,22.585243225097656,8.985062599182129,10.83604621887207,11.141161918640137,28.684173583984375,16.002344131469727
1986-05-01,12.591489791870117,10.535158157348633,9.735589027404785,1.463253378868103,16.356515884399414,15.467427253723145
1986-06-01,8.010729789733887,5.166562080383301,3.8864424228668213,4.763801097869873,12.331696510314941,1.8997834920883179
1986-07-01,4.381484031677246,8.939958572387695,5.054312229156494,1.5547140836715698,10.894793510437012,5.927022457122803
1986-08-01,3.38729190826416,7.485970497131348,1.6352145671844482,0.3844086527824402,12.265356063842773,5.822674751281738
1986-09-01,2.54618763923645,6.586771011352539,8.213415145874023,2.7464706897735596,7.5429887771606445,4.851136684417725
1986-10-01,2.8037877082824707,5.871457576751709,6.694427013397217,2.067821502685547,5.508484363555908,3.8348963260650635
1986-11-01,7.752049446105957,8.598401069641113,7.605251789093018,3.282949447631836,10.361893653869629,10.706147193908691
1986-12-01,12.518248558044434,10.06104564666748,9.043002128601074,12.08364486694336,12.594117164611816,19.116830825805664
1987-01-01,15.85168743133545,11.620688438415527,15.671164512634277,18.5052490234375,12.702369689941406,28.397602081298828
1987-02-01,22.28947639465332,6.510240077972412,13.332464218139648,14.7403564453125,21.732656478881836,30.542835235595703
1987-03-01,27.005550384521484,5.979403018951416,14.957124710083008,5.566377639770508,22.595306396484375,18.044492721557617
1987-04-01,25.463516235351562,7.002288818359375,11.538220405578613,4.762038707733154,21.55070686340332,19.67685890197754
1987-05-01,23.01840591430664,4.122243404388428,10.1763916015625,0.7208530306816101,21.8585205078125,10.82937240600586
1987-06-01,6.562183380126953,9.522774696350098,7.03518009185791,3.3623173236846924,14.205102920532227,0.8231111168861389
1987-07-01,0.44574201107025146,5.469420433044434,5.623577117919922,4.366393566131592,11.331219673156738,4.74807596206665
1987-08-01,4.608427047729492,5.602539539337158,6.352370262145996,2.790619134902954,10.121944427490234,7.8590989112854
1987-09-01,0.9410063624382019,1.8462891578674316,9.773033142089844,3.4590954780578613,9.978506088256836,4.6191205978393555
1987-10-01,5.943742752075195,6.145086765289307,8.846406936645508,2.3276541233062744,1.5755871534347534,3.8569700717926025
1987-11-01,17.496395111083984,5.112264156341553,8.576671600341797,4.121823787689209,9.981396675109863,13.190563201904297
1987-12-01,14.636250495910645,10.771811485290527,18.43330955505371,9.679372787475586,11.920341491699219,16.325130462646484
1988-01-01,19.339399337768555,5.674317836761475,14.983294486999512,13.729544639587402,17.227035522460938,16.93777084350586
1988-02-01,24.86150550842285,11.253876686096191,11.036565780639648,14.108439445495605,25.832292556762695,18.861013412475586
1988-03-01,23.85000991821289,5.5620293617248535,12.382085800170898,5.039569854736328,21.114883422851562,10.696292877197266
1988-04-01,19.18739128112793,6.381466865539551,11.026944160461426,7.422296524047852,21.17418670654297,13.976019859313965
1988-05-01,13.108325004577637,3.3830506801605225,6.714406967163086,2.3421056270599365,15.305335998535156,5.515909671783447
1988-06-01,7.541454792022705,2.7158567905426025,1.1668024063110352,7.235139846801758,8.141424179077148,2.0048534870147705
1988-07-01,4.667209625244141,1.7807525396347046,2.044442653656006,4.86934232711792,6.240797519683838,8.986310005187988
1988-08-01,7.971168518066406,4.12260627746582,3.6231658458709717,12.16401481628418,9.620131492614746,14.458065032958984
1988-09-01,3.2407643795013428,2.246901273727417,7.679377555847168,8.38402271270752,7.632885456085205,6.2578558921813965
1988-10-01,9.20572566986084,2.073503255844116,6.7691497802734375,5.2727484703063965,11.674590110778809,5.494333744049072
1988-11-01,12.15749740600586,5.148187637329102,9.984797477722168,7.023543357849121,13.670963287353516,8.860519409179688
1988-12-01,14.548781394958496,5.095475673675537,9.539336204528809,14.013236999511719,17.301715850830078,10.339290618896484
1989-01-01,16.88058090209961,9.699315071105957,10.815159797668457,13.893150329589844,25.675844192504883,16.436918258666992
1989-02-01,17.539140701293945,9.257845878601074,5.9051127433776855,13.427285194396973,24.444326400756836,10.97136402130127
1989-03-01,18.3953914642334,10.528684616088867,9.441113471984863,7.399427890777588,33.51377487182617,10.062559127807617
1989-04-01,21.728675842285156,6.5895676612854,7.568411827087402,14.29466438293457,25.58671760559082,11.276548385620117
1989-05-01,16.154258728027344,5.195410251617432,7.209774971008301,1.1494941711425781,19.971982955932617,5.676821708679199
1989-06-01,1.9139602184295654,5.419839859008789,8.676249504089355,2.7138466835021973,14.473029136657715,2.145764112472534
1989-07-01,4.280481338500977,3.616351842880249,4.731168746948242,2.3621673583984375,10.917436599731445,5.316895484924316
1989-08-01,5.486455917358398,2.756237506866455,2.126499652862549,3.0866315364837646,7.150003910064697,11.584105491638184
1989-09-01,5.35300350189209,2.660032033920288,3.504560708999634,7.7192277908325195,10.312553405761719,3.1890857219696045
1989-10-01,5.406378746032715,6.880404949188232,5.512759685516357,2.333892822265625,9.205245018005371,6.811392784118652
1989-11-01,19.156612396240234,6.846837997436523,11.38900375366211,4.977470397949219,18.118627548217773,14.384902000427246
1989-12-01,17.079687118530273,2.247386932373047,27.55052375793457,8.76177978515625,10.639540672302246,21.772518157958984
1990-01-01,12.896180152893066,16.37799644470215,9.313610076904297,17.658674240112305,24.25017738342285,23.187515258789062
1990-02-01,17.37751007080078,10.007410049438477,9.374868392944336,11.996932029724121,22.83702278137207,21.523874282836914
1990-03-01,18.400732040405273,14.699926376342773,10.757500648498535,13.711913108825684,30.59410858154297,20.011539459228516
1990-04-01,21.880964279174805,6.073355197906494,6.881006717681885,8.345453262329102,24.647600173950195,9.51186466217041
1990-05-01,8.877248764038086,5.919341087341309,11.437921524047852,3.4239375591278076,15.289129257202148,7.5076375007629395
1990-06-01,2.4182851314544678,7.703577518463135,3.7447102069854736,3.331450939178467,11.415704727172852,3.7315335273742676
1990-07-01,4.842072010040283,2.855024814605713,0.8434764742851257,2.9517581462860107,14.01874828338623,6.585962772369385
1990-08-01,2.162475109100342,4.423473834991455,3.8009796142578125,2.701218366622925,10.538593292236328,7.262588977813721
1990-09-01,3.109177589416504,4.5610737800598145,3.2127182483673096,4.163211822509766,7.203351974487305,6.325937747955322
1990-10-01,6.916919708251953,2.5566415786743164,5.141838073730469,7.871549606323242,8.312178611755371,6.203125953674316
1990-11-01,10.24314022064209,9.6076078414917,10.206615447998047,2.1674773693084717,8.424714088439941,10.996599197387695
1990-12-01,17.474746704101562,7.398890972137451,7.39512300491333,10.868023872375488,16.627927780151367,7.532351970672607
1991-01-01,19.385637283325195,8.244826316833496,16.235445022583008,12.87818717956543,21.21355628967285,18.453569412231445
1991-02-01,18.697059631347656,8.390912055969238,12.867682456970215,16.897733688354492,21.6763916015625,18.262914657592773
1991-03-01,16.917713165283203,6.449620723724365,11.071133613586426,3.714029312133789,17.000869750976562,13.780505180358887
1991-04-01,13.020369529724121,8.226385116577148,8.600340843200684,5.969874858856201,24.355823516845703,6.982470512390137
1991-05-01,9.028157234191895,7.387795448303223,7.491374969482422,1.1710578203201294,16.284120559692383,3.512697696685791
1991-06-01,5.134210109710693,6.2540106773376465,3.682863235473633,1.6681228876113892,14.704828262329102,4.435145854949951
1991-07-01,2.33864688873291,6.183303356170654,2.8290016651153564,1.9278804063796997,8.662416458129883,7.802109718322754
1991-08-01,2.5090434551239014,8.344005584716797,3.696380376815796,2.1183555126190186,8.328316688537598,10.145215034484863
1991-09-01,1.592244029045105,5.589356899261475,2.6026594638824463,2.840519905090332,6.809309482574463,4.403541564941406
1991-10-01,3.712148427963257,7.683267116546631,8.31502914428711,3.4342048168182373,3.95827317237854,1.2875028848648071
1991-11-01,11.897980690002441,6.439798355102539,6.143163204193115,6.80325984954834,14.187240600585938,14.899487495422363
1991-12-01,12.925747871398926,14.074127197265625,8.245498657226562,11.120295524597168,22.185407638549805,20.076961517333984
1992-01-01,13.840545654296875,16.152103424072266,13.152018547058105,11.193520545959473,15.479775428771973,24.07334327697754
1992-02-01,18.87832260131836,9.051434516906738,17.036624908447266,9.216588020324707,21.225770950317383,17.5545597076416
1992-03-01,20.886520385742188,11.721357345581055,12.525686264038086,8.089402198791504,19.3330135345459,21.0759334564209
1992-04-01,23.05775260925293,5.925448894500732,6.8057637214660645,7.417133331298828,21.542816162109375,18.79168701171875
1992-05-01,17.931425094604492,5.524230003356934,6.433164119720459,0.8466521501541138,15.445411682128906,10.084306716918945
1992-06-01,5.819911479949951,7.958821773529053,9.55483627319336,7.029860973358154,5.463673114776611,3.852670907974243
1992-07-01,2.4884257316589355,6.868365287780762,3.723182201385498,3.2487711906433105,12.222447395324707,5.542918682098389
1992-08-01,5.025731086730957,7.678680419921875,2.585406541824341,2.1395769119262695,9.409679412841797,10.265300750732422
1992-09-01,7.017696857452393,7.637839317321777,4.536084175109863,4.308475494384766,10.026084899902344,1.2532248497009277
1992-10-01,7.754004001617432,7.7717461585998535,6.477431774139404,2.2325844764709473,4.2662272453308105,5.931954860687256
1992-11-01,9.635872840881348,5.042343616485596,6.434778213500977,3.967176914215088,11.916448593139648,15.111275672912598
1992-12-01,13.83122730255127,7.846758842468262,10.827590942382812,11.825268745422363,15.43075180053711,20.461484909057617
1993-01-01,17.569543838500977,11.728947639465332,9.43077278137207,14.06123161315918,18.20246696472168,18.349626541137695
1993-02-01,25.278772354125977,7.153840065002441,9.248075485229492,16.631771087646484,26.708616256713867,19.180862426757812
1993-03-01,21.645404815673828,5.535432815551758,13.782666206359863,8.272806167602539,20.35844612121582,12.870193481445312
1993-04-01,18.2341251373291,6.311802864074707,12.453583717346191,3.59183669090271,21.39940071105957,17.065704345703125
1993-05-01,20.157251358032227,4.207038402557373,7.730849266052246,3.683114767074585,18.123653411865234,8.71845817565918
1993-06-01,4.670257091522217,8.363046646118164,7.64498233795166,3.2635419368743896,9.65713119506836,3.0411674976348877
1993-07-01,5.6425652503967285,5.496185779571533,3.4954490661621094,2.064931869506836,12.013803482055664,6.990258693695068
1993-08-01,1.9000725746154785,5.45898962020874,4.47171688079834,4.062902450561523,9.396374702453613,8.634629249572754
1993-09-01,0.9571888446807861,5.809743404388428,5.414577484130859,6.021308422088623,9.8237943649292,6.009978294372559
1993-10-01,4.146784782409668,8.109773635864258,9.189271926879883,3.1911652088165283,4.381092548370361,3.5494179725646973
1993-11-01,10.648324012756348,4.642909049987793,7.161782264709473,3.645329475402832,13.117141723632812,7.816981315612793
1993-12-01,14.942546844482422,8.105945587158203,9.93928337097168,10.519922256469727,16.619619369506836,12.628796577453613
1994-01-01,19.71723747253418,4.724117755889893,7.915884017944336,16.45836067199707,21.641847610473633,13.291074752807617
1994-02-01,12.946990013122559,7.4138336181640625,15.31286334991455,14.24927806854248,17.99176788330078,10.729191780090332
1994-03-01,17.17066764831543,8.45059871673584,5.874205589294434,7.575325965881348,24.854917526245117,12.584638595581055
1994-04-01,19.564023971557617,6.485010147094727,8.76449203491211,6.397548675537109,25.352840423583984,7.299921989440918
1994-05-01,11.209553718566895,7.954500198364258,8.379499435424805,3.5169217586517334,13.108745574951172,4.2248053550720215
1994-06-01,3.5825281143188477,7.052243709564209,5.645706653594971,0.6525976657867432,8.817277908325195,1.2774382829666138
1994-07-01,1.6083431243896484,4.678135395050049,1.342712163925171,1.2276184558868408,14.100370407104492,9.43565559387207
1994-08-01,6.579360485076904,3.769472360610962,1.47446608543396,3.981607437133789,7.014044761657715,14.597843170166016
1994-09-01,2.409921407699585,8.164884567260742,2.697681188583374,2.4139769077301025,7.945460796356201,5.667067527770996
1994-10-01,6.1602277755737305,2.9336538314819336,8.370099067687988,1.9540507793426514,5.243527889251709,0.8332315683364868
1994-11-01,8.710968971252441,5.508834362030029,11.12356948852539,3.0291507244110107,12.124493598937988,11.624767303466797
1994-12-01,15.565775871276855,9.844917297363281,9.884042739868164,15.590084075927734,18.40395164489746,21.435237884521484
1995-01-01,21.786516189575195,12.380922317504883,8.485614776611328,16.791568756103516,19.772762298583984,22.938512802124023
1995-02-01,19.216962814331055,6.584786891937256,13.467247009277344,9.616714477539062,23.685800552368164,20.203935623168945
1995-03-01,27.617881774902344,8.014666557312012,6.709082126617432,10.819962501525879,28.569578170776367,9.6283597946167
1995-04-01,23.197612762451172,2.954341411590576,14.011688232421875,3.4536819458007812,18.4003963470459,8.701654434204102
1995-05-01,9.214215278625488,3.804208755493164,12.108562469482422,1.5116268396377563,12.431548118591309,9.857513427734375
1995-06-01,6.533540725708008,0.7130609750747681,5.286118030548096,7.231652736663818,7.651446342468262,1.0009092092514038
1995-07-01,4.234628677368164,2.290045976638794,4.072501182556152,7.976914882659912,10.32264232635498,8.358922958374023
1995-08-01,3.3253257274627686,5.209115982055664,4.939606189727783,9.898616790771484,8.298698425292969,11.49122428894043
1995-09-01,1.9469541311264038,3.7527644634246826,4.804693698883057,7.296912670135498,4.854485988616943,8.15466022491455
1995-10-01,3.3516480922698975,4.291799545288086,9.343600273132324,8.091897010803223,4.934152126312256,2.727748155593872
1995-11-01,16.51447868347168,6.368081569671631,9.552770614624023,6.610252857208252,13.539534568786621,13.822162628173828
1995-12-01,20.887691497802734,4.928964614868164,15.716656684875488,9.688562393188477,19.78313636779785,17.510589599609375
1996-01-01,21.69249725341797,3.429746389389038,15.729181289672852,3.184619188308716,17.52589225769043,13.077880859375
1996-02-01,22.6956844329834,8.233206748962402,8.306259155273438,12.68076229095459,28.412675857543945,10.018671035766602
1996-03-01,22.32032012939453,6.612504005432129,15.999831199645996,5.596852779388428,24.93531608581543,9.64287281036377
1996-04-01,21.740495681762695,4.0704803466796875,8.985645294189453,4.1706953048706055,26.787874221801758,8.434788703918457
1996-05-01,13.392781257629395,1.0279102325439453,6.4671173095703125,3.6673943996429443,18.96613311767578,1.5943950414657593
1996-06-01,7.019553184509277,0.38493841886520386,4.999144077301025,5.919530868530273,14.743555068969727,1.835857629776001
1996-07-01,0.7750422358512878,2.912343978881836,3.6597208976745605,5.6850996017456055,10.101851463317871,7.491294860839844
1996-08-01,6.43035888671875,2.9989373683929443,1.9801466464996338,6.878641128540039,8.754494667053223,9.928230285644531
1996-09-01,1.9796446561813354,4.304174423217773,3.6795363426208496,4.936310291290283,9.321985244750977,5.878698825836182
1996-10-01,8.98427963256836,5.6906657218933105,8.623600006103516,8.086845397949219,7.6826934814453125,8.528586387634277
1996-11-01,15.61182689666748,5.071191310882568,5.102265357971191,3.2359700202941895,15.601541519165039,15.530143737792969
1996-12-01,18.12006378173828,15.684706687927246,7.5113959312438965,16.046550750732422,19.65233612060547,19.480030059814453
1997-01-01,23.399045944213867,7.528324604034424,13.39914321899414,18.29569435119629,29.563655853271484,14.353679656982422
1997-02-01,14.253819465637207,10.616903305053711,7.978906154632568,9.592521667480469,25.939395904541016,16.072723388671875
1997-03-01,17.06942367553711,10.921887397766113,10.77523422241211,9.383872985839844,23.054222106933594,18.492048263549805
1997-04-01,15.647083282470703,4.627597808837891,14.787686347961426,4.540989875793457,13.568662643432617,8.381331443786621
1997-05-01,14.411924362182617,8.339320182800293,8.122675895690918,1.9376511573791504,13.889357566833496,5.453544616699219
1997-06-01,3.781978130340576,5.0366716384887695,9.8433198928833,4.555163860321045,6.686993598937988,1.2715002298355103
1997-07-01,3.270925521850586,10.995814323425293,2.816098213195801,9.45797348022461,10.457256317138672,2.370368003845215
1997-08-01,7.907326698303223,7.239559650421143,1.9362355470657349,6.323001384735107,11.439946174621582,5.55979061126709
1997-09-01,2.46699857711792,11.764305114746094,6.299659729003906,5.228405952453613,3.1789329051971436,1.4751845598220825
1997-10-01,13.777019500732422,6.886053562164307,9.441458702087402,2.068228006362915,3.9526875019073486,8.207581520080566
1997-11-01,13.478784561157227,8.19327163696289,12.195988655090332,1.9954259395599365,10.513792037963867,10.07065486907959
1997-12-01,21.244213104248047,9.715753555297852,17.819185256958008,1.3819084167480469,16.227155685424805,17.706554412841797
1998-01-01,25.772933959960938,12.203679084777832,12.885119438171387,12.625472068786621,22.665813446044922,27.124799728393555
1998-02-01,30.802841186523438,3.909181833267212,11.913686752319336,6.083829402923584,23.834684371948242,25.32272720336914
1998-03-01,24.427324295043945,3.4981892108917236,11.45253849029541,1.5728133916854858,26.597061157226562,18.46170425415039
1998-04-01,25.655338287353516,4.041543960571289,7.470674514770508,2.9525599479675293,18.36870765686035,10.331296920776367
1998-05-01,22.042560577392578,3.6387858390808105,8.538066864013672,7.93186616897583,21.047611236572266,8.080493927001953
1998-06-01,4.591275691986084,2.4574975967407227,3.129805326461792,2.5799429416656494,13.405795097351074,0.30639830231666565
1998-07-01,1.7234861850738525,2.3246428966522217,3.630572557449341,4.150988578796387,9.569413185119629,7.276051998138428
1998-08-01,5.935831069946289,4.027555465698242,2.6945648193359375,4.449453830718994,6.999465465545654,6.708064556121826
1998-09-01,4.520766735076904,1.7217265367507935,4.324556350708008,7.59096097946167,5.978815078735352,7.555094242095947
1998-10-01,6.468749046325684,3.994502544403076,7.063660621643066,8.964556694030762,7.71649694442749,3.9395666122436523
1998-11-01,12.612543106079102,7.5334248542785645,9.069884300231934,5.539458274841309,14.026354789733887,11.935212135314941
1998-12-01,10.972518920898438,5.510813236236572,11.842353820800781,6.550692558288574,17.21811866760254,7.135503768920898
1999-01-01,16.623058319091797,7.261334419250488,7.683367729187012,10.73694133758545,23.23137092590332,12.569944381713867
1999-02-01,25.005239486694336,8.808234214782715,7.950377941131592,14.25432014465332,36.99445343017578,13.383223533630371
1999-03-01,26.219449996948242,8.146302223205566,8.72274112701416,8.569986343383789,34.617679595947266,7.355071067810059
1999-04-01,16.78553581237793,6.724350452423096,9.888631820678711,6.60097599029541,22.8104248046875,11.401962280273438
1999-05-01,15.323593139648438,0.9289556741714478,8.193336486816406,2.73150634765625,16.76805305480957,4.901096343994141
1999-06-01,8.04383659362793,1.4586049318313599,7.6841840744018555,4.3525567054748535,12.833334922790527,2.0801219940185547
1999-07-01,4.052402496337891,1.8261606693267822,3.261852264404297,3.6561074256896973,11.283289909362793,10.543256759643555
1999-08-01,2.024415969848633,4.269146919250488,2.0402719974517822,7.290407180786133,4.9563069343566895,17.378480911254883
1999-09-01,2.2093939781188965,1.8755356073379517,2.566972494125366,9.987276077270508,4.579313278198242,4.947859764099121
1999-10-01,5.345919132232666,1.3303751945495605,9.402632713317871,11.797900199890137,5.862600803375244,3.9739959239959717
1999-11-01,22.902061462402344,3.63409423828125,10.357181549072266,5.581571102142334,12.612990379333496,12.038704872131348
1999-12-01,20.74798011779785,3.780540704727173,8.730379104614258,16.623430252075195,17.674638748168945,15.880274772644043
2000-01-01,19.310029983520508,7.033634662628174,6.491482734680176,13.286178588867188,28.537752151489258,6.996795654296875
2000-02-01,24.473888397216797,9.398801803588867,10.041237831115723,17.13550567626953,31.199703216552734,12.544852256774902
2000-03-01,22.36431121826172,9.398907661437988,7.554769515991211,10.205535888671875,30.78960418701172,5.6464691162109375
2000-04-01,19.790620803833008,5.199161052703857,10.03431224822998,8.015619277954102,28.297819137573242,8.54979419708252
2000-05-01,10.992097854614258,2.0807690620422363,3.733393430709839,1.066184639930725,22.423391342163086,2.6010658740997314
2000-06-01,2.6653525829315186,2.2106146812438965,4.126243591308594,4.802578926086426,15.135612487792969,3.477017879486084
2000-07-01,6.121289253234863,2.4831671714782715,3.341629981994629,1.8256152868270874,9.290968894958496,6.8505096435546875
2000-08-01,3.1133077144622803,3.273188352584839,4.203351020812988,4.390336513519287,13.091717720031738,7.435097694396973
2000-09-01,3.6245293617248535,1.7693644762039185,3.9494218826293945,7.799672603607178,4.297190189361572,4.490478992462158
2000-10-01,2.2292001247406006,8.754673957824707,3.4895856380462646,2.8244547843933105,4.948955059051514,3.610585927963257
2000-11-01,12.34187126159668,5.145880222320557,9.9431734085083,3.1652936935424805,11.020289421081543,8.612557411193848
2000-12-01,13.470529556274414,6.997659683227539,22.935646057128906,12.12108039855957,14.299598693847656,20.847726821899414
2001-01-01,20.60345458984375,9.214661598205566,16.27686882019043,11.106856346130371,17.46150779724121,13.156189918518066
2001-02-01,17.368459701538086,20.345333099365234,9.869548797607422,20.900564193725586,20.68183708190918,20.792476654052734
2001-03-01,18.53331756591797,5.592619895935059,17.042802810668945,9.11148452758789,21.410905838012695,10.772582054138184
2001-04-01,15.058100700378418,8.115093231201172,6.064028263092041,9.753705024719238,26.254648208618164,8.79423713684082
2001-05-01,11.164210319519043,3.414031982421875,16.433311462402344,1.8385547399520874,15.739506721496582,8.412334442138672
2001-06-01,3.2601406574249268,3.116098165512085,8.97935962677002,3.457641363143921,15.411752700805664,2.804596185684204
2001-07-01,4.827349662780762,4.079438209533691,4.795020580291748,3.009701728820801,12.702465057373047,6.409745216369629
2001-08-01,5.196011066436768,2.8885974884033203,2.378990650177002,3.541253089904785,10.11817455291748,8.65268325805664
2001-09-01,1.9347541332244873,1.9633809328079224,7.2895917892456055,6.32089376449585,6.607263565063477,5.550961494445801
2001-10-01,6.503081321716309,3.8724961280822754,9.051517486572266,4.945748805999756,8.853194236755371,4.520596027374268
2001-11-01,24.438770294189453,5.361059188842773,8.169645309448242,6.424252033233643,14.4822416305542,11.030221939086914
2001-12-01,12.068685531616211,9.593852996826172,14.141610145568848,11.426640510559082,21.03206443786621,24.989439010620117
2002-01-01,17.115673065185547,10.113110542297363,16.90728759765625,14.179522514343262,17.306859970092773,21.665786743164062
2002-02-01,17.939422607421875,11.151689529418945,12.338825225830078,17.292966842651367,19.887659072875977,20.587800979614258
2002-03-01,14.284300804138184,9.246583938598633,10.515144348144531,8.529056549072266,21.69715118408203,14.750349044799805
2002-04-01,17.586341857910156,6.088936805725098,5.032647132873535,7.420102596282959,27.915119171142578,7.2286057472229
2002-05-01,13.079848289489746,7.003593921661377,4.563649654388428,2.0088350772857666,15.881736755371094,11.047142028808594
2002-06-01,6.520389556884766,1.8223867416381836,5.078060626983643,5.225117206573486,13.715593338012695,2.2411530017852783
2002-07-01,2.650087356567383,4.670540809631348,2.6740634441375732,4.171615123748779,10.129022598266602,2.405958890914917
2002-08-01,4.029630661010742,4.954297065734863,3.0283172130584717,4.771063804626465,6.2265472412109375,6.743728160858154
2002-09-01,3.8559796810150146,4.838893413543701,6.2225775718688965,6.176337242126465,6.846571445465088,3.6229445934295654
2002-10-01,5.971997261047363,9.228498458862305,13.137431144714355,4.9416375160217285,6.568267822265625,3.984326124191284
2002-11-01,9.877761840820312,8.97714614868164,8.578678131103516,3.8568692207336426,7.750008583068848,8.085298538208008
2002-12-01,16.693464279174805,5.080532550811768,20.248937606811523,9.349145889282227,13.454899787902832,25.614439010620117
2003-01-01,24.9217529296875,5.426080226898193,15.557430267333984,10.955222129821777,20.830102920532227,25.625526428222656
2003-02-01,20.087644577026367,9.026585578918457,16.923072814941406,15.488029479980469,17.575441360473633,14.277896881103516
2003-03-01,21.1103515625,7.986898422241211,16.308612823486328,6.12671422958374,17.442401885986328,13.51003646850586
2003-04-01,16.774765014648438,6.0600361824035645,14.161513328552246,3.5971174240112305,19.80523109436035,11.141719818115234
2003-05-01,9.48851490020752,6.400008201599121,7.91899299621582,2.0030441284179688,13.213353157043457,10.202982902526855
2003-06-01,1.7606029510498047,2.334644317626953,5.150678634643555,7.0441741943359375,12.654027938842773,4.8214921951293945
2003-07-01,8.844513893127441,2.2718734741210938,1.3383140563964844,2.3117716312408447,13.602041244506836,7.872684001922607
2003-08-01,8.754595756530762,3.8608527183532715,8.176474571228027,4.5696330070495605,8.285270690917969,11.07674503326416
2003-09-01,0.4445071220397949,4.817351341247559,4.4991774559021,4.575272560119629,2.5293734073638916,7.281060695648193
2003-10-01,6.153829574584961,6.109521865844727,8.436443328857422,7.52308988571167,6.130948543548584,4.942713260650635
2003-11-01,10.359971046447754,2.9661777019500732,10.36152458190918,4.571650505065918,13.320838928222656,9.236300468444824
2003-12-01,21.145963668823242,5.133525371551514,7.554407119750977,9.193943977355957,20.5559139251709,17.068918228149414
2004-01-01,25.04021644592285,6.732516288757324,12.126379013061523,9.751686096191406,28.816587448120117,16.375728607177734
2004-02-01,20.320457458496094,4.486896991729736,15.04964542388916,9.948593139648438,19.399883270263672,15.627129554748535
2004-03-01,20.47549819946289,7.07312536239624,12.6176176071167,13.896498680114746,21.736562728881836,13.406457901000977
2004-04-01,26.075132369995117,5.267057418823242,10.545819282531738,8.465824127197266,27.559656143188477,7.582714080810547
2004-05-01,20.509124755859375,2.4624345302581787,4.366018772125244,1.9540549516677856,21.161279678344727,6.086446762084961
2004-06-01,1.2763330936431885,3.9742541313171387,9.55224895477295,4.5444512367248535,10.950279235839844,0.7765100002288818
2004-07-01,8.539922714233398,3.1966378688812256,3.989513874053955,4.689075469970703,15.012325286865234,8.920645713806152
2004-08-01,5.763829708099365,3.9728991985321045,2.220446825027466,3.6764094829559326,11.179198265075684,9.541467666625977
2004-09-01,5.187201976776123,2.8877835273742676,5.379133701324463,6.444952487945557,8.282002449035645,5.481831073760986
2004-10-01,9.282933235168457,2.3531198501586914,10.765158653259277,6.571606159210205,7.96108341217041,6.616347312927246
2004-11-01,15.739852905273438,3.171299457550049,9.506760597229004,2.3606667518615723,12.28502368927002,7.765395164489746
2004-12-01,19.286699295043945,6.58190393447876,7.474315643310547,12.923386573791504,18.68280601501465,11.11075210571289
2005-01-01,20.327985763549805,9.185203552246094,8.710845947265625,16.570022583007812,32.01575469970703,16.490053176879883
2005-02-01,25.348094940185547,10.67171859741211,8.353067398071289,14.830000877380371,27.934171676635742,17.47659683227539
2005-03-01,22.778907775878906,3.8866729736328125,19.327260971069336,5.754173278808594,18.21875762939453,15.761947631835938
2005-04-01,23.626710891723633,4.485978126525879,10.870339393615723,5.8222808837890625,22.752119064331055,11.59994888305664
2005-05-01,19.171634674072266,1.4352264404296875,13.618189811706543,3.0655367374420166,13.69235897064209,11.751638412475586
2005-06-01,4.757012367248535,6.608157634735107,5.720043182373047,6.638583183288574,4.3576483726501465,2.485664129257202
2005-07-01,3.9508044719696045,3.2660562992095947,5.0015549659729,5.21720027923584,12.232263565063477,7.1800127029418945
2005-08-01,2.494018316268921,3.2158894538879395,2.046553373336792,5.140120983123779,3.2815966606140137,9.347817420959473
2005-09-01,4.338832378387451,2.4827723503112793,5.7949748039245605,6.590012073516846,3.4243621826171875,4.728704452514648
2005-10-01,6.553755760192871,3.306199073791504,13.327343940734863,13.46712875366211,3.6189239025115967,5.255198001861572
2005-11-01,17.187885284423828,1.165250539779663,10.153369903564453,6.069937229156494,15.673894882202148,10.608149528503418
2005-12-01,18.63727378845215,6.002421855926514,11.204570770263672,8.692354202270508,16.628080368041992,15.681581497192383
2006-01-01,18.23151206970215,10.610443115234375,13.507379531860352,16.806562423706055,23.123228073120117,11.777734756469727
2006-02-01,20.223642349243164,6.767450332641602,13.460440635681152,12.391526222229004,21.840852737426758,14.964764595031738
2006-03-01,22.884424209594727,7.9640421867370605,15.623430252075195,9.276642799377441,33.06898498535156,17.78094482421875
2006-04-01,21.87533187866211,6.6164326667785645,8.422466278076172,7.609750747680664,24.82370376586914,8.080131530761719
2006-05-01,16.450830459594727,0.8287543058395386,11.78808307647705,1.5968270301818848,12.255525588989258,3.3458688259124756
2006-06-01,8.616571426391602,1.434032917022705,2.7743003368377686,5.3030877113342285,11.431829452514648,2.1593947410583496
2006-07-01,7.025700569152832,4.247867584228516,4.654689788818359,3.7566277980804443,8.852462768554688,6.302002906799316
2006-08-01,3.164523124694824,2.5201995372772217,3.82299542427063,4.895195007324219,10.484124183654785,9.25709342956543
2006-09-01,3.1861441135406494,1.7054702043533325,4.084255695343018,4.449429035186768,3.7171356678009033,5.6020708084106445
2006-10-01,6.357407093048096,4.86683988571167,12.11979866027832,5.0795578956604,6.8609466552734375,4.076154708862305
2006-11-01,14.962822914123535,7.329820156097412,10.139357566833496,5.026841640472412,10.127424240112305,6.6075592041015625
2006-12-01,13.460299491882324,9.324345588684082,11.538606643676758,4.659612655639648,11.40833568572998,14.802591323852539
2007-01-01,13.423449516296387,11.154403686523438,9.795283317565918,12.758697509765625,17.679946899414062,24.076169967651367
2007-02-01,23.97246551513672,4.752586841583252,20.802988052368164,5.400684833526611,16.671064376831055,19.1754207611084
2007-03-01,22.638376235961914,9.524965286254883,10.18497371673584,7.310989856719971,24.505165100097656,13.979910850524902
2007-04-01,23.050325393676758,1.9366708993911743,15.351146697998047,6.271374225616455,18.38128089904785,10.114398956298828
2007-05-01,18.217979431152344,2.2931854724884033,8.921001434326172,6.533764839172363,17.296228408813477,6.833094596862793
2007-06-01,7.288422107696533,6.429849147796631,8.739827156066895,6.02116060256958,9.02519702911377,1.7228749990463257
2007-07-01,3.8744356632232666,1.4280918836593628,1.3050955533981323,5.9568915367126465,9.926852226257324,9.71757984161377
2007-08-01,4.699769973754883,3.6911091804504395,0.5803496241569519,7.515880584716797,9.88393783569336,11.362102508544922
2007-09-01,3.5322930812835693,3.446474313735962,5.682186603546143,7.286826133728027,8.394410133361816,6.716127395629883
2007-10-01,7.382174015045166,4.161277770996094,8.230030059814453,9.578313827514648,8.606718063354492,5.080268383026123
2007-11-01,18.25700569152832,5.7574028968811035,9.151098251342773,6.739523887634277,13.593770980834961,9.672578811645508
2007-12-01,14.967347145080566,4.372323989868164,11.966230392456055,12.94564151763916,13.668992042541504,8.632322311401367
2008-01-01,17.593244552612305,8.819308280944824,7.262025833129883,22.809621810913086,23.5059757232666,18.11255645751953
2008-02-01,20.630632400512695,6.342967987060547,9.653566360473633,12.810571670532227,19.326868057250977,13.425204277038574
2008-03-01,20.75637435913086,7.0223798751831055,7.586557865142822,7.0286383628845215,20.275419235229492,6.187946796417236
2008-04-01,14.245516777038574,5.580891132354736,12.16815185546875,4.764988422393799,24.57326889038086,9.874287605285645
2008-05-01,12.17652416229248,4.091378211975098,4.2130351066589355,4.093546390533447,15.935707092285156,2.1095383167266846
2008-06-01,2.5500476360321045,0.715567946434021,5.898172855377197,4.957455635070801,16.22471809387207,2.8513309955596924
2008-07-01,2.249142646789551,2.6641809940338135,1.3601101636886597,5.151325225830078,6.648744106292725,8.745285987854004
2008-08-01,3.0274903774261475,4.165990352630615,1.8144149780273438,6.921818733215332,8.165742874145508,11.72083568572998
2008-09-01,6.999343395233154,4.45442008972168,3.6936330795288086,7.551114082336426,7.054065704345703,6.495455265045166
2008-10-01,7.596684455871582,1.6832599639892578,9.724617004394531,7.976556777954102,6.811795711517334,2.7110180854797363
2008-11-01,22.227983474731445,1.5495922565460205,5.257291316986084,5.921302795410156,16.699132919311523,11.224815368652344
2008-12-01,16.032438278198242,5.166572570800781,7.032961845397949,15.925445556640625,15.602852821350098,9.953630447387695
2009-01-01,18.420522689819336,6.397215366363525,13.618448257446289,9.26356315612793,20.783218383789062,14.414916038513184
2009-02-01,25.556486129760742,8.2770414352417,14.619966506958008,10.431365013122559,28.379974365234375,14.67733097076416
2009-03-01,18.74568748474121,10.527833938598633,8.527873992919922,16.63460922241211,33.42863464355469,10.9152250289917
2009-04-01,23.78873634338379,5.9513959884643555,4.577942848205566,7.446506977081299,25.94489097595215,5.4704813957214355
2009-05-01,9.96854305267334,7.380346775054932,5.3594136238098145,1.9261260032653809,17.900014877319336,9.56138801574707
2009-06-01,5.530583381652832,4.7472004890441895,5.54334020614624,3.4359476566314697,10.537335395812988,2.5953822135925293
2009-07-01,4.317134380340576,3.946920394897461,2.1807868480682373,1.7768124341964722,10.331375122070312,3.910452365875244
2009-08-01,5.319909572601318,3.854393720626831,1.911148190498352,3.2661678791046143,11.833504676818848,7.850100040435791
2009-09-01,6.056771755218506,6.36216926574707,5.458408355712891,2.2831530570983887,10.269174575805664,4.693628787994385
2009-10-01,1.8670734167099,5.708769798278809,10.667427062988281,2.1077466011047363,2.0989999771118164,4.404839038848877
2009-11-01,13.150519371032715,7.514227867126465,12.34792709350586,2.1983423233032227,11.656827926635742,13.412981986999512
2009-12-01,15.760720252990723,9.892129898071289,15.738052368164062,6.3936991691589355,12.057833671569824,24.566600799560547
2010-01-01,22.8144588470459,7.752133846282959,17.917991638183594,14.3440523147583,18.66428565979004,25.102432250976562
2010-02-01,23.676313400268555,11.121975898742676,24.487613677978516,12.483607292175293,19.793495178222656,26.577075958251953
2010-03-01,25.154420852661133,4.241819381713867,21.543537139892578,2.903533697128296,19.075654983520508,18.462080001831055
2010-04-01,25.532968521118164,4.05924654006958,14.01158332824707,5.432322025299072,22.703577041625977,13.270407676696777
2010-05-01,14.219852447509766,2.092179775238037,14.872232437133789,3.3027942180633545,14.586755752563477,7.135700702667236
2010-06-01,3.7131476402282715,2.796156167984009,3.3582966327667236,8.064669609069824,10.322608947753906,2.906062602996826
2010-07-01,3.919250249862671,4.715760707855225,2.2307918071746826,9.364983558654785,13.139381408691406,5.561440467834473
2010-08-01,2.1525661945343018,3.331796884536743,4.858185291290283,9.082645416259766,6.572084903717041,9.300158500671387
2010-09-01,1.3162875175476074,5.007452964782715,6.978662967681885,12.276922225952148,2.710355043411255,9.798373222351074
2010-10-01,9.70168399810791,3.095015525817871,7.168331146240234,7.611844062805176,7.037574768066406,1.7956277132034302
2010-11-01,18.55621910095215,3.934368133544922,9.579886436462402,6.272581577301025,15.811934471130371,9.511144638061523
2010-12-01,26.538137435913086,5.01775598526001,15.98597526550293,7.816732406616211,21.521791458129883,12.911441802978516
2011-01-01,21.668664932250977,7.213998794555664,16.072399139404297,16.07835578918457,23.63947868347168,19.425161361694336
2011-02-01,18.752914428710938,7.017366886138916,15.673571586608887,1.515108346939087,19.57919692993164,8.724409103393555
2011-03-01,25.776533126831055,6.900313377380371,8.443604469299316,5.694273948669434,28.799903869628906,6.24103307723999
2011-04-01,18.642019271850586,4.604409217834473,11.17807674407959,4.560435771942139,27.140628814697266,10.661510467529297
2011-05-01,21.602542877197266,3.3084683418273926,6.582346439361572,0.5320084095001221,19.791393280029297,8.385679244995117
2011-06-01,7.939315319061279,3.483367443084717,8.469451904296875,6.254757404327393,13.285694122314453,2.938093662261963
2011-07-01,4.719583034515381,3.926462173461914,1.2197397947311401,4.9447431564331055,9.632987976074219,4.4206318855285645
2011-08-01,5.283299922943115,4.012811660766602,4.823136806488037,6.589747905731201,10.455595016479492,9.805695533752441
2011-09-01,4.687001705169678,3.497678518295288,8.894842147827148,5.85957670211792,7.8940348625183105,6.624665260314941
2011-10-01,6.179708480834961,0.5944677591323853,7.784919261932373,10.428781509399414,6.906855583190918,2.421114683151245
2011-11-01,11.037617683410645,2.002939224243164,13.460052490234375,2.5746712684631348,14.35447883605957,8.801726341247559
2011-12-01,11.992440223693848,9.92058277130127,6.190727233886719,9.846585273742676,17.505292892456055,18.5112361907959
2012-01-01,20.022382736206055,10.018150329589844,4.500755786895752,15.427851676940918,31.51014518737793,17.846477508544922
2012-02-01,21.447439193725586,9.688485145568848,9.132206916809082,9.629362106323242,20.941022872924805,17.084936141967773
2012-03-01,18.400903701782227,12.550116539001465,8.617789268493652,17.30913543701172,37.44521713256836,16.16972541809082
2012-04-01,20.815942764282227,4.861310005187988,4.215336799621582,6.016003608703613,26.151620864868164,11.176717758178711
2012-05-01,10.50582218170166,6.241351127624512,8.480910301208496,2.315948963165283,12.629735946655273,6.493690490722656
2012-06-01,5.530160427093506,3.790919780731201,7.4030327796936035,6.1251091957092285,7.8655476570129395,3.2972846031188965
2012-07-01,7.468673229217529,2.3385677337646484,3.6882569789886475,1.8046395778656006,13.947051048278809,8.160179138183594
2012-08-01,6.8585896492004395,3.1692919731140137,3.1381170749664307,5.963921070098877,12.808655738830566,8.951519012451172
2012-09-01,3.128654718399048,8.233870506286621,1.7605277299880981,2.9430735111236572,3.6582868099212646,7.322597026824951
2012-10-01,4.8740763664245605,2.1605381965637207,5.732767105102539,5.884312629699707,7.42600154876709,3.226659059524536
2012-11-01,21.077167510986328,3.344931125640869,11.413769721984863,5.267702102661133,17.23014259338379,12.497161865234375
2012-12-01,20.152620315551758,7.306110382080078,12.938838005065918,6.602377891540527,19.395732879638672,14.99738597869873
2013-01-01,10.061695098876953,14.420732498168945,15.343439102172852,13.592283248901367,15.718914985656738,19.539674758911133
2013-02-01,21.645376205444336,6.530696868896484,11.361188888549805,7.662436008453369,18.228195190429688,17.3070068359375
2013-03-01,28.843040466308594,5.656319618225098,23.85888671875,11.458904266357422,21.400320053100586,16.60594940185547
2013-04-01,15.29012393951416,4.770745754241943,9.8341703414917,4.147157669067383,24.77666664123535,7.422878265380859
2013-05-01,16.23773956298828,2.36915922164917,2.932309865951538,4.798115253448486,18.53944206237793,6.205460548400879
2013-06-01,6.974392414093018,2.51415753364563,1.973690152168274,5.733891010284424,16.11541748046875,2.453146457672119
2013-07-01,6.146247863769531,0.5457046031951904,2.543389081954956,3.7808709144592285,13.72915267944336,8.832042694091797
2013-08-01,1.8365551233291626,2.836005210876465,3.3097102642059326,4.649454116821289,10.574191093444824,12.104759216308594
2013-09-01,3.8532028198242188,4.164246559143066,4.690035820007324,7.038608074188232,5.308770179748535,6.306072235107422
2013-10-01,4.408656597137451,3.6942615509033203,12.91991901397705,7.957243919372559,6.505861282348633,5.103616714477539
2013-11-01,12.751662254333496,6.219311237335205,8.163114547729492,2.0182816982269287,10.389892578125,12.149513244628906
2013-12-01,9.148706436157227,10.892690658569336,14.109664916992188,11.82181453704834,11.683586120605469,15.594609260559082
2014-01-01,17.469541549682617,10.841082572937012,8.995001792907715,16.864694595336914,17.613588333129883,16.722803115844727
2014-02-01,17.351749420166016,5.231265544891357,12.31385326385498,13.452611923217773,21.22339630126953,14.799570083618164
2014-03-01,22.140039443969727,5.08419132232666,11.11982536315918,8.892534255981445,19.97679328918457,13.426127433776855
2014-04-01,16.137170791625977,9.100083351135254,7.667822360992432,4.3765106201171875,21.279470443725586,11.263192176818848
2014-05-01,10.887480735778809,7.296925067901611,10.472346305847168,4.79068660736084,16.239229202270508,4.987180709838867
2014-06-01,3.4821205139160156,8.969016075134277,3.3774945735931396,2.871647596359253,14.552550315856934,1.8872721195220947
2014-07-01,6.701888561248779,5.746057033538818,6.5846171379089355,3.8428173065185547,13.020021438598633,2.845893383026123
2014-08-01,1.8111401796340942,4.572957515716553,2.250654697418213,2.8954579830169678,7.4758076667785645,9.223647117614746
2014-09-01,1.0805230140686035,6.123000144958496,5.960635662078857,5.985096454620361,9.061367988586426,7.099928855895996
2014-10-01,2.077413558959961,7.614046096801758,10.832926750183105,5.510270595550537,1.0592241287231445,4.244633674621582
2014-11-01,9.140331268310547,4.702132701873779,7.8182692527771,2.9260663986206055,11.685023307800293,8.429429054260254
2014-12-01,20.245010375976562,9.327807426452637,8.265162467956543,11.75297737121582,19.10711097717285,16.461549758911133
2015-01-01,17.330087661743164,13.958640098571777,5.309068202972412,9.811073303222656,16.944812774658203,23.168928146362305
2015-02-01,21.551969528198242,7.271581649780273,6.965000629425049,10.107796669006348,21.31641387939453,20.027137756347656
2015-03-01,16.19508934020996,11.148590087890625,9.165821075439453,9.0802001953125,15.6884183883667,10.720328330993652
2015-04-01,15.041878700256348,8.470173835754395,14.676531791687012,7.343529224395752,21.227806091308594,10.45506763458252
2015-05-01,13.154720306396484,8.616250991821289,10.221647262573242,2.889345645904541,18.491655349731445,12.34008502960205
2015-06-01,3.750247001647949,12.598061561584473,5.262315273284912,4.204522132873535,8.974690437316895,2.163452386856079
2015-07-01,2.9478349685668945,8.346569061279297,5.137529373168945,3.3558435440063477,10.709555625915527,4.233168601989746
2015-08-01,3.749610662460327,4.443577289581299,1.074626088142395,3.915644645690918,11.052156448364258,8.454920768737793
2015-09-01,5.275052547454834,8.720800399780273,3.339644193649292,4.114051818847656,8.256448745727539,3.9578893184661865
2015-10-01,3.8919789791107178,12.755372047424316,10.174692153930664,4.8582940101623535,3.4330968856811523,3.8203816413879395
2015-11-01,5.525669097900391,10.866996765136719,12.376213073730469,1.6012670993804932,7.296731472015381,12.561190605163574
2015-12-01,3.7963883876800537,20.504844665527344,16.429901123046875,7.92434024810791,11.785658836364746,28.14363670349121
2016-01-01,22.086027145385742,7.7434916496276855,14.549334526062012,6.780224323272705,20.174270629882812,31.62972640991211
2016-02-01,25.894184112548828,9.43502426147461,11.00756549835205,13.094611167907715,21.72126579284668,30.837312698364258
2016-03-01,23.290355682373047,4.7341437339782715,9.406059265136719,10.473183631896973,23.015262603759766,13.54090690612793
2016-04-01,20.839950561523438,7.817366123199463,13.322979927062988,0.7790086269378662,20.741840362548828,16.83236312866211
2016-05-01,8.515398025512695,8.447827339172363,9.439414978027344,5.009458541870117,16.177701950073242,5.4079742431640625
2016-06-01,2.2388882637023926,5.330311298370361,6.447314739227295,5.1189961433410645,7.917798042297363,1.7238689661026
2016-07-01,2.096749782562256,2.1681361198425293,4.6284565925598145,4.120661735534668,9.810643196105957,9.082974433898926
2016-08-01,1.6917892694473267,4.048769950866699,2.6140120029449463,4.4824042320251465,6.786831855773926,7.844925880432129
2016-09-01,0.4498284161090851,2.5470235347747803,5.057114124298096,5.734373092651367,6.055767059326172,7.7376322746276855
2016-10-01,5.89840030670166,3.9557301998138428,8.084628105163574,5.696230411529541,5.945004940032959,4.146512508392334
2016-11-01,20.90592384338379,0.6847695112228394,8.45158863067627,5.437756538391113,16.556129455566406,12.091123580932617
2016-12-01,13.880613327026367,7.633858680725098,11.541800498962402,11.576024055480957,14.561576843261719,12.47862720489502
2017-01-01,14.163389205932617,8.724040031433105,7.598083972930908,10.954099655151367,22.342632293701172,14.332725524902344
2017-02-01,19.056791305541992,8.678715705871582,10.721918106079102,8.105657577514648,22.28337860107422,12.481273651123047
2017-03-01,27.07421875,6.372856140136719,12.077000617980957,6.795196533203125,28.982023239135742,13.18327522277832
2017-04-01,21.956811904907227,6.937920570373535,4.2496209144592285,4.19590425491333,25.56924819946289,10.792201042175293
2017-05-01,11.851127624511719,3.981452703475952,13.524560928344727,4.407061576843262,17.737686157226562,4.6218743324279785
2017-06-01,4.172847747802734,0.7051408290863037,5.857219219207764,7.699702262878418,14.40125846862793,2.168285846710205
2017-07-01,2.5979580879211426,3.5346856117248535,1.854520559310913,3.2175559997558594,9.003411293029785,6.922481536865234
2017-08-01,1.8399021625518799,2.061951160430908,3.8948001861572266,4.2853169441223145,8.750805854797363,9.572135925292969
2017-09-01,7.434316635131836,3.3617804050445557,4.758252143859863,6.680948257446289,7.792475700378418,4.533727645874023
2017-10-01,8.793463706970215,6.0139288902282715,7.603817939758301,5.438203811645508,7.2230072021484375,8.58979606628418
2017-11-01,19.064468383789062,3.424407482147217,13.90550422668457,9.087664604187012,13.887059211730957,12.169743537902832
2017-12-01,14.234905242919922,4.7183709144592285,7.305845737457275,16.814197540283203,15.785411834716797,13.89492416381836
2018-01-01,19.273704528808594,10.434407234191895,5.898234844207764,12.883925437927246,19.029619216918945,18.27439308166504
2018-02-01,12.17675495147705,9.24481201171875,9.23408317565918,18.168336868286133,27.78113555908203,12.439132690429688
2018-03-01,15.683492660522461,6.696310520172119,14.702535629272461,16.69222640991211,26.52216339111328,17.925413131713867
2018-04-01,14.426231384277344,6.875087261199951,6.842992782592773,3.6571457386016846,19.66804313659668,11.410337448120117
2018-05-01,14.00570011138916,5.853708744049072,2.155076742172241,3.433276414871216,15.108929634094238,3.8747971057891846
2018-06-01,6.135188579559326,3.991692543029785,3.155040979385376,4.4927520751953125,9.409542083740234,2.2563493251800537
2018-07-01,4.986724376678467,3.853186845779419,0.6559772491455078,1.5348151922225952,7.605747699737549,8.613784790039062
2018-08-01,2.7895939350128174,4.481753826141357,5.411855220794678,2.9620308876037598,7.324179649353027,9.509695053100586
2018-09-01,2.6096184253692627,2.094844102859497,2.170022964477539,3.502216339111328,8.715765953063965,6.729416370391846
2018-10-01,6.92170524597168,3.974468231201172,7.2413530349731445,5.563816070556641,10.841948509216309,4.785717964172363
2018-11-01,9.874077796936035,5.869551658630371,13.235766410827637,3.3990824222564697,14.872440338134766,14.627970695495605
2018-12-01,13.865523338317871,12.078230857849121,13.449270248413086,9.008978843688965,12.88337230682373,15.734892845153809
2019-01-01,16.619550704956055,12.594080924987793,7.730284214019775,16.436595916748047,16.572237014770508,22.576435089111328
2019-02-01,14.75153636932373,10.129907608032227,14.270384788513184,16.076719284057617,19.49519157409668,23.062931060791016
2019-03-01,18.90557289123535,4.978265285491943,12.262144088745117,8.755648612976074,19.845104217529297,9.612351417541504
2019-04-01,20.191024780273438,5.138953685760498,6.749800682067871,5.634645938873291,25.458648681640625,7.72927713394165
2019-05-01,9.458160400390625,4.648098945617676,9.418423652648926,0.7931627035140991,20.1091251373291,7.15183162689209
2019-06-01,5.1725592613220215,10.810423851013184,7.6153459548950195,3.570711374282837,11.487894058227539,1.5644530057907104
2019-07-01,3.833009958267212,3.669705390930176,2.607761859893799,2.2467334270477295,8.421808242797852,8.971760749816895
2019-08-01,3.9873526096343994,3.7315776348114014,2.028632402420044,3.2547924518585205,9.713499069213867,13.670395851135254
2019-09-01,2.5065197944641113,2.5913658142089844,4.546412944793701,5.385567665100098,4.2491655349731445,6.768945693969727
2019-10-01,3.8836100101470947,6.072577953338623,4.910202980041504,5.491932392120361,4.849398136138916,0.9717697501182556
2019-11-01,13.084996223449707,6.611655235290527,3.729069948196411,2.747689962387085,11.233168601989746,6.477838039398193
2019-12-01,14.08364200592041,9.108626365661621,10.886453628540039,6.750879287719727,17.314428329467773,14.687922477722168
2020-01-01,18.5251522064209,13.680953979492188,9.227953910827637,16.89739990234375,21.165205001831055,21.641054153442383
2020-02-01,16.114952087402344,11.828594207763672,8.233360290527344,16.166484832763672,16.902740478515625,18.967254638671875
2020-03-01,15.249006271362305,8.384073257446289,9.449993133544922,14.765213966369629,29.276256561279297,6.341672897338867
2020-04-01,16.853044509887695,3.7638068199157715,11.946141242980957,6.814119815826416,14.00467300415039,9.224507331848145
2020-05-01,17.020008087158203,4.821281433105469,12.274806022644043,0.32919320464134216,16.13846206665039,5.0866498947143555
2020-06-01,6.600580215454102,1.778161883354187,2.361595869064331,5.594188690185547,9.89664077758789,2.4873480796813965
2020-07-01,5.612161159515381,2.7397611141204834,3.08263897895813,6.067934036254883,9.324588775634766,10.908239364624023
2020-08-01,3.20754337310791,2.879300832748413,4.675017356872559,5.969301223754883,6.2291789054870605,8.711199760437012
2020-09-01,3.157360792160034,2.24544095993042,4.437048435211182,6.046456813812256,4.9846367835998535,8.456119537353516
2020-10-01,9.02762222290039,5.322301864624023,6.949499130249023,6.961702823638916,8.327396392822266,1.1974066495895386
2020-11-01,18.112201690673828,1.5375529527664185,8.682499885559082,7.325405597686768,15.5837984085083,7.254262924194336
2020-12-01,20.332971572875977,8.041301727294922,5.214539527893066,10.416056632995605,15.44780158996582,8.607402801513672
2021-01-01,18.472009658813477,9.282888412475586,13.021509170532227,12.002288818359375,16.430152893066406,15.147645950317383
2021-02-01,17.456926345825195,5.232048034667969,15.083504676818848,14.085827827453613,20.1463565826416,17.769458770751953
2021-03-01,18.357576370239258,5.8068366050720215,9.444629669189453,5.217514991760254,24.676895141601562,5.859062194824219
2021-04-01,22.90138053894043,7.45363712310791,10.389836311340332,5.82905912399292,21.088542938232422,11.38806438446045
2021-05-01,15.203470230102539,3.328023910522461,9.111981391906738,1.2106289863586426,18.392559051513672,7.168768405914307
2021-06-01,5.968957901000977,1.8115968704223633,5.409584999084473,4.344961166381836,19.076143264770508,1.60011887550354
2021-07-01,3.9227635860443115,3.7320525646209717,1.5562829971313477,4.046109199523926,10.843193054199219,7.4327826499938965
2021-08-01,6.382341384887695,2.610193967819214,2.573498487472534,5.319549560546875,9.832093238830566,11.075017929077148
2021-09-01,0.6323235630989075,1.7490341663360596,2.972688913345337,5.221745014190674,5.419068813323975,8.066335678100586
2021-10-01,6.154332637786865,2.9450180530548096,10.240801811218262,5.152777671813965,5.52811861038208,2.363084316253662
2021-11-01,15.275951385498047,3.460325002670288,7.710679531097412,5.023003578186035,11.373605728149414,7.865453720092773
2021-12-01,17.10947608947754,9.73276424407959,11.301403045654297,12.985125541687012,26.78963279724121,14.712709426879883
2022-01-01,20.12477684020996,6.954365253448486,12.12192153930664,14.06656551361084,21.9610595703125,19.30653190612793
2022-02-01,21.775646209716797,5.882436752319336,9.38273811340332,5.178945064544678,20.493925094604492,11.112032890319824
2022-03-01,18.52666473388672,6.953121662139893,13.084839820861816,6.233134746551514,21.142385482788086,12.128960609436035
2022-04-01,19.17759895324707,5.169515132904053,10.241806983947754,3.163809061050415,23.981761932373047,7.252737522125244
2022-05-01,11.281417846679688,4.055370330810547,7.477346420288086,3.9113941192626953,17.68842124938965,7.126703262329102
2022-06-01,3.7152340412139893,3.50925874710083,2.9493513107299805,9.660158157348633,11.112589836120605,3.687997341156006
2022-07-01,3.7517287731170654,0.9570363163948059,7.74200963973999,3.763765811920166,11.761908531188965,8.077027320861816
2022-08-01,4.947656631469727,2.627976655960083,4.32914924621582,4.357967853546143,8.948755264282227,11.2298583984375
2022-09-01,4.512266635894775,2.7437803745269775,3.94981050491333,9.431068420410156,8.330729484558105,10.172520637512207
2022-10-01,6.558499336242676,3.077054262161255,8.942606925964355,5.874922752380371,9.975305557250977,6.661162853240967
2022-11-01,11.212515830993652,0.6021745204925537,9.261024475097656,3.3804771900177,11.241789817810059,10.876733779907227
2022-12-01,14.205801963806152,5.817234516143799,15.435037612915039,10.297428131103516,14.873167991638184,11.707368850708008
