,mgv850_cluster1,mgv850_cluster2,mgv850_cluster3,mgv850_cluster4,mgv850_cluster5,mgv850_cluster6,mgv850_cluster7,mgv850_cluster8,mgv850_cluster9
1980-01-01,-0.13990682,0.09541977,-0.061669733,0.31563133,-0.8532661,-0.2603869,-0.0391807,0.16183461,0.018557489
1980-02-01,-0.13230017,0.09627937,-0.07649429,0.5075166,-1.0167873,-0.20054457,-0.044395786,0.15794922,-0.046195034
1980-03-01,0.057228245,-0.018526752,-0.06841001,0.56431144,-0.5077728,-0.23765957,-0.041897334,0.17537837,-0.1464097
1980-04-01,-0.022168314,0.03399351,-0.14766124,0.26927075,-0.46421564,-0.10928285,-0.0073300567,0.20201872,-0.11423776
1980-05-01,-0.10118137,-0.021851094,-0.25949225,0.48822996,-0.2240665,-0.026104197,0.17418689,0.17313395,-0.04055548
1980-06-01,-0.034031972,0.0067538726,-0.36927748,0.43196642,-0.36827442,-0.022497732,0.1716982,0.24372707,-0.11026526
1980-07-01,-0.02039837,0.06923093,-0.32561338,0.32655847,-0.19211747,-0.07308521,0.18227391,0.21238036,-0.096404985
1980-08-01,-0.11087489,0.070117846,-0.3801875,0.61715,-0.25201595,-0.105890386,0.1695303,0.25726768,-0.026053617
1980-09-01,-0.03222513,0.05237119,-0.3232258,0.5254488,-0.43182036,-0.15126094,0.12080733,0.27706915,-0.0147583885
1980-10-01,-0.08359665,0.120142736,-0.3022617,0.40530443,-0.31458086,-0.1635171,0.05455422,0.24572112,-0.016601276
1980-11-01,0.033038486,-0.016424272,-0.30109736,0.46960086,-0.63820404,-0.19790684,-0.049364403,0.16121499,-0.028658552
1980-12-01,-0.09570666,0.09323966,-0.15218413,0.5283983,-0.88278806,-0.29788023,-0.030616151,0.17374337,-0.08520107
1981-01-01,-0.11175662,0.05699311,-0.07522069,0.45031905,-1.0113196,-0.28207463,-0.054573074,0.107658006,-0.04910928
1981-02-01,-0.04332175,0.063414566,0.003587631,0.33282182,-0.719115,-0.33962783,-0.059953686,0.11214338,-0.080977924
1981-03-01,-0.28335175,0.09708123,-0.1331169,0.4312313,-0.6609929,-0.14802144,-0.052717406,0.19776371,-0.021599779
1981-04-01,-0.13899186,0.07935473,-0.24414366,0.42357466,-0.14209937,-0.115708925,0.038514223,0.16402449,-0.026917772
1981-05-01,-0.10499246,0.07252943,-0.24469794,0.42126143,-0.2224356,0.033546686,0.15621603,0.1797056,-0.11602314
1981-06-01,0.031718906,0.03133258,-0.2676568,0.1750342,-0.35543358,-0.043095782,0.16194856,0.17998399,0.031392656
1981-07-01,-0.079600826,0.038211357,-0.34692904,0.48531827,-0.20353472,-0.011921476,0.19475651,0.22284852,-0.019446896
1981-08-01,0.061312113,0.045538902,-0.25979996,0.23221503,-0.31687552,-0.12832327,0.15654738,0.24807422,-0.051521566
1981-09-01,0.05891597,0.020754583,-0.33438784,0.576282,-0.3040914,-0.0974483,0.16813806,0.21668448,-0.08989427
1981-10-01,-0.060211457,0.10150987,-0.20038381,0.40784177,-0.58229357,-0.19837613,0.06675343,0.23950122,-0.06367953
1981-11-01,-0.011513216,0.011980285,-0.24042441,0.37552774,-0.8184056,-0.30297124,0.021351881,0.21805231,0.0077048847
1981-12-01,-0.20940393,0.11743618,-0.11422659,0.47875565,-0.81744725,-0.30940688,-0.004969784,0.17776157,0.0406231
1982-01-01,-0.010931443,0.092666335,-0.050543133,0.65513885,-0.90120953,-0.2905259,-0.03235292,0.17713213,-0.12975645
1982-02-01,-0.10583936,0.12546554,-0.038504466,0.48330796,-0.8896108,-0.26028484,-0.06327983,0.17564337,-0.07854777
1982-03-01,-0.021011628,0.14378327,-0.108566605,0.48043424,-0.7504544,-0.2242103,-0.058227904,0.14852503,-0.15885662
1982-04-01,-0.0053478796,0.04567053,-0.1353585,0.44396064,-0.34834853,-0.12144896,0.024949035,0.14559229,-0.09071292
1982-05-01,-0.032881256,0.04716474,-0.18932168,0.6187461,-0.2252713,-0.046661254,0.10823695,0.19606869,-0.099363536
1982-06-01,-0.1146538,0.14770237,-0.30540925,0.18307234,-0.38461998,0.030564874,0.10672273,0.19507985,-0.14108314
1982-07-01,-0.07818221,0.025746072,-0.37539017,0.21776862,-0.19255337,-0.008477838,0.15583442,0.19269036,-0.06633926
1982-08-01,-0.10099637,-0.024225,-0.39203206,0.60344535,-0.20083413,-0.056112353,0.17692856,0.25007457,-0.109732755
1982-09-01,-0.121069804,-0.022098387,-0.22990789,0.45882767,-0.23747444,-0.007139375,0.07683724,0.2147773,-0.0022467757
1982-10-01,0.013340399,0.0059482954,-0.27133304,0.4288923,-0.53760433,-0.110362954,0.04192102,0.19812337,-0.041145176
1982-11-01,-0.06727185,-0.011224214,-0.16315287,0.57263225,-0.7125046,-0.15873733,-0.023314944,0.124351844,0.07732689
1982-12-01,-0.03155486,-0.10892604,-0.07895882,0.50552624,-0.7218601,-0.21035996,-0.031787723,0.10731209,0.06449102
1983-01-01,-0.064481266,-0.11657298,-0.097283825,0.5551657,-0.83241594,-0.2997518,-0.07554147,0.15852034,-0.027739007
1983-02-01,0.06509329,-0.08250199,-0.079701565,0.53407854,-0.6369764,-0.29599935,-0.09029956,0.07946057,-0.117092386
1983-03-01,-0.007652636,-0.078414276,-0.08884056,0.33441594,-0.5175513,-0.18816856,-0.08528039,-0.0012930424,0.026073737
1983-04-01,0.00675251,-0.08148897,-0.1407041,0.33550963,-0.3987367,-0.13957515,-0.026516054,0.054209415,-0.0044472897
1983-05-01,0.105636574,-0.022169346,-0.14803387,0.456614,-0.4822576,-0.10804521,0.030560205,0.015031166,-0.041666467
1983-06-01,-0.020404829,0.043856543,-0.22617595,0.24697623,-0.32557374,-0.03215667,0.089382164,0.13675313,-0.05662302
1983-07-01,0.09805567,0.018950976,-0.25279823,0.31770024,-0.48870125,-0.00631179,0.1594831,0.14354523,-0.07058024
1983-08-01,-0.03858345,0.049932122,-0.32461658,0.39588603,-0.16222742,0.018113494,0.18273489,0.22268699,-0.060000677
1983-09-01,-0.020870036,0.06792991,-0.33415908,0.46702188,-0.4743857,-0.056296866,0.17665753,0.22801936,-0.0036640742
1983-10-01,-0.08637116,0.047498967,-0.28568745,0.36189196,-0.4598169,-0.15628247,0.11820751,0.183092,0.039884746
1983-11-01,-0.077381015,0.035482466,-0.22234866,0.552038,-0.59060955,-0.19682711,0.030042911,0.2139893,-0.033491414
1983-12-01,-0.18992148,0.06485235,-0.1770384,0.565732,-0.70652026,-0.3159733,-0.002810469,0.19687001,-0.020121284
1984-01-01,-0.0864358,0.06769027,-0.083287634,0.5946213,-0.83397216,-0.24517483,0.022534413,0.15840946,-0.045378286
1984-02-01,-0.11152382,0.11282571,-0.048977442,0.46026057,-0.5565165,-0.24921565,-0.04341172,0.13001703,-0.10230407
1984-03-01,-0.22606526,0.09371418,-0.031167427,0.38631302,-0.5350704,-0.24091099,-0.08431995,0.10506459,-0.02597785
1984-04-01,0.0030594035,0.00052428525,-0.110198915,0.4845646,-0.4867033,-0.15123004,0.0064440165,0.1091303,-0.11593531
1984-05-01,0.072647825,-0.027639104,-0.24842788,0.39767528,-0.40682223,-0.058524143,0.107441135,0.07388346,-0.08335418
1984-06-01,-0.04606877,0.0393895,-0.27831987,0.29825664,-0.38997695,-0.09817307,0.1304497,0.16662805,-0.06082252
1984-07-01,-0.031579763,-0.006249525,-0.31733176,0.3403761,-0.27606106,-0.07942623,0.16012962,0.104125164,0.04662423
1984-08-01,-0.06535074,0.09701022,-0.4074584,0.34039897,-0.2985368,-0.043256287,0.1873708,0.21738546,-0.0025180143
1984-09-01,-0.07262373,0.06490746,-0.31390595,0.37557146,-0.10128623,0.005089406,0.13314676,0.23012915,-0.08844662
1984-10-01,-0.08521925,0.08582888,-0.3787049,0.65010065,-0.46797404,-0.15420847,0.099842206,0.24687548,-0.077861674
1984-11-01,-0.1017563,0.11795532,-0.20285319,0.38393056,-0.6070336,-0.27655533,-0.012047656,0.19404796,-0.009257034
1984-12-01,-0.17674859,0.06697792,-0.16304737,0.38360274,-0.84255266,-0.29086664,-0.06660753,0.211429,0.04751458
1985-01-01,-0.19067071,0.09796898,-0.1295134,0.5400864,-0.9904527,-0.26198286,-0.024881978,0.1559071,-0.031854063
1985-02-01,0.0066328603,0.101679415,-0.09327348,0.45529538,-0.74702895,-0.2762072,-0.030203044,0.13602087,-0.13157775
1985-03-01,0.056120623,0.14277567,-0.042505696,0.28262833,-0.65239,-0.29254737,-0.08936727,0.103659324,-0.24188478
1985-04-01,-0.123389505,0.11537618,-0.10025716,0.40289223,-0.45097935,-0.14117378,-0.026155727,0.10118789,-0.021088058
1985-05-01,-0.10250988,0.082602836,-0.28596267,0.4367378,-0.24104357,-0.060352724,0.14923584,0.18696506,-0.19098996
1985-06-01,-0.10085308,0.062073782,-0.29715002,0.34120217,0.16513959,-0.020776466,0.1750544,0.16960678,-0.07214724
1985-07-01,-0.026975676,0.01367902,-0.37826633,0.31641585,-0.15073408,-0.03951636,0.1883803,0.22050011,-0.05334999
1985-08-01,0.009971059,0.12515613,-0.38104084,0.49131298,-0.24138619,-0.12470764,0.1831116,0.20893006,-0.06652195
1985-09-01,-0.16896531,0.164434,-0.34716663,0.42697492,-0.2713401,-0.16161194,0.13714984,0.21473612,-0.021316132
1985-10-01,-0.04020065,0.014046694,-0.25043806,0.3565245,-0.44532907,-0.11942081,0.08772271,0.17482248,-0.012776556
1985-11-01,-0.11467712,0.04885748,-0.21657212,0.40710413,-0.42766094,-0.2277663,0.013045623,0.1905404,0.0012969514
1985-12-01,-0.15226823,0.14740793,-0.19430858,0.40445128,-0.84001493,-0.3176123,-0.050865926,0.17239349,-0.014152259
1986-01-01,-0.11281933,0.07972682,-0.10030794,0.5291632,-0.89590645,-0.33423617,-0.06326865,0.17477095,-0.051142193
1986-02-01,-0.1940764,0.113155395,0.023874596,0.38195616,-0.68162596,-0.24528204,-0.08456186,0.15959105,-0.032082718
1986-03-01,0.0017287332,0.11135649,-0.1361071,0.5008474,-0.629478,-0.20818715,-0.052183814,0.16448954,-0.1591167
1986-04-01,-0.1601789,0.14447255,-0.18083487,0.5945172,-0.41319844,-0.19337885,-0.0033888482,0.11797005,-0.08938914
1986-05-01,-0.10763204,-0.0046914774,-0.25104183,0.5527474,-0.39246625,-0.056459393,0.10483488,0.16632788,-0.045433264
1986-06-01,0.00064808805,0.05349264,-0.33797997,0.38896444,-0.15751177,-0.030766858,0.15745899,0.1672041,-0.10276695
1986-07-01,0.036515106,0.009557433,-0.33490884,0.40806392,-0.0001861821,0.007843599,0.19731617,0.1781125,-0.12245402
1986-08-01,0.053065687,-0.012261617,-0.35290605,0.17810039,-0.23991688,0.01929395,0.18729004,0.13656487,-0.039698575
1986-09-01,0.00084110117,0.03174601,-0.3628598,0.48235896,-0.12880328,-0.033813655,0.1352988,0.22762506,-0.07629427
1986-10-01,-0.026949627,0.026670441,-0.26705402,0.39926836,-0.26861578,-0.10420535,0.03892164,0.23080993,0.03615792
1986-11-01,0.036718898,-0.00014646148,-0.2700162,0.4720085,-0.43961433,-0.16582505,-0.001626551,0.13944803,-0.055469424
1986-12-01,-0.22710943,0.14912795,-0.19134843,0.4924073,-0.7997508,-0.30935436,0.0078062965,0.17657438,-0.0048702913
1987-01-01,-0.20412,0.056162547,-0.0906551,0.45290893,-0.77747816,-0.25074652,-0.06954429,0.1588809,0.056417126
1987-02-01,-0.14025801,0.046637975,-0.045262378,0.5306228,-0.5154333,-0.25164947,-0.063664295,0.1648234,-0.10515682
1987-03-01,-0.09413017,0.044488396,-0.14538391,0.43044916,-0.40754452,-0.19487457,-0.056900218,0.16311969,-0.06735245
1987-04-01,-0.1202961,0.02641326,-0.15906332,0.5255258,-0.43613276,-0.17995681,0.002314229,0.16320543,-0.043900955
1987-05-01,-0.18103752,0.02984583,-0.2745981,0.3973654,-0.42825395,-0.034912236,0.07955443,0.17500271,0.05715081
1987-06-01,-0.0562067,-0.07007289,-0.3147761,0.46393389,-0.28437448,0.04124809,0.1439074,0.15564278,0.014799717
1987-07-01,0.010075285,-0.024044182,-0.2742474,0.2591527,-0.14968607,0.062993,0.16237965,0.1438877,-0.09864733
1987-08-01,-0.16523658,-0.028242096,-0.38028002,0.55315435,-0.12598537,0.0577021,0.12018294,0.19189236,0.037037704
1987-09-01,-0.041594457,0.029604474,-0.34443408,0.47472042,-0.27088338,-0.03890427,0.114706,0.20613292,-0.056225397
1987-10-01,-0.056204546,-0.0064151427,-0.27821735,0.37958878,-0.5136497,-0.10247061,0.049368933,0.18142962,0.037135515
1987-11-01,-0.061059337,0.034486078,-0.2768365,0.52374995,-0.54863137,-0.1276612,0.03388668,0.22459348,-0.020760333
1987-12-01,-0.18464679,0.052799184,-0.17462988,0.5810149,-0.8590412,-0.27489015,-0.099084854,0.19192567,0.048747912
1988-01-01,-0.029981125,0.08037267,-0.13275276,0.5318258,-0.8907635,-0.30194682,-0.07308897,0.16884123,-0.111897156
1988-02-01,-0.124100246,0.040799722,-0.030743793,0.39246517,-0.6072666,-0.29804337,-0.13781841,0.17123942,-0.05614835
1988-03-01,-0.06899335,-0.020433145,-0.10753796,0.5142188,-0.7330376,-0.18397385,-0.0491979,0.108070895,-0.069536336
1988-04-01,-0.1900932,0.09340824,-0.16775359,0.2091588,-0.43994692,-0.1355755,-0.002786637,0.14432372,-0.08004378
1988-05-01,-0.014804031,-0.034206815,-0.3084464,0.36602145,-0.29739827,-0.06078831,0.12313579,0.119389884,0.03580745
1988-06-01,-0.02520497,0.06068254,-0.29545444,0.35094,-0.28748477,-0.08013896,0.16238777,0.20235986,-0.044658203
1988-07-01,-0.067803554,0.07207774,-0.3935304,0.3063046,-0.031472374,-0.067266785,0.124659866,0.2105205,-0.015963575
1988-08-01,-0.004241987,0.04872709,-0.27548972,0.41140833,-0.15892845,-0.084754296,0.15737027,0.17820106,0.001398305
1988-09-01,-0.0039510806,0.12857835,-0.24308091,0.44613144,-0.4077232,-0.17296067,0.113445,0.25505507,0.02808608
1988-10-01,0.00013694877,0.1372258,-0.26639155,0.5027312,-0.49553895,-0.24228983,0.0064038765,0.18477294,-0.028727086
1988-11-01,-0.08165055,0.13066863,-0.25748754,0.3849753,-0.46931738,-0.22917369,-0.028197201,0.19044666,-0.024363006
1988-12-01,-0.09272041,0.14497979,-0.06219672,0.48512882,-0.9866304,-0.34506658,-0.11549354,0.16425139,-0.15393277
1989-01-01,-0.13443214,0.14416313,-0.084018335,0.45684087,-0.83197844,-0.35428357,-0.10524221,0.19162564,-0.06363316
1989-02-01,0.12210169,0.05440588,-0.074214764,0.47215152,-0.84677625,-0.31545502,-0.11862215,0.21407418,-0.2948431
1989-03-01,-0.030802688,0.049584165,-0.050249916,0.5527768,-0.58984447,-0.18758655,-0.14641622,0.0710223,-0.0831372
1989-04-01,0.008114546,0.07561262,-0.14241883,0.42042205,-0.5089173,-0.21484548,-0.016598172,0.14178678,-0.13153458
1989-05-01,-0.07935669,0.091679245,-0.18302582,0.41737813,-0.14362198,-0.08331296,0.07528979,0.18216063,-0.10696267
1989-06-01,0.029699806,-0.014175991,-0.27374798,0.2793147,-0.16921872,-0.02933217,0.10323488,0.15835242,0.00019400724
1989-07-01,-0.060228758,0.08958755,-0.31903216,0.39704943,-0.12342411,-0.0080578085,0.19575803,0.19548687,-0.035032537
1989-08-01,-0.17422241,0.14624424,-0.412501,0.4320134,-0.2142394,-0.034888666,0.18542002,0.22965583,-0.04911548
1989-09-01,0.068374634,0.12898444,-0.2852526,0.25749663,-0.30220115,-0.10828651,0.1291202,0.20986228,-0.07596611
1989-10-01,-0.0924478,0.14116955,-0.25491318,0.37705618,-0.38166323,-0.1914282,0.014044252,0.20920724,0.07898218
1989-11-01,-0.15921155,0.00702695,-0.23584539,0.5920458,-0.6745065,-0.20109992,-0.035807572,0.20207898,0.024236387
1989-12-01,-0.18469799,-0.011647228,-0.1300509,0.78476954,-0.9561081,-0.3138051,-0.05141365,0.21265092,0.040224705
1990-01-01,-0.0076044467,0.029345002,-0.21086273,0.5826388,-0.8381146,-0.25163436,-0.063550636,0.15280524,-0.016177842
1990-02-01,-0.1592143,0.023537382,-0.13658138,0.44153315,-0.64173436,-0.18970332,-0.06927236,0.11704591,-0.016017087
1990-03-01,-0.07570981,0.040467724,-0.1032708,0.31692007,-0.6221488,-0.27218473,-0.12140677,0.17060289,-0.035942495
1990-04-01,-0.115992844,0.03189906,-0.17186697,0.25275794,-0.51461065,-0.14875586,0.017945401,0.15249702,0.03226196
1990-05-01,0.10213559,-0.041958816,-0.22956356,0.49709675,-0.42090583,-0.055095688,0.045759853,0.13650487,-0.01552887
1990-06-01,-0.009325117,0.066577666,-0.26509798,0.3544922,-0.28548414,-0.09508396,0.111208506,0.241981,-0.13601318
1990-07-01,-0.031222519,0.08563336,-0.3371321,0.49308753,-0.23966132,-0.06822222,0.15979284,0.22979073,-0.083975755
1990-08-01,-0.0645961,0.07713442,-0.34104815,0.34507084,-0.20741905,-0.05175961,0.10576417,0.19735321,0.012964219
1990-09-01,-0.058215816,0.07828233,-0.36093557,0.6239793,-0.33293006,-0.1569397,0.1523616,0.24916555,-0.13147159
1990-10-01,-0.0648633,0.07445339,-0.24733093,0.4103612,-0.5054681,-0.20630956,0.09599432,0.2560944,-0.009322791
1990-11-01,-0.115860365,0.11460051,-0.31879422,0.36325982,-0.5030395,-0.28177193,-0.032660015,0.18752193,0.04717292
1990-12-01,-0.03137857,0.02814619,-0.1959496,0.5585038,-0.7425716,-0.23399226,-0.10841845,0.17721128,-0.002385267
1991-01-01,0.018896071,0.028365849,-0.14292546,0.5453433,-0.93408597,-0.22881271,-0.114288576,0.16728316,-0.07144229
1991-02-01,-0.104450196,0.083052486,-0.026355764,0.48106566,-0.7556324,-0.2599104,-0.12607303,0.18900391,-0.06938056
1991-03-01,-0.007274215,0.19135863,-0.08670736,0.4687477,-0.6242848,-0.22533055,-0.09544531,0.20031966,-0.21565819
1991-04-01,-0.12799299,0.023392135,-0.17669167,0.40201303,-0.38104102,-0.119994976,-0.015029838,0.16492404,0.019803027
1991-05-01,-0.08127471,0.022371018,-0.2691045,0.42868626,-0.2136878,-0.0066374005,0.109671,0.14369194,-0.11041198
1991-06-01,0.13700989,-0.035884634,-0.27927753,0.3532975,-0.27437767,-0.0039598346,0.14955817,0.172158,-0.13948467
1991-07-01,0.021673283,0.044364236,-0.3655647,0.34609205,-0.253768,-0.097467974,0.14649083,0.19354033,-0.053795565
1991-08-01,-0.019975334,0.10527607,-0.3713508,0.43128285,-0.25754163,-0.1295486,0.14770348,0.17892319,0.039608173
1991-09-01,-0.08541131,0.02528116,-0.29756793,0.49619612,-0.28402293,-0.031801563,0.10933881,0.22902095,-0.00060143345
1991-10-01,0.015591175,0.028703514,-0.30068585,0.47958472,-0.38668767,-0.15375826,0.076635696,0.18325804,-0.058243163
1991-11-01,0.0776361,0.0035907815,-0.24015135,0.634346,-0.5232179,-0.18013535,0.030289894,0.14015828,-0.08063613
1991-12-01,-0.1753728,-0.07235067,-0.17420161,0.4388791,-0.8815964,-0.2095162,-0.042657927,0.15752842,0.10658915
1992-01-01,-0.10691174,0.00065437076,-0.09148466,0.3597146,-0.7105715,-0.28540757,-0.027117664,0.12380313,0.026063763
1992-02-01,-0.0072112996,-0.039429557,-0.06897886,0.36831865,-0.71999395,-0.24267791,-0.06699014,0.10277232,-0.023493487
1992-03-01,-0.14411344,-0.076224744,-0.15736441,0.52839196,-0.59603107,-0.27353084,-0.034141563,0.17361546,-0.0053305742
1992-04-01,-0.036160495,0.010630043,-0.24441776,0.51261985,-0.5069113,-0.15697536,0.035959743,0.13229774,-0.11287873
1992-05-01,0.14311585,-0.06866609,-0.25709602,0.2822695,-0.42574367,-0.041449513,0.13225691,0.05591046,-0.06719773
1992-06-01,-0.0066255396,0.01788616,-0.27697006,0.24971019,-0.41256478,-0.044123277,0.14373258,0.1658258,-0.050998043
1992-07-01,0.014122108,0.04316687,-0.4039964,0.42625907,-0.13150547,-0.03636326,0.1697389,0.18014783,-0.041177873
1992-08-01,0.054123953,-0.0041148122,-0.36128476,0.4144011,-0.19845931,-0.07668546,0.16064003,0.20795031,-0.0042694653
1992-09-01,0.0040642265,0.053357583,-0.24101526,0.39985344,-0.49812746,-0.12589706,0.13139726,0.19330369,-0.027432736
1992-10-01,-0.09256344,0.05000917,-0.33775097,0.60382473,-0.58734846,-0.18136166,0.068539925,0.2169369,-0.04752972
1992-11-01,-0.18004347,0.062222254,-0.15258315,0.35399404,-0.54247034,-0.17019522,-0.017867217,0.222685,0.030101035
1992-12-01,-0.12829901,-0.03528048,-0.15718773,0.6228129,-0.7533033,-0.20912482,0.021388382,0.16405718,-0.033599056
1993-01-01,-0.084414035,-0.039083097,-0.12353883,0.50514233,-0.7083945,-0.19743742,0.0058712615,0.14576001,-0.010336107
1993-02-01,-0.14727108,0.030233923,-0.042797968,0.5288373,-0.66315746,-0.24102713,-0.12298828,0.20582907,-0.03607243
1993-03-01,0.03165784,0.051269002,-0.17674732,0.61978054,-0.43982282,-0.22028993,-0.0072374297,0.14790353,-0.15666074
1993-04-01,-0.14235494,0.021181865,-0.23286358,0.47445834,-0.35642213,-0.111578375,0.057369463,0.14866684,-0.06311214
1993-05-01,-0.08469867,-0.02206518,-0.26797366,0.56780934,-0.3299722,-0.045283835,0.104427636,0.16152772,-0.05175405
1993-06-01,-0.09208747,-0.07585537,-0.32382423,0.58604294,-0.14965221,0.025192073,0.1192382,0.13866158,0.033259496
1993-07-01,-0.18044114,0.05272036,-0.41939744,0.539822,-0.31186172,-0.03183383,0.19761096,0.2458737,-0.054196812
1993-08-01,-0.033512246,0.07494291,-0.31299952,0.4971708,-0.17364064,0.0065595433,0.11911464,0.27344793,-0.16285469
1993-09-01,0.061030027,0.01775889,-0.28546345,0.4525524,-0.46376115,-0.07105203,0.15104038,0.15797,-0.0857782
1993-10-01,-0.14444064,0.029182607,-0.34457943,0.5510106,-0.37879083,-0.0027642054,0.07071859,0.23448005,0.04520316
1993-11-01,0.0071280273,0.022106053,-0.25407615,0.56288844,-0.714372,-0.2191033,0.04988937,0.18061808,-0.013458907
1993-12-01,-0.09059906,0.06649952,-0.14347439,0.47651604,-0.8987541,-0.31277567,-0.057815086,0.18682688,-0.025767727
1994-01-01,-0.12434965,0.11424751,-0.060773,0.50549567,-0.7983978,-0.31702214,-0.10020725,0.22630528,-0.09610034
1994-02-01,-0.08559083,0.12920578,-0.069086954,0.34068286,-0.7980459,-0.23315333,-0.075828426,0.1751918,-0.0828142
1994-03-01,-0.06237589,0.049202368,-0.13133122,0.37695855,-0.3285956,-0.16873033,-0.045277692,0.12616265,-0.13809593
1994-04-01,-0.13245487,0.0028744622,-0.23340727,0.4648483,-0.38715643,-0.14135668,0.06971051,0.13095786,-0.032075904
1994-05-01,-0.0015645762,0.005217085,-0.30602416,0.5144462,-0.2283473,-0.08067784,0.14731094,0.12871741,-0.055788707
1994-06-01,0.030431435,0.03221629,-0.3604012,0.53315294,-0.3391969,-0.08717628,0.19095078,0.20344296,-0.1324357
1994-07-01,-0.0572901,0.020694619,-0.417706,0.38417628,-0.22036155,-0.09315306,0.22204289,0.1707359,-0.032197364
1994-08-01,-0.21068108,0.07149345,-0.43628836,0.55572534,-0.3414198,-0.11978826,0.14307122,0.21343838,0.059213433
1994-09-01,0.07991882,-0.06869986,-0.3784896,0.5332491,-0.18496105,-0.08168606,0.17738804,0.18492404,-0.04114226
1994-10-01,0.06447845,-0.037512463,-0.2667662,0.3387685,-0.40562892,-0.10798676,0.08580727,0.18732245,-0.031376187
1994-11-01,-0.11060113,0.065976776,-0.3260307,0.68093663,-0.5301795,-0.1280907,-0.0021922714,0.17547762,0.038717054
1994-12-01,-0.1260942,0.02623565,-0.19994076,0.67914563,-0.7624809,-0.25095364,-0.03823782,0.2118477,-0.049025517
1995-01-01,-0.27053076,0.064084455,-0.14657646,0.56591475,-0.8286561,-0.26621392,-0.06903582,0.19629826,0.020397425
1995-02-01,-0.10825148,0.0054308185,-0.044871025,0.28869843,-0.7276848,-0.18904735,-0.07112355,0.17804864,-0.017663835
1995-03-01,-0.11211821,0.06760596,-0.106889874,0.3457496,-0.53484035,-0.17405249,-0.049779616,0.16551633,-0.03057667
1995-04-01,-0.21036905,0.08636982,-0.21196727,0.53056735,-0.3024978,-0.13434637,0.06030677,0.17770326,0.00072626205
1995-05-01,-0.114037976,0.026334722,-0.28189072,0.5188532,-0.17519376,-0.05032939,0.16753134,0.16411489,-0.042128522
1995-06-01,0.0143462345,-0.027871659,-0.22787969,0.40441573,-0.19993404,-0.010667347,0.17350692,0.17507532,-0.049211796
1995-07-01,0.13299333,-0.026901456,-0.19869554,0.3540066,-0.31976476,-0.017534245,0.1926857,0.1654065,-0.0323391
1995-08-01,-0.06514166,0.09258401,-0.2193007,0.36809406,-0.16827676,-0.03314118,0.18252167,0.21892284,-0.055795234
1995-09-01,-0.13588168,0.095865756,-0.16834499,0.40291092,-0.23402189,-0.070016176,0.0987738,0.2405722,0.006876947
1995-10-01,-0.12513033,0.0221407,-0.15421833,0.5362664,-0.3672975,-0.042411014,0.019257149,0.20354186,0.031035267
1995-11-01,-0.11273677,0.04607134,-0.14035118,0.39925373,-0.5208916,-0.11166893,-0.014278775,0.16289029,0.058220588
1995-12-01,-0.2780034,0.03192802,-0.08563804,0.466728,-0.5653677,-0.1881302,-0.12691008,0.21516785,0.057290886
1996-01-01,-0.025598275,0.18474385,-0.07375668,0.278154,-0.935355,-0.24349688,-0.03049264,0.15361817,-0.14718555
1996-02-01,-0.13372853,0.08856376,-0.13309765,0.35885435,-0.6258918,-0.24777329,-0.07293601,0.13093355,0.007732179
1996-03-01,-0.08371953,0.13278328,-0.12368503,0.60482645,-0.689853,-0.27036852,-0.08772993,0.124039225,-0.124228224
1996-04-01,-0.0923546,0.023512766,-0.19741113,0.46112084,-0.35825568,-0.12458952,-0.006913203,0.1113803,0.05955564
1996-05-01,0.029170299,-0.021282015,-0.2252693,0.5348481,-0.19722222,-0.06393617,0.15574367,0.1609402,-0.12759441
1996-06-01,0.14279135,0.034874633,-0.15660568,0.20487659,-0.061647303,0.023050418,0.19469489,0.101098925,-0.07386783
1996-07-01,0.06201912,0.052478176,-0.20972721,0.24028361,0.03728306,0.0035120202,0.18446611,0.13204119,-0.060992427
1996-08-01,-0.012181994,0.028811965,-0.27570012,0.34117788,-0.253569,-0.06058005,0.20432134,0.16021481,0.021801127
1996-09-01,-0.12140624,0.12371284,-0.24880153,0.39834502,-0.29339904,-0.11312341,0.08832721,0.23493935,0.095206976
1996-10-01,-0.1246438,0.06998104,-0.20606562,0.6307803,-0.54715264,-0.19746347,0.044691887,0.2516225,-0.01267929
1996-11-01,0.024804479,0.03187886,-0.23527776,0.5989624,-0.6176968,-0.2526066,0.045113124,0.19815381,-0.056408353
1996-12-01,-0.13573858,0.11144648,-0.1499163,0.414082,-0.8441564,-0.30275518,-0.05915293,0.16774471,0.04990586
1997-01-01,-0.077304274,0.07240487,-0.12728043,0.7282971,-0.9435344,-0.25509667,-0.045886952,0.14775881,-0.10984484
1997-02-01,-0.028170232,0.048868515,-0.10326687,0.36425754,-0.5742857,-0.21109414,-0.09417422,0.11907451,-0.018825619
1997-03-01,-0.21082923,0.09193967,-0.13737558,0.42705142,-0.5072954,-0.30250368,-0.08157366,0.20900208,-0.034444634
1997-04-01,-0.16799654,0.07458613,-0.26119018,0.628642,-0.31102708,-0.094742075,0.06191673,0.19673868,-0.07077721
1997-05-01,-0.15621601,0.014657043,-0.16483198,0.36064452,-0.00826757,0.038710978,0.115452886,0.15683888,-0.03449451
1997-06-01,-0.15634762,-0.041995585,-0.17670731,0.39945188,-0.46940616,0.024070397,0.15222254,0.18097383,0.02396755
1997-07-01,0.05197528,-0.07355412,-0.2635409,0.5196031,-0.11440425,0.024416715,0.15563443,0.19368045,-0.12896083
1997-08-01,-0.17443949,0.0010042657,-0.13486959,0.52289975,-0.14318152,0.0065186084,0.1651237,0.24232234,-0.030065881
1997-09-01,0.013542054,0.07497484,-0.2029903,0.12366893,-0.23084888,0.09227631,0.1551816,0.12172205,-0.03455814
1997-10-01,0.051587746,-0.0021749574,-0.18199635,0.59591764,-0.50724876,-0.070589684,0.10133183,0.15850002,-0.052108165
1997-11-01,0.014595987,-0.07995065,-0.14358376,0.5739049,-0.53793067,-0.082555205,0.034885827,0.14723289,0.005471179
1997-12-01,-0.12257941,-0.04258976,-0.1317794,0.3334733,-0.75374997,-0.18704922,-0.07617698,0.10258843,0.10415795
1998-01-01,-0.042203054,-0.03796613,-0.14268692,0.46286613,-0.7915968,-0.35930875,-0.12534267,0.049720284,-0.0035409802
1998-02-01,-0.25583148,-0.0066123432,-0.066832155,0.24067162,-0.56689256,-0.28323016,-0.1395654,0.10431797,0.07767885
1998-03-01,-0.17767285,0.01212292,-0.18184257,0.5444073,-0.5448525,-0.29024544,-0.088938534,0.06493654,0.0069323825
1998-04-01,-0.09644694,-0.15818024,-0.1888606,0.4433394,-0.36779565,-0.1502511,-0.04418704,0.06442324,0.077442706
1998-05-01,0.012772592,-0.065144815,-0.23233864,0.46099928,0.0029426012,-0.0035538129,0.09210352,0.0824459,-0.07662989
1998-06-01,0.033247862,-0.014361443,-0.22170924,0.3894987,-0.0365983,0.013117523,0.11872235,0.13874352,-0.014995699
1998-07-01,-0.10688724,0.03431754,-0.25370482,0.43402886,-0.17647997,0.0036186827,0.19749771,0.16090913,0.06918855
1998-08-01,0.029451307,-0.011890056,-0.26188064,0.4283915,-0.3290239,-0.025883384,0.161294,0.1970969,0.0068660527
1998-09-01,-0.021903137,0.061711293,-0.27183056,0.4192732,-0.30787736,-0.03024301,0.17475303,0.22036496,0.0039598118
1998-10-01,-0.08038837,0.044774514,-0.1645469,0.4685561,-0.40209156,-0.16237177,0.075493574,0.21931164,0.08093959
1998-11-01,-0.06318961,0.081949696,-0.12527002,0.44425493,-0.6662824,-0.19340068,0.043611333,0.1836768,-0.058266476
1998-12-01,-0.095951475,0.12678897,-0.07733583,0.5033432,-0.79956365,-0.297131,-0.07292873,0.1883096,-0.09247999
1999-01-01,-0.06953457,0.10850124,-0.051930375,0.34217718,-0.7177076,-0.23193,-0.08275312,0.17034823,-0.10692996
1999-02-01,-0.09029592,0.12949848,-0.031257086,0.29873285,-0.57550085,-0.26699695,-0.14954108,0.10868409,-0.14480473
1999-03-01,-0.06958172,0.0826377,-0.10261412,0.4325625,-0.63088495,-0.19246335,-0.06693261,0.07403543,-0.07654516
1999-04-01,-0.03587436,0.060707267,-0.10289969,0.24576545,-0.038542476,-0.15044631,-0.034263436,0.09703347,-0.14856294
1999-05-01,-0.19337606,0.12004627,-0.19558394,0.35238332,-0.08097601,-0.09815398,0.118866995,0.14534274,-0.035017125
1999-06-01,-0.07478867,0.054130733,-0.24074364,0.26307413,-0.1392863,-0.05782725,0.16488141,0.22883227,-0.06585628
1999-07-01,-0.07472928,0.0652051,-0.20251583,0.42774385,-0.16448626,-0.060560547,0.174745,0.2508072,-0.052106738
1999-08-01,-0.060676645,0.08723788,-0.20389841,0.55390483,-0.012547066,-0.025514968,0.21737906,0.21958257,-0.10207153
1999-09-01,-0.07267155,0.08895899,-0.14468345,0.4805296,-0.32886997,-0.071007855,0.15550353,0.23902166,-0.06930556
1999-10-01,-0.10900848,0.14981972,-0.16571674,0.4212031,-0.18851832,-0.12261098,0.1060015,0.23433816,-0.038030956
1999-11-01,-0.029945204,0.013760338,-0.16952279,0.5604524,-0.4619386,-0.10100192,0.0068705473,0.21249573,-0.05637253
1999-12-01,-0.04494136,0.022882443,-0.17113128,0.53867006,-0.6813327,-0.16623801,-0.04785543,0.16157648,-0.07320292
2000-01-01,0.007440084,0.037725467,-0.16873781,0.60793036,-0.93434745,-0.29760277,-0.052863847,0.19533266,-0.13318698
2000-02-01,-0.013313202,0.02417139,-0.09142234,0.6054942,-0.6831927,-0.1791577,-0.06992339,0.101769716,-0.115161955
2000-03-01,-0.003610106,0.09805059,-0.095369756,0.48948622,-0.71135044,-0.27602363,-0.115948185,0.09068889,-0.15914889
2000-04-01,0.0027927016,0.027412258,-0.14336494,0.43247223,-0.26522973,-0.14461833,-0.04750453,0.07631019,-0.09530542
2000-05-01,-0.09787327,0.066237904,-0.19200781,0.41275603,-0.16290241,-0.098107465,0.10589793,0.16606632,-0.07143376
2000-06-01,-0.19454515,0.07831183,-0.27921826,0.4159581,-0.2638164,-0.07956978,0.18718642,0.19132876,-0.04609346
2000-07-01,-0.15108673,0.12303743,-0.19993976,0.43490866,-0.29629144,-0.079053365,0.15910217,0.28952983,-0.05772873
2000-08-01,0.033530906,0.06903623,-0.25074658,0.24085805,-0.11732583,0.032558247,0.18910202,0.122534,-0.02112895
2000-09-01,0.03805481,0.08264449,-0.21080267,0.40088743,-0.18351868,-0.045155045,0.14597127,0.2032612,-0.06848065
2000-10-01,-0.0021070577,0.084857844,-0.18281752,0.4552345,-0.2852842,-0.069898665,0.07039013,0.21448004,-0.08795437
2000-11-01,0.07703369,-0.020565273,-0.1278809,0.5448667,-0.66597813,-0.16195719,0.011588527,0.17942995,-0.11723362
2000-12-01,-0.12742952,0.071621016,-0.0983737,0.45448595,-0.77177954,-0.2524148,-0.1029741,0.22202808,-0.09433427
2001-01-01,-0.02601182,0.06605609,-0.10843337,0.64185816,-0.7617545,-0.21449593,-0.0692497,0.13229918,-0.094652206
2001-02-01,-0.053902484,0.059079643,-0.014142,0.5080985,-0.7223079,-0.29510897,-0.13672301,0.13777441,-0.08805079
2001-03-01,-0.032544833,0.11438537,-0.09011086,0.42602608,-0.5064025,-0.24587995,-0.07514944,0.10078485,-0.1459802
2001-04-01,-0.10120211,0.12672521,-0.21093906,0.2775729,-0.34148532,-0.1782225,-0.024489291,0.09850729,-0.088197745
2001-05-01,-0.039112404,-0.07823351,-0.18095894,0.39984536,-0.38070637,-0.098751344,0.097184196,0.17537218,0.019237464
2001-06-01,-0.025998237,0.0524062,-0.31258604,0.57363373,-0.20745334,-0.03174756,0.15795143,0.18178166,-0.10189369
2001-07-01,-0.05303928,0.038410645,-0.23497006,0.33546078,-0.08613731,-0.0018286882,0.21150082,0.17345214,-0.11466539
2001-08-01,-0.04352028,-0.0051561343,-0.2271397,0.35800827,-0.09246612,-0.009718808,0.14841019,0.22326657,0.014559723
2001-09-01,-0.14620125,0.12033264,-0.20049794,0.41093156,-0.23699377,-0.063296065,0.18096603,0.26150584,-0.011495671
2001-10-01,-0.07746593,0.031603277,-0.15396136,0.38781402,-0.31128958,-0.021196343,0.01662886,0.18781331,0.04744545
2001-11-01,-0.040788054,-0.0004505404,-0.17605938,0.5387496,-0.59998775,-0.17615357,-0.00547769,0.1948962,0.033054933
2001-12-01,-0.23942761,0.0042116577,-0.16937512,0.46019438,-0.44511554,-0.19633843,-0.13276537,0.21784341,0.09672559
2002-01-01,-0.04831798,0.13039653,-0.10369954,0.3942967,-0.7621902,-0.29282802,-0.118001945,0.17384182,-0.08350127
2002-02-01,0.011329836,0.08561424,-0.057818543,0.3788309,-0.78668743,-0.24595262,-0.13844323,0.16091725,-0.13377708
2002-03-01,-0.11231461,0.08877415,-0.20150158,0.61590075,-0.62642163,-0.2603147,-0.036959026,0.12573753,-0.09322729
2002-04-01,-0.02482622,0.0558925,-0.20075059,0.47545984,-0.4253908,-0.1427696,-0.0019330408,0.13379829,-0.07253563
2002-05-01,0.04338388,-0.026763653,-0.15095057,0.29480532,-0.17455733,-0.03431482,0.086331695,0.10819468,-0.07562594
2002-06-01,0.03519164,0.010944635,-0.30146658,0.18326336,-0.14213338,0.018899255,0.13141708,0.1441999,0.017719626
2002-07-01,-0.027814224,0.03132838,-0.17760773,0.46209857,-0.21562555,-0.023596926,0.14011994,0.26917535,-0.10862867
2002-08-01,-0.11574629,0.06070507,-0.25964162,0.5626934,-0.17209104,0.043520708,0.16078366,0.24515766,-0.10304466
2002-09-01,-0.06801512,-0.0028739916,-0.2396247,0.61251974,-0.25884414,0.030986987,0.16268389,0.20384464,0.048412964
2002-10-01,0.019939063,0.01219673,-0.26862106,0.7126384,-0.2862416,-0.035588384,0.10305798,0.18185392,-0.0719355
2002-11-01,0.030479435,0.01937279,-0.22731924,0.6246548,-0.5610078,-0.16368358,0.027581742,0.17801985,-0.10011491
2002-12-01,-0.18822333,-0.0091761155,-0.13220368,0.5690895,-0.7385056,-0.21543474,-0.03766146,0.20419556,0.041183192
2003-01-01,-0.1245114,0.050506935,-0.04886067,0.63499755,-0.907248,-0.28885156,-0.059436504,0.17274606,-0.06359955
2003-02-01,-0.20351605,-0.01896725,-0.06579959,0.44268188,-0.7377312,-0.21642545,-0.10002147,0.16401769,0.04665113
2003-03-01,-0.18023142,0.10840935,-0.11064369,0.3463634,-0.4268365,-0.1741665,-0.055011697,0.17409524,-0.077723585
2003-04-01,-0.0741883,0.078277044,-0.19332644,0.38362026,-0.28372526,-0.12703025,0.0361892,0.1772214,-0.094408676
2003-05-01,-0.08800787,-0.016122459,-0.20263751,0.42346615,-0.09950326,-0.04561035,0.097211644,0.1544234,-0.0074545387
2003-06-01,-0.15176089,-0.031101998,-0.2737011,0.468688,-0.15564945,-0.015586011,0.1821618,0.18410031,0.027030177
2003-07-01,0.056992352,0.047241274,-0.3130304,0.3627548,-0.18269071,-0.044964455,0.15227981,0.21039739,-0.079302356
2003-08-01,-0.07512337,0.12676086,-0.2145316,0.5469659,-0.18674645,0.0449401,0.21781766,0.27561533,-0.20237048
2003-09-01,0.009191422,-0.06963481,-0.24850096,0.56190133,-0.24467361,0.05603123,0.14758857,0.20595354,0.056551054
2003-10-01,-0.06525777,0.024247283,-0.21976963,0.5129122,-0.26924837,0.008747269,0.05416204,0.23378809,-0.025071202
2003-11-01,-0.08666353,-0.024330143,-0.19026203,0.5695666,-0.46285406,-0.1403413,0.03473264,0.22085868,-0.041636422
2003-12-01,-0.16983163,0.09893342,-0.12718657,0.46238178,-0.79532313,-0.27700293,-0.01312893,0.20129906,0.026140092
2004-01-01,-0.08456361,-0.043390043,-0.08561299,0.47166654,-0.80666727,-0.18752016,-0.12253649,0.19044302,-0.038182907
2004-02-01,-0.06577736,0.0238516,-0.09516189,0.24895398,-0.5263391,-0.17498036,-0.10636068,0.1362823,0.046275817
2004-03-01,-0.03425765,0.061709404,-0.12187716,0.54335725,-0.5598759,-0.25251102,-0.095968075,0.14220044,-0.14132446
2004-04-01,-0.030074337,-0.007287341,-0.22077969,0.53698367,-0.545289,-0.11151418,-0.007978831,0.14914255,-0.11114537
2004-05-01,-0.00722097,0.013137416,-0.20332274,0.34116668,-0.16796705,-0.016872073,0.13626553,0.14118189,-0.014403339
2004-06-01,-0.109348945,0.06914012,-0.38111913,0.6490534,-0.1981984,-0.029386824,0.14497243,0.2457709,-0.033543453
2004-07-01,-0.12103886,0.0024096924,-0.24653563,0.38927922,-0.21239565,-0.013726781,0.16811371,0.20882307,-0.025596777
2004-08-01,0.0049005975,0.045646373,-0.22651735,0.2602574,-0.18413404,-0.021921985,0.13319124,0.25868827,-0.076946184
2004-09-01,-0.061673734,0.025191477,-0.31322828,0.57276696,-0.26397237,-0.053646978,0.13772051,0.25978875,-0.075617045
2004-10-01,-0.015417205,0.0064662243,-0.22015189,0.5370964,-0.39598218,-0.08424014,0.0907918,0.20226811,-0.0016752903
2004-11-01,-0.09605989,-0.008351576,-0.18058692,0.5602804,-0.5496807,-0.16802835,0.04844941,0.21522087,-0.02269647
2004-12-01,-0.0029701025,-0.103130825,-0.16969632,0.72975796,-0.74147564,-0.23428328,-0.08422794,0.14055465,0.04952192
2005-01-01,-0.046597693,0.119422026,-0.05896414,0.44958252,-0.8991791,-0.31045398,-0.08378357,0.15531315,-0.073692836
2005-02-01,-0.36413133,-0.0228152,-0.11983416,0.29231378,-0.2974605,-0.17920996,-0.12254827,0.22228238,0.06536725
2005-03-01,-0.1983665,0.06718974,-0.13263749,0.5116092,-0.6002249,-0.15545855,-0.014915735,0.16680779,-0.0025933767
2005-04-01,-0.06270055,0.10451984,-0.19688137,0.46444935,-0.4714252,-0.13104448,0.053433027,0.15913542,-0.14288244
2005-05-01,-0.106046915,-0.088106744,-0.2603836,0.45343274,-0.31207353,-0.0396772,0.06564558,0.17989792,0.023426741
2005-06-01,-0.014536771,-0.03934661,-0.27393007,0.44004133,-0.16340925,0.0582871,0.22150096,0.15635024,-0.08402983
2005-07-01,-0.11773071,0.038355067,-0.3415219,0.4192028,-0.15775712,-0.0071978928,0.19858353,0.24122702,-0.02690571
2005-08-01,-0.04693965,0.022649117,-0.32765085,0.4971386,-0.10921843,0.027400592,0.19994828,0.25129995,-0.1360737
2005-09-01,-0.0003718479,0.06908763,-0.23236887,0.6099334,-0.34248653,-0.080286965,0.17295605,0.25837886,-0.04826359
2005-10-01,-0.0055488124,0.095847085,-0.18783005,0.39128882,-0.46686524,-0.11201953,0.11370403,0.23622218,-0.054708727
2005-11-01,-0.06719045,0.09193052,-0.19929501,0.60653627,-0.45990354,-0.16948017,-0.014600539,0.20806898,-0.12717082
2005-12-01,-0.08428602,0.102402955,-0.16598077,0.3103097,-0.7487333,-0.19580866,-0.020297686,0.16635188,-0.025282674
2006-01-01,-0.18180254,0.09118879,-0.043847516,0.5200146,-0.7451457,-0.28118223,-0.07733257,0.16361465,-0.055904064
2006-02-01,-0.10117391,0.19493614,-0.097428724,0.5292089,-0.7277061,-0.32572964,-0.09914705,0.11451386,-0.22004607
2006-03-01,-0.02622349,0.04673802,-0.12505238,0.5419063,-0.74556834,-0.27653417,-0.12723902,0.09289291,-0.027613817
2006-04-01,-0.09418549,0.017052872,-0.08753157,0.47848308,-0.4286908,-0.17468677,-0.04520786,0.15286316,-0.005110668
2006-05-01,-0.09460657,0.005149043,-0.09570692,0.3463657,0.024676342,-0.123259634,0.12759466,0.15417223,-0.051485855
2006-06-01,-0.1403947,0.032941796,-0.32924095,0.48149765,-0.1799303,-0.009373146,0.19691321,0.20512593,-0.12556829
2006-07-01,-0.028922902,0.056421548,-0.24007417,0.43014097,-0.22871172,0.005591817,0.17925212,0.15369116,-0.12085975
2006-08-01,-0.07725876,0.01731574,-0.29062298,0.30225217,-0.14361814,-0.041191924,0.10765383,0.22643049,-0.0014672753
2006-09-01,-0.15434092,0.07711971,-0.27253485,0.4947507,-0.33029464,-0.085623994,0.09776382,0.2635742,-0.029393712
2006-10-01,-0.12400895,0.04471387,-0.25445637,0.72863,-0.5217319,-0.10204285,0.07261123,0.2549238,-0.04927706
2006-11-01,-0.098416284,0.019428646,-0.15688255,0.5580209,-0.6324504,-0.16854976,0.029179335,0.19313832,0.045609236
2006-12-01,-0.049382616,0.017548911,-0.13817018,0.78922486,-0.8492942,-0.26836312,-0.023130804,0.18780959,-0.074249305
2007-01-01,-0.22744219,0.007634497,-0.05193376,0.4693924,-0.8953736,-0.20620555,-0.077853836,0.18410552,0.053909533
2007-02-01,0.03632305,0.06788829,-0.047278456,0.26526624,-0.8152926,-0.22124948,-0.09404705,0.13673903,-0.18853423
2007-03-01,-0.20333593,0.17527688,-0.14640078,0.52572507,-0.59302676,-0.24166782,-0.07067309,0.13653497,-0.06916508
2007-04-01,0.06654148,-0.03940323,-0.1756381,0.4830351,-0.33002412,-0.10128288,-0.0019350897,0.117111415,-0.12180316
2007-05-01,0.03233984,0.021294724,-0.22560169,0.42122164,-0.27174395,-0.052037157,0.14025299,0.16274954,-0.067459315
2007-06-01,0.11082654,-0.07754813,-0.29583463,0.08249361,-0.11919843,0.014051694,0.1759205,0.047659326,0.015170103
2007-07-01,0.010041725,0.07398163,-0.31226006,0.2461989,-0.4411587,-0.050362647,0.17312112,0.18989025,-0.06737855
2007-08-01,0.03836304,0.015955273,-0.32587227,0.46525648,-0.2704739,-0.07355535,0.17613403,0.25542173,-0.0005893771
2007-09-01,-0.057672195,0.11855873,-0.2653238,0.47259444,-0.16678657,-0.15915434,0.1508833,0.26490632,-0.05223043
2007-10-01,0.0038791467,0.026090171,-0.21212621,0.64768416,-0.434655,-0.11202433,0.10622487,0.2104585,-0.03509219
2007-11-01,-0.038216654,0.0690457,-0.22429796,0.52060074,-0.613983,-0.24723554,-0.013130836,0.20686354,-0.14980648
2007-12-01,-0.19798075,0.12768273,-0.11358649,0.46375975,-0.8119553,-0.31285906,-0.08886147,0.20176879,-0.010262996
2008-01-01,-0.114222825,0.16724226,-0.030117607,0.4036545,-0.9543478,-0.40876874,-0.11990439,0.18556999,-0.15166797
2008-02-01,-0.003211994,0.04284655,-0.030418262,0.201568,-0.6247283,-0.23471646,-0.14174126,0.17407012,-0.12116862
2008-03-01,-0.0034683058,0.10775484,-0.11284701,0.49753755,-0.52494854,-0.23065487,-0.025626007,0.14308915,-0.1624265
2008-04-01,-0.03358437,0.06254414,-0.16664574,0.31329545,-0.51927686,-0.16239059,0.03447231,0.13371408,-0.081402004
2008-05-01,0.013973011,0.03661483,-0.23121288,0.26151755,-0.07362999,-0.004852439,0.17441376,0.09071979,-0.13815564
2008-06-01,0.02859064,-0.00041718356,-0.28464985,0.4046602,-0.22185183,-0.07431762,0.13812064,0.17556946,-0.051341526
2008-07-01,-0.14236343,0.004874465,-0.28946933,0.40224788,-0.14627285,0.021303969,0.19027314,0.18604036,0.066088215
2008-08-01,0.17777726,-0.08713642,-0.33132744,0.45636633,-0.28755593,-0.060555726,0.16194394,0.16669026,-0.021903824
2008-09-01,-0.013278791,0.03635445,-0.22010739,0.5470286,-0.1997404,-0.1244408,0.11460627,0.24189474,-0.03182605
2008-10-01,0.047841188,0.055639915,-0.2204581,0.5698477,-0.4238085,-0.15000857,0.07399329,0.23671052,-0.08342973
2008-11-01,-0.014077643,0.055806585,-0.15008746,0.48230845,-0.46761513,-0.20507525,-0.055650372,0.16850248,-0.011066623
2008-12-01,-0.1512617,0.13738358,-0.1293222,0.35826716,-0.78313017,-0.25478145,-0.07250671,0.20283009,0.008645511
2009-01-01,-0.03858701,0.10956607,-0.030459799,0.468746,-0.7513227,-0.24887441,-0.1643751,0.21151042,-0.21558866
2009-02-01,0.026766496,0.064892605,-0.06822637,0.3201271,-0.90771466,-0.26191336,-0.1556165,0.1058954,-0.079959296
2009-03-01,-0.013571056,0.0822794,-0.1343425,0.5924312,-0.68169516,-0.29399016,-0.10770556,0.1421515,-0.14737572
2009-04-01,-0.12566455,0.098197795,-0.16437925,0.4847653,-0.30593,-0.18713303,-0.04463574,0.16983311,-0.11301147
2009-05-01,-0.0019162811,-0.08486093,-0.19330901,0.4500494,-0.46893424,-0.06417306,0.11943535,0.17940602,-0.099126995
2009-06-01,0.018549286,0.017065236,-0.2826738,0.26828474,-0.079140626,0.050082076,0.23203586,0.10729461,-0.059661884
2009-07-01,0.0077950633,0.09816751,-0.36983576,0.36745578,-0.32216567,-0.03810023,0.18722877,0.22137795,-0.09340546
2009-08-01,-0.12427019,0.0593898,-0.3128251,0.6794796,-0.24694215,-0.028530618,0.21993966,0.24588984,-0.044116378
2009-09-01,-0.027902791,0.12050414,-0.3591536,0.52275133,-0.46702763,-0.109427296,0.16225533,0.23827158,-0.052683853
2009-10-01,0.026226552,-0.0903659,-0.26745632,0.49302265,-0.5203621,-0.09366172,0.07212028,0.16849479,-0.024406582
2009-11-01,0.039061636,-0.07627864,-0.25446644,0.58339953,-0.68906665,-0.16480194,0.008148501,0.17446823,-0.018669022
2009-12-01,-0.021084607,-0.028518533,-0.15765998,0.70454776,-0.8259521,-0.2428324,-0.031174786,0.15557902,-0.018067723
2010-01-01,-0.24975206,0.05178981,0.029732369,0.5823205,-1.0119485,-0.32421544,-0.14579685,0.21841194,0.054391105
2010-02-01,-0.21527155,0.004418622,-0.03885595,0.41959918,-0.7564066,-0.2635813,-0.10284999,0.13713185,-0.0123410765
2010-03-01,-0.077306956,-0.004735356,-0.054125007,0.4679298,-0.5563831,-0.19593015,-0.048641376,0.17805421,-0.08743508
2010-04-01,-0.061637904,0.1105081,-0.10280781,0.37158838,-0.2558748,-0.16981235,-0.0042460356,0.18591157,-0.072807424
2010-05-01,0.02634661,0.03146745,-0.13029672,0.29259983,-0.26741305,-0.07180788,0.054446355,0.1863029,-0.034140795
2010-06-01,-0.05628819,0.0042000837,-0.24932736,0.41628534,-0.1579776,-0.024081815,0.12632269,0.18766353,6.331096e-05
2010-07-01,0.07967617,0.08345426,-0.28764075,0.47766042,-0.36368543,-0.081057265,0.20766324,0.19633347,-0.123762555
2010-08-01,-0.061366603,0.05113449,-0.22359422,0.40377575,-0.124096215,-0.06819117,0.14729707,0.22874504,0.063272946
2010-09-01,0.029138288,0.00022927107,-0.1934947,0.45437276,-0.31630355,-0.112876125,0.16882268,0.16711527,0.07162489
2010-10-01,-0.009805031,0.057274517,-0.14936695,0.5761697,-0.44112664,-0.17943145,0.08275331,0.24205889,-0.11368517
2010-11-01,0.0639894,0.09589155,-0.10675139,0.51744366,-0.6117257,-0.18007965,0.047805425,0.1917822,-0.21798831
2010-12-01,0.022375353,0.11594642,-0.09463082,0.33159852,-0.98410404,-0.22315033,-0.03153832,0.17271478,-0.024340795
2011-01-01,-0.051971197,0.1221737,-0.008220706,0.49835837,-0.98661304,-0.26907155,-0.1293646,0.17503726,-0.07273564
2011-02-01,-0.03639176,0.13894789,-0.03920034,0.46496594,-0.7136771,-0.19730909,-0.1324286,0.12807594,-0.098546535
2011-03-01,-0.076825514,0.12318,-0.11268254,0.4934379,-0.63192964,-0.13478883,-0.087649725,0.11895445,-0.04675091
2011-04-01,0.054949716,0.07768597,-0.15292297,0.38960704,-0.48556852,-0.17263386,0.021594016,0.10033097,-0.14564672
2011-05-01,-0.11367265,0.045969762,-0.1519839,0.3016286,0.059977975,-0.074579865,0.064717956,0.11791011,0.053956516
2011-06-01,0.040265754,0.017779615,-0.25881985,0.2877639,-0.27926728,-0.07387557,0.13541089,0.13402343,-0.033106927
2011-07-01,0.07102204,0.06314519,-0.29140308,0.3884058,-0.35937664,-0.07298889,0.19446105,0.175351,-0.03902989
2011-08-01,-0.047772225,0.08412627,-0.29256147,0.4792074,-0.2226713,-0.004986053,0.24904327,0.2373264,-0.09357545
2011-09-01,0.03782947,0.12542333,-0.2626037,0.661506,-0.18042186,-0.11251828,0.21873252,0.22477753,-0.14978428
2011-10-01,-0.051082622,0.058955345,-0.10813538,0.43037587,-0.47916725,-0.15705702,0.022681322,0.21665446,0.035355747
2011-11-01,-0.051391464,0.07247878,-0.12758201,0.65081155,-0.37909743,-0.1729873,-0.034873966,0.17917715,-0.037680652
2011-12-01,-0.10652707,0.082133986,-0.029628117,0.41575006,-0.6918276,-0.3519543,-0.10092402,0.21668439,-0.07727664
2012-01-01,-0.109003976,0.046568442,-0.055135608,0.43669027,-0.6699674,-0.25007635,-0.13281584,0.14326574,-0.10059206
2012-02-01,-0.060953677,0.05793779,-0.09971854,0.5546662,-0.8531405,-0.23300205,-0.060266234,0.18764554,-0.18133791
2012-03-01,-0.18092617,0.09539491,-0.15712723,0.27465403,-0.443678,-0.19907254,-0.078078836,0.13077469,-0.030403676
2012-04-01,-0.09914039,0.089944676,-0.17293972,0.38336304,-0.4090095,-0.18117748,-0.024033103,0.18952389,-0.073025234
2012-05-01,-0.07531738,-0.0002486849,-0.22247063,0.5098773,-0.2582228,-0.046048373,0.12936203,0.12535629,-0.09130677
2012-06-01,0.09876366,-0.0371998,-0.17916681,0.09173914,-0.26615104,-0.030829778,0.11419984,0.10291679,-0.0531982
2012-07-01,0.0016254152,0.07225875,-0.3396652,0.28684607,-0.20331982,-0.033667084,0.1298146,0.14180577,-0.076450884
2012-08-01,-0.12516469,0.103932135,-0.31627682,0.48202378,-0.19188085,-0.03998921,0.18362023,0.2523157,-0.011024048
2012-09-01,0.01400776,0.09294537,-0.31700256,0.5458926,-0.30685747,-0.12886973,0.12123722,0.24405554,-0.07626344
2012-10-01,0.05367325,-0.0030815464,-0.2664211,0.4742053,-0.47182578,-0.17588954,0.08345708,0.180405,-0.059739903
2012-11-01,-0.00720499,0.058231413,-0.183434,0.5518706,-0.61010283,-0.22222018,0.019591931,0.21634834,-0.10793313
2012-12-01,-0.2124643,0.052596867,-0.18636829,0.7054671,-0.9359926,-0.30067736,-0.07511078,0.18827808,0.016474979
2013-01-01,-0.25575686,0.11183051,-0.07736439,0.21393834,-0.4950098,-0.22849855,-0.1486548,0.1771939,-0.02851667
2013-02-01,-0.097905084,0.048965305,-0.11015223,0.3715293,-0.73512375,-0.17955244,-0.09287648,0.18887801,-0.10572049
2013-03-01,0.036970027,0.097723916,-0.10792227,0.5216757,-0.64402306,-0.2793551,-0.080003016,0.17699856,-0.22405422
2013-04-01,-0.06435474,-0.011072391,-0.20483437,0.44856888,-0.24249035,-0.105358444,0.06465596,0.13985205,-0.050394032
2013-05-01,0.07442507,-0.010166893,-0.25864232,0.35504898,-0.39539328,-0.09904874,0.09707374,0.1411853,-0.10248499
2013-06-01,0.06509972,-0.037072085,-0.25200257,0.36934605,-0.43735275,-0.11821938,0.17238739,0.19230032,-0.10122547
2013-07-01,-0.005565314,0.050414164,-0.23543742,0.32045603,-0.15723728,-0.13290282,0.093803525,0.19211662,-0.064960904
2013-08-01,-0.09172189,0.08775346,-0.42718917,0.5916315,-0.38112196,-0.05276168,0.19367602,0.30606768,-0.08466322
2013-09-01,0.041714385,0.020798294,-0.3624609,0.4318498,-0.3467212,-0.014536321,0.12504265,0.21670116,0.0077897706
2013-10-01,-0.02173843,0.048036885,-0.31258595,0.5359641,-0.5089843,-0.17395912,0.051896665,0.22062077,-0.026249098
2013-11-01,-0.02280223,0.04093212,-0.23157461,0.43139708,-0.6418182,-0.2122168,-0.008314427,0.157011,-0.005877334
2013-12-01,-0.15808766,0.081934504,-0.18082058,0.53909343,-0.89939517,-0.34942386,-0.032072157,0.19248284,-0.020279486
2014-01-01,-0.067277715,0.08199852,-0.042792663,0.5175443,-0.950598,-0.36884934,-0.09168402,0.17247324,-0.090271786
2014-02-01,-0.056640673,0.10705412,-0.101028085,0.41648987,-0.7956452,-0.19780561,-0.09950344,0.16625287,-0.11394824
2014-03-01,-0.09019896,0.060469817,-0.12038599,0.4231026,-0.7460842,-0.20354907,-0.10776091,0.16071172,-0.10196559
2014-04-01,-0.040540427,0.033533577,-0.1466278,0.47450146,-0.5083736,-0.15733086,0.021747494,0.18189245,-0.04219596
2014-05-01,-0.077732526,0.04741229,-0.22266765,0.5891307,-0.44419858,-0.06770286,0.14541605,0.19845761,-0.07922041
2014-06-01,-0.004954341,0.050911497,-0.30378944,0.46614772,-0.38150656,-0.027948821,0.17142841,0.16012177,-0.0229512
2014-07-01,-0.112199254,0.116608925,-0.3929793,0.528284,-0.3329191,-0.03285801,0.22836134,0.27146512,-0.09881322
2014-08-01,-0.07437557,-0.046483412,-0.30890173,0.3967068,-0.14404936,-0.058832534,0.16719195,0.23263034,-0.030464761
2014-09-01,-0.007701312,0.07281735,-0.3292701,0.6199393,-0.41005912,-0.081552885,0.18160234,0.20800678,-0.07275969
2014-10-01,0.0075932187,0.039783295,-0.27455613,0.5224501,-0.22262627,-0.10248721,0.05536949,0.18417263,-0.049015824
2014-11-01,-0.0053084563,-0.029036717,-0.24087891,0.61402094,-0.66299546,-0.17845055,0.014164644,0.17205572,0.011570819
2014-12-01,-0.2038929,0.08532195,-0.19439515,0.4382263,-0.7818307,-0.24365139,-0.064882964,0.18726684,0.034591656
2015-01-01,-0.18267949,0.11931064,-0.06662822,0.41382593,-0.681214,-0.23916651,-0.082393095,0.19298168,-0.052355073
2015-02-01,-0.013540244,0.115345396,-0.012027224,0.31232724,-0.84250367,-0.29802015,-0.056922708,0.15602005,-0.12413396
2015-03-01,-0.18066138,0.14275908,-0.083025366,0.62171876,-0.6195859,-0.312299,-0.06773237,0.21942495,-0.072486766
2015-04-01,-0.037195668,0.030201497,-0.13403307,0.4967492,-0.37609777,-0.12588337,0.017869437,0.13464129,-0.046328787
2015-05-01,-0.13255766,0.054827407,-0.2245899,0.5860614,-0.35083744,-0.085964784,0.1172926,0.17954999,-0.0036690084
2015-06-01,-0.072263636,0.029059716,-0.31318513,0.46323794,-0.2312325,-0.0059447,0.14478803,0.09966357,0.041141935
2015-07-01,-0.03996751,0.024093525,-0.3744423,0.5141089,-0.25878724,0.05518123,0.18964255,0.1560172,-0.032772277
2015-08-01,-0.17880996,0.05108258,-0.32404447,0.4510167,-0.2519562,0.04557901,0.15972552,0.18084748,0.021232499
2015-09-01,-0.01710583,0.0132021,-0.32503957,0.26765123,-0.38482815,-0.0032352994,0.111653134,0.18413514,-0.014749049
2015-10-01,-0.020654282,-0.087104216,-0.24208105,0.53774464,-0.32315052,-0.07816885,0.10341425,0.18987429,0.00088168285
2015-11-01,-0.0049959887,0.013430873,-0.23688403,0.48054948,-0.60398823,-0.1420916,0.02263588,0.14118634,-0.0028525423
2015-12-01,-0.06265445,-0.06420687,-0.13968515,0.4842454,-0.61814004,-0.20529509,-0.015963506,0.19453575,-0.044371378
2016-01-01,-0.16631462,-0.05739134,-0.07004069,0.31681174,-0.699105,-0.2155805,-0.06366661,0.13766302,0.06980433
2016-02-01,-0.10637676,0.045111943,-0.0457458,0.3618409,-0.8094322,-0.32620668,-0.0455753,0.14856352,-0.061015718
2016-03-01,-0.1264104,0.046541076,-0.049999516,0.34645945,-0.4166814,-0.26534343,-0.06028347,0.11511874,-0.043923788
2016-04-01,-0.19236965,0.036738433,-0.19156978,0.45378307,-0.36898324,-0.12888427,0.035723276,0.16593632,-0.06824018
2016-05-01,-0.046910465,-0.030292785,-0.26556635,0.39920506,-0.11398603,0.00025453442,0.12108428,0.12283042,0.06233042
2016-06-01,-0.056744665,0.07999849,-0.32630402,0.3373215,-0.2792476,-0.0337923,0.11214669,0.15963773,0.022884406
2016-07-01,0.0034406963,0.00539035,-0.35829276,0.36622953,-0.16068925,0.014649067,0.22816727,0.2024132,-0.067833245
2016-08-01,-0.06396685,0.07848655,-0.3188998,0.6815333,-0.31643173,-0.057093393,0.19854794,0.26572266,-0.12334282
2016-09-01,0.015821327,0.08934329,-0.26103047,0.45118222,-0.13653615,-0.045864087,0.14332671,0.21336336,-0.0519892
2016-10-01,-0.07963634,0.07646551,-0.24388205,0.5709552,-0.41623494,-0.083009854,0.083796784,0.24764174,-0.035855588
2016-11-01,-0.004817008,-0.012049114,-0.16864902,0.46040332,-0.56168544,-0.2044737,-0.0016004046,0.1593076,0.013959747
2016-12-01,-0.07109809,0.035380118,-0.10869584,0.64615935,-0.8295951,-0.28209835,-0.04907941,0.17811,-0.07311315
2017-01-01,-0.08303071,-0.025339527,0.0010509379,0.68864423,-0.7343391,-0.28955287,-0.12291837,0.1923315,-0.0153519325
2017-02-01,-0.09202597,0.14653164,-0.0060464903,0.6241963,-0.7671015,-0.24939299,-0.18193482,0.16485077,-0.18404673
2017-03-01,-0.030280428,0.049842186,-0.07690187,0.29591608,-0.47755262,-0.23958045,-0.121525526,0.07616658,-0.031512596
2017-04-01,-0.12065121,0.013619984,-0.17057526,0.5188858,-0.58341587,-0.19193445,0.032877453,0.11614961,-0.058984
2017-05-01,-0.055746067,0.051778007,-0.2707381,0.52324194,-0.3593141,-0.071276866,0.099885225,0.1433885,-0.037454102
2017-06-01,-0.11884173,0.0911096,-0.26672345,0.17187686,-0.36551294,-0.08096503,0.14895569,0.17224094,-0.055021543
2017-07-01,0.025082186,0.061027892,-0.35297552,0.5105462,-0.26655212,-0.0070041735,0.20926572,0.18434344,-0.051761933
2017-08-01,-0.083894,0.04046974,-0.3993192,0.5797777,-0.3715765,-0.05435082,0.17621727,0.23116851,0.0010007429
2017-09-01,-0.036005817,0.074982405,-0.36568326,0.549332,-0.3260514,-0.066388994,0.19579141,0.24600215,0.019197162
2017-10-01,0.058024906,-0.02581603,-0.30645382,0.54186076,-0.50447655,-0.11867748,0.06874506,0.1930273,-0.061800186
2017-11-01,-0.14020048,0.105041325,-0.23586342,0.5552247,-0.71451515,-0.24244739,0.03899111,0.18117438,-0.064324416
2017-12-01,-0.09794926,0.14203045,-0.23700352,0.60386986,-0.8458502,-0.30218652,-0.04235162,0.20507719,-0.14819174
2018-01-01,-0.105312206,0.14341673,-0.07011965,0.4393026,-0.7629864,-0.31453064,-0.11455585,0.1801993,-0.06384911
2018-02-01,-0.2541643,0.09181083,-0.089142784,0.5185348,-0.8130896,-0.29819244,-0.13859218,0.2158763,-0.029710324
2018-03-01,-0.045107927,0.17627397,-0.08511393,0.5869177,-0.7994837,-0.2459244,-0.09835146,0.15187667,-0.1582224
2018-04-01,-0.07651397,0.0928002,-0.15416275,0.5492723,-0.34884015,-0.14936796,0.02349155,0.12711984,-0.055859346
2018-05-01,-0.011019812,0.012660577,-0.25133133,0.3396255,-0.29908192,-0.06225186,0.1307658,0.15701543,-0.043904647
2018-06-01,0.00895117,0.06394101,-0.29510385,0.3992781,-0.3174786,-0.04538225,0.14668606,0.16809165,-0.05891858
2018-07-01,-0.083808936,0.1284824,-0.34367427,0.43686652,-0.19043006,-0.012810167,0.17155749,0.21836649,0.0045226775
2018-08-01,-0.15850148,0.087896414,-0.4061493,0.59663314,-0.30248812,0.025984177,0.19835806,0.28072536,-0.0057309195
2018-09-01,0.020118872,0.007558744,-0.40037525,0.72193646,-0.4159218,-0.11826597,0.15902503,0.20068263,-0.053833913
2018-10-01,-0.029343624,0.027180368,-0.18837602,0.45313388,-0.4315934,-0.13750073,0.09693465,0.2123348,-0.052170843
2018-11-01,-0.106885344,0.077434555,-0.31507036,0.59234935,-0.66434896,-0.16937077,0.023691155,0.19381571,-0.042405877
2018-12-01,-0.0741231,0.11512214,-0.110100806,0.5277116,-0.7904604,-0.29560807,-0.065095,0.14560567,-0.056348793
2019-01-01,-0.10483314,0.12297579,-0.021662364,0.50608027,-0.8365332,-0.280479,-0.08035655,0.1372919,-0.09258786
2019-02-01,-0.23083016,0.14486232,-0.04859726,0.336735,-0.68069375,-0.314228,-0.04783509,0.18210548,-0.08913096
2019-03-01,-0.05803485,0.08395905,-0.06460976,0.38496912,-0.52742565,-0.2015596,-0.11100866,0.15685576,-0.06996548
2019-04-01,-0.06045132,0.03396869,-0.1788266,0.44687933,-0.55588305,-0.13524841,0.025603492,0.15955317,-0.079840876
2019-05-01,-0.15436031,0.07009835,-0.26230362,0.517964,-0.3394812,-0.091101915,0.12220442,0.1782593,0.003218315
2019-06-01,0.03904922,-0.01337098,-0.38332954,0.34869203,-0.29144093,-0.0729917,0.137491,0.19454692,-0.06340217
2019-07-01,-0.039101038,0.025420243,-0.41346505,0.55815554,-0.3104607,-0.04011807,0.14522997,0.209891,-0.030024787
2019-08-01,0.09144594,-0.007400654,-0.41522914,0.59572285,-0.28196496,-0.08741496,0.18080157,0.20959067,-0.073520444
2019-09-01,-0.02046062,0.08177111,-0.28008983,0.32790554,-0.34634253,-0.0981187,0.0772727,0.20026258,-0.028010132
2019-10-01,0.029027298,-0.036696177,-0.24947467,0.53778386,-0.4588331,-0.1394696,0.08438721,0.21699016,-0.04197815
2019-11-01,-0.1350889,0.12175916,-0.24961807,0.6906849,-0.5893801,-0.18606932,0.035943523,0.2335166,-0.062560216
2019-12-01,-0.20144615,0.017127736,-0.20159443,0.5849006,-0.89029217,-0.28974277,-0.052561145,0.23264632,0.047774404
2020-01-01,-0.059077144,0.09992776,-0.1292397,0.41642046,-0.7465712,-0.2827744,-0.10524744,0.1438889,-0.07929798
2020-02-01,-0.11180116,0.04460854,-0.022953784,0.39869976,-0.7914729,-0.3107885,-0.118323654,0.15797992,-0.029218214
2020-03-01,-0.0059713693,-0.012050356,-0.08515262,0.5549179,-0.5018607,-0.22347467,-0.06205669,0.14363678,-0.121119395
2020-04-01,0.044233337,0.066921785,-0.1655934,0.5750465,-0.22405438,-0.13773464,0.025435153,0.13195777,-0.1342026
2020-05-01,-0.100100845,0.120181955,-0.25162563,0.4698392,-0.25358608,-0.09756247,0.10328316,0.24513087,-0.16363223
2020-06-01,-0.16222693,0.007979438,-0.3151833,0.5772131,-0.32302013,-0.057302658,0.15015855,0.18093036,0.00571443
2020-07-01,-0.07545265,0.027303128,-0.38440254,0.46657577,-0.33571038,-0.10259146,0.1883515,0.20744297,-0.03558999
2020-08-01,0.09291188,0.05106065,-0.27173653,0.3456226,-0.4089647,-0.08504114,0.15913276,0.18828125,-0.03926996
2020-09-01,-0.07862315,0.15523554,-0.29507712,0.60474545,-0.37875614,-0.17874706,0.14737707,0.22168788,-0.043073125
2020-10-01,-0.123551935,0.146504,-0.3471949,0.55448204,-0.3060312,-0.13199186,0.06249316,0.19811799,-0.049202174
2020-11-01,-0.024956996,0.0154650705,-0.26850906,0.5087468,-0.41494972,-0.19720954,0.0017676671,0.18223433,-0.017346747
2020-12-01,-0.024939835,0.07689988,-0.044680636,0.5642647,-0.89799225,-0.3839943,-0.09841182,0.15784933,-0.12194636
2021-01-01,0.05533969,0.09321441,0.0023944208,0.5048957,-0.8464036,-0.31132716,-0.15089947,0.13222198,-0.21835545
2021-02-01,-0.08438648,0.07345307,0.0054946947,0.3338849,-0.7319226,-0.28168726,-0.10601236,0.18191545,-0.14569275
2021-03-01,-0.032869503,0.070348,-0.078517705,0.5121739,-0.53248745,-0.20030688,-0.09221055,0.11824422,-0.08121653
2021-04-01,-0.023550762,0.038742863,-0.14262596,0.5219949,-0.42898083,-0.14029954,0.0011372718,0.16145964,-0.09783001
2021-05-01,-0.09840589,0.0988408,-0.26153788,0.38352257,-0.16613409,-0.0901874,0.12676659,0.18009037,-0.10323813
2021-06-01,-0.09533678,0.0902855,-0.25026724,0.3519964,-0.2662975,-0.029592393,0.17151545,0.17109986,-0.004726731
2021-07-01,0.005612184,0.098619476,-0.32460165,0.421239,-0.19534718,-0.055750903,0.20186648,0.21581522,-0.015748607
2021-08-01,0.0023263805,0.032230794,-0.2807937,0.44550973,-0.15972733,-0.078111835,0.17440936,0.21606542,-0.05641422
2021-09-01,-0.0053925705,0.09722632,-0.332306,0.620876,-0.30633792,-0.20270273,0.15227139,0.20561452,-0.0144813955
2021-10-01,-0.09669475,0.11068541,-0.22544132,0.29605484,-0.50550467,-0.19945964,0.04631061,0.18594387,0.06330898
2021-11-01,-0.10770048,0.0863324,-0.21711707,0.5066992,-0.8111842,-0.23966238,-0.00023114329,0.20541042,-0.042421382
2021-12-01,-0.06133582,0.12624663,-0.17886126,0.44997582,-0.7610209,-0.3335133,-0.11226829,0.15934603,-0.045420095
2022-01-01,-0.1354909,0.0650596,-0.11077368,0.49684197,-0.80280566,-0.3320525,-0.06722893,0.13532962,-0.08526647
2022-02-01,0.015225764,0.09676201,-0.15083803,0.39017513,-0.7623801,-0.303457,-0.069907025,0.14080274,-0.16121939
2022-03-01,0.032522764,0.118130654,-0.021586675,0.3149885,-0.69982845,-0.24248065,-0.11965783,0.13601068,-0.16905221
2022-04-01,0.06970634,0.08412597,-0.17046341,0.5082579,-0.35165724,-0.16356596,0.010843366,0.14043432,-0.15703079
2022-05-01,-0.025509303,0.07091489,-0.19779998,0.43745765,-0.26395616,-0.07380994,0.08111227,0.16239157,-0.10753046
2022-06-01,0.03004261,0.057258215,-0.21274759,0.17499214,-0.1927819,-0.08461193,0.13776042,0.1583284,-0.014611168
2022-07-01,0.030445997,0.023804946,-0.31058747,0.28085062,-0.2954367,-0.099348485,0.120566696,0.18134505,0.040173262
2022-08-01,-0.05110202,0.056227,-0.29758766,0.4764794,-0.3599944,-0.12175828,0.12288144,0.22222833,0.026663018
2022-09-01,-0.012052541,0.057569195,-0.29491016,0.43925744,-0.43579277,-0.10454357,0.15333499,0.22917536,0.0075612403
2022-10-01,-0.0058040647,0.101761855,-0.24995871,0.52394426,-0.47631705,-0.15631607,0.082321756,0.1849988,-0.05879836
2022-11-01,-0.12285468,0.0021177828,-0.2316443,0.40559673,-0.24030325,-0.17923757,-0.07574379,0.2007053,0.052760832
2022-12-01,-0.035567634,0.10815483,-0.1490345,0.57919896,-0.86958164,-0.33757398,-0.042710204,0.14380528,-0.117146626
