,ssta20_cluster1,ssta20_cluster2,ssta20_cluster3,ssta20_cluster4,ssta20_cluster5,ssta20_cluster6,ssta20_cluster7,ssta20_cluster8,ssta20_cluster9
1980-01-01,2.3949802,-4.2082176,-8.616201,-1.56608,-2.367498,1.5057541,-6.2810183,-0.0090498505,-10.436781
1980-02-01,2.1946719,-3.452562,-7.878027,-0.9695434,-1.849166,1.3847548,-5.571897,0.19712195,-9.85296
1980-03-01,1.8968569,-3.6231482,-8.537026,-0.5882708,-1.76172,1.3313447,-6.073548,0.30423924,-10.318471
1980-04-01,1.6392921,-4.804115,-9.964638,-1.2270696,-2.814924,0.9316787,-7.4533525,-0.15630615,-11.786317
1980-05-01,1.7082763,-6.118269,-11.058846,-2.192095,-4.1459866,0.60913706,-8.768025,-0.7231716,-12.919994
1980-06-01,1.8042608,-6.90164,-12.039089,-2.6917443,-4.7446914,0.35270405,-9.649357,-1.051173,-13.988956
1980-07-01,2.0203059,-7.7676287,-12.661202,-3.4219313,-5.616884,0.13661467,-10.4524,-1.484347,-14.505392
1980-08-01,2.026769,-8.222379,-13.301815,-3.850047,-6.054053,-0.14107907,-11.019062,-1.8829505,-15.155876
1980-09-01,2.0768034,-8.638857,-13.4741125,-4.065506,-6.236945,-0.08475701,-11.188298,-1.8526359,-15.302047
1980-10-01,2.034953,-8.165054,-12.799512,-3.9815176,-5.7498946,0.25006345,-10.614962,-1.6302335,-14.533236
1980-11-01,2.216078,-7.5212216,-11.9394245,-3.5027184,-5.110318,0.72352374,-9.821061,-1.247227,-13.598274
1980-12-01,2.308014,-5.736644,-10.001656,-2.7156906,-3.8101764,1.1525793,-7.934301,-0.71231055,-11.8132305
1981-01-01,2.4434638,-4.216586,-8.339337,-1.9963974,-2.5483928,1.2748314,-6.2782807,-0.41675675,-10.28502
1981-02-01,2.0493577,-3.5304596,-7.659769,-1.1742237,-1.8996115,1.2161703,-5.53991,-0.12810835,-9.639826
1981-03-01,1.5818344,-3.798111,-8.315092,-0.9707897,-2.0398643,1.033018,-6.0799203,-0.1546198,-10.271289
1981-04-01,1.5652752,-4.8225255,-9.6210985,-1.5618725,-2.8545685,0.8096269,-7.2864037,-0.5158535,-11.70762
1981-05-01,1.6877363,-6.146937,-11.114997,-2.2162364,-4.0380635,0.51553905,-8.802193,-0.9339741,-12.940438
1981-06-01,1.7423232,-7.1457696,-12.029789,-2.8222148,-4.981257,0.38500902,-9.758639,-1.1484946,-13.673751
1981-07-01,2.0268183,-7.9828706,-12.496158,-3.3855295,-5.6652155,0.17457081,-10.432311,-1.4421861,-14.16859
1981-08-01,2.0991766,-8.1705475,-12.984853,-3.9389956,-5.933983,-0.04709713,-10.819492,-1.8404784,-14.819831
1981-09-01,1.9601122,-8.410792,-13.170747,-4.141847,-6.1651564,-0.040693406,-10.976784,-1.818707,-14.68423
1981-10-01,1.8519499,-8.107441,-12.847126,-3.9862413,-5.9476657,-0.0050524017,-10.612134,-1.8237755,-14.399788
1981-11-01,2.2075064,-7.5819893,-12.352527,-3.7223947,-5.327127,0.7134725,-10.023217,-1.4288371,-14.134096
1981-12-01,2.2234263,-6.0900755,-10.470272,-2.5757349,-3.8381493,1.1488585,-8.350517,-0.7165412,-12.273281
1982-01-01,2.4216385,-4.3683796,-8.57111,-1.4643681,-2.4153242,1.4425992,-6.3812685,-0.13509849,-10.658198
1982-02-01,2.1921651,-3.4826818,-7.987791,-0.9098746,-1.8444403,1.3043144,-5.7282715,-0.048349526,-10.213805
1982-03-01,2.0037832,-4.151195,-8.791595,-0.88560075,-2.394954,1.1005852,-6.497915,-0.113406345,-10.963095
1982-04-01,2.0642269,-5.3347993,-10.081387,-1.2340595,-3.3507667,1.0274167,-7.724732,-0.120964184,-12.0392275
1982-05-01,2.1981387,-6.4373293,-11.248072,-2.0746033,-4.357582,0.71945935,-9.008036,-0.6538862,-13.059106
1982-06-01,2.3869417,-7.342161,-12.387271,-2.4337475,-5.0052476,0.5475604,-10.055827,-0.918721,-14.311459
1982-07-01,2.5207396,-7.8037763,-12.826502,-2.9166214,-5.360958,0.3708276,-10.549666,-1.2399668,-14.581185
1982-08-01,2.4942062,-8.332721,-13.208538,-3.250891,-5.946034,0.26900882,-10.989562,-1.384013,-15.009649
1982-09-01,2.2266626,-8.499976,-13.501974,-3.2751064,-6.146378,0.24911806,-11.274029,-1.3667467,-15.280024
1982-10-01,2.2637942,-8.390913,-13.609291,-3.004221,-5.869299,0.527964,-11.265885,-1.0503169,-15.367689
1982-11-01,2.018795,-7.7487555,-12.816343,-2.5564966,-5.195052,0.66613543,-10.474158,-0.6615529,-14.406408
1982-12-01,2.2309434,-6.4512,-10.978158,-1.7402667,-4.1937685,1.4496211,-8.776223,0.19870618,-12.408769
1983-01-01,2.125337,-4.875096,-9.299172,-0.8720466,-2.9616525,2.0283434,-6.9199247,0.8759193,-10.770204
1983-02-01,1.6936113,-4.1566186,-8.72514,-0.20363773,-2.3318222,1.7952985,-6.3061323,0.81957346,-10.052792
1983-03-01,1.3678421,-4.4150977,-9.057303,-0.27408266,-2.5078194,1.4536065,-6.5938363,0.6669487,-10.349102
1983-04-01,1.0915052,-5.312165,-10.329812,-0.62053615,-3.0959756,1.0581828,-7.865619,0.36375764,-11.739555
1983-05-01,1.2653967,-6.314267,-11.40034,-1.2682465,-3.9536057,0.51218647,-8.89788,-0.4105338,-12.956094
1983-06-01,1.4427567,-7.1037817,-12.573069,-1.7018533,-4.5275416,0.20368104,-10.120523,-0.89174944,-14.074373
1983-07-01,1.4978906,-7.600929,-13.033799,-2.247965,-5.0432386,-0.12404396,-10.545043,-1.4402387,-14.572119
1983-08-01,1.5335143,-8.186553,-13.31042,-2.9601994,-5.6636662,-0.30681598,-11.049473,-1.7405188,-14.848402
1983-09-01,1.6538037,-8.337073,-13.530293,-3.5697362,-5.889751,-0.24472873,-11.185371,-1.7880245,-15.085236
1983-10-01,1.7279226,-8.272481,-13.285071,-3.6288638,-5.734171,0.17830482,-10.93572,-1.5659182,-14.867765
1983-11-01,1.8935268,-7.6737776,-12.025583,-3.4181542,-5.2349534,0.73229045,-9.948415,-1.2750123,-13.537053
1983-12-01,2.1591132,-6.035119,-10.19757,-2.7194636,-4.028345,1.0414956,-8.084126,-0.7262074,-11.832881
1984-01-01,2.2802308,-4.5822635,-9.016354,-1.6288801,-2.6782706,1.4489428,-6.78969,-0.07995325,-10.669678
1984-02-01,2.0049717,-3.4660304,-8.427742,-0.7991694,-1.7182814,1.3916805,-5.88767,0.097401656,-10.301781
1984-03-01,1.6486799,-4.101396,-8.833764,-0.7289557,-2.2779765,1.1727874,-6.537505,0.015632061,-10.64351
1984-04-01,1.5364469,-5.384095,-10.115558,-1.1950634,-3.1764393,1.0084445,-7.8322096,-0.04807613,-12.000088
1984-05-01,1.5297893,-6.511019,-11.290354,-2.1837478,-4.172665,0.70137,-8.862224,-0.5261738,-12.945278
1984-06-01,1.8499218,-7.283976,-11.876309,-2.906554,-4.8308697,0.49997175,-9.598527,-1.0644526,-13.37621
1984-07-01,1.9680814,-7.9063725,-12.773891,-3.4270086,-5.515988,0.21808662,-10.462897,-1.454772,-14.486016
1984-08-01,2.0136456,-8.373304,-13.01082,-3.8779995,-5.883254,0.16061834,-10.827056,-1.604127,-14.701127
1984-09-01,2.1484969,-8.61215,-13.2709875,-4.0223284,-6.1511245,0.26053253,-11.112084,-1.6417127,-15.046964
1984-10-01,2.0917754,-8.361766,-12.963154,-4.105382,-6.025596,0.26156443,-10.894908,-1.673245,-14.760858
1984-11-01,2.2142076,-7.3672814,-11.89142,-3.5339775,-5.162817,0.63103664,-9.751632,-1.3689735,-13.76566
1984-12-01,2.1725194,-5.618396,-9.562205,-2.8032308,-3.670348,1.0633711,-7.448268,-0.87468714,-11.550645
1985-01-01,2.122482,-3.8905723,-8.249023,-1.7299216,-2.2178266,1.2330898,-5.955917,-0.28290233,-10.474142
1985-02-01,1.9590398,-3.2860599,-7.775394,-1.1708689,-1.6138486,1.1517731,-5.4148984,-0.16507268,-9.933559
1985-03-01,1.4884342,-3.7973394,-8.39744,-0.8438614,-1.9637868,1.1826855,-5.9938245,0.028471462,-10.448783
1985-04-01,1.520444,-5.019652,-9.61212,-1.4307878,-3.151006,0.8694517,-7.275668,-0.32803795,-11.443319
1985-05-01,1.8472474,-6.2637033,-10.910754,-2.1958232,-4.105626,0.67040336,-8.649559,-0.63557345,-12.742377
1985-06-01,2.0342476,-6.99661,-11.736579,-2.8008363,-4.830976,0.3987807,-9.478653,-1.0218041,-13.642471
1985-07-01,2.1930795,-7.831987,-12.404825,-3.5941591,-5.638388,0.28093815,-10.313463,-1.3771671,-14.26859
1985-08-01,2.1931915,-8.281557,-12.644858,-4.089453,-6.0336103,0.08368496,-10.669138,-1.6812291,-14.396239
1985-09-01,2.3234868,-8.579111,-13.050263,-4.347917,-6.209265,0.17829691,-11.089926,-1.8532038,-14.835595
1985-10-01,2.241932,-8.283375,-12.868936,-4.1371164,-5.9745564,0.33340475,-10.77818,-1.7180219,-14.776548
1985-11-01,2.3340826,-7.47399,-12.199302,-3.7356596,-5.3585176,0.681662,-9.988203,-1.4806528,-14.119992
1985-12-01,2.491772,-6.0041637,-10.461508,-2.9104066,-4.084309,1.2030157,-8.289663,-0.90772647,-12.439217
1986-01-01,2.5131605,-4.1439147,-8.609731,-1.5788615,-2.3193142,1.371722,-6.4021664,-0.32390198,-10.902769
1986-02-01,2.1376789,-3.6515737,-7.8534026,-0.79561996,-1.8730607,1.0196934,-5.6485963,-0.18581735,-9.985342
1986-03-01,1.9564314,-3.9494998,-8.1816025,-0.7553584,-2.1411595,0.987812,-6.0162096,-0.09727109,-10.278019
1986-04-01,1.7381058,-5.1160855,-9.571233,-1.3823991,-3.2493937,0.7960527,-7.2773795,-0.3742906,-11.450911
1986-05-01,1.8708329,-6.4873414,-11.027338,-2.2616436,-4.2734847,0.44598517,-8.835418,-0.92572737,-12.978608
1986-06-01,1.9947429,-7.5058665,-12.039531,-2.7916255,-5.144675,0.3455981,-9.896781,-0.9788104,-13.889473
1986-07-01,2.1044083,-8.081147,-12.654708,-3.1759496,-5.5771756,0.38885495,-10.594198,-1.1503044,-14.430989
1986-08-01,2.2293205,-8.383954,-13.080058,-3.7609818,-6.028336,0.18292476,-10.958766,-1.4669069,-14.898159
1986-09-01,2.2233539,-8.496139,-13.070052,-3.85291,-6.197728,0.24818432,-10.969064,-1.4706168,-14.929971
1986-10-01,2.3120801,-8.31322,-12.904772,-3.610653,-5.9313393,0.36507022,-10.774442,-1.3554143,-14.920551
1986-11-01,2.3899472,-7.753282,-12.1537285,-3.1974602,-5.342305,0.9261772,-10.122095,-0.9339284,-14.033052
1986-12-01,2.461729,-6.3616714,-10.73924,-2.4670224,-4.2967353,1.5105507,-8.823147,-0.35640633,-12.49333
1987-01-01,2.4606855,-4.677896,-8.978047,-1.4826958,-2.9013634,1.8964808,-6.9422956,0.16601624,-10.9396925
1987-02-01,2.0316956,-3.7663684,-8.053767,-0.6217015,-2.0327432,1.5587639,-5.822647,0.2020619,-9.886357
1987-03-01,1.8000239,-4.257205,-9.022226,-0.62381303,-2.3328772,1.3689288,-6.6593065,0.29114252,-10.682825
1987-04-01,1.5972068,-5.318398,-10.219939,-1.1437947,-3.3110087,0.8863327,-7.888294,-0.17196123,-11.894981
1987-05-01,1.3170474,-6.7778645,-11.623186,-1.8509524,-4.507178,0.5174314,-9.298324,-0.59931254,-13.396362
1987-06-01,1.5437623,-7.645354,-12.617876,-2.5515387,-5.204268,0.34690505,-10.192458,-0.858634,-14.471007
1987-07-01,1.6318884,-8.212753,-13.157675,-2.9550517,-5.705432,0.23301798,-10.770952,-1.071164,-14.985654
1987-08-01,1.400027,-8.640085,-13.55764,-3.4610174,-6.1544304,0.035911024,-11.185235,-1.2633965,-15.338631
1987-09-01,1.7418703,-8.809115,-13.63836,-3.5736387,-6.2680697,0.006723434,-11.335249,-1.5514503,-15.387669
1987-10-01,1.8471059,-8.715229,-13.652117,-3.67055,-6.151826,0.0030207192,-11.362279,-1.5472617,-15.459924
1987-11-01,2.197151,-7.863915,-12.374162,-3.3613956,-5.4300637,0.6388838,-10.232217,-1.1819476,-14.28372
1987-12-01,2.3934555,-6.3085055,-10.617319,-2.5479782,-4.192832,1.0468225,-8.471147,-0.8277879,-12.471212
1988-01-01,2.2946374,-4.8756347,-9.179531,-1.8002672,-3.0274978,1.4804041,-6.903312,-0.2595555,-11.108551
1988-02-01,2.0142486,-4.254503,-8.628965,-1.1033261,-2.260311,1.4308949,-6.1373453,-0.014669541,-10.5187
1988-03-01,1.5660201,-4.57022,-9.113959,-1.2180611,-2.5456378,1.0594497,-6.695792,-0.19833872,-10.867531
1988-04-01,1.5385696,-5.7833633,-10.357298,-2.0703092,-3.5965114,0.9856606,-8.040615,-0.5319038,-12.096822
1988-05-01,1.66529,-6.46047,-11.315715,-2.840815,-4.185596,0.6302748,-8.912631,-1.2384785,-13.02844
1988-06-01,1.9091234,-7.142653,-11.935016,-3.4604032,-4.8011413,0.4181313,-9.575528,-1.4875972,-13.796516
1988-07-01,2.1147366,-7.7926855,-12.593522,-3.9437354,-5.443047,0.23509191,-10.279904,-1.8587961,-14.403667
1988-08-01,2.1179516,-8.25415,-12.891706,-4.173176,-5.8791533,-0.011863887,-10.640007,-2.045782,-14.643094
1988-09-01,1.8532953,-8.368397,-13.012392,-4.2785053,-5.871418,0.050004117,-10.74025,-1.9745425,-14.869022
1988-10-01,1.7242771,-8.072508,-12.573415,-4.0914736,-5.454305,0.18916751,-10.349958,-1.9365567,-14.389164
1988-11-01,1.8252965,-7.216107,-11.472946,-3.6865196,-4.8629117,0.58955497,-9.271289,-1.6584408,-13.436324
1988-12-01,2.0647626,-5.5537996,-9.613399,-3.0491502,-3.6921217,0.9753048,-7.5027113,-1.1016631,-11.778049
1989-01-01,1.9522755,-3.6976998,-7.915165,-1.9198775,-2.2599761,1.1391459,-5.8428497,-0.6356451,-10.327535
1989-02-01,1.6536502,-3.0257883,-7.4106984,-0.84727174,-1.4447361,1.0858246,-5.0653167,-0.14049211,-9.500001
1989-03-01,1.5347083,-3.5947793,-8.0288315,-0.88480973,-1.8930718,0.8660551,-5.654208,-0.35455006,-10.104243
1989-04-01,1.3613564,-4.883548,-9.463286,-1.3512301,-2.8134153,0.63585556,-6.9826107,-0.5902788,-11.634074
1989-05-01,1.608992,-6.216444,-10.68714,-2.137737,-3.9732335,0.55394393,-8.280408,-0.779783,-12.929996
1989-06-01,1.7362812,-7.0818567,-11.524743,-2.7069278,-4.8446765,0.41867974,-9.172645,-1.0467458,-13.565508
1989-07-01,1.9718395,-7.762569,-12.277304,-3.3671503,-5.484352,0.23317724,-9.895973,-1.4608074,-14.265256
1989-08-01,2.0072775,-8.188171,-12.65527,-3.8360736,-5.822544,0.10747416,-10.396521,-1.6534029,-14.611981
1989-09-01,2.0834274,-8.248441,-12.846546,-4.06626,-5.9877205,0.20299684,-10.591089,-1.7185354,-14.840324
1989-10-01,2.0944366,-8.27002,-12.79972,-3.961812,-5.8344455,0.33132428,-10.575138,-1.5779176,-14.875689
1989-11-01,2.1956847,-7.66187,-11.855535,-3.6324449,-5.2611885,0.70418787,-9.746405,-1.3585429,-13.997206
1989-12-01,2.456101,-6.127336,-10.301203,-3.046673,-4.165085,1.083951,-8.206063,-0.8792463,-12.401623
1990-01-01,2.4558828,-4.2505713,-8.575283,-1.6408966,-2.5082738,1.3036219,-6.233851,-0.18085943,-10.512858
1990-02-01,2.0943966,-3.7198942,-7.8719263,-1.0449578,-2.1043663,1.2213234,-5.712822,-0.092471756,-9.966428
1990-03-01,1.8233895,-3.9969738,-8.2654505,-0.98984504,-2.2043257,1.0856014,-6.0914464,-0.07683744,-10.412132
1990-04-01,1.5902625,-5.131918,-9.598961,-1.4847064,-3.220455,0.9317254,-7.2686877,-0.28275713,-11.615391
1990-05-01,1.6624123,-6.291142,-10.772467,-2.1051898,-4.1211104,0.6049164,-8.369966,-0.7204563,-12.687899
1990-06-01,2.0707269,-7.2605987,-11.72919,-2.7199154,-4.8693175,0.49999258,-9.314006,-1.006171,-13.626013
1990-07-01,2.1751168,-7.874064,-12.345217,-3.4461257,-5.5328813,0.35219604,-10.009814,-1.212999,-14.160061
1990-08-01,2.2195058,-8.369758,-12.893197,-3.9143114,-6.051448,0.32573435,-10.58903,-1.5125091,-14.764542
1990-09-01,2.371446,-8.630145,-12.948233,-4.061124,-6.346315,0.24951667,-10.750519,-1.6702502,-14.807287
1990-10-01,2.393538,-8.416971,-12.87879,-4.1249404,-6.1579413,0.3788844,-10.667887,-1.6394845,-14.639619
1990-11-01,2.580789,-7.72266,-11.83799,-3.8757539,-5.5845346,0.64584136,-9.889184,-1.4103763,-13.611105
1990-12-01,2.59346,-5.890408,-10.179964,-3.0147195,-3.9767895,1.090234,-8.014036,-0.9824489,-11.9980755
1991-01-01,2.650477,-4.5045514,-8.63098,-2.044383,-2.7595098,1.428777,-6.525228,-0.4705546,-10.165356
1991-02-01,2.3740268,-3.8369462,-7.88585,-1.1765515,-2.1071718,1.3082705,-5.575061,-0.16019012,-9.5396185
1991-03-01,2.0811062,-4.3605824,-8.7759495,-1.0623227,-2.5005202,1.0940942,-6.4257135,-0.28081763,-10.514219
1991-04-01,2.0956838,-5.46576,-10.033847,-1.6649816,-3.4728708,0.91966206,-7.703702,-0.39080283,-11.952888
1991-05-01,2.0161629,-6.6825886,-11.467361,-2.0532713,-4.4529486,0.50689244,-9.1769705,-0.74144,-13.282786
1991-06-01,2.2534034,-7.6174097,-12.414636,-2.4541879,-5.227084,0.45914158,-10.096738,-0.9220159,-14.16184
1991-07-01,2.217586,-8.093866,-12.76531,-3.1427536,-5.692024,0.4126938,-10.568769,-1.1911873,-14.339882
1991-08-01,2.3475351,-8.316146,-12.995324,-3.6262937,-5.9949894,0.19992028,-10.79446,-1.5040796,-14.557398
1991-09-01,2.4044092,-8.660671,-13.163901,-3.9397929,-6.2854805,0.22432114,-11.093824,-1.6344166,-14.846132
1991-10-01,2.4532304,-8.530478,-13.082508,-3.7239218,-6.044335,0.52687126,-10.9490595,-1.2584388,-14.695377
1991-11-01,2.5493295,-7.5812893,-12.120214,-3.023767,-5.172206,0.95873654,-9.950284,-0.9015916,-13.63064
1991-12-01,2.4999144,-5.8854837,-10.29052,-2.2902327,-3.912336,1.4909576,-7.9872847,-0.24759127,-11.943093
1992-01-01,2.2603552,-4.4635854,-8.792576,-1.5070032,-2.8312395,1.6839751,-6.5032988,0.117168464,-10.415369
1992-02-01,2.0578938,-3.5547068,-8.232487,-0.8450595,-1.9708112,1.6426237,-5.744253,0.39264274,-9.972672
1992-03-01,1.7040957,-3.915213,-8.917968,-0.5661687,-2.1207771,1.4756184,-6.222097,0.30836084,-10.589342
1992-04-01,1.61507,-5.147213,-10.294896,-0.9597373,-3.1379285,1.154698,-7.652752,0.02001524,-11.885271
1992-05-01,1.5358142,-6.3629413,-11.51113,-1.6227779,-4.1149077,0.7235268,-9.013225,-0.5238913,-13.052496
1992-06-01,1.9630136,-7.3668146,-12.39281,-2.7302349,-5.0165725,0.49231702,-10.00583,-1.0136763,-13.897928
1992-07-01,2.237558,-7.8589487,-12.945291,-3.4161363,-5.5292425,0.41594297,-10.578577,-1.3411363,-14.4747
1992-08-01,2.415834,-8.144923,-13.3955,-3.742607,-5.7561784,0.31165656,-10.994882,-1.5428141,-14.916163
1992-09-01,2.3742087,-8.450667,-13.460419,-3.8291864,-5.960033,0.3698713,-11.130893,-1.4385325,-14.926832
1992-10-01,2.412121,-8.233871,-13.078145,-3.7824144,-5.775019,0.40559888,-10.88001,-1.4342221,-14.626651
1992-11-01,2.4797103,-7.333054,-11.826515,-3.3486161,-5.006344,0.70448565,-9.799286,-1.1103877,-13.563868
1992-12-01,2.6178956,-5.5965385,-10.186247,-2.6160648,-3.7910743,1.3404181,-7.85613,-0.58079743,-12.161341
1993-01-01,2.405685,-4.0351114,-8.752539,-1.7472222,-2.6316144,1.3638593,-6.3717666,-0.2242715,-10.583748
1993-02-01,2.0421364,-3.6497085,-8.234651,-0.92532283,-1.9136758,1.2379916,-5.7921,0.02429564,-9.905
1993-03-01,1.6771443,-4.0564556,-9.061191,-0.55322593,-2.1671932,1.1446308,-6.471662,0.19702016,-10.847214
1993-04-01,1.5443181,-5.214319,-10.568019,-0.98890066,-3.114186,0.88029885,-7.887938,-0.040241834,-12.42795
1993-05-01,1.5029503,-6.477265,-11.665595,-1.8932891,-4.2563663,0.5608621,-9.20863,-0.5214206,-13.516046
1993-06-01,1.7006863,-7.6056666,-12.729714,-2.587232,-5.105492,0.33677155,-10.324472,-0.9762451,-14.456112
1993-07-01,2.0049412,-8.161793,-13.120714,-3.3611357,-5.742929,0.19374794,-10.766348,-1.4190878,-14.819034
1993-08-01,2.1226203,-8.409,-13.250653,-3.7941313,-5.9329157,0.065378904,-10.92736,-1.6010844,-15.036286
1993-09-01,2.1226532,-8.71307,-13.518411,-3.8665748,-6.139641,0.061157476,-11.249724,-1.6233815,-15.109353
1993-10-01,1.9543612,-8.533776,-13.346116,-3.7524705,-5.9138684,0.06691997,-11.16547,-1.5444565,-15.077402
1993-11-01,2.3090699,-7.6834903,-12.3364315,-3.4906056,-5.2134776,0.5820034,-10.122833,-1.2798206,-14.102953
1993-12-01,2.5501297,-6.098946,-10.692915,-2.6766846,-3.9605293,1.1596038,-8.268277,-0.6728404,-12.515109
1994-01-01,2.424182,-4.650208,-8.978392,-1.7745576,-2.6946137,1.4402133,-6.577738,-0.22776875,-11.124805
1994-02-01,2.2868245,-4.0456977,-8.355229,-1.1435268,-2.2669077,1.4846586,-6.107788,0.053014677,-10.334078
1994-03-01,2.0462763,-4.5850534,-9.109758,-1.1199527,-2.6331754,1.2826085,-6.8107996,0.10314594,-10.928565
1994-04-01,1.9413154,-5.6453176,-10.4513035,-1.752743,-3.596201,0.94410723,-7.9993644,-0.2669088,-12.27114
1994-05-01,1.9999471,-6.6979814,-11.510498,-2.4382849,-4.5214534,0.5614383,-9.105177,-0.8213913,-13.23105
1994-06-01,2.1652884,-7.5407004,-12.4498825,-2.9003112,-5.263841,0.41458842,-10.108659,-0.94505244,-14.058222
1994-07-01,2.392089,-7.987321,-12.940165,-3.4862556,-5.679188,0.27371725,-10.601456,-1.3989592,-14.679734
1994-08-01,2.5393257,-8.440901,-13.205386,-4.0783925,-6.1199584,0.20270066,-10.908899,-1.7047193,-14.9347315
1994-09-01,2.3568118,-8.481693,-13.401144,-3.996997,-6.164071,0.118584186,-11.028309,-1.7043523,-15.090778
1994-10-01,2.3123727,-8.48562,-13.367955,-3.7056541,-6.0519686,0.32468677,-10.999836,-1.3940654,-14.9570875
1994-11-01,2.4202056,-7.4012494,-12.380194,-3.178316,-5.1547694,0.84504795,-9.863164,-1.0097431,-14.038741
1994-12-01,2.4593318,-5.9883137,-10.768325,-2.420302,-4.008371,1.315984,-8.344322,-0.5407205,-12.735996
1995-01-01,2.3086076,-4.466234,-9.022579,-1.7049934,-2.9484935,1.3671901,-6.732855,-0.27347696,-10.875111
1995-02-01,2.2685337,-3.9471385,-8.362018,-0.9693112,-2.156766,1.4924902,-6.1619883,0.1336636,-10.194278
1995-03-01,2.0553548,-4.1331353,-8.789228,-1.0306467,-2.2511728,1.1874245,-6.3783684,-0.0051434045,-10.68441
1995-04-01,1.8905205,-5.3425236,-10.059512,-1.8014214,-3.3535817,1.0417504,-7.676082,-0.25004557,-12.158752
1995-05-01,1.9093728,-6.566623,-11.280423,-2.6598885,-4.4245567,0.6364175,-8.9208,-0.9656811,-13.3157
1995-06-01,1.9719781,-7.4287024,-12.241976,-3.1044319,-5.1834598,0.3701765,-9.857437,-1.1932206,-14.13194
1995-07-01,2.193876,-8.130349,-12.925843,-3.4917488,-5.678806,0.23947018,-10.548808,-1.4636543,-14.692373
1995-08-01,2.2227116,-8.428438,-13.356641,-4.126696,-6.056586,0.07398785,-10.940971,-1.8222241,-14.942806
1995-09-01,2.1048615,-8.472706,-13.369091,-4.291363,-6.098187,-0.011365131,-10.93683,-2.0829875,-15.01436
1995-10-01,2.1103306,-8.297417,-13.035879,-4.2139273,-5.869638,0.22815794,-10.643328,-2.0281584,-14.790466
1995-11-01,2.1664271,-7.3730936,-12.121007,-3.7273402,-4.994518,0.68364006,-9.666633,-1.5381008,-13.880435
1995-12-01,2.3641353,-5.773552,-10.122116,-2.980356,-3.7779653,1.0403806,-7.9036593,-0.9653524,-12.093226
1996-01-01,2.3526163,-4.390791,-8.656068,-1.9792231,-2.7001145,1.1763653,-6.481239,-0.4365924,-10.683453
1996-02-01,2.2305164,-3.751155,-7.9541073,-1.110674,-2.0146804,1.1299633,-5.8051357,-0.29123372,-9.627
1996-03-01,1.7003609,-4.0771594,-8.652602,-0.824599,-2.189977,0.93594575,-6.2877865,-0.23256506,-10.355099
1996-04-01,1.5708804,-5.289538,-9.87919,-1.761613,-3.3581493,0.8294738,-7.4487834,-0.448696,-11.723239
1996-05-01,1.6932507,-6.378289,-11.045624,-2.4211545,-4.1924105,0.4638685,-8.578455,-0.9593558,-12.912356
1996-06-01,1.7993796,-7.393818,-12.0563755,-3.0521493,-5.094926,0.19528732,-9.627961,-1.2292926,-13.685432
1996-07-01,2.0401483,-8.026052,-12.637993,-3.561173,-5.695164,0.25362563,-10.293423,-1.3727728,-14.259796
1996-08-01,2.1439064,-8.4774065,-12.880136,-4.021502,-6.1239166,0.17005338,-10.682518,-1.6574608,-14.45262
1996-09-01,2.1613984,-8.683381,-13.156855,-4.3215218,-6.288191,0.20175095,-11.00034,-1.7925899,-14.815304
1996-10-01,2.1554837,-8.455128,-12.783827,-4.2105746,-6.020787,0.34308508,-10.619451,-1.6782049,-14.499792
1996-11-01,2.35935,-7.2713814,-11.937588,-3.6541553,-5.150875,0.8694881,-9.478714,-1.2161393,-13.755489
1996-12-01,2.5846796,-5.4504066,-10.042535,-2.8630655,-3.7157054,1.281108,-7.4259562,-0.64845055,-11.919172
1997-01-01,2.4074795,-3.6633215,-8.218628,-2.0429437,-2.5280874,1.2309535,-5.680175,-0.50498086,-10.292325
1997-02-01,2.2153482,-2.8262162,-7.491967,-0.93718636,-1.4617212,1.2281216,-4.8952827,-0.16796668,-9.61554
1997-03-01,1.7698721,-3.2940087,-8.2998705,-0.5069338,-1.5970613,0.96602017,-5.543613,-0.059509855,-10.340621
1997-04-01,1.736713,-4.813483,-9.786655,-1.0908339,-2.8076339,0.748591,-7.1737275,-0.35313842,-11.774919
1997-05-01,1.7976476,-6.0933695,-11.061935,-1.6180896,-4.0100503,0.5255856,-8.599105,-0.72088826,-13.041055
1997-06-01,1.5932704,-7.017809,-12.07507,-1.9494036,-4.76147,0.22588351,-9.541433,-0.87208533,-14.005416
1997-07-01,1.7118727,-7.7514877,-12.749564,-2.22487,-5.3851433,0.09635757,-10.27855,-1.0341526,-14.5609665
1997-08-01,1.8116405,-8.35308,-13.220856,-2.5311441,-5.8364153,0.03718857,-10.893741,-1.2011279,-14.910457
1997-09-01,1.7257533,-8.519899,-13.579416,-2.711682,-6.0312176,0.06915061,-11.199698,-1.2101324,-15.253013
1997-10-01,1.510204,-8.555323,-13.522871,-2.738773,-6.0366464,0.124876074,-11.218174,-1.1088662,-15.282452
1997-11-01,1.7313247,-7.790997,-12.776638,-2.2314775,-5.2573237,0.5207594,-10.375893,-0.7151981,-14.64217
1997-12-01,1.8373007,-6.367326,-11.153701,-1.5883161,-4.054634,1.1248689,-8.627185,-0.16354707,-13.1170435
1998-01-01,1.7309324,-5.2002454,-9.487716,-1.0179626,-3.290036,1.4001747,-7.263527,0.061144583,-11.363379
1998-02-01,1.4669323,-4.78643,-8.721228,-0.605404,-2.936229,1.5974194,-6.6520767,0.35551798,-11.069608
1998-03-01,1.1999462,-4.930362,-9.330297,-0.6309142,-2.9917684,1.2729468,-7.08859,0.22848138,-11.575794
1998-04-01,1.0589035,-5.7942963,-10.502243,-1.0010494,-3.450703,0.8708003,-8.013339,-0.05048388,-12.583972
1998-05-01,1.153884,-6.7379766,-11.6989565,-1.8509134,-4.195733,0.53830343,-9.225166,-0.6597526,-13.83667
1998-06-01,1.5900201,-7.346706,-12.436575,-2.6116889,-4.8054385,0.21611226,-10.003631,-1.4739993,-14.543418
1998-07-01,1.7167457,-7.787507,-12.87245,-3.1589704,-5.3340945,-0.070904806,-10.456671,-1.8941007,-14.953134
1998-08-01,1.7688063,-8.158664,-13.127876,-3.6834738,-5.720005,-0.21377292,-10.780235,-2.1838408,-15.12266
1998-09-01,1.8158609,-8.435406,-13.1919565,-3.9723408,-5.898001,-0.13580781,-10.961827,-2.0311306,-15.216854
1998-10-01,1.7863419,-8.0178795,-12.885047,-3.8489926,-5.4914517,0.16495113,-10.425107,-1.6896636,-14.947283
1998-11-01,1.997054,-6.9513645,-11.631361,-3.2111433,-4.46453,0.79236645,-9.170119,-1.1136696,-13.84317
1998-12-01,2.2790232,-5.5643024,-10.067326,-2.52377,-3.3541794,1.1342332,-7.663731,-0.7224622,-12.193613
1999-01-01,1.9864309,-3.9546168,-8.217612,-1.6024561,-2.0789196,1.3951455,-5.9525986,-0.1685573,-10.4585085
1999-02-01,1.4588219,-3.4242592,-7.5843167,-0.78478354,-1.7254531,1.2137415,-5.3526254,0.08309137,-9.627752
1999-03-01,1.2931324,-3.8927724,-8.249797,-0.6577851,-2.0188153,1.0680237,-5.9699173,0.06918363,-10.421912
1999-04-01,1.4464794,-5.140434,-9.568267,-1.475827,-3.0030835,0.9855249,-7.1957073,-0.20429318,-11.793908
1999-05-01,1.6968439,-6.383451,-10.826618,-2.094366,-4.129044,0.603872,-8.573547,-0.7217088,-12.9671335
1999-06-01,1.8123965,-7.0630264,-11.56731,-2.7577407,-4.657512,0.3465289,-9.2941885,-1.0855336,-13.803739
1999-07-01,1.9666626,-7.7942204,-12.369225,-3.3032627,-5.3273983,0.26090506,-10.090027,-1.3846084,-14.456125
1999-08-01,2.0885453,-8.265403,-12.796321,-3.825514,-5.8222156,0.16782266,-10.554877,-1.7173207,-14.783862
1999-09-01,2.13442,-8.411378,-12.870893,-4.2695174,-5.996548,0.17869945,-10.770983,-1.799619,-14.986169
1999-10-01,2.1731808,-8.136952,-12.617292,-4.2302604,-5.7958636,0.35511428,-10.499756,-1.7139068,-14.7271
1999-11-01,2.1250963,-7.3212957,-11.629582,-3.8841195,-5.077528,0.63042116,-9.500961,-1.5766591,-13.965876
1999-12-01,2.1926892,-5.8422036,-10.315138,-3.072923,-3.8165317,1.0069295,-7.9826517,-1.0666108,-12.394153
2000-01-01,2.1561046,-4.207026,-8.751256,-1.855834,-2.375997,1.2914568,-6.322868,-0.5090013,-10.76558
2000-02-01,1.8627317,-3.0730023,-7.8807635,-0.76535624,-1.447954,1.3009609,-5.336721,-0.034550853,-9.897115
2000-03-01,1.4786304,-3.5814438,-8.32271,-0.4607979,-1.5993016,1.2150095,-5.5808306,0.12046127,-10.393918
2000-04-01,1.4333204,-5.031618,-9.876891,-0.99656457,-2.8515024,0.98137856,-7.260952,-0.23414947,-12.0290165
2000-05-01,1.6147585,-6.2890363,-11.045966,-2.1236584,-4.0212703,0.72099787,-8.513611,-0.77746856,-13.156643
2000-06-01,1.9839916,-7.2755976,-12.052099,-2.9203806,-4.9303284,0.4194994,-9.644378,-1.1573974,-14.066449
2000-07-01,2.059156,-7.823405,-12.533484,-3.4505208,-5.589009,0.15630963,-10.213466,-1.4725028,-14.578072
2000-08-01,2.1514237,-8.234245,-12.977175,-3.9235687,-5.9326963,0.0063858824,-10.669679,-1.715376,-15.051305
2000-09-01,2.260451,-8.460597,-13.137443,-4.1308885,-6.064978,0.08878774,-10.915438,-1.7616464,-15.080376
2000-10-01,2.129315,-8.381242,-12.86326,-4.0985646,-5.877461,0.13458255,-10.651929,-1.7439821,-14.84442
2000-11-01,2.2716644,-7.306276,-11.816789,-3.5164673,-4.8508673,0.74993163,-9.621611,-1.2363117,-13.753735
2000-12-01,2.2319813,-5.5324645,-9.684597,-2.7673216,-3.6633954,1.0940827,-7.475872,-0.72892016,-11.9356985
2001-01-01,2.436565,-3.9373412,-8.2995615,-1.6324254,-2.3067482,1.5272113,-5.985516,-0.1797183,-10.38907
2001-02-01,2.0020602,-3.248308,-7.457665,-0.77393776,-1.6243912,1.4348997,-5.177762,0.10493629,-9.361687
2001-03-01,1.663433,-3.7653487,-8.145196,-0.49288222,-1.977684,1.1870594,-5.946116,0.12744068,-10.039818
2001-04-01,1.5827805,-5.037165,-9.726899,-1.1345313,-2.9955413,0.902191,-7.3413196,-0.2471666,-11.864869
2001-05-01,1.7483288,-6.3580527,-10.821043,-2.1656265,-4.2462525,0.658459,-8.609509,-0.7680273,-12.945349
2001-06-01,2.0646589,-7.2014594,-11.702485,-2.8651767,-5.0128655,0.43464437,-9.460538,-1.0827794,-13.724729
2001-07-01,2.331155,-7.8501263,-12.336222,-3.456003,-5.586731,0.43235642,-10.142164,-1.3500316,-14.414562
2001-08-01,2.4126043,-8.306414,-12.892813,-3.9792569,-5.9290714,0.18166992,-10.685975,-1.6599363,-14.94707
2001-09-01,2.494978,-8.507146,-12.988609,-4.345537,-6.1683245,0.112351775,-10.821174,-1.8634939,-15.044224
2001-10-01,2.4296505,-8.249907,-12.463348,-4.2892,-5.9088526,0.32144353,-10.42856,-1.7604535,-14.68278
2001-11-01,2.4776468,-7.4627633,-11.398652,-3.8448994,-5.2089896,0.70699906,-9.284809,-1.3830849,-13.438995
2001-12-01,2.4377444,-6.1981635,-9.6784315,-3.0638938,-4.059015,1.0837041,-7.732218,-1.0164838,-11.644059
2002-01-01,2.5654824,-4.2577534,-7.800595,-2.0331476,-2.5817864,1.456094,-5.7591834,-0.36479998,-9.832507
2002-02-01,2.3518162,-3.583694,-7.679483,-0.87787396,-1.7255552,1.5445402,-5.3197565,0.18446942,-9.695158
2002-03-01,1.9466002,-3.7600632,-8.398617,-0.6881904,-1.9251264,1.2989743,-5.967751,0.058970384,-10.447177
2002-04-01,1.990416,-5.123747,-9.951178,-1.3232198,-3.040514,0.9862239,-7.468229,-0.2828892,-11.891316
2002-05-01,2.1877449,-6.385979,-11.0932865,-2.1076689,-4.1814866,0.680979,-8.74686,-0.7673552,-13.04997
2002-06-01,2.1109886,-7.427767,-12.25063,-2.5925453,-5.0211034,0.5501331,-9.883994,-0.9923802,-14.080248
2002-07-01,2.312527,-8.0196,-12.593153,-3.2532387,-5.586383,0.42744768,-10.334392,-1.2116021,-14.408912
2002-08-01,2.3323338,-8.436662,-13.046336,-3.7161677,-5.965664,0.3876186,-10.800038,-1.3386091,-14.953056
2002-09-01,2.4237223,-8.669362,-13.367935,-3.8879156,-6.1250453,0.4086633,-11.087644,-1.4740233,-15.328575
2002-10-01,2.3496892,-8.527764,-13.29814,-3.7309995,-5.9710975,0.4558811,-10.955304,-1.5316783,-15.358774
2002-11-01,2.536369,-7.7928543,-12.464371,-3.1567101,-5.4101095,0.8811644,-10.123784,-1.0622313,-14.305561
2002-12-01,2.4962978,-6.5124717,-10.788559,-2.633258,-4.4234715,1.3612449,-8.565546,-0.7229843,-12.696705
2003-01-01,2.485981,-4.8479323,-8.792934,-1.7991413,-3.1931238,1.5688741,-6.6687484,-0.20881952,-10.708062
2003-02-01,2.289298,-4.125989,-7.957986,-1.4084557,-2.6364832,1.4661334,-5.7825575,-0.15049875,-9.705187
2003-03-01,2.173353,-4.7079334,-8.864968,-1.2646271,-2.8038437,1.2822154,-6.714073,-0.13854119,-10.544806
2003-04-01,2.0728946,-5.601377,-9.784976,-1.8402805,-3.4640956,0.95325375,-7.6096992,-0.49643642,-11.72113
2003-05-01,2.148554,-6.4824357,-10.946502,-2.6545153,-4.2524586,0.715284,-8.638593,-0.9555571,-12.816574
2003-06-01,2.2432911,-7.2443027,-11.789864,-3.2130659,-5.022355,0.5059539,-9.596905,-1.3185343,-13.790148
2003-07-01,2.2214334,-7.919248,-12.623281,-3.421981,-5.6538744,0.18169224,-10.355521,-1.5698055,-14.529054
2003-08-01,2.3102016,-8.412389,-13.048673,-3.854235,-6.035827,0.019039214,-10.745793,-1.8022938,-14.861706
2003-09-01,2.2074604,-8.735124,-13.270122,-4.067646,-6.224572,0.020050723,-10.997882,-1.7392044,-15.07972
2003-10-01,2.2101839,-8.605645,-13.114688,-3.893692,-6.157404,0.2273567,-10.872054,-1.613943,-14.996245
2003-11-01,2.4275167,-7.845047,-12.258236,-3.4895291,-5.4178505,0.52310777,-10.00601,-1.2982976,-14.214928
2003-12-01,2.6325233,-6.0019555,-10.398331,-2.6734443,-4.1172624,1.1314938,-7.8905478,-0.69304955,-12.439726
2004-01-01,2.4307148,-4.8392825,-8.698045,-1.881376,-2.964058,1.3151021,-6.629746,-0.36077127,-10.475031
2004-02-01,2.2698057,-3.7862394,-8.030081,-1.0036043,-1.7684811,1.3700435,-5.6250997,0.014460712,-9.730404
2004-03-01,2.0237966,-4.1678896,-8.740676,-0.70427215,-2.0120602,1.1524861,-6.2075386,0.00285401,-10.401802
2004-04-01,1.762006,-5.2660313,-10.001528,-1.4911711,-3.0659423,0.89508504,-7.431902,-0.38078555,-11.725037
2004-05-01,1.9619397,-6.504904,-10.9144125,-2.3639894,-4.143628,0.7684101,-8.57356,-0.6735977,-12.835787
2004-06-01,2.1396554,-7.350135,-11.831958,-2.8439999,-4.85981,0.5415651,-9.494162,-0.9623527,-13.831691
2004-07-01,2.2978308,-7.930854,-12.510144,-3.5744536,-5.4504547,0.4048381,-10.158961,-1.2427638,-14.483029
2004-08-01,2.379615,-8.472384,-12.948014,-3.9665437,-6.060747,0.3273047,-10.662312,-1.3801861,-14.802675
2004-09-01,2.366395,-8.782985,-13.380371,-4.2229133,-6.3445506,0.22983249,-11.182269,-1.6143351,-15.200762
2004-10-01,2.4597447,-8.676325,-13.161899,-4.0821767,-6.1794443,0.36456266,-10.934155,-1.6367335,-14.978838
2004-11-01,2.4513035,-7.7969084,-12.0603285,-3.6011405,-5.468735,0.79975766,-9.855939,-1.3010298,-13.992915
2004-12-01,2.6748867,-6.2929482,-10.725181,-2.8051708,-4.1625447,1.2449875,-8.17675,-0.810891,-12.298112
2005-01-01,2.6148975,-4.6523895,-9.037084,-1.7819622,-2.885953,1.3936174,-6.530399,-0.42103425,-10.866206
2005-02-01,2.1288903,-4.03631,-7.9696445,-1.4429536,-2.3779807,1.3934455,-5.9628596,-0.25047156,-10.025212
2005-03-01,1.849736,-4.442491,-8.8319435,-1.476961,-2.770442,1.2071424,-6.655516,-0.36456198,-10.94446
2005-04-01,1.7897604,-5.436934,-9.762057,-1.6926527,-3.4808664,0.83617586,-7.5740113,-0.5494687,-11.681163
2005-05-01,1.8212947,-6.712102,-11.070917,-2.3211384,-4.453752,0.48062554,-8.958515,-0.9526787,-12.889523
2005-06-01,2.116548,-7.4557886,-12.097944,-2.8309581,-5.031057,0.43910885,-9.85408,-1.1221348,-13.872621
2005-07-01,2.1731408,-8.06206,-12.627612,-3.2519171,-5.610712,0.23249637,-10.4613495,-1.382695,-14.482167
2005-08-01,2.2168565,-8.493986,-13.043754,-3.7906327,-5.9994373,0.07098971,-10.891396,-1.6631953,-14.969867
2005-09-01,2.1752517,-8.691025,-13.135915,-4.2732906,-6.222761,0.1652764,-11.038667,-1.728468,-15.152655
2005-10-01,2.283235,-8.5264,-12.911058,-4.1005874,-5.9105406,0.53707105,-10.820391,-1.4155709,-14.939286
2005-11-01,2.4681525,-7.2101364,-11.7393265,-3.7825,-5.047069,0.91264343,-9.59836,-1.3003134,-13.950206
2005-12-01,2.6622357,-5.4887652,-10.107491,-2.8935583,-3.4839234,1.3897839,-7.761165,-0.7475139,-12.351453
2006-01-01,2.4303534,-3.832445,-8.58466,-1.5772475,-2.08226,1.3155907,-6.0495896,-0.32949907,-10.678223
2006-02-01,1.8677044,-2.9455135,-7.827351,-0.57185787,-1.301062,1.2072664,-5.1235113,-0.013312232,-10.211979
2006-03-01,1.6653651,-3.755959,-8.756034,-0.6275307,-1.808186,1.0694598,-6.036367,-0.0065626595,-10.817976
2006-04-01,1.6637752,-4.919348,-9.815627,-1.1990675,-2.759614,0.9614699,-7.193634,-0.20442359,-11.918685
2006-05-01,1.9076948,-6.395343,-11.132906,-2.1298735,-4.0498047,0.7150175,-8.676985,-0.734992,-13.238435
2006-06-01,2.0555174,-7.2957635,-12.08931,-2.7847333,-4.8743773,0.45585015,-9.787286,-1.0863501,-13.955013
2006-07-01,2.2608328,-7.894236,-12.725333,-3.1789231,-5.519348,0.23268858,-10.407287,-1.4409122,-14.578572
2006-08-01,2.1731524,-8.355969,-13.177644,-3.5729737,-5.9647765,-0.002603554,-10.909666,-1.6759344,-14.999711
2006-09-01,2.2306595,-8.691105,-13.422054,-3.6213524,-6.219864,-0.045956746,-11.191341,-1.7867515,-15.3529825
2006-10-01,2.1934881,-8.581323,-13.184627,-3.5389225,-6.0521393,0.0030967528,-11.019943,-1.8210323,-15.270535
2006-11-01,2.2875555,-7.810826,-12.491785,-3.2918587,-5.4609404,0.44420215,-10.166943,-1.4300011,-14.410641
2006-12-01,2.5313435,-6.323401,-10.767627,-2.456986,-4.3280525,1.0628873,-8.453712,-0.7807051,-12.457816
2007-01-01,2.5707703,-4.630595,-8.884763,-1.6066251,-3.0795991,1.4476855,-6.6317616,-0.30703643,-10.674427
2007-02-01,2.2165635,-3.9206934,-8.136981,-1.2827159,-2.430306,1.4765996,-5.9598713,-0.19397841,-9.981776
2007-03-01,2.1789532,-4.207176,-8.612465,-1.1887403,-2.456884,1.3399458,-6.378363,-0.10554259,-10.576799
2007-04-01,1.9802827,-5.409336,-9.75163,-1.7920865,-3.3689518,0.9857616,-7.6032763,-0.4327598,-11.637413
2007-05-01,2.0861967,-6.667498,-10.9957485,-2.5332465,-4.3545427,0.75092524,-8.754482,-0.7794918,-12.919851
2007-06-01,2.1488848,-7.587134,-12.021023,-3.2183714,-5.1153126,0.60561717,-9.6626425,-1.1099031,-13.824277
2007-07-01,2.3239443,-8.116935,-12.550444,-3.7148476,-5.713726,0.3495047,-10.287084,-1.51964,-14.284521
2007-08-01,2.3904638,-8.480459,-12.873403,-4.3674564,-6.043886,0.3278942,-10.649808,-1.6549805,-14.595402
2007-09-01,2.3919935,-8.760427,-12.955546,-4.6511335,-6.2284203,0.2781741,-10.870347,-1.8984282,-14.762003
2007-10-01,2.4313478,-8.355672,-12.723789,-4.6221223,-5.895643,0.5115845,-10.479093,-1.9213352,-14.474361
2007-11-01,2.2805626,-7.5735207,-11.553967,-4.2155714,-5.349908,0.8281321,-9.444779,-1.6072984,-13.371089
2007-12-01,2.2897189,-6.0338216,-9.7192335,-3.390876,-4.2099013,1.1532435,-7.7804275,-1.140053,-11.649717
2008-01-01,1.9517864,-3.9440434,-7.840981,-2.2268782,-2.6558752,1.0692092,-5.728935,-0.70942193,-10.080929
2008-02-01,1.6775991,-3.0437105,-7.33105,-1.1005416,-1.5802163,1.0628642,-4.8908296,-0.43710318,-9.446578
2008-03-01,1.415521,-3.3045475,-8.0609045,-0.8255649,-1.6939025,0.9024912,-5.341524,-0.38541216,-10.274219
2008-04-01,1.2869726,-4.7294383,-9.550377,-1.190554,-2.676311,0.64222175,-7.0498056,-0.57278264,-11.774985
2008-05-01,1.5000796,-6.335121,-10.856855,-1.8054593,-3.9129236,0.3381548,-8.557175,-0.8332468,-12.769021
2008-06-01,1.6629114,-7.2380657,-11.855317,-2.465452,-4.7591763,0.22483143,-9.514994,-1.0367215,-13.637049
2008-07-01,1.8477578,-7.8649516,-12.445294,-2.9685338,-5.3156085,0.099965125,-10.18118,-1.3175228,-14.170426
2008-08-01,1.8629956,-8.430392,-12.967618,-3.378017,-5.8413353,-0.014419658,-10.702767,-1.5730287,-14.600321
2008-09-01,1.8197552,-8.74155,-13.227365,-3.7834032,-6.1010365,-0.090353146,-10.916857,-1.9051638,-14.919499
2008-10-01,1.9412215,-8.483826,-12.8871,-3.8907936,-5.8832393,0.16791202,-10.649482,-1.8081058,-14.726793
2008-11-01,2.022682,-7.4012494,-11.854227,-3.4396405,-5.0468764,0.7487243,-9.458904,-1.2519903,-13.775196
2008-12-01,2.1980193,-5.542768,-9.944224,-2.7267625,-3.4753983,1.2371882,-7.439967,-0.84665704,-11.98581
2009-01-01,2.1276968,-4.0168986,-8.179794,-1.5700316,-2.2513463,1.2573009,-5.8244677,-0.43979865,-10.320359
2009-02-01,1.8942986,-3.0389297,-7.4923577,-0.6631219,-1.3459169,1.2456269,-4.885878,-0.014084388,-9.605468
2009-03-01,1.7455014,-3.5265179,-8.171378,-0.75819033,-1.7383134,1.1789409,-5.492068,-0.076231785,-10.331487
2009-04-01,1.5900286,-4.85661,-9.577573,-1.1257675,-2.9103582,0.8851783,-6.9681015,-0.3788539,-11.830704
2009-05-01,1.8450592,-6.349088,-11.101924,-1.9455891,-4.093828,0.58253,-8.582722,-0.8207973,-13.185262
2009-06-01,1.9387207,-7.456321,-12.165077,-2.60909,-5.054181,0.3003948,-9.767106,-1.1648736,-13.992867
2009-07-01,2.0660543,-8.109515,-12.91255,-3.0713913,-5.6651106,0.19515936,-10.5890255,-1.3347613,-14.644232
2009-08-01,2.2138758,-8.606342,-13.33441,-3.5985603,-6.0880265,0.080703005,-11.034059,-1.6193292,-15.112677
2009-09-01,2.1428025,-8.717692,-13.405981,-3.9302635,-6.302986,0.02245804,-11.1177025,-1.6637623,-15.186666
2009-10-01,2.2947483,-8.733918,-13.142039,-3.9992163,-6.237861,0.19532898,-10.906874,-1.729348,-14.7988825
2009-11-01,2.4940274,-7.9326982,-12.217731,-3.544204,-5.576905,0.66910034,-9.961392,-1.1887007,-13.611945
2009-12-01,2.3605564,-6.524499,-10.415747,-2.7513745,-4.246418,1.2229598,-8.212541,-0.7213639,-11.448474
2010-01-01,2.5655854,-4.8831835,-8.671789,-1.9767358,-3.1323736,1.5045412,-6.399839,-0.36915383,-10.06397
2010-02-01,1.9256656,-4.173344,-7.9694433,-1.5402828,-2.7361379,1.4040642,-5.711658,-0.2936397,-9.812049
2010-03-01,1.639701,-4.7522616,-8.789982,-1.4185884,-2.9420109,1.1852981,-6.471099,-0.37191385,-10.54339
2010-04-01,1.8141052,-5.755101,-10.141802,-1.7192146,-3.68323,0.85747534,-7.717338,-0.6767943,-11.761435
2010-05-01,1.934468,-6.7360673,-11.210247,-2.5635173,-4.5651565,0.5015636,-8.848861,-1.245762,-12.9180355
2010-06-01,2.1140447,-7.483188,-12.056929,-3.2904127,-5.173401,0.38522765,-9.704402,-1.5705692,-13.670668
2010-07-01,2.13997,-8.108932,-12.563116,-3.9173925,-5.6890435,0.17165837,-10.219881,-1.8715205,-14.12553
2010-08-01,1.9729797,-8.497731,-12.801213,-4.305114,-5.9412255,-0.022446822,-10.52751,-2.076738,-14.417985
2010-09-01,1.7920313,-8.616641,-12.964802,-4.4196863,-5.973729,-0.034575373,-10.635382,-2.11011,-14.599324
2010-10-01,1.7624867,-8.378644,-12.591639,-4.5445905,-5.843591,0.21207328,-10.265822,-2.1009412,-14.333729
2010-11-01,1.8024942,-7.458183,-11.437234,-4.1677113,-5.2399297,0.5669377,-9.279858,-1.8287852,-13.340427
2010-12-01,1.8587999,-5.6686788,-9.530937,-3.364332,-4.004488,0.94730276,-7.3951364,-1.2758651,-11.35974
2011-01-01,1.8615355,-3.6302733,-7.688284,-2.119295,-2.3989556,0.83975357,-5.0456448,-0.9589932,-9.893865
2011-02-01,1.6326544,-2.788582,-7.1805835,-1.0974349,-1.445559,0.71450406,-4.3467603,-0.74479246,-9.518408
2011-03-01,1.4584107,-3.543523,-8.054815,-0.8661939,-1.6873754,0.65402037,-5.5233016,-0.5403788,-10.355921
2011-04-01,1.4203047,-4.935439,-9.490792,-1.2143759,-2.8011115,0.52794796,-6.9968686,-0.65596557,-11.574787
2011-05-01,1.589614,-6.2733455,-10.694177,-2.09706,-3.978491,0.30102637,-8.37516,-0.9930307,-12.708323
2011-06-01,1.8443516,-7.049115,-11.605575,-2.5815892,-4.630975,0.1789128,-9.216454,-1.2088743,-13.647678
2011-07-01,1.9243574,-7.7779956,-12.3356285,-3.1310616,-5.239602,0.054437153,-10.001967,-1.473082,-14.130011
2011-08-01,1.8965557,-8.266126,-12.801738,-3.6832297,-5.726227,-0.08545533,-10.500023,-1.8585465,-14.666477
2011-09-01,1.9038073,-8.484251,-12.925943,-4.0388346,-5.944312,-0.08332277,-10.66522,-1.9379231,-14.814495
2011-10-01,1.9419655,-8.264591,-12.617479,-4.083592,-5.7250776,0.10226723,-10.34408,-1.9728057,-14.569962
2011-11-01,2.0949428,-7.1490493,-11.6655655,-3.8107963,-4.8533096,0.40216845,-9.20477,-1.8101612,-13.673476
2011-12-01,2.0902607,-5.6282597,-10.103586,-2.8467684,-3.5915709,0.98914224,-7.7186294,-1.0792221,-12.124849
2012-01-01,1.9429321,-4.1546288,-8.546017,-1.5763215,-2.4007435,1.1100734,-6.3353477,-0.43663195,-10.568843
2012-02-01,1.650884,-3.3837006,-8.079027,-0.49515706,-1.7685525,1.1166129,-5.62143,0.114428565,-10.031528
2012-03-01,1.6557473,-3.7714453,-8.804949,-0.4306372,-1.874874,1.317033,-6.2262745,0.15930142,-10.804545
2012-04-01,1.601585,-5.075597,-9.903754,-1.1209764,-2.9941213,1.0854642,-7.5282083,-0.25698942,-12.033275
2012-05-01,1.7348926,-6.3172283,-11.097856,-2.099786,-4.137489,0.74778277,-8.70258,-0.750985,-13.12469
2012-06-01,1.9602401,-7.0614653,-11.902281,-2.4091675,-4.820265,0.47454894,-9.565686,-0.9298879,-13.680517
2012-07-01,2.1114035,-7.846853,-12.580417,-2.9198275,-5.456021,0.3259819,-10.304822,-1.1747657,-14.257514
2012-08-01,2.2430456,-8.369059,-13.001038,-3.665368,-5.9984736,0.29730576,-10.656832,-1.444175,-14.671816
2012-09-01,2.354409,-8.705708,-13.257335,-3.9586706,-6.175087,0.28123522,-11.0057,-1.6602792,-15.013902
2012-10-01,2.4103682,-8.458414,-13.060083,-4.0720725,-5.918191,0.49984545,-10.8053,-1.6518598,-14.739531
2012-11-01,2.5004046,-7.71222,-12.083377,-3.5296626,-5.26064,0.7952668,-9.920971,-1.2369955,-13.784845
2012-12-01,2.4787898,-6.145226,-10.349958,-2.952076,-4.0410485,1.0940034,-8.237324,-0.9775301,-12.613183
2013-01-01,2.3889925,-4.5833592,-8.455475,-2.01204,-2.7729337,1.2527655,-6.505621,-0.5434484,-10.3890295
2013-02-01,2.0440068,-3.7364674,-7.6798744,-1.1901842,-2.1313941,1.2713019,-5.7978926,-0.17780055,-9.641949
2013-03-01,1.6116568,-4.207973,-8.271674,-0.70009375,-2.1798887,1.0337849,-6.1805344,-0.04987468,-10.203144
2013-04-01,1.6648561,-5.354382,-9.585449,-1.397137,-3.1431148,0.9660292,-7.3421106,-0.316625,-11.5726185
2013-05-01,1.8799549,-6.4249167,-10.793785,-2.4978426,-4.1620917,0.71051097,-8.508865,-0.8757271,-12.774774
2013-06-01,2.2128713,-7.154401,-11.630937,-2.9724221,-4.84348,0.62941647,-9.363296,-1.087955,-13.558438
2013-07-01,2.2955596,-7.870873,-12.318518,-3.4550524,-5.482641,0.3641117,-10.065296,-1.4950203,-14.206178
2013-08-01,2.3929815,-8.280279,-12.673533,-3.9634798,-5.8850026,0.21907164,-10.449238,-1.7570438,-14.576862
2013-09-01,2.239073,-8.629394,-12.94375,-4.14066,-6.1398616,0.10851029,-10.712011,-1.7791278,-14.843923
2013-10-01,2.3027666,-8.3263445,-12.557257,-3.899936,-5.8199883,0.20936012,-10.256165,-1.684582,-14.456711
2013-11-01,2.495875,-7.6619053,-11.590928,-3.6908312,-5.257566,0.69707966,-9.47231,-1.3599669,-13.584101
2013-12-01,2.6142778,-6.0177093,-9.805651,-2.723827,-3.8672035,1.1239183,-7.752252,-0.8546096,-11.939532
2014-01-01,2.367735,-4.120373,-8.08857,-1.6986141,-2.4065003,1.270289,-5.882995,-0.39572808,-9.999946
2014-02-01,2.257126,-3.556304,-7.7011743,-1.2165432,-1.9597212,1.1838231,-5.401059,-0.2967579,-9.437213
2014-03-01,1.8041602,-4.2079134,-8.358585,-0.93040377,-2.4570556,0.9449077,-6.0924807,-0.30782595,-10.029432
2014-04-01,1.6436795,-5.5677643,-9.624555,-1.4995733,-3.536438,0.69135016,-7.411558,-0.56411314,-11.482497
2014-05-01,1.7692968,-6.720825,-10.8314,-2.2103636,-4.4816847,0.34632966,-8.519952,-1.0971001,-12.753946
2014-06-01,1.9404206,-7.5178766,-11.730006,-2.634113,-5.1011558,0.104893535,-9.448229,-1.3422129,-13.714292
2014-07-01,2.1499796,-8.070253,-12.285332,-3.1162448,-5.532541,0.080124244,-10.10374,-1.5167701,-14.101832
2014-08-01,2.2268057,-8.546865,-12.842064,-3.627461,-5.989631,-0.056142084,-10.663942,-1.6836026,-14.651279
2014-09-01,2.3395357,-8.758837,-13.130955,-3.9485126,-6.291033,-0.06161185,-10.915953,-1.7874471,-14.949862
2014-10-01,2.3204837,-8.593051,-13.016258,-3.9035861,-6.178835,0.09820544,-10.7893715,-1.8658397,-14.877324
2014-11-01,2.4889166,-7.77515,-12.174783,-3.4787414,-5.4711075,0.52618754,-9.785641,-1.4492551,-13.945413
2014-12-01,2.7110786,-6.2740607,-10.393144,-2.799447,-4.340065,1.1574439,-8.207338,-0.95164865,-12.11584
2015-01-01,2.7074878,-4.7459326,-8.362648,-1.8116368,-3.1151705,1.4720116,-6.484411,-0.27981547,-10.187659
2015-02-01,2.3330498,-3.705463,-7.789738,-1.1159238,-2.1387095,1.353748,-5.711077,-0.042910557,-9.474376
2015-03-01,1.8644484,-3.9640982,-8.366611,-0.8596851,-2.1532588,1.0957428,-6.10477,-0.07163409,-10.393314
2015-04-01,1.799835,-5.076272,-9.889666,-1.2377995,-3.111712,0.72433597,-7.497131,-0.44574457,-11.873695
2015-05-01,1.7917204,-6.331728,-11.327805,-1.8979335,-4.182321,0.3426962,-8.839991,-0.9692942,-13.311931
2015-06-01,1.9270117,-7.425146,-12.402449,-2.2393095,-4.972764,0.17199624,-9.968917,-1.175621,-14.352181
2015-07-01,2.100403,-8.023945,-12.961872,-2.653863,-5.5586395,0.062088013,-10.576128,-1.324308,-14.847796
2015-08-01,1.8549397,-8.53743,-13.505915,-3.201649,-6.1574492,-0.09141464,-11.072185,-1.4386115,-15.403667
2015-09-01,1.7588252,-8.832194,-13.779266,-3.4517043,-6.4371276,-0.15495862,-11.399124,-1.6276678,-15.616004
2015-10-01,1.8041849,-8.621525,-13.369277,-3.4607408,-6.247952,0.0055452613,-11.05496,-1.5147471,-15.253528
2015-11-01,2.149414,-7.864999,-12.350058,-2.9809735,-5.572344,0.7146847,-10.117298,-1.0142921,-14.024281
2015-12-01,2.2171905,-6.493059,-10.590955,-2.2523649,-4.389611,1.2651533,-8.487128,-0.4476672,-12.27449
2016-01-01,2.0510838,-4.802573,-9.013166,-1.4030486,-2.9947333,1.5372233,-6.8827252,0.07184266,-10.694772
2016-02-01,1.9699508,-3.8795683,-7.8930492,-0.7270734,-2.1982381,1.7191997,-5.8252535,0.45113477,-9.858431
2016-03-01,1.8627726,-4.3939004,-8.440803,-0.7375532,-2.5958195,1.4519688,-6.399776,0.12976187,-10.269275
2016-04-01,1.7490377,-5.3566875,-9.890655,-1.4468704,-3.3542445,1.0910441,-7.690736,-0.23653995,-11.849244
2016-05-01,1.8275956,-6.5091853,-11.204868,-2.3149407,-4.2317924,0.7554892,-8.9367485,-0.79807556,-13.330719
2016-06-01,2.050229,-7.328262,-12.123899,-2.802131,-4.8756175,0.49214897,-9.820783,-1.2419313,-14.110402
2016-07-01,2.203165,-7.815195,-12.741564,-3.3969584,-5.2950177,0.23822598,-10.338535,-1.4911135,-14.751187
2016-08-01,2.2531834,-8.1689,-13.301829,-3.8010895,-5.6705227,0.04000068,-10.78543,-1.692632,-15.29335
2016-09-01,2.266448,-8.36187,-13.375403,-3.8034322,-5.7867727,0.07541981,-10.914127,-1.7046422,-15.424771
2016-10-01,2.1995428,-8.108218,-12.988922,-3.6739364,-5.463722,0.35457245,-10.594774,-1.4762938,-15.090234
2016-11-01,2.237683,-7.2433605,-11.879121,-3.5615356,-4.963032,0.75867754,-9.462753,-1.2535008,-14.065969
2016-12-01,2.4153829,-5.8829274,-10.27512,-2.891775,-3.9383795,1.200671,-7.8744655,-0.7719263,-12.500517
2017-01-01,2.340629,-4.328914,-8.618668,-1.4999431,-2.4394743,1.5144533,-6.1801167,-0.039652087,-10.668867
2017-02-01,2.0199485,-3.1540089,-7.7038918,-0.46716794,-1.5574359,1.4553854,-5.1212187,0.30830494,-9.727937
2017-03-01,1.7856342,-3.2636244,-8.251991,-0.25434256,-1.604288,1.3900602,-5.5679035,0.27763653,-10.3498
2017-04-01,1.6918576,-4.624804,-9.450011,-0.92903537,-2.6988828,1.0994581,-6.854338,-0.09620544,-11.767598
2017-05-01,1.807719,-6.030083,-10.897868,-1.9740639,-3.9093163,0.737905,-8.401544,-0.64457554,-13.088734
2017-06-01,2.0985558,-7.0543323,-11.820405,-2.798049,-4.889285,0.52543813,-9.474334,-1.0055311,-13.881817
2017-07-01,2.1567283,-7.877787,-12.575894,-3.3803523,-5.55247,0.31067258,-10.375677,-1.3428954,-14.513389
2017-08-01,2.1676037,-8.36132,-13.026388,-4.025958,-6.0051017,0.038015183,-10.841811,-1.825367,-14.907504
2017-09-01,2.19167,-8.580261,-13.211411,-4.5022717,-6.2386374,0.0032119844,-11.018346,-2.0233953,-15.044904
2017-10-01,2.0992913,-8.439306,-12.8809185,-4.37151,-5.9974365,0.17990743,-10.65347,-1.9359676,-14.757159
2017-11-01,2.3118691,-7.6231613,-11.711873,-4.157542,-5.432231,0.5611154,-9.654506,-1.706378,-13.722246
2017-12-01,2.454324,-6.032591,-9.338414,-3.4606564,-4.296138,1.1335224,-7.6750436,-1.1715118,-11.681712
2018-01-01,2.6244159,-4.28749,-7.6667957,-2.253412,-2.7924645,1.4840392,-5.888333,-0.5219769,-9.976364
2018-02-01,2.1594634,-3.4368212,-7.104574,-1.4010973,-2.0579782,1.2086972,-5.1823335,-0.35798675,-9.361007
2018-03-01,1.823623,-3.562929,-7.7969317,-1.1490914,-1.9980924,0.99969935,-5.496272,-0.39251032,-10.086139
2018-04-01,1.6640221,-4.709717,-9.251638,-1.6261601,-3.118401,0.6485002,-6.8243513,-0.7313237,-11.4827
2018-05-01,1.7640834,-6.060667,-10.686307,-2.2543921,-4.081341,0.34368733,-8.279274,-1.0312735,-12.672936
2018-06-01,2.0715442,-7.095356,-11.691262,-2.6904805,-4.8315487,0.28578776,-9.360814,-1.1377984,-13.612686
2018-07-01,2.1952941,-7.766175,-12.288007,-3.2363014,-5.3846126,0.1721813,-10.082122,-1.3700292,-14.144426
2018-08-01,2.3410523,-8.263825,-12.832644,-3.855493,-5.793412,0.14279833,-10.634203,-1.6601255,-14.718759
2018-09-01,2.333332,-8.61791,-13.115609,-4.090551,-6.1523137,0.048280284,-10.931418,-1.8754636,-15.019336
2018-10-01,2.396728,-8.484365,-12.965595,-3.888467,-6.1024714,0.2301592,-10.759568,-1.7309175,-14.89149
2018-11-01,2.388134,-7.3905344,-11.834455,-3.394525,-5.321214,0.6798629,-9.62695,-1.363167,-13.969222
2018-12-01,2.6169736,-5.6958227,-10.1982975,-2.5962226,-4.012694,1.2689911,-7.9084034,-0.80231816,-12.481869
2019-01-01,2.494522,-4.3994412,-8.252089,-1.8020505,-2.9977684,1.3500911,-6.3085856,-0.4621957,-10.469285
2019-02-01,2.048104,-3.5866487,-7.6376014,-0.94438434,-2.0261211,1.1954818,-5.723963,-0.1856769,-9.638566
2019-03-01,1.8944277,-4.283578,-8.318146,-0.8240661,-2.4086998,1.253021,-6.333113,0.01505787,-10.436801
2019-04-01,1.8114336,-5.4180675,-9.570705,-1.4015242,-3.4304507,1.0223184,-7.5039644,-0.29402557,-11.5899515
2019-05-01,1.8539712,-6.6126714,-10.873683,-2.2553852,-4.4695034,0.5606602,-8.751592,-0.90454817,-12.743627
2019-06-01,2.0211189,-7.566989,-12.02451,-2.949531,-5.175084,0.2644215,-9.824949,-1.2530051,-13.878547
2019-07-01,2.3067837,-8.189586,-12.6149,-3.7076135,-5.8002834,0.125088,-10.403049,-1.6734699,-14.397167
2019-08-01,2.4365304,-8.690482,-13.06838,-4.210581,-6.170326,0.057653498,-10.875353,-1.8304644,-14.801773
2019-09-01,2.393604,-8.903401,-13.253214,-4.519284,-6.42834,-0.08225932,-11.063301,-2.1056824,-14.978739
2019-10-01,2.328349,-8.815108,-13.174059,-4.4606733,-6.36509,0.022706889,-11.012188,-1.9683756,-14.907722
2019-11-01,2.3057425,-7.961712,-12.194908,-3.9292312,-5.723275,0.3715017,-10.053657,-1.6588638,-14.185137
2019-12-01,2.367111,-6.537295,-10.334379,-3.2162838,-4.4079065,0.8831805,-8.163418,-1.15663,-12.3469925
2020-01-01,2.2212937,-4.9165707,-8.754294,-2.2873178,-3.2131763,1.1085964,-6.553449,-0.6808674,-10.510606
2020-02-01,2.0701907,-3.940115,-7.8420467,-1.3946595,-2.2668846,1.1795977,-5.4778337,-0.3218877,-9.92753
2020-03-01,1.8824093,-4.418344,-8.636781,-1.192905,-2.464027,1.1618025,-6.27181,-0.25177652,-10.555324
2020-04-01,1.6374185,-5.491065,-9.934641,-1.5013958,-3.3486178,0.8558675,-7.5733886,-0.51704156,-11.727648
2020-05-01,1.7872721,-6.624083,-11.240564,-2.3926868,-4.2678595,0.4941569,-8.852535,-1.0952533,-13.288411
2020-06-01,2.106925,-7.499565,-12.01835,-3.396486,-5.1929216,0.30954957,-9.74669,-1.4984217,-14.138436
2020-07-01,2.2020903,-8.153369,-12.6240635,-3.957472,-5.7981043,0.10451299,-10.434351,-1.8219997,-14.604021
2020-08-01,2.2363267,-8.505445,-12.970118,-4.3435345,-6.121288,0.002855382,-10.742983,-2.046835,-14.889799
2020-09-01,2.1379786,-8.644562,-13.132791,-4.8445354,-6.3098187,-0.113699004,-10.89849,-2.1633372,-14.957524
2020-10-01,2.0107656,-8.371203,-12.817371,-4.758977,-6.118569,-0.06634765,-10.566001,-2.3032057,-14.706589
2020-11-01,2.0700972,-7.534192,-11.751196,-4.154092,-5.240912,0.36790153,-9.547414,-1.9469783,-13.865409
2020-12-01,2.1148152,-5.979828,-10.195166,-3.0594482,-3.9250445,0.8326818,-7.7967896,-1.2490504,-12.190962
2021-01-01,2.0411646,-4.2415524,-8.318406,-1.8099154,-2.539994,1.0994745,-5.828885,-0.60576445,-10.420277
2021-02-01,1.8015237,-3.611404,-7.504197,-1.1125838,-1.9528084,1.0870055,-5.113532,-0.21947217,-9.137938
2021-03-01,1.66078,-4.109096,-8.179919,-1.0426702,-2.2771153,1.0264099,-5.877719,-0.23967811,-9.875214
2021-04-01,1.6404337,-5.2099237,-9.359964,-1.7202339,-3.2980196,0.8392692,-7.0264254,-0.6421558,-11.177489
2021-05-01,1.7265373,-6.462787,-10.80078,-2.410837,-4.2649035,0.5128999,-8.410616,-0.98007876,-12.767599
2021-06-01,1.8729665,-7.3346453,-11.782701,-2.9163654,-5.0417404,0.30362326,-9.370246,-1.2607226,-13.8909855
2021-07-01,2.0063777,-7.906164,-12.469012,-3.4484177,-5.5218444,0.20224912,-10.041805,-1.6118639,-14.460842
2021-08-01,2.095776,-8.4283905,-12.962781,-3.9669967,-6.027608,0.04664382,-10.616609,-1.9392033,-14.8814945
2021-09-01,1.9075699,-8.654147,-13.155464,-4.339804,-6.174333,-0.055394195,-10.816029,-2.0289998,-15.112462
2021-10-01,1.9029907,-8.360338,-12.6567545,-4.272164,-6.0083995,0.17596208,-10.253815,-2.0549326,-14.684924
2021-11-01,1.9771249,-7.2928324,-11.489499,-3.8830814,-5.0921183,0.60417897,-9.0952425,-1.7176127,-13.70431
2021-12-01,2.063923,-5.786969,-9.578498,-3.2548008,-3.8343973,1.0131521,-7.3589215,-1.095692,-11.756224
2022-01-01,2.0348322,-4.3963866,-7.924717,-2.604581,-2.8836036,1.053201,-5.8337173,-0.8887154,-9.944999
2022-02-01,1.8690596,-3.6079893,-7.4174676,-1.7058241,-1.9802006,0.8571192,-5.168875,-0.65148216,-9.301293
2022-03-01,1.527028,-4.017015,-8.214646,-1.0663968,-2.1117704,0.7630423,-5.858596,-0.48249784,-10.196239
2022-04-01,1.3378716,-5.17902,-9.324568,-1.7437831,-3.1857972,0.60264945,-6.959164,-0.78876746,-11.279875
2022-05-01,1.5329417,-6.2723136,-10.395956,-2.5573704,-4.335229,0.46233642,-8.089608,-1.1414647,-12.420135
2022-06-01,1.7124922,-7.208706,-11.61371,-3.0377302,-5.07388,0.36475232,-9.203949,-1.3038578,-13.517854
2022-07-01,1.7923242,-7.7643633,-12.218656,-3.3981724,-5.5216913,0.2771681,-9.791043,-1.465354,-14.112022
2022-08-01,1.8486235,-8.213269,-12.598513,-3.9543931,-5.891399,0.095193386,-10.176596,-1.8683249,-14.574047
2022-09-01,1.7532691,-8.497094,-12.779737,-4.4543433,-6.100795,0.07639173,-10.400621,-2.000067,-14.786532
2022-10-01,1.7407044,-8.466088,-12.479964,-4.4761357,-6.115904,0.2555138,-10.200188,-1.937141,-14.613679
2022-11-01,1.9682516,-7.3755293,-11.323312,-4.0849166,-5.2175612,0.73515344,-9.106143,-1.631653,-13.634165
2022-12-01,2.0357158,-5.5813174,-9.705675,-3.1075437,-3.7513022,1.089821,-7.479338,-0.9494472,-12.065986
