,r850_cluster1,r850_cluster2,r850_cluster3,r850_cluster4,r850_cluster5,r850_cluster6,r850_cluster7,r850_cluster8,r850_cluster9
1980-01-01,64.46281482816946,50.121652989296244,73.91879070680464,66.84653356041902,81.30989453163747,21.0499961533975,66.41830144493873,47.88711077023182,51.38551205605129
1980-02-01,66.17080678749986,61.51665101585298,74.44335524697375,64.88632479650995,79.82076014503536,40.44204886677379,67.84572539597653,53.99473854454832,50.2106523233993
1980-03-01,64.47674427995733,63.28668436957052,75.02279209468315,76.86893123008316,81.11546309970443,28.30525128189178,72.01590009183154,49.8716366503313,50.693210769324345
1980-04-01,66.55311636770183,56.886060670201,74.15747549317787,80.33151593836682,81.38554886399695,37.22104374316808,70.40532891309319,55.24824598806411,62.28026685045609
1980-05-01,67.83777840482333,38.751571699382964,73.40382470069383,71.22162527935724,81.96446719878114,27.77794948726244,72.00000257261645,52.53935108558148,66.90983725154875
1980-06-01,62.95400823055529,25.338431798578824,72.16161706589418,62.88393003536267,82.28922856893608,26.785285793701945,74.39962557209505,44.741613837837406,66.54664672127882
1980-07-01,63.851171546996596,23.49884556969543,69.51876628153012,61.78480102776133,80.75435704788018,23.6836149309752,71.04219979248042,46.65429834083417,67.9540120358759
1980-08-01,63.03634595879111,17.88326950635525,72.16681347757918,59.376587935869665,81.49537314315965,16.469964918881274,69.44578647919359,35.04746629904012,58.98524877677317
1980-09-01,49.71900934083454,19.912371694510178,68.576687897521,50.36897184102888,79.51890686029219,19.488286685228573,65.90026547398,29.22506171389472,50.14091229981624
1980-10-01,60.755762045738365,25.947258362150205,70.43935781336323,51.19277768942287,79.11461294893944,16.28908255419027,62.69770479685734,42.44985714216994,57.35099090226251
1980-11-01,56.50920931250213,21.365127071158234,71.6441503871782,47.667775237097615,80.338265116939,13.084497343302825,62.60831390994548,34.47203327669265,47.48075778315037
1980-12-01,61.02414809747448,31.59682641818293,73.3133539401996,58.56630265189848,79.98439726762267,21.079250826165293,66.42319119267114,40.84116858437089,49.15601912303527
1981-01-01,66.4379915155448,49.584014055420326,73.15142811759058,61.828460560359176,80.8292340518337,21.879158594293763,63.121654648181476,60.537136838357206,52.19282739729881
1981-02-01,71.93097415170992,71.76490998485467,74.4877492366077,71.76690758238111,80.8376663281918,31.181997435027668,65.76848785100319,58.24305268511062,50.99579835113234
1981-03-01,64.28627384039595,63.545409023742735,73.97586402691785,76.19884680290168,79.27343094960764,31.13300933915465,71.53761716333922,45.65961034629834,57.271539856610765
1981-04-01,65.80276303214302,52.30945938656477,72.84861447463113,75.03188453860702,81.97373154105793,29.001076563154413,69.78145556122354,51.86704530576928,55.33761177684475
1981-05-01,66.72619307889927,38.942388992520854,71.10625651497624,62.99857184690387,79.49378423520761,30.7937963640496,73.40180621384846,56.93587555475353,66.90105660151445
1981-06-01,61.881612622710584,26.47267946600098,70.48270367448171,59.870937755702535,79.97437622809905,24.515899125845195,70.98980693043013,48.66736983863312,66.18130904237707
1981-07-01,66.46107905511639,26.205651574508554,68.44005229706931,63.22949152568344,80.17105164086722,24.49494031161101,70.20424043999972,45.60529504075451,63.12827778593507
1981-08-01,60.18752165626425,29.89140280167183,67.76662642204714,52.39594970251663,76.03982343350712,27.38192346269009,71.2129660683164,44.42855798066124,63.02314194455161
1981-09-01,53.73529086466105,19.730120148927043,67.6535342862544,57.82560331586957,78.23206961384047,17.243002673095585,68.53717243936295,36.419587408219705,49.35771217531893
1981-10-01,64.29372848143556,28.487908384750472,69.59577418266437,49.73232129244587,79.54284454203409,25.73564307763744,64.88009371327495,44.17101290841835,52.86162803641045
1981-11-01,66.35742142524934,39.93617870070456,72.28080800051983,53.59003707502609,79.13601278499775,19.64790699566486,62.33956484774408,54.84448863988846,57.34951160615504
1981-12-01,62.688521460827744,36.59300250286877,72.46102789641421,62.70011443406344,80.16061022985777,13.577536062020972,65.22098320345337,38.39398395147786,45.14484702257312
1982-01-01,68.12882375292432,55.6281867110524,72.0304270568349,65.76106048998548,80.42160828955953,18.67407979063848,63.21535917143739,51.50285255120384,52.454057107728595
1982-02-01,70.39829645316397,70.51635500724913,72.23017724137162,75.84780944067046,80.60185180953856,31.669390755960773,62.365971721075674,57.03492004632301,49.34322412078543
1982-03-01,72.49795348724297,69.03905517615821,73.87564439189576,78.8773745954888,81.23025713918133,28.807548079944617,70.10279431152753,61.464398171154514,57.39782231679208
1982-04-01,65.88732671351667,49.15140646916382,73.0457644693393,76.9995943662834,80.56943215385958,20.01706282300462,71.93908118271693,48.829288107131035,59.112783915327505
1982-05-01,64.33210163183016,32.18074876917995,70.42078934615077,66.4931200346283,80.22886548997316,26.011478809557946,70.16885157211948,49.3147239499829,63.53063362925239
1982-06-01,64.23863666627716,24.44857419790353,71.6607155171993,68.70674488070341,81.1562314374542,36.968567778730645,72.47505128913077,44.46607997361188,63.44235331131638
1982-07-01,61.135588164527825,20.749554889834165,71.93189264499611,67.31716936117459,80.21304031049415,24.466987460288177,72.01513541894273,41.020445599333414,64.9759872091946
1982-08-01,58.62205105782517,25.02112330957392,72.63598112883706,65.6840944808655,80.12767939271076,23.705655987821352,71.52727379236413,42.66977273687101,53.37674008330654
1982-09-01,58.23256505033022,28.87401205930068,70.92487519420814,60.11202086871921,77.89248606179173,32.99408149932139,72.0637720089081,45.29323639831517,63.430393427314435
1982-10-01,58.175424229942706,26.755666754624237,70.05194100686155,65.52278547524284,78.50913948654184,15.241496622943794,67.91133798604606,35.65512880526339,51.0703189769345
1982-11-01,61.80311020690945,37.017698094647514,75.0830233867546,73.38720742428876,78.07381742682048,11.345144731572855,59.45468740518367,39.111286261592504,46.03744928805108
1982-12-01,62.793137698591615,39.03638703081548,74.29949994534059,77.57771160462717,80.08111918350697,14.057095668825133,65.84388949889136,37.86452291636558,45.012449496553266
1983-01-01,66.38323747643233,46.95650527369255,74.93887069036073,85.34415956734541,82.48802117828487,18.59214542130592,68.03084036994078,40.93426987869678,46.69442573113025
1983-02-01,67.95135418149431,57.227842334311006,76.11150257775192,85.2258827645267,81.86601179194054,15.903467623062005,68.69763826267254,42.31019738653833,44.179549617938456
1983-03-01,74.87404742002792,71.84888524205007,75.83434240836824,86.23477828483507,81.66121561633115,24.514000812002855,68.46502691219104,60.49725212130768,55.64359212209073
1983-04-01,76.17999782464734,63.26135476716487,76.4530117966045,85.02104117118145,80.95355573029245,23.745454649794187,70.28517688441451,59.588576619183655,62.53669882795632
1983-05-01,75.08590948628068,54.50082646115259,74.13029741238662,84.96495744024747,82.37928578863908,30.821306604846487,70.92241202209594,62.55093418265123,66.42478229450305
1983-06-01,69.04840322330536,43.32836254071532,71.77604259004762,81.17771958739341,80.9136188410142,36.25443929250869,71.42360749516622,54.42294502798252,65.70548499246303
1983-07-01,69.09346100038717,46.41508109922623,73.107183938536,74.22784698806028,79.63495136522262,31.273346254047134,70.74394958808702,50.289915684507044,63.52104506580481
1983-08-01,67.4680196263618,32.57365658505952,71.72539122023906,68.34167446671896,80.13595498856445,31.297896890121223,70.80467266950895,50.24548688568859,61.8013368106877
1983-09-01,65.6605636273224,36.94521054007562,67.84585102825847,65.61458213134223,77.67817833332818,18.405921045346737,69.16103603556391,45.450457109297524,57.945547787265774
1983-10-01,62.69211936745419,28.24165799724839,70.53583702202461,57.700660388681726,79.04746674871008,11.49353267913437,67.14514972464781,38.30705158740649,52.64652693337664
1983-11-01,65.3331433302762,26.83566611280915,72.96571368827499,52.589537199160695,80.22704030977678,12.29897783738381,65.97873521251958,40.75441031366246,52.26255081104702
1983-12-01,65.39896867958436,42.027737567347295,71.95787830176876,53.6649747746614,79.87512359298466,18.650119314793862,67.92688352085877,43.49572232920742,48.61301306447734
1984-01-01,70.51726345701715,66.92592057812871,72.30351645854397,60.87280705866059,76.96312567599337,34.95602653973872,66.67066741726717,66.05215610233076,60.582746997135864
1984-02-01,74.72095571684717,76.7790673101298,74.3457988552718,73.66418679288834,78.70088738852746,30.01465164966722,68.72890339458768,60.768139912129875,56.56420433034897
1984-03-01,73.08525302364448,71.92575420145806,74.69330629391797,82.10330702025567,81.04585114521123,38.41672393373648,72.37587482224203,58.24731029169142,57.87762363950336
1984-04-01,72.1200628141702,63.01844347497676,73.36532183141472,81.1388962032178,81.54537312670888,26.65638312237047,71.90252970645957,54.997074303778575,54.650975114117614
1984-05-01,68.7987186071357,45.32932099539238,74.21055296412106,69.61264287890405,81.49601187284736,28.26969621502929,71.38417316261133,54.34975600938067,64.03060951727711
1984-06-01,69.92230136518627,43.84647865874934,74.15459344898409,64.276192123583,83.38350557214443,38.421025749293506,68.84022975924468,55.973901765897196,64.79477310221739
1984-07-01,65.97036024985307,26.740535067588052,72.57525620996547,60.598478475993026,80.02367718650821,28.52904954700419,69.94733660110224,47.982099655114745,64.5225198466571
1984-08-01,58.72670363720886,23.962214538976877,71.47368786892899,54.15514177944431,77.45219252889957,21.999734812709374,71.26876137018877,43.35963227350602,63.07505570710149
1984-09-01,57.35074235247992,17.735656107349296,66.49415321428151,48.47123429887064,76.99535461173585,18.63816579505303,72.42444431601099,37.30925633367656,67.75059064112034
1984-10-01,59.89957957130962,31.88792256469739,68.41082625298662,56.274269970956546,79.27045157026848,20.26490713534708,65.16775157723595,40.3597120299204,54.88497401867801
1984-11-01,62.01039090601751,38.37182778057356,70.50752946237581,54.20986397452682,79.02713497073897,16.721706504648843,61.826519499131706,45.55872345005433,55.46162146146773
1984-12-01,59.702080246252414,36.67990983518672,73.21118317210153,61.37598033062279,80.5929803882408,16.6972404430636,62.71448781475013,43.49311674401534,52.932567179437605
1985-01-01,62.325781808316556,58.801285117053155,72.79391396204697,60.24039831470954,79.24470786554951,35.14786798335123,66.59454432095346,43.482754221033304,47.983698589289105
1985-02-01,71.10659800370753,73.45458432622299,72.79131178920981,68.94585729835347,79.82589919196279,32.2811221796736,70.62170364254142,54.47390351234395,50.60868071316149
1985-03-01,74.12959003084703,74.18076400828085,74.85151494394547,74.86722601057646,80.212649879994,42.831629050092246,68.21758345463357,57.34391442825522,54.0425697962625
1985-04-01,71.93009051724572,58.630563413168964,73.08729160025952,77.96717912424168,80.37834694535067,19.378851366455763,71.58705144742927,50.52423848554926,60.05673621900884
1985-05-01,68.45972127830912,38.34604211474391,71.75751554648579,68.06569502519915,81.10058475621045,20.557579817611813,73.30890469462165,50.96545254187634,62.23551902618607
1985-06-01,62.97363134647491,22.545021202360612,72.42443101561001,62.96627804405254,80.37091250355331,21.660188932839446,72.54649083839398,40.52819773516093,65.00232321470277
1985-07-01,63.7203444175463,22.137711438219966,72.03026915105823,58.86701596406649,80.9477388177017,27.8845570718991,71.47310676021293,44.07227178055122,59.12710718458349
1985-08-01,64.34695550050529,26.714872475036962,70.68885998108534,60.86564668467199,79.97258707806037,17.940924605670677,67.42888528436663,44.510328088078,63.30910611347852
1985-09-01,55.80781271787848,20.52118380996689,68.7733484407261,58.08468530609145,78.12389362670642,16.334327689575346,68.80761781912202,34.89205564619561,56.35834717997374
1985-10-01,55.57390849172534,23.971441773543688,70.83186653056339,47.10613578036702,77.07292661875289,16.182761029060156,71.1351169957417,40.66860720270202,61.90683539824273
1985-11-01,62.127247973382204,21.716021797754944,71.44932782939479,52.104292034595694,78.89007952355628,14.055322532779211,63.27261708170381,45.11826412907022,53.56652123024716
1985-12-01,58.04418957863246,37.12803388748119,72.19566593835931,56.98095543026533,80.41737714567648,19.606383407509185,66.99826624843247,43.73909541640446,57.63650638965071
1986-01-01,63.76760942348243,55.363733036775486,72.86588241393974,64.01944463126532,81.1772981771279,16.872200548000702,67.03194854432616,44.02777123123769,47.03136783253221
1986-02-01,65.36798244156964,70.21980156016625,73.45355869808448,66.41786203298513,79.75122829330363,30.060595117089036,69.43711205268978,46.65292992511002,51.666068459422185
1986-03-01,69.76771180222613,67.01398332028926,72.55135965656179,78.81519870816963,79.95882073194109,22.54202629675446,70.3084733088733,47.46508318217564,49.63929230267647
1986-04-01,70.43009432550214,53.55943206828465,72.20543977446755,79.76024187366016,82.96637367868458,19.82582821446304,69.03140502793038,49.138197975106664,60.2157332826727
1986-05-01,63.098282789583344,29.191115344394962,70.74333479691359,64.4403503084103,80.1561292301543,24.976706920046986,72.72084394548921,44.59224188823745,61.64924721903017
1986-06-01,64.34300900993088,29.087440521658788,69.77838697294796,67.85441374235162,78.75526164170299,25.47704946071676,75.41954854165614,53.69665536473059,72.71595786842484
1986-07-01,61.61348445441872,16.79882283460626,69.56354790680811,58.055906187868,80.24441814200313,17.25256050241786,74.57030478246251,43.089254591898,61.64482751302767
1986-08-01,59.62139953312972,18.873073321743973,69.87639126438049,52.046959714806405,78.84685852933404,28.501524533670032,73.02407875440686,43.83123865071675,67.46629497842927
1986-09-01,58.39725356788206,18.419120184899672,67.90469480128013,53.732943994645495,77.76930666852242,16.534350737494982,72.0600685288676,38.225208707962885,62.923880556408584
1986-10-01,57.45015781045878,16.798766034802384,66.48453356666847,48.042660684770624,76.78397522463139,16.24328189631985,70.40034970845518,40.45589762496051,61.41928252518695
1986-11-01,59.45935089091609,25.99983205757814,72.06132609637767,56.65030482766409,79.96551200848805,21.946586158477558,67.99124410798072,42.72951549593458,55.87641690671908
1986-12-01,57.95918667392548,35.9063748294866,72.00276894317804,66.0380193737153,80.0647201413854,14.667960482711662,67.2763960415439,37.45180390377708,48.67336042311899
1987-01-01,62.36502481043232,57.63770766175606,73.58089384774344,76.25844391665224,80.83510230936129,20.2167137227049,62.098364406808955,44.5346648383221,44.15776071615256
1987-02-01,65.66636641554513,53.88803965790214,74.1450942845759,82.89240111528183,83.06163637422036,22.085681812296283,70.84938504303693,53.08252603308078,47.19396102736582
1987-03-01,65.17422893392973,61.8426438764938,73.59757758674378,82.6433024495008,81.43320943193737,33.77250846078303,73.36270506823584,48.154065163205885,54.86313722502841
1987-04-01,70.36483515536875,58.79899438088224,74.59609669548468,83.17033882268142,81.28348685366609,29.504493593481367,68.85629713047832,55.4433186426124,56.38073479448033
1987-05-01,68.67608921861414,48.64453207585115,73.9669953600679,79.36797237984257,82.87258723114832,41.40889287891385,69.87297508698853,58.13065104486661,68.81312068765057
1987-06-01,66.46024955320667,25.623194285096517,74.45248420374925,65.2223988820152,81.13918554730816,18.261634582357534,72.22481607755496,49.70360445271734,58.21899551660775
1987-07-01,61.0364432449564,29.240277944089726,72.13404832869236,63.05565962874402,81.08384325018557,39.01355547183098,72.09920640687268,48.29583292224487,66.57440493376129
1987-08-01,58.550182413944185,20.141115972765043,72.60261254785286,61.40845332611105,79.42033022459505,21.404123970793258,72.94382567488994,41.21336107170068,63.71589643917103
1987-09-01,54.38090250295041,19.831282116154348,66.4391532048365,55.367905347107026,77.23795793425393,14.924974715555791,68.22197651854158,36.790971043840145,50.45540464787121
1987-10-01,56.324636704725854,25.771903385376433,69.45382595046785,47.855166213202246,77.28327885612123,20.886613618210898,66.13385676416436,38.196855803644844,55.03569486794973
1987-11-01,59.436026350313625,27.580890121725602,69.03738790462671,47.130897664796684,77.10433345803017,12.406068316764587,67.83149756597977,40.73728288291648,51.4590428826524
1987-12-01,63.02742497114945,34.948887444798125,71.96950491636352,61.70920968220169,81.52001017934256,13.852988571020317,64.98042945995492,42.48212020261857,47.18074699941108
1988-01-01,65.14048679976253,55.234935222062376,72.69907989982164,68.37128610973075,81.04785561903421,17.39656651961058,61.52990723129105,41.793694693319445,45.95828339269729
1988-02-01,61.785667739368186,57.95369619067998,74.24855462115521,69.88803197918703,81.30129785335542,22.239034618106135,66.61854120378494,41.37324206088804,39.58215579695462
1988-03-01,64.56394536041668,58.456837261598984,71.97206309520863,73.95394771422951,80.27216258953332,22.791755158548803,69.01984476359866,49.45473351809922,53.38784383579741
1988-04-01,64.76443985705117,54.34079779792892,73.2136697528904,73.75730043421643,80.1555473839839,21.847751223763048,69.22809373098241,56.267934402710424,55.60132257371774
1988-05-01,62.41474470489391,38.18369259487349,69.73167833381147,55.9520271054418,81.2714256990743,21.557654987045776,67.3166988811688,50.89218925665647,61.49115051443286
1988-06-01,62.85641748434262,29.389049023488592,68.67054771459387,49.33565171765786,80.39591544574935,22.873087525035206,65.00000519933744,46.67358688875877,58.60951760669444
1988-07-01,66.70745384194585,25.60024839825634,70.12871236494391,55.21792680844968,79.19331335852965,21.44260256801683,68.07817233849852,45.698875232408824,59.84120840246141
1988-08-01,64.68781716148504,22.489668441043037,67.87924113151745,52.463366860347065,75.42381987386133,16.52895724499682,69.11943779653814,42.24416135775513,67.38250582024287
1988-09-01,64.54831346896373,38.30196043155889,69.61603686559349,56.03981410904392,75.73003230265505,29.45303015382156,62.69165363763871,45.6153858089197,56.55913341721795
1988-10-01,52.225604592799606,21.420633966910856,63.95501900928068,48.242217933499326,76.81474199015572,9.409789061040298,52.15152287014154,30.139798295844283,45.38734228059107
1988-11-01,53.98881903995845,21.926690691085092,67.59344522326205,43.05819106118822,77.08387097576686,9.747049851090955,57.61466196170187,31.76643513187732,48.428432568555294
1988-12-01,65.89017444117975,42.27263500643791,71.38771963367255,59.55056433128699,78.75609581289748,18.42701125644431,63.05982987730432,45.879861584730136,47.78707004382011
1989-01-01,60.208883498915846,44.79383791587595,70.73497388953047,57.262005477295666,79.63605219348067,20.91767555406816,65.06168604061683,40.118256970855896,45.60116892001255
1989-02-01,63.881059706084145,67.24533676943376,69.76723243324575,71.28531023657884,77.68079689156983,26.362669972203943,66.38037186087037,41.92480413800016,43.5808689053048
1989-03-01,75.57371021365641,72.72450458884808,72.3639603826006,73.07469657849154,78.67741800988654,28.53031042835115,69.8320095509519,66.33901027239737,63.27885524504662
1989-04-01,70.70366517819446,57.44197164823142,70.72317667394945,76.91398715465917,80.2305079757615,26.8176075314965,69.01098521947642,60.44485086465601,57.80070882885852
1989-05-01,65.590723979735,38.556708662874236,70.40987019125832,67.88697055752921,79.67785780716787,21.916403401160835,70.13907766661502,58.01680655718818,61.484523213004316
1989-06-01,63.23774474510114,24.075730835788217,69.95927736903967,59.19823494050751,79.55464183845726,21.834773248796104,68.09332476926951,45.61448968598037,64.24909701955433
1989-07-01,62.49501857670846,26.456289642119113,68.30006821483957,59.56967347892705,75.99970050031962,22.73013073231657,69.94680163539245,48.187005146311606,66.22238061819671
1989-08-01,56.49114296936477,20.956298959077674,65.91627548145964,53.05590140275231,74.87304239850734,19.515436167882363,72.77474291430927,36.68304216305917,63.17563629995834
1989-09-01,57.813706219967386,26.298181198560854,67.4567599182968,51.56855258437812,75.07544782281207,25.517602974993405,69.50497935520545,40.25580627304435,54.57029404102191
1989-10-01,50.95664973316851,26.53762753800099,66.00007897766972,51.62482611160043,78.08855924359648,8.800361489181533,62.75875092920785,32.37942924939891,48.852694896284
1989-11-01,55.87170846537089,18.91280908283002,71.1569864968736,48.47799054940999,78.24501483777956,13.61309886226374,61.877864017478515,39.939033554858455,45.08885315909597
1989-12-01,56.52003027842249,22.92338576957083,71.45530638862802,47.258984774033564,79.04715469976728,17.42307039765028,60.47392799955519,40.41929233470781,52.83140415083658
1990-01-01,58.43312935484787,40.762120000741795,72.5929556229109,57.677063798866904,80.51526248603732,16.29993403362583,61.70194517575966,41.67767678127566,46.52937977358998
1990-02-01,56.59139115821791,49.331320894520594,72.3168536576375,72.57430718517418,78.11764289305549,20.4972056920307,65.33117595805449,42.05432707454295,57.52498564715572
1990-03-01,65.56157237878112,60.767004779622475,71.70898901561176,79.76010687259617,80.22076961013991,17.4393462919058,65.7776362159807,48.29308443719132,50.071470176331836
1990-04-01,65.47123657296818,49.35237086285185,70.95326540018976,76.37582596378044,80.43259183035016,31.37402582545726,69.25125464072312,56.743850684508075,61.24034075374437
1990-05-01,65.14928042814171,37.41177561411254,70.7376707863577,67.31345669471925,79.2208652062993,17.16821756326841,66.54900429837407,50.87102081654791,57.13079541184779
1990-06-01,62.77878710914182,27.616552851385922,68.02054130807288,58.35253595147263,78.78385777103391,19.857333400123252,71.09020662249193,49.17904472287136,58.28875044738363
1990-07-01,61.02905720089385,23.04351368595499,68.2629761069874,55.72175163223716,78.4556662884978,23.961767803136585,69.40300472926755,43.555213742878344,64.15401903625634
1990-08-01,50.35081464286574,17.04602829338351,63.53824690682275,53.40874639665443,76.56245620430157,15.608881429002562,69.89868216348958,33.30245975571642,61.20112911376732
1990-09-01,54.28214965000516,19.829634907371513,65.74545067044444,50.26159337525311,78.87075850034657,16.298103686627005,69.6096291782843,32.063974840916906,51.321323820996156
1990-10-01,59.533042137493496,26.537096789660225,68.02863029616388,51.45677342683892,78.17256786773982,18.030365226172574,64.14318709282483,40.27677419865012,55.24320231028243
1990-11-01,56.085732035202824,25.284757996910386,70.80708228556759,49.48254334631817,78.76999370968424,12.36524496531577,59.79294263825436,35.55036623646553,47.04224066610281
1990-12-01,58.671780981703265,32.48475055837764,71.3577155026267,51.78601689839191,79.35152027954301,15.199623739519712,60.653348124991915,34.042974474107716,49.22402373584827
1991-01-01,64.93485771360088,51.74534546358741,73.6829734635021,63.6419789765646,81.18202679562987,17.817138985055895,66.07646148647451,51.02603591200915,53.3593117057975
1991-02-01,62.761491866188905,52.782658534492136,73.12177373159483,66.9363079299979,80.90801066510653,15.87587758331952,62.18178591443312,49.817312606040204,35.909012352982955
1991-03-01,60.88697057470711,60.51959440255154,69.27196599871661,71.41267379286728,78.89376527094186,26.31336272915043,69.57081325277669,46.991595751729065,53.349818868392575
1991-04-01,61.93950200583395,47.733428259994504,70.34101741383809,69.25514831696022,80.33156115920949,23.580625919199093,70.60962677854901,49.67327881512451,57.11321547292344
1991-05-01,61.22545364020166,30.11801226928426,69.25027902453095,58.256501277825734,80.20282659349625,23.612888993370785,71.59547642154952,46.271947880717185,60.871900660469755
1991-06-01,55.718924337015984,22.40722980798768,68.1422012776843,57.46759078692051,78.39440001163864,20.44613607964058,69.97891755018946,40.01320744620289,61.71365994375566
1991-07-01,59.56526404720551,21.765286127890615,70.20631915657407,61.22985094190219,79.3924772228437,23.109251364476975,69.87588258782806,39.55432391624688,63.910615513626716
1991-08-01,62.26689688761985,25.00505147035104,69.67600546215104,60.89106870388233,78.54301722442696,26.680245724854537,66.27593951710146,45.00411572040412,67.06215728779348
1991-09-01,49.431854340943474,19.228368954263342,64.83192241363028,41.64229364713681,74.216540926319,19.20557769927299,69.10110626921318,33.75206934994,56.764732395238894
1991-10-01,56.731919633689905,25.453724849406058,67.88196972889047,50.86237318100849,78.63731951415078,15.323342331105174,63.97699090595549,32.87390398860573,43.745402533263864
1991-11-01,60.32416525703852,24.183747666599203,66.11155750274116,55.283355407931346,77.67495163825508,16.426570973636622,60.25387652690459,41.95130138595083,51.692549900123055
1991-12-01,58.89629743751343,34.407562976845824,70.76196103039756,65.46885177639811,77.86021840251041,24.232578215112746,65.26180743246167,40.78155689005412,55.56555263285963
1992-01-01,58.356335336536375,38.18281043164715,71.3404962904293,70.15240065695663,78.43834865353415,23.060324706896935,64.67815161099567,39.770362364831456,50.70307170326457
1992-02-01,65.96863645662587,47.23194369911067,71.80633001593138,71.87412330604802,79.50755155095116,27.8447120575116,63.8536270351794,54.792491837883716,49.34968552201081
1992-03-01,62.80565161369368,47.46191784935577,72.47797699637744,79.14475284386374,79.8304363023158,24.049540451451147,65.85798786771606,43.48485476984097,51.053571782477064
1992-04-01,66.60707828357226,52.583239714037745,73.07303998084163,79.1413044464929,81.15072629042379,28.189456731003414,68.86904062581348,54.18578371825334,62.672071324371
1992-05-01,66.4048194006621,49.67231719615235,69.8861028696009,76.71754023379819,80.65741563177174,31.611688479370436,70.8285587029969,55.63539408409605,69.59319501659532
1992-06-01,65.6118006776306,36.93503009690078,69.19055613751968,61.170119772383615,77.94267788034574,34.74197155167389,71.13768290386243,51.915755885014846,68.83938127366015
1992-07-01,66.8059977162924,26.62203239109902,68.3489591306257,54.139499078112415,80.97555217738612,24.544074019223228,68.36746303858098,39.189929081875405,56.331403680964826
1992-08-01,54.16396048546881,18.60224898014882,63.11149210465507,51.41454065811037,77.92665343923757,17.17965554598919,63.65432223544653,36.58803528225465,58.30570139516426
1992-09-01,59.63379189504113,22.276523679418567,61.68659057808163,44.42730387952176,74.22863823613346,14.753389593080955,64.7782815892508,41.661771472455094,56.94052990056577
1992-10-01,58.26244654355867,23.155185264862375,67.0169718665612,48.993807797347316,78.47203508135868,14.0363193581706,64.86787709773635,37.60361821584765,49.81509816149442
1992-11-01,53.612611229767,23.70554431414765,66.73550232932857,37.147036481335206,75.94016914759655,13.92178204545301,67.47561495241226,36.55012354831147,55.55869919023764
1992-12-01,58.90458443151423,25.191801818034595,70.11892287818193,50.10277915016776,78.62988939156568,17.48407487832679,63.87295801448666,44.558192281551335,60.040446832841006
1993-01-01,58.679150370222644,36.655693426274844,70.53461945517627,45.74881799576457,78.03245894668235,22.020374444569004,59.24683673401218,48.40632986870903,48.943803446401546
1993-02-01,64.28678268590683,55.901142728895586,72.84040235402244,66.44104141449655,78.20388827046831,22.901505039703903,67.48536003195338,51.5877417285887,48.26690343284597
1993-03-01,63.73727007670672,62.014524319329674,70.2236419274721,75.47359447628364,78.49274642601154,24.983646246219433,69.81928339122895,46.63558407715868,52.342727228180486
1993-04-01,63.875425867518516,42.984898310318904,72.1523894080491,78.45361835723168,80.7641744528027,27.568013675031295,69.31154691638511,46.92763958243045,54.03834501586608
1993-05-01,66.77882936298623,46.38347108579444,69.50232476684432,70.84648120545073,81.15726492414214,34.401823213676266,70.29265728727479,57.495581834214484,63.99519350447901
1993-06-01,60.50932628456299,22.299596681205156,71.49909183816081,59.3052658493114,79.74968132975539,18.119016417664138,70.05705931296771,42.782615845467305,61.07311052624544
1993-07-01,63.087830290708546,27.983803342557103,71.01705038910349,61.38222676264651,82.22802302371367,18.241422808833725,67.80944095345056,45.156784986032534,57.271880718778974
1993-08-01,59.91165247973858,22.707767560433187,67.05291452486291,50.623803468116684,78.14749005210246,16.739786086746122,69.45755308051532,38.97107388278696,52.272772467044696
1993-09-01,61.80771456123767,26.51983004498992,67.32539750800895,50.60752142812122,77.85089364019451,22.258499737118385,69.35598811183011,47.38070742514993,61.3579414616401
1993-10-01,54.287124243466714,27.20811576941028,66.0833357860633,40.45780939702126,75.99496890784438,17.228456098208618,64.63516192695867,39.13773660397618,53.48107507013542
1993-11-01,61.16245055221402,36.227921163033244,66.72615997790216,45.1683305242126,77.31473664950062,11.641713548630943,61.00653710693293,40.496231719242836,50.81624582459439
1993-12-01,63.02353155203119,47.69273778683415,70.21312672353271,58.36366835779001,80.47031559704723,15.785760183825277,61.979097458268384,49.13038876505548,50.58955096842003
1994-01-01,59.26231644264729,53.26594423676055,71.3281998783516,59.129594198465846,79.37842338418577,19.11273774696809,58.48591459434784,41.25975112792572,46.760627264485606
1994-02-01,67.34352673826223,70.58843578527907,72.71224140186301,68.7340545529896,80.36112251251748,23.170423318902312,65.14774662706091,55.2421022738581,48.378522251097024
1994-03-01,69.24512678688,54.7955883054725,72.90271287940759,70.03641921026549,79.59051299042696,18.15517146072089,69.49835135993068,46.99376334168722,48.165907376722416
1994-04-01,63.68883295348931,48.873305787341764,70.74190522813413,71.71738351211843,81.7386079332689,23.499207258326148,67.43181569517029,46.504414042861335,56.5360996353728
1994-05-01,60.243862547739745,36.18618595452045,69.78217733254137,62.4427613426946,81.75023415694098,20.140176296649404,69.00059336249615,43.34514956325472,62.916268253839384
1994-06-01,60.85665312008048,24.214768027099996,69.34043700420273,61.545182667761374,80.76459795095369,19.541602579313412,68.23773593212098,42.111150636522154,60.93376601716504
1994-07-01,62.449383319831696,24.03267300970383,69.83709276040123,53.72317867799585,80.96887789452934,22.791663343847006,67.95358937785238,41.623782830981874,58.63908531947535
1994-08-01,64.2544758408513,19.643433182789767,72.75704433434453,52.541275534115194,81.03093437552737,17.596236694156204,70.22830076489102,40.448255840320634,58.42263595303097
1994-09-01,41.946723588560324,18.442861976703778,64.98196546331467,45.34529630956938,75.91534055934794,15.084653095180498,69.94614033107018,27.646470643469133,56.651834166331525
1994-10-01,53.319801006783386,22.351887912480617,66.04413639556864,45.56805002613508,75.0801425571691,16.236773636561658,66.6927720058224,35.714181882604336,53.86927469448438
1994-11-01,56.11353849174886,27.192047228314443,68.68853429408009,48.283469436903935,77.06985754877363,14.383842938496743,53.85903564642532,40.952353959728676,49.473608450464795
1994-12-01,58.646585531071594,29.68601302714104,71.44815954902646,60.309266300015715,80.63500522841365,14.530252118996719,59.12718180580208,37.62609652043375,43.1800836988062
1995-01-01,59.41156078456324,41.87950682169507,71.37127159379733,64.65782349336749,81.5698394021518,16.550897899936032,65.28887840390107,46.97060061759367,49.35835492766699
1995-02-01,65.34897590681034,48.18199300592483,69.06417974544799,69.71334763636435,79.74086445332102,19.744382398166657,63.879289383837666,49.493744392590926,48.33770250847646
1995-03-01,62.622690567813684,51.582125318789856,71.49531653418823,69.84752878093437,81.1491126210573,23.707432015925015,66.64976578779708,45.20217944927172,51.11381885169475
1995-04-01,60.38224839345446,40.36806316861021,71.02014059630133,65.2985336977435,80.4615600306777,21.83564667097593,69.60361832987033,45.38581629538747,61.56014048343929
1995-05-01,63.12758482198591,22.12289059091386,72.03532466981237,56.24790731797435,80.13613507026638,16.422515561052908,70.69454903985682,45.04280166597095,56.1523362249182
1995-06-01,58.63878826892288,17.79459942820011,65.49801263652425,51.05191852597771,77.85750425990476,20.495711283114677,69.60507120040094,39.38929736234429,59.528152449822116
1995-07-01,58.095276792013436,20.40498384121714,66.7734551105709,50.93186006867831,77.7570091519564,27.517337049251058,70.64105217863705,43.81826551887741,70.81114155050503
1995-08-01,62.16756426549706,16.412180397139913,67.96690290864109,51.424026825252156,78.77684066449645,20.42292902010326,63.96265680505772,43.42720387259168,53.609914193794665
1995-09-01,55.088437414266096,20.835036569927045,69.46177863172312,43.931254913474234,77.67663932700592,18.122941731212272,66.18844631280663,36.0667703613594,54.937075156662694
1995-10-01,52.3290867327849,14.624069922243548,66.8075854458608,32.03364679286383,75.90758589196373,11.283639864469686,65.30340360000046,33.377512521075936,50.19105805459221
1995-11-01,54.19480972404297,19.95880659340005,68.29735794627659,39.526214447772084,76.85922900785502,12.283389031207523,59.29469239312486,40.16354848300312,51.72795836241575
1995-12-01,53.2631513465836,17.77620243100638,69.64803468348151,42.02748294209463,78.25648299334179,15.366459212682207,61.7038614018865,35.312380354236076,47.2250781051132
1996-01-01,62.70967569075449,40.69545318244541,70.7594556275232,54.687889162430764,78.15717714327161,24.378704566377035,61.90582691122745,46.66334032655041,53.90207605938376
1996-02-01,64.73294840512757,60.35286249432856,71.2784892539051,65.97149496336935,78.3734920642095,18.011821638087717,59.75511929642687,44.043382642492716,47.47267708236115
1996-03-01,69.57872603118899,61.73020287649889,71.11129979529981,76.04283492399132,78.30402237557885,21.684833269573435,64.61702620980194,50.349047456159425,50.697417555287714
1996-04-01,66.30856704814163,46.328581440293696,70.90308145473163,75.03727321706435,80.05110762473475,22.8626082527369,65.96193945046068,49.10224454675815,61.48741903792679
1996-05-01,62.777773620704,21.104892907640355,68.8705886478964,58.48936535567509,79.37477734360337,15.827965912215355,68.5440845142675,42.837178668308646,51.26700103141723
1996-06-01,61.28404022747265,21.552049420988606,68.16990170672183,55.33305524496828,77.06843047810986,25.08509265349747,70.73744298889589,47.87192040369437,61.65104722950938
1996-07-01,57.71981894704009,18.0206590945232,64.80130075606112,54.335323233381914,75.43487216876983,18.48252588997167,68.87668713595383,41.66936289365887,63.98389206396106
1996-08-01,58.15518370476828,28.215076338605126,64.67830044847963,51.05673768466458,74.99001800346771,30.5255752471029,69.80510553244949,44.51788365716043,66.11934834783467
1996-09-01,51.02499401877232,19.87836182189544,67.8073393884643,49.3561634683756,76.60505354494164,11.137710943020956,62.81941139383839,32.14126018650772,53.62356330267698
1996-10-01,59.838913927366285,21.427951407491403,68.16354149493766,41.86719174785048,77.52146958660644,13.119759394800216,62.81648123375282,39.870814947958365,49.771060330726925
1996-11-01,54.02778660499879,21.62978826287645,64.36253311763876,42.27078256564859,74.56289953287748,14.947676570839912,62.259472523641996,33.18256108227166,50.50018644010687
1996-12-01,59.61908569490963,29.645360845751824,69.24424449599834,55.13655573159952,78.67688538410022,18.25686980348081,58.457683212805556,42.40028323445057,48.73628910734155
1997-01-01,62.09360392766936,40.20183380294966,69.2278212578354,47.5355972307437,79.49875692568187,24.38929085637104,61.2220614300746,48.11928717903911,48.837039971215475
1997-02-01,64.87670479632945,48.50789841427423,70.45429272425987,67.40325911615119,81.41951145338076,20.561212621316297,61.45959900755617,55.40128664596384,43.94782380487651
1997-03-01,63.89233988396312,56.49224185902256,71.25119818853003,76.71242755771785,78.24350773933432,33.557523351956974,65.57055699117187,48.440772502587244,51.768458511577286
1997-04-01,58.75773568729532,39.07389899003524,70.33843506416451,73.70912698613944,79.13709120881342,19.95358527626659,68.6644163554941,41.32905169241341,47.17708968101446
1997-05-01,62.15768304678505,26.81744171599336,69.8321454977016,71.74984351473506,76.88322102094071,27.105947307013345,71.00802516085066,50.28599636632971,61.59413958167611
1997-06-01,63.31364892240748,32.66483000489873,69.47035882821986,63.38785364602977,78.08353338003968,35.96552602755625,67.79324610685327,52.31094391288982,62.906878884629556
1997-07-01,59.42886845583301,20.30568309097642,68.985280240584,65.08773407062976,78.6354106063177,19.374751541775783,71.90343244826941,40.43594920080354,56.61258597465481
1997-08-01,50.33399722969979,23.93932677181168,66.00870256138246,59.04652239735535,75.92502856143328,26.091019921533217,71.17126648634687,39.58526636109563,60.67305552571497
1997-09-01,55.63589929425757,35.38210675709038,66.76644363087577,59.987224927760884,74.33420158842678,28.876348321203064,70.02638432082226,46.06359416901982,63.6857541238231
1997-10-01,58.544064972503804,29.52096286655487,66.08476049236997,67.2699137255618,75.01728983241429,25.352013455218316,63.18595566223214,44.43624210324776,56.946889407178034
1997-11-01,59.33948413308193,30.392338777623067,64.20241198408526,68.54264119408273,73.8819290150113,14.727392580615938,57.022759391322126,42.59818953442129,50.746878383552094
1997-12-01,60.8892794622117,37.13733950304311,69.23730156619355,77.57737724676136,79.56237717443844,14.373691058970845,55.42750805484557,43.53464126488953,45.899126107888925
1998-01-01,65.77009957172316,52.740276574126476,73.29036730389849,83.97343959651953,80.76784200634732,13.423207724566728,58.064431287289985,44.87583927029542,46.14468010257557
1998-02-01,66.02321798613647,62.61026142128786,70.88116599449738,84.01336856223485,81.80645829643642,27.416015223830794,61.22393193600465,47.92298083515504,43.18391278365354
1998-03-01,64.97877116488144,59.88911013645625,71.73492654912897,82.2487891418243,80.80064676578267,16.12103029607239,64.17014354869845,44.538889032946074,49.34327714079853
1998-04-01,67.53232315479822,46.7270987516137,73.43557174031345,79.51430168055204,78.62450875612006,22.941731049880836,68.87308090516908,50.229344136206365,56.43213350075916
1998-05-01,64.85568010405562,31.63036360442316,69.62886407098607,75.57928270932024,78.4797303741218,22.39561847542858,69.928297093861,45.20985218634704,56.38210944096778
1998-06-01,65.2800772466677,30.7159995883911,68.23801652661037,57.110563528594334,79.29477387344687,23.625157620789466,63.722525118371564,46.582546508197424,60.36145372499827
1998-07-01,67.42418724584606,24.070921149283546,68.86281633927982,57.38798542026664,76.39461823955371,20.075222547624307,64.97173792829264,49.438061259307815,63.71786875191911
1998-08-01,65.26408037371905,23.33977731301506,68.25672404843105,48.119366772046014,75.54733718401843,13.99523637764916,63.55133384434445,44.79980541054883,55.635535213462
1998-09-01,63.579466313402385,18.5342758668627,65.67569788253496,50.232175567135464,76.11796947595931,20.784670878498073,60.651355920543175,47.674144967115446,57.91846079875058
1998-10-01,61.29882617316807,16.354309606792548,64.56256069769043,37.026115878320255,75.27464397425054,9.91768992542849,55.8776208312956,40.165728502037624,51.25241885351725
1998-11-01,64.15437094912598,17.165222075572864,67.82315199289467,39.48536506415704,75.76296003730482,9.046650637714137,63.58068287918904,39.7256532970573,49.41403016602622
1998-12-01,58.77427978322123,28.169253075736275,69.8506963891683,46.14621774897561,77.80037464265455,14.219655386289231,59.52760708657758,37.949145564771676,40.52174130357027
1999-01-01,65.75124219418407,39.935937909283226,70.04683281355759,58.977867080609286,74.20943282792685,19.058847136393428,60.52053407550201,46.550732485318626,42.95275257894078
1999-02-01,67.98004426346407,61.51672491238452,73.03988294197954,73.80947521527105,78.59875721306459,32.01277511108581,62.27936135606935,48.247925063654876,49.09600795412455
1999-03-01,73.50587553659042,69.0764003959416,72.96647549042339,78.86986226079841,78.63002183059207,30.18034144637321,64.87525154386351,56.93741838443607,58.24616331072799
1999-04-01,68.04310193806788,46.4680381676237,70.66341458954466,77.22133814539491,80.15930252351525,15.371036127033493,69.90476498726743,48.69892449019894,50.79444402736694
1999-05-01,63.44306652586779,33.60266351105595,69.11163388037664,67.44318315319478,79.8173859175965,19.45857430933001,67.18908021898234,47.074852922904974,61.33156114530165
1999-06-01,59.750766248368045,17.539557551404013,65.93432343238973,53.038001456031324,79.65119762656634,20.740435523528685,67.56063857172879,43.3169917510029,58.00483963229044
1999-07-01,61.47728112643178,16.39024140611844,66.57522162645485,54.88072345574047,77.17117154351872,19.77752873923625,67.7604115388964,44.333581454369956,56.25990704972006
1999-08-01,55.129841345472634,12.68265485099936,64.5640619776029,48.29486980148328,75.29509984531968,17.205342891220315,70.57282406084883,34.94069710753845,54.69641590694713
1999-09-01,54.75517286334746,18.29826638186602,67.86379892749994,38.25580546995869,74.77454313574131,21.572856058648494,64.61568221887518,38.288702236987746,56.42383227930434
1999-10-01,57.86667550564047,23.93147955409985,67.36079577728138,46.70325791147425,75.79782753859179,23.18497246016196,61.72663965183125,43.13115476352385,58.185947525165346
1999-11-01,55.12597072249001,14.94803201769248,67.07087600440761,38.544457657448916,75.72949008196582,11.212933731814845,63.5304520966769,40.75260043258288,55.38199608789999
1999-12-01,56.99734695869404,25.121909148248783,68.43748120568834,52.599743743516534,76.95119978119303,15.178504217924674,63.388672932867095,42.090216392558595,51.26040919946897
2000-01-01,58.38367950534147,55.96599327506962,71.28558218576099,54.516738861534904,76.394159885256,23.206392115214765,68.03157301799195,43.73831989405285,52.17546867042484
2000-02-01,69.40755431390838,65.3830302731724,71.9825717723361,72.18548489800067,75.38997901325298,34.14633030858289,60.00322031597727,63.83612481544672,53.66285120211144
2000-03-01,73.98280206231884,72.53754940136533,72.93355828229618,77.66883101796837,78.88829235445128,39.98362377022908,62.41078893306024,64.50111181476055,57.863058561040084
2000-04-01,71.26452760455238,58.797682797330246,72.67751524903369,79.88234959900318,80.18861329100369,24.596266636237583,64.74886901568776,65.52496413309015,57.95610471087672
2000-05-01,68.21696917769543,38.26602930362443,71.4938448789985,70.22063426775489,81.22065359716301,24.773739339914226,69.48186780536464,56.42947868917517,63.10464653757305
2000-06-01,67.43626472068557,26.1603773509665,69.07444720413545,58.494614684256604,80.59022925631655,37.793171396410955,68.11673786554573,51.576628701660375,66.19894448914214
2000-07-01,58.118718618509554,20.198778815247252,66.63858582311198,51.52747460591633,77.75906649954425,21.149642409523384,71.3279942761311,38.719133880399845,54.88431737062263
2000-08-01,56.01547321248444,16.11717802243418,67.19152877672943,51.856159991923626,77.08675258354454,23.385535184642514,68.7287956809288,42.0745273258498,64.07651032059546
2000-09-01,53.49525258815138,16.8373764066085,66.7779127982159,53.87511892202003,75.73135886892521,19.928754740566674,65.64373632089571,31.9455828790236,58.547585432819965
2000-10-01,52.186279964449994,16.376864115308557,67.57837371221028,46.535447575892356,77.43021332937921,12.774581629351797,62.00436597746476,36.99814921300009,50.80063206010712
2000-11-01,58.1196262273041,15.058641443581857,66.65978296820742,40.890868304512495,77.23925535722334,17.449013397342178,67.18208315526377,46.18666992942403,53.229045894248664
2000-12-01,55.10648448464396,26.911935525114142,71.21329552060526,53.53664314017636,80.08343926271674,14.49405911242232,60.42923503496766,43.84317442495072,43.34885381359486
2001-01-01,61.53783574293192,45.683966293451256,71.28256373493186,58.97834513377852,78.5420508340829,19.64521850225422,60.74341888174217,46.16929393012648,43.530660316781315
2001-02-01,66.51365138156993,63.79197134000481,74.55595814513407,76.72585659858429,80.4758569978378,31.26483335239311,63.5702424286496,54.348549240331764,45.87731831311064
2001-03-01,69.69574273374349,71.43651522277132,74.11810942062606,78.04482632876231,81.27285447971163,34.38118818071188,69.84687090820019,56.014603647838676,55.55706624989308
2001-04-01,69.43817544137998,58.05188726283591,75.26183123848658,79.63157434121584,81.88912444839876,32.59150337159199,66.4424640371543,52.917769146860465,54.76870685450473
2001-05-01,63.6068352675435,39.32522221544221,69.7399622977551,63.0482815001997,82.28845891364557,29.865948212756003,69.57870818391535,49.84379997888912,65.61201593863308
2001-06-01,65.3408839324342,24.641157924910907,70.51377740188897,59.651955070023064,82.21444547727262,16.49629905582282,68.21947584357032,42.76812817852861,54.2100751532549
2001-07-01,56.42043622878856,15.274928297601138,67.3523694488029,53.699145463964236,79.47980770447299,22.24515013608947,72.11873957161588,40.20586035327611,66.06721839629778
2001-08-01,52.938244976831356,14.56632653712507,68.91429977993445,47.680980510358545,76.84296437599808,20.142340727345957,71.26760304737262,36.23892573514748,62.742631226039315
2001-09-01,59.35853388831375,17.644648776348667,68.69080563767307,45.82695466449316,78.117074976231,22.2737133085766,67.15721031478003,41.33326191308841,56.35839951896117
2001-10-01,51.491620731067584,13.899457686842078,68.11517789160227,36.11650478938565,77.25868668364238,13.912662401352922,64.00453489621675,36.16606495076139,60.16850869718365
2001-11-01,58.32724165505175,17.63443724326434,69.47127244963252,46.896089508161666,78.3384845463326,13.440945623335017,64.29012173671724,41.57598019412841,57.3553311199942
2001-12-01,50.535722831819776,20.259207651835652,71.55734768960615,52.92573015019478,80.87177932513062,17.46390514144164,63.462787991276365,36.75193044957077,46.62794930604158
2002-01-01,57.44603119875852,32.74862002972659,72.11172102467384,58.35617035237574,80.27217742128985,16.49041070620877,63.793049779286484,40.76008390241752,45.43876630641097
2002-02-01,61.03456209756558,58.575300994168835,72.50569605738728,70.038097328145,80.51679426614695,24.48326917359079,68.35024955495227,48.495739548176395,47.013212337111916
2002-03-01,59.01349043493025,59.27675197706601,71.88205178417746,80.16646474479043,80.78266729771236,31.806540145649922,66.72475376931686,43.3926268998,53.02482079908779
2002-04-01,67.15749798252544,59.664317960690205,73.12951686235083,79.67578875431803,81.74661454127508,32.71153783059373,66.97316634205889,51.87942172327639,54.32944510485071
2002-05-01,60.112255364390656,38.19769705943343,70.8315789148568,62.09344022327314,80.45923954000887,31.708700788146,68.10458107269196,48.91232209215164,63.98633897742061
2002-06-01,63.89898720439602,25.43216416616172,69.92981721121846,64.69843568763096,79.51241248948851,20.503849334523196,64.39534760275039,39.39034819770826,52.81586772401142
2002-07-01,58.768787094611476,19.85401273909959,68.42845102040069,52.86913335039384,80.74916786561248,20.025601263673046,68.23050275487991,31.031354556859675,49.89275311922801
2002-08-01,55.257684470923614,16.793702338625003,67.64390778385528,54.681307243606874,80.07558682511508,21.2471127813652,70.25628253407329,32.36403515841798,56.72891244670272
2002-09-01,49.24213782715802,17.434138272310072,66.90083074722544,49.34847451392183,76.47430354354306,15.094663230385304,62.01553040153052,28.522796074404507,54.671144799227896
2002-10-01,48.57989280912089,19.26725221017134,66.1984006165961,51.558999545785085,78.00760463225146,15.428065275012619,59.98449597466864,26.295379100000247,53.590210731651894
2002-11-01,54.072386608388086,22.687419776580693,69.52896020493515,61.888001153287604,81.72075424239094,11.20466325171402,60.9798035649622,33.703660734220584,42.52145618628166
2002-12-01,57.28182654720623,27.13573707085139,71.50026596417831,63.8073616461573,79.54113788556545,19.14030895443525,63.08603115536497,36.24124541586479,46.41583430773358
2003-01-01,60.0818472288753,42.248054756506164,72.2342948507063,74.64655086952354,81.14088761023532,16.75024464086934,64.74273367869426,39.82969716869789,40.09005487512048
2003-02-01,65.6652640957392,52.92756265021487,73.75594336159836,74.39824957256111,81.01656364702337,18.407184430008606,64.8641825517197,53.40260596671968,47.26901263832761
2003-03-01,63.063784731124684,52.82407852926144,74.31344141232074,72.70747525098007,80.47925825302636,22.122280116285378,69.89414848848908,44.3324136743792,50.682129958013014
2003-04-01,62.690922812634945,41.08460155998429,72.01986328284686,69.72401178717584,80.85011546653519,19.81594479194604,68.61369252220427,48.382717224132826,54.49165316000071
2003-05-01,61.37322790479709,30.804776985182706,70.73480364997923,56.183045776151296,80.4352100362867,19.950849626219366,66.44414349892133,47.8161535942886,56.61290066805482
2003-06-01,63.98160988824133,21.114562504097776,71.33739167000256,51.98996742818157,79.2277716454949,20.796133760656225,69.08459293822703,42.26274510996925,67.30697466383191
2003-07-01,63.22650717349989,20.59920180909612,71.13003399530557,57.091855078694344,80.53657468463815,18.91576339373186,68.04218037788688,39.37134129636535,56.36450570165326
2003-08-01,57.62231286957236,16.169668144010846,67.0103417714403,47.2894949403667,79.01709450371708,14.834611302348339,72.27151450762277,36.499861076979876,60.87604714645911
2003-09-01,47.51269459850307,13.662300550140214,64.82646242243224,42.95872418612761,77.6021059025771,14.14412768554314,62.9371500672331,29.243103036789694,54.723585162150435
2003-10-01,53.1788146630763,14.559910324797157,67.37382936109958,41.80418149992124,76.48035451945144,11.585164192349302,64.37958239709869,29.27953491299493,54.710040493896926
2003-11-01,54.873899047813644,15.754929805368912,68.69163518477299,42.51749346431076,80.03990412550851,13.015255963383266,63.70214263203069,31.27502490675041,42.29211149700993
2003-12-01,63.70974140063291,36.13143802198818,71.85349980683874,61.87297400081759,80.54966682273663,13.927358911495844,59.466272378437694,45.340737135569725,47.01157593218533
2004-01-01,60.86088990743542,44.875782706633856,72.53573914125447,58.48060081683515,80.89731367725312,21.70380360282713,62.60088931154899,43.28924634800163,46.52776712013114
2004-02-01,65.7165386411111,58.40417323746162,71.11294634089198,71.86557477144333,80.65764850056183,28.426836943970027,60.861462733191566,55.49909401435797,44.39972663535188
2004-03-01,69.0498294503428,63.07286665629001,71.74751714555667,80.27567685732899,81.0453077235842,25.343478416978183,68.31297057902452,45.526965199824055,48.267550350646204
2004-04-01,66.96054088838977,49.361327390741025,73.91996787275235,75.69103553255268,80.60211384352597,32.15799199171065,68.96406743932964,50.75132938930366,56.325684182824716
2004-05-01,63.62663199397083,30.74164068473388,70.44727872286268,60.84367817644428,80.09361135687816,15.396058730539883,69.53098626160424,45.60487885251845,50.51123498136067
2004-06-01,61.00238122445909,15.380923859296583,71.62321690725902,61.67910173017474,80.8055166751417,17.721629601261245,66.884798339338,37.94091083739045,59.651152242860384
2004-07-01,64.08065252708171,21.8094605504638,72.79890572881497,51.914637734318084,81.19376019832777,29.867982091593582,71.29360451304962,41.22468068976068,62.78226141458114
2004-08-01,57.16748861313244,23.6960465412419,68.40296892987716,52.732659205632366,75.68730983677028,28.916725634008728,70.98037512655087,41.507816279272916,60.46581916243131
2004-09-01,55.83329951948846,20.59050490306583,67.65946607849496,51.71246404214666,79.67348147044211,16.924715185341526,69.25765109744275,35.24796798705715,55.61972100908211
2004-10-01,54.510013109509266,20.391648535010106,67.8041824847438,46.066378985440494,77.84785592328055,15.159980038156078,58.20994690312312,31.532277076865675,50.58795246138097
2004-11-01,56.17485749387622,24.013990793939286,70.45209201593006,43.96273416939424,79.19752050936016,15.992294894239654,65.55650312222286,38.80351775030386,52.58872547316024
2004-12-01,60.062332322014775,34.89652020145402,70.98791544040944,56.78995714943211,79.31634525871452,15.511979487263677,60.70505340592216,38.73814722807392,49.093572145883634
2005-01-01,65.04279019743477,47.490450476422495,72.72124562589164,61.35314544328542,81.70206852936546,21.074092924194662,60.0832690728753,44.47222707640473,46.673527509689386
2005-02-01,61.5204134632217,45.62181596489091,73.34425990883354,64.12624934856242,81.72401419026666,20.175629091855626,66.6667678725277,40.575988476555665,46.6399881203677
2005-03-01,64.76105244160472,54.8235568253041,72.08789269698838,68.086825948061,78.57527037106762,28.895284509046935,69.1652402932374,45.554389784673845,50.468836051044896
2005-04-01,63.27813649415152,55.16051356559888,72.16484156710824,77.01271227613415,81.24056521907393,23.40073366791885,67.01670642712153,48.02993623778405,50.76366349840006
2005-05-01,64.62660354889724,33.37866754158676,70.98202487550023,60.35356816712003,80.66284665683443,28.00169603257183,69.37111259146337,47.15391035896702,58.08768723753392
2005-06-01,62.93465744385191,15.699314397508248,69.16385822860646,57.25098340893801,79.5110639249905,24.485769233373617,71.71367608656607,46.96886085722316,66.82318664507177
2005-07-01,64.0901998117926,18.929974899769512,68.74092163406581,58.4441578169949,78.74983814901351,20.10045113946625,68.69274833412645,44.425138673934626,57.432747209129296
2005-08-01,53.714907558062464,13.1795218866289,67.32272780721593,46.84225046670655,77.7860314313366,22.19810393595802,70.36861035026006,36.07070679655501,58.83333698151152
2005-09-01,59.80311893065154,20.745040246425845,67.51209804059154,49.32175230220587,78.43665385054241,20.192583481978016,62.43809428128662,39.64593469926846,58.79290057851649
2005-10-01,59.1858859128843,20.904953627882875,66.35088216061904,45.658145882609595,76.00136747430126,18.31233159014115,65.49405383169986,43.51924193114517,55.69435846356811
2005-11-01,60.08493965608338,17.78834293375847,67.65862973666438,44.05714121997153,78.75004212772932,13.803885111032383,60.739626691362666,36.006322359505845,50.9400142947862
2005-12-01,57.22873238615154,30.709626213018513,69.20599909490186,47.85965613386466,79.56638837870175,14.123018470390063,60.71873155213384,39.48106801504529,47.7648017096842
2006-01-01,65.73327355305969,43.21494483598819,70.87807836612217,62.08345260911206,80.07539304085692,24.587190084948382,61.07504277618693,49.1964397130097,44.71963199481316
2006-02-01,67.97914613742213,67.07358412205181,73.45772456261186,68.8028475562618,80.81117592817354,33.883092510826614,67.05726566190854,50.54986800875661,46.903156012540215
2006-03-01,72.89250821094967,69.96792064210891,73.48529576411721,74.34903117814912,80.40368663220175,24.56571562321231,64.71493003715673,57.75498716215164,53.88532097604359
2006-04-01,69.00911717748481,56.1790470085294,71.07927452263982,74.9448258867002,80.6656964900026,24.07016947616218,69.21688743100724,54.97943240819589,54.33174635834549
2006-05-01,62.047368669071474,26.853707587352783,71.67855999592825,57.6996103773342,80.4537650119052,22.425954125153723,72.39215344802442,42.47898280360114,56.06590480404984
2006-06-01,64.43923152873786,26.137808843508342,69.13240730492272,60.385242419633805,80.14898230886257,23.266698030072835,70.6264060467895,45.7020724960846,61.78651492008925
2006-07-01,61.74621759824762,17.495169290806306,70.89208994816144,48.192804070423385,79.8575637809797,23.670496398323333,71.55523619338179,44.47295881048625,65.5162031278784
2006-08-01,56.216068539053346,19.039889143786574,70.65242577992267,53.55476767115468,81.48133291537538,21.390166439020803,66.56010647461255,34.68797017333798,51.95113843900996
2006-09-01,58.15774259689779,20.307873246570797,71.15863635473362,57.66269295113864,79.42107783964364,15.873391608514906,66.59531706450267,33.538154552816735,48.94537996177534
2006-10-01,58.990884750991285,19.696247473100428,67.83613449359038,48.87563397186791,79.52397947781708,15.360081020509336,60.14338754151615,35.67216324068452,47.55509125368441
2006-11-01,60.10504954176635,26.064604030403103,70.83546433115563,54.476835531483864,79.02214415723263,13.940330841236069,60.9234832500324,34.9745102499695,43.36575173077214
2006-12-01,61.57171188808763,32.5072566605774,72.40498421543232,64.6717666409669,81.34392553027007,14.178421947373971,63.06192321555332,41.836740417364574,47.304071897905295
2007-01-01,63.60759561480185,40.672694573788974,73.40601290445873,70.19649232563695,81.59504627059451,25.81349162816564,62.509611053518505,50.8181855110607,50.108772866679175
2007-02-01,65.66989021737344,53.42841458915614,74.00482195310553,72.23923306009215,80.03794545488478,34.44146480522869,68.42124186930808,51.8363423650613,51.73856786514385
2007-03-01,69.6841675536753,65.98862335003898,74.3428046011022,77.54683932175344,80.88893833596691,24.166477582492845,65.2404355202246,55.62226136511235,52.869826576769235
2007-04-01,67.04996337787551,58.11266845278124,73.03209771343268,75.8505984961653,80.90872879723146,25.62418664236524,69.60826363162751,50.83102830658438,56.28395980121697
2007-05-01,66.02020442766094,40.42610934056321,73.07147632077063,62.16600347596519,80.53146915388979,29.934242965723712,66.96381987778274,55.94250463622587,60.90631178095286
2007-06-01,66.36216238802037,24.396077491260307,68.44312790144748,59.3843086080766,78.31618427832284,22.1285510590209,69.69941260895126,47.97204752864209,65.0408199127017
2007-07-01,58.92833641692866,20.614968141583393,70.91044072878145,53.79840196407542,79.59135426175715,18.97823242887259,67.96209976097714,36.689028614080684,58.265180620410156
2007-08-01,66.87727906549003,16.749532052893766,68.82725146506178,54.199023156823614,78.89402444446726,17.60346199758857,63.92620379268705,40.539260466511266,55.069581378784115
2007-09-01,56.570750589893876,15.492068855596111,69.3152011401487,49.7785893027036,78.6309884791019,14.851582804326986,66.55612827301826,35.28065679574945,57.832789205411885
2007-10-01,56.059601974254576,16.460693095631967,68.48640613132154,38.340061408367944,75.74852613944412,13.778115071343892,59.5506581645096,32.46735943361962,50.927769806518064
2007-11-01,60.54662717821342,17.882987088872884,70.54767045950044,57.17908054386577,79.0039855252501,12.39784084685029,62.01987289938157,37.643813873624595,47.08046452575148
2007-12-01,65.74659156083773,29.287966409995263,72.46757231422976,56.09366899046709,78.56317766835633,17.000838572802174,63.86165538487188,45.244977494608285,48.23539812107853
2008-01-01,65.56365578953961,53.30882847645242,71.69566823394922,63.166959411365944,80.16319721825728,31.114430137691656,63.17918787615246,44.158490781018735,43.88159718308139
2008-02-01,67.71761502941449,65.11600058112647,72.06436171784512,61.89306482277652,77.83731570866306,37.623232986684485,67.88885671584926,53.42988582012902,53.00411858549913
2008-03-01,68.24151333922313,69.03732728038051,71.74455259294223,75.83518341125377,76.71388549090989,39.465521579404374,65.92430863926377,52.97501564991342,55.1851365893083
2008-04-01,62.661170442456154,61.067425693425236,71.95095619580523,75.97414460883009,79.48902854362822,33.91269908243989,71.4434688221233,49.359693658384614,60.047986256178135
2008-05-01,63.438424785324884,31.875716483215424,70.09384874302805,66.67375094784347,80.21443557413042,19.64224692407118,72.68419611208324,46.852057507519305,62.40471330113682
2008-06-01,68.271545119471,28.23476014601856,71.02263604885906,65.31978546260676,80.26919627231116,20.58115863629189,67.98726482801074,49.04364417983311,56.828241743319154
2008-07-01,62.820741436994,16.98826013733767,68.78293477813052,60.44603365295315,78.10918975713312,23.040905378638673,70.2748127950894,41.477383000856065,66.74831539107718
2008-08-01,57.42546598577927,20.3186675198285,69.5320743170537,59.40218143336675,76.80585991852978,20.582883078972795,70.51067864072468,38.9567124213242,68.12915485440081
2008-09-01,59.819131472076684,20.791430873687453,72.40399562498062,54.76442005860821,78.4061548324903,18.84140225173565,65.92533444289266,38.77950568911541,55.27175538263901
2008-10-01,62.09215140590226,17.953985367874342,69.17326160046721,49.061080765216545,76.72536565702369,14.887940416406458,62.641084045780275,36.506854768474035,49.29058562933848
2008-11-01,62.04060942557036,28.40276264732556,70.62541168004422,60.89983734076793,77.08113585557348,13.882907604327217,60.57754080225696,44.445654889173454,53.999802957747114
2008-12-01,61.38318050561398,41.50398981351067,70.45315048963587,56.46366790420317,78.646322511655,29.020390989357708,64.30369355083157,49.34280505877024,55.12976088323471
2009-01-01,64.20091375990096,58.68488257186967,73.07490785209436,63.701334835911396,78.34576672998158,21.62581506414626,61.50738644423582,53.61293920519714,37.31619303292325
2009-02-01,70.2411641388224,75.43199930436077,73.22690970163369,77.4771178223301,79.40431333684359,31.31267689984303,66.04029606332831,53.69851805501715,47.37361774907883
2009-03-01,70.42704451455194,69.67428577260763,74.3018230073824,73.00341596416582,79.89048324886654,27.915528749330747,66.32125734572998,46.171180264582375,46.802960023696336
2009-04-01,67.73250679700055,54.90915339212692,72.38903666268946,73.50340029396862,79.94113765134466,19.792774637380152,71.07314412901351,51.646921060730456,56.56073201809324
2009-05-01,63.598293572820495,41.33670687852573,71.08817131101245,66.16998153511227,79.74429414227929,26.58218477520256,72.11445967955534,54.13965099957027,62.85211572348178
2009-06-01,62.58236226005873,16.85054148161448,70.1900207896617,60.04475522597621,80.5865588449511,20.841846145045402,72.44894471187676,46.44905491963121,66.55061020971384
2009-07-01,65.52800777545609,17.06620737656626,68.1142264254024,67.23541773098992,80.12293609399119,20.207390578221926,68.70254514295684,41.13138258611393,61.36055850984086
2009-08-01,52.84476665191139,14.210601885428508,67.72153052525053,54.45801725422659,78.9466875539521,17.666551233946866,69.61219495809198,30.861905089762878,61.22668266039423
2009-09-01,54.309500326427866,15.560847996989173,70.23872543458648,56.40854123066571,78.49937358539262,18.677973873632922,63.92175417983582,36.09737963041044,58.70803982229456
2009-10-01,51.3170365099054,18.767059082076262,70.55867902589122,38.00713119697497,78.53552108523779,15.940258807145725,67.97044392176119,32.60279542764115,57.1698457426219
2009-11-01,55.3024126213937,22.068684531140423,70.3121606233977,50.4333137896517,79.55858196603872,14.484264048947098,64.41681081923781,38.26482414528317,55.46045121529626
2009-12-01,55.251157342039456,30.946209902261508,73.07962712164756,58.16901739563968,79.48818147757464,15.619496001724483,64.78632054543823,38.97903456533109,46.52176964374154
2010-01-01,58.199101588360186,41.898858076266414,74.04762563975252,69.47779907977934,80.3387259754756,17.6283775596572,61.25591867212824,46.42308908129981,40.77497258738491
2010-02-01,65.50381552946195,49.47725318520376,74.64458522172194,75.4729685858465,81.486191756743,25.84425604694843,65.26939249980808,57.24437446838225,51.14578611659544
2010-03-01,64.38629627743018,49.56285490691579,74.64753399767686,74.60375729242654,80.23607283968636,23.662030033883227,68.97218936154688,56.10054776187139,52.04861715887083
2010-04-01,67.33139996533464,56.638870944223044,72.72684604814805,75.65869389518772,80.45258427243449,30.362438294043272,67.29764670962533,61.546438474361025,59.573163801380595
2010-05-01,64.37695074226151,42.49012282304804,71.90572588210217,65.78348742017282,80.47506730655147,29.099411515368946,69.2249939448463,54.161822448577134,62.45445996952198
2010-06-01,68.07111427015653,30.609391984992733,70.50844554000146,60.74315739565845,77.17175637449243,28.72505023306146,69.74853110663821,52.91329558805444,69.4069490417862
2010-07-01,69.0519823495589,20.203598910958764,72.33423292635533,58.191094557686306,77.78855125526802,22.209490841583655,67.54942652210597,46.86963395214869,58.533280607845626
2010-08-01,60.510811019094646,11.982359435264721,68.6674235548412,53.95552677951156,74.49421685061917,15.18652123601642,69.31822656157922,38.86428755425291,62.95800259119399
2010-09-01,61.64783638647238,21.258796506910326,64.92559587814391,49.43473206149346,74.21725623009883,19.006410651916596,62.084336052339324,46.25011430199806,59.91292988723817
2010-10-01,63.7528346324301,17.66308061521205,71.01686445389315,49.917624587857695,74.06607693024155,16.42176649713985,65.97140588082074,46.18302327001496,54.85398108808584
2010-11-01,65.86363905348614,25.51150243629905,72.06243541125008,48.74067134304457,74.10468143963155,18.60585753654744,63.300612775910814,51.06830302739973,55.47371233817344
2010-12-01,70.3030968662673,44.80639432615427,71.62152069345944,64.44857409070018,75.79271064640245,26.419124876416753,63.33879536252806,55.46608610837795,59.29086827327307
2011-01-01,69.63475254513345,57.089314149582115,70.88156736045865,66.02634253748619,77.0044065254531,29.72761358920729,62.296929468647186,53.15587369111832,47.292483776982635
2011-02-01,68.04825271645609,68.50525115572047,70.82879413339502,71.49538236810493,76.4607893260378,45.09592931594714,66.34200573592683,63.79880601477103,49.86148221133386
2011-03-01,71.83989173662495,66.24146937719017,71.39334274770154,74.33830716843062,77.27430728467783,36.95048826164659,70.4316932948022,68.10107659122907,57.403260056286065
2011-04-01,71.56881275732368,66.00080602570164,73.5761407636259,81.38914190238397,78.77351368085243,25.565168022198552,70.29900217965952,56.02740109297536,53.29235061946492
2011-05-01,66.98387792389023,31.80302378683589,71.62987222163855,70.8016709186297,79.82887968363201,20.891138843339306,68.38340481047827,49.67706177436187,55.768176906274924
2011-06-01,65.71310249522628,34.46797719987117,71.73984519304173,66.34063262065827,79.54749738725755,25.97257178450301,67.02597824395865,50.44248906006152,59.628734352865074
2011-07-01,63.962287478257664,32.48325099454417,71.45358985709633,64.72708878381056,76.14255080104464,31.48221230881383,69.06708746502648,48.8155213732219,62.600642383597055
2011-08-01,59.63216192076031,15.155402616308892,64.33030807065944,54.95417465595505,76.33794813141863,17.474843929067887,68.4207305538774,36.94827387891701,60.81727775338708
2011-09-01,51.55608321983187,15.610259313616044,65.75892120014123,61.291898044641414,74.0412673378295,10.336365823281023,68.59248725919504,29.14458966192036,52.10990045102383
2011-10-01,61.46771618450045,27.24517652587851,68.06828748077372,41.9599658950825,73.89004220577537,19.589727585248788,63.98052476948672,46.288923120990376,56.7489133064311
2011-11-01,60.967596743691935,23.059211707218743,68.8952070859553,48.55729567157854,77.61341425183663,11.886470518616866,58.160467434249675,45.31065759266056,54.177373666024
2011-12-01,65.37835395050057,39.866074368164746,71.1412485393848,62.60885229484276,78.21034896669873,17.781102526972077,68.18088210694542,46.3359515077807,49.149826693866615
2012-01-01,61.10327790767504,54.761929818738516,72.80646081979046,67.83973705513004,79.72676336370814,42.01343590838239,64.73622507677725,52.968196788206946,52.262438582645835
2012-02-01,65.2911801930937,68.63338107356763,71.99919662509222,72.62756676332154,76.4045702665415,33.46578416479754,69.73834009627556,53.19770571041083,56.28965797055344
2012-03-01,72.07859354853511,64.53876289118536,75.24506036424414,80.02686679288078,80.87796591224603,25.03708013153906,71.42984499613196,58.814041821364405,56.34886808882185
2012-04-01,70.45588183857522,66.90629752878976,74.42964721499467,77.75562466013655,80.06428067522975,44.41701861961407,68.0220829693289,58.383541116517165,55.768517954670784
2012-05-01,65.51176647806732,41.32401059043751,72.42170709111103,68.11431240282084,81.51936507909849,26.88792121061112,70.8691722648212,51.0775465254993,62.50070796822116
2012-06-01,63.18846688130729,29.622646866781622,72.97074483251589,63.93682409518742,80.39504197457832,25.917675727712037,69.96505799700974,45.912129866994164,58.55519308950558
2012-07-01,66.49966653817927,20.9595299868518,72.71396949245094,64.97336435449594,79.5915622477684,17.308344068910785,69.06329143550306,43.15057923839538,61.713850553762256
2012-08-01,61.700103497764104,19.445866218764927,69.65187110796059,59.588198885242186,78.10374702474654,24.01161992034206,70.93664359256594,39.3554137647734,61.79452129943544
2012-09-01,58.42782993538345,18.481774369366907,70.40273440197278,55.29741753560799,79.00776033539903,14.702080730987737,64.53310999041622,32.73394128389004,51.09626861195492
2012-10-01,61.246787332447234,23.373564917112205,66.54604127602563,46.98200323660829,77.59091498111115,16.62726646931004,60.042031341772905,38.2522765757772,51.72314797209106
2012-11-01,56.84278512875757,22.977107376566902,69.06166728307518,56.72149805025095,79.44979435526454,11.986718227294972,63.947581279067236,36.39599170571466,47.381125214650794
2012-12-01,62.15967981060204,39.76386192802411,72.97233343884416,55.24222786576458,79.60605540066527,22.68481580148498,59.296898652644806,46.70305314531701,51.706999139457245
2013-01-01,60.302539284974884,36.57541134126649,74.35861181134999,63.25386735394113,81.0971687059617,30.327017749026776,60.75666417858699,43.19311184969119,43.19792552433624
2013-02-01,65.77218257920825,64.34260504918335,72.8890033812649,69.64162748966248,80.15111842199587,29.974948537919055,67.04690286062652,50.69651105992353,51.38763554530566
2013-03-01,71.155692532636,68.54205345187171,72.99902653372833,81.14402840217201,81.14902514997232,22.774637211704732,67.10540906624493,54.74358646052856,57.73702019383959
2013-04-01,66.14764007505188,47.46879144041883,72.37861345265827,76.31604987072406,80.69877031537776,22.582966150378105,69.74452597610606,49.80248372940739,59.12376788004008
2013-05-01,70.20014413163643,45.25517056869155,70.89932260921732,62.617806501186166,80.09823141125938,29.630136857713836,66.81244059783249,55.77550688805564,59.032947354557784
2013-06-01,64.86877672720928,29.91876089044528,72.05994098291417,55.1256489541854,80.44669939322051,22.405519021419735,67.78751820291018,48.417029941461536,58.292043488977434
2013-07-01,65.90146239528896,21.744316504335938,73.17719222532233,52.96164367493496,80.79850898156907,21.876140384782165,65.16464467515266,44.49306419848955,57.76741524641325
2013-08-01,53.711576555415995,20.351826558308055,68.17929747036568,54.892397919320416,78.39290204585218,12.434390173597688,67.95063245785636,30.856937152825417,54.07674396033367
2013-09-01,50.689325111456476,24.310634317034463,67.55839647944853,51.67672002483715,77.29549462884223,14.166149229706866,63.71791140317354,32.612784378182404,55.975764230375404
2013-10-01,56.61921176826761,23.79373586265581,68.4759729978133,51.04485313218843,79.11918092173985,13.2445521779168,60.78111824130841,31.576643489275135,53.590124278864344
2013-11-01,62.23174974194058,27.878473838156943,73.4290333235563,49.36442410509654,77.56273955306251,14.759892850899627,64.22055004404602,38.18363860255873,45.6817735990184
2013-12-01,61.36636934443361,37.716638989571486,72.03205223509751,59.213993760925725,80.58644783215081,19.545593111210184,64.12205542276908,40.60432163290733,44.1739243005246
2014-01-01,63.583093041429265,54.10574368838289,73.5955263349014,63.777972593018625,81.16494631131619,32.24847918924065,61.16204885511535,44.249097080797384,41.1144718829782
2014-02-01,69.15286139159251,61.06089026519916,73.45322533551897,62.4946223313089,80.51672435990845,36.504338460886146,66.85994011457254,60.57579507154422,49.7054357856873
2014-03-01,67.88304578428276,70.95348587327246,74.13694468280306,73.23875689386145,79.20957296714695,37.39825960166982,67.93407270823417,55.08752361074032,52.813079524503465
2014-04-01,68.25738260772418,61.78532505099515,72.28732706680002,81.40639094247774,79.3655646844803,20.86720626380306,70.59743233088548,53.803118272403125,58.20842267874987
2014-05-01,68.65488893547693,43.96297496537285,70.98773504666656,65.03331152414668,80.35705299267724,28.932099601126136,68.24273483853295,56.338098539725095,64.4494375910055
2014-06-01,64.80167189880667,26.231522414803234,71.43761468898504,69.430599759771,79.56275924170026,23.183187834796215,68.28168036611886,45.624929180925456,60.86349604989755
2014-07-01,56.75734946870826,15.440971423545179,67.07921189239349,63.887063864715685,79.76547954679272,18.682760583633982,70.82422228455403,31.9194100750361,57.98853586725531
2014-08-01,59.41618453877162,17.49739124631466,71.27517234545803,53.3722520158397,78.55136293587869,13.869574117137383,72.27496256526011,36.76019214009803,52.33253964973064
2014-09-01,59.99241634326266,27.039800919970855,68.43018635490486,58.58320623753184,77.85927957073783,26.94841824003858,65.15798318189132,38.86038611422254,59.84460889898972
2014-10-01,55.17288424834445,22.105100617906636,70.27176248440617,53.71720785858605,78.04042791681391,17.41650939819429,65.4570822757447,31.248060083353568,50.251520182323226
2014-11-01,57.756883425433664,27.662952103346953,69.7821841437005,44.88252219556134,78.4203146071095,10.953093205732388,60.41986499639151,38.761742185451745,46.861104046074935
2014-12-01,65.37911774290775,34.43861260425617,74.23597147340263,65.04621454497885,80.53744339032197,16.336605210383944,65.67929140665389,46.017737432429215,51.64208621769991
2015-01-01,63.315331265820404,41.82805765307225,74.17360407481196,65.25815599304848,79.71777160224275,17.505798423923494,67.03085284434957,49.426388054231765,48.34236491341738
2015-02-01,67.5851583571208,67.3481082024687,72.87969529896041,70.25262544213547,80.55484185516,36.98171463756674,67.62538280297181,46.88862695949663,44.70516617095506
2015-03-01,60.36191861334082,73.15245659170061,73.52854849928832,72.24326577170905,79.2401939259144,34.30729080541973,71.67140710639119,43.086416297130455,50.97421183415401
2015-04-01,64.99210375531868,56.471756553895304,73.07177409778478,79.14588368695537,80.32986355540342,20.018000621840564,71.5673656792647,47.67809631098497,59.11078775766591
2015-05-01,63.833901401463066,39.22612781339742,71.6008307573516,71.80739172445746,81.23424702296708,21.903314317748304,69.66939723988935,48.11290744089196,65.32248766098172
2015-06-01,66.92691400295179,27.638539598928542,73.14755864490628,72.93089652727362,81.91746418154062,11.571475382354672,68.15013366962572,43.23117626320164,57.87418884491448
2015-07-01,59.90823288957787,19.24203422530096,69.94446729176305,68.32732430379528,78.95154441625262,20.31938277988339,69.72891431784936,37.74527574037399,64.58932948422778
2015-08-01,57.948499185851354,19.77009930723941,72.41287050866949,65.8914615525209,78.41474925085778,25.757661573394238,71.44183247080758,39.08424758839206,69.18180909808727
2015-09-01,56.983411163647126,20.105548830930545,68.72564819764264,63.93104664222826,76.65365236412808,19.553064579435244,71.78931460592408,34.031313989685266,57.93687251209314
2015-10-01,60.26675378494707,25.903987009712065,70.82357405584796,62.520270172034,77.73125742349293,19.998076137073003,62.503043328809426,36.88054939548047,49.1539322501711
2015-11-01,64.99017011144497,32.201891220477165,72.72250319236343,68.32480466885173,80.05375597062574,20.273646316121944,64.26476455262704,42.572382325425366,52.37281314678294
2015-12-01,61.5841932197072,30.44647472746218,73.25069691054621,73.9999822290724,80.51175256905354,12.138253741175765,67.60543553907216,44.265257374095526,45.491952281425284
2016-01-01,61.66219565229001,38.26120768859183,72.831706901225,71.54628096967113,78.93240386831444,23.202917988089276,66.82770977459914,47.45708648686643,51.15090194377837
2016-02-01,66.21111048991035,64.27360272762309,74.72161008589175,80.37201345465876,81.31499594179859,29.07061023453402,68.33122457219501,49.2231723557824,50.76531827369667
2016-03-01,67.57043588747331,67.68951025707004,75.03118598115965,82.49986681944601,81.56910193876465,20.43926161088172,69.7489057791942,51.8964456720709,51.18130300127347
2016-04-01,68.26853889801387,53.27338666579315,74.2292309623455,78.40810263329487,81.71179824824142,32.23501703883804,70.87029913334875,49.695543904561696,56.98160622903668
2016-05-01,57.95594775478724,29.668278031291642,70.16839793388262,61.60700114295143,79.5430997359555,31.05710860620959,66.82006550756805,45.91959844209233,65.94184546974893
2016-06-01,66.23106922564763,31.036354290491335,70.21240182629685,52.33184932112925,79.7136908610932,24.981580318552208,65.09512893700042,55.43559838648384,63.44257741295819
2016-07-01,62.42712202018636,20.5668484887642,68.03309657107242,53.322583855119284,79.07733464442498,25.597198022015426,68.60649974586003,43.54974493863628,64.50365935537658
2016-08-01,61.88534057617095,17.246221494580126,66.70287770320394,53.8915317459868,77.39153935937027,12.420963485176381,68.20737935182306,37.880171625503166,55.33560943569186
2016-09-01,58.943685308148055,20.176835179420582,66.9306491642554,49.97396334519016,77.41666208828445,8.072700618357336,69.51136683054837,39.290242292700306,57.95731249992152
2016-10-01,54.34213600971422,17.027251231290062,66.80025137226042,38.29454406442324,75.42718580158976,19.463524121952076,63.273803112963165,35.85408713469027,55.36537834431158
2016-11-01,56.89484539644624,21.134908676925296,69.51305956600947,35.68432896501087,76.87474453943187,17.701231130520217,59.76292625169385,36.884968198639264,45.48791287641141
2016-12-01,63.066987525891854,41.54813665722212,73.44100714379445,53.44127953875375,79.13835776644189,23.861099357524154,63.54956347727178,50.41223803842003,51.97772746245345
2017-01-01,61.16445557044806,66.99392373354199,73.17500888191034,58.68285847465467,79.48480213641292,28.069949640952025,61.74184641461754,53.7569359413724,41.56912236000198
2017-02-01,67.96276709694338,72.10006002995392,72.9149079313576,76.09129662117873,77.59764499472817,38.40339597370403,65.1110346952143,49.8419754028343,50.36654835861966
2017-03-01,73.98070578895074,71.274633958742,73.96993519838989,77.96714446935613,80.06668053538364,40.6899953259566,66.2344214258598,53.71065153225379,55.911751691384815
2017-04-01,70.18153820975955,63.42587381928049,74.65201552650342,77.45798062279698,81.30239383992397,35.52787322686788,70.25605769709318,51.37067286891124,60.585071786249685
2017-05-01,70.86248310692095,52.72710422221303,73.48504477133578,66.98827477964933,80.38267654418704,41.32504306131875,69.0127051037312,56.04172854584536,63.92520185411631
2017-06-01,69.9525578822822,33.22234319295624,72.25840628977016,64.37866071288123,81.42754074468998,30.389968331091506,71.54063008034466,48.00154718972273,56.795402869212
2017-07-01,63.53848588518619,20.30995335489475,70.70945332982782,63.48151791966933,78.50513798555126,19.222016234341012,69.43011125943475,44.04606245328213,58.727340237062926
2017-08-01,55.11548084716483,16.20826908456257,67.32539518645818,56.97259482306051,78.41020896202157,20.354663941259957,66.88019287771378,34.75510144847332,61.33838971734812
2017-09-01,49.02650991962496,20.304226188486872,68.39143822241314,54.823209136277896,77.24109899683855,19.654534899075344,64.3785928094953,30.645096296143564,51.417068197039846
2017-10-01,55.241269986902815,25.800176193065987,70.99049770268492,48.827173181274034,77.32122547916549,12.574347628086898,62.94000698213694,38.305322519003155,50.79480617389033
2017-11-01,62.88370649046413,21.216212335945727,71.93756045159729,45.93369541461347,78.5600246965628,16.088589170565573,67.04808992615354,39.76488716492935,47.83541441620912
2017-12-01,58.87826809167992,33.94875792631859,73.40800896338679,59.41095068253073,79.90972641105387,15.653774843808488,65.5827595564677,37.61698106084343,47.55976911370198
2018-01-01,62.39291046982919,49.47662822689948,73.27480274086223,59.339342248425396,78.30845470450708,24.73884219948529,65.75281504833161,43.65094735381397,42.541179911564456
2018-02-01,61.01573113622605,63.18581884358217,72.8193216455083,62.155686553861344,80.55392619537605,29.08834322324167,67.50150768245162,42.91468290746161,45.061816456876485
2018-03-01,71.07854779014893,63.999584223301135,73.52132976613122,76.3177831111913,79.73618582858359,22.207616503038466,68.45044276424692,54.055529170958515,50.734740561614764
2018-04-01,63.65818732100392,55.44515467157193,70.69875062670295,75.02062254732591,79.1088985189045,27.406215513422953,66.35204136094069,45.92092412331667,54.55974954580657
2018-05-01,61.94544537523058,35.258486423601,69.7476758280845,62.59256148045757,79.36698425108699,24.47989958824494,69.24585862113442,44.254170737980026,56.57447098816081
2018-06-01,65.4605179441481,28.50426642180781,69.78750901799211,58.447624493593985,79.5200515704701,19.27815834210185,68.41909553696193,44.33748945683959,60.960673648682224
2018-07-01,61.3933931351684,22.209565879602433,70.34482131089177,62.43272570288597,79.42701001401585,23.701779789990244,68.77894501803598,36.65099361521282,61.53313635290246
2018-08-01,49.568853875236975,11.27260544786007,68.13938007238202,55.09347858715299,79.02598743479481,9.222850088444014,68.38813948493278,24.831562819529328,51.32537468068443
2018-09-01,50.59660451425577,18.431867063657005,71.3123103328424,50.02111661924439,78.30259807388626,13.15443566327129,67.49813940301036,27.01749945903831,54.45575510028967
2018-10-01,58.344507934052004,19.247472777815297,69.21676606989708,44.48329626847613,77.25421467225182,16.655075493697534,66.74751857813987,35.605477378700705,54.09372395805997
2018-11-01,55.817249227811764,25.410897235772516,68.110796406579,51.25151915802343,79.7908176527525,15.76732439823026,64.80780510502589,36.968969431097584,52.01902343779207
2018-12-01,61.92267540095213,32.989030196883746,72.13996377373424,65.3213582502022,80.1191475490295,17.376663670662364,61.339758321324105,38.727492926263814,46.58656860887711
2019-01-01,63.152499022878644,54.85520268871686,73.68449748441238,70.77443538667109,81.67848871383892,26.069120634117173,56.48316569102135,43.33027111203024,39.4228801242289
2019-02-01,55.91520570414569,63.77425687907303,72.05098843179218,75.38971895383033,79.72056429196898,28.884389201340575,67.78232343533854,40.21990460819714,41.427252630046866
2019-03-01,66.08769534126138,65.12935198314769,73.38428711100325,82.72219666585272,79.71943041774749,21.380888349535855,66.59466732688192,49.629172429443386,45.609096019449794
2019-04-01,67.82009156937671,56.74100397874689,74.17108471933305,78.19307798778674,81.93214705741218,28.053027848791537,69.70785279113252,51.88217248372645,47.22718127165875
2019-05-01,65.1518972688799,39.62505805743136,71.90826195883844,71.62268989293715,80.6583176410818,23.91310193006059,69.19021451253205,51.04195606173048,59.96794067737325
2019-06-01,65.83211661555401,26.69917830092019,73.01789519036778,67.54556582699648,81.54483262808816,19.570652531977093,68.6346328458201,45.55491286812773,60.14173296813089
2019-07-01,60.26189415500712,16.702375349267438,72.3040632471548,57.22047676802586,80.73273562817023,19.69836206865477,68.30518328716869,36.525233391910994,56.46542390014023
2019-08-01,52.388415934472114,17.78195055383722,67.81479071261104,59.58161623458743,78.14529984427551,11.355856907782236,69.25270289012221,29.804385166989423,51.518220507088856
2019-09-01,53.477162164332974,21.993154326337077,69.00711565682367,44.60227004122665,77.94732469376963,18.83634299434397,64.74339490913646,31.944613077004586,48.45338717108966
2019-10-01,55.02205281649208,23.350909921903167,70.07930749163548,49.01458645239755,78.93992763490412,15.34262111311244,63.99052179294204,31.44505211001125,50.22418660553849
2019-11-01,48.58656798990589,23.499373748687066,69.62811792037637,52.5561810551726,78.98297178750332,11.452637720554925,59.71544149363033,27.580651698867587,45.03367009627556
2019-12-01,50.96480452895906,32.38699361866242,72.66465419668255,57.976916856892174,80.09517730499572,12.799918672346474,61.680390584289015,28.590007311022635,37.25836102011249
2020-01-01,59.11443333815002,45.62624112520393,74.04161115489592,63.09732938419915,81.41370374852124,21.20733266187701,62.055992273022596,41.701350771113034,42.528236915118555
2020-02-01,65.84633213938677,57.483512132237976,74.75972853962406,70.92422633373417,81.13350041155213,26.018386600485165,65.42646394119757,48.093266139018354,53.308557675670606
2020-03-01,62.896451824073274,62.91600260878334,73.64380483993628,76.26722797654747,79.94680457535706,29.769913337106843,72.557750786797,51.90685155773061,54.553456768652254
2020-04-01,61.6822034351257,49.393751716720764,71.98465130890135,74.7603648319436,81.1139955555909,21.665129691502646,70.15636120997726,46.53575525032155,60.64263439663635
2020-05-01,62.47425239210596,35.83968052523006,71.34101319214366,63.080400509147964,80.08251445792753,19.982086956365166,69.74472856201506,43.634765571986264,56.12694251118064
2020-06-01,68.63840097171897,28.3567737863435,72.7171502985368,55.160701681464985,80.30406043343501,29.48907604871633,68.2410984270955,46.780922102316346,61.09357873590497
2020-07-01,63.350571276140904,18.821319518416345,72.35548590465443,62.63945506682499,79.70064891642303,22.667225221461234,71.26079796147559,35.86384790984877,55.01036477901554
2020-08-01,58.95514773929544,20.98404479631837,67.06073059076428,53.06451010395188,76.04822265983474,21.52361905150645,66.97655973516812,41.44900655700902,59.15884041358238
2020-09-01,60.00080450988312,18.237683568462653,69.29714563538457,56.693158139541,78.2506841512136,13.529583519614379,61.17017857697871,33.80340317892753,48.02675642071843
2020-10-01,53.681216059221214,19.950925796143956,69.6184163381772,50.77695573630286,77.0913067533205,11.064925168960471,63.790368520416294,33.77087158078961,53.2871547744947
2020-11-01,56.27706009116252,16.6759441017948,70.26803605529238,40.86687929813828,76.44055977482343,10.14112108013622,64.96492731303852,31.431818575643643,46.09800698903487
2020-12-01,62.974960272896936,42.835951395354186,71.1625287412153,63.660172445394636,79.14325550552226,12.88740129470765,60.100650316718905,42.58377003798725,43.57301047582383
2021-01-01,69.33346131243036,57.63578841816554,73.43883876520275,67.81464627396262,77.19521347079275,21.57558585591143,65.83114738791679,45.77820078326898,44.50686278037827
2021-02-01,66.13757782957148,56.95830646727035,73.46410330914419,74.59813067646046,80.73833312577445,31.909387542436196,69.16587245642555,48.785740724648825,50.549831612353216
2021-03-01,67.139794659946,69.07614626305768,72.80236487632885,79.46890104860364,78.43866962662884,30.90666233687224,71.92613372388493,54.80485876315646,54.65283840832815
2021-04-01,66.2060210196687,58.75056015719652,73.49208166490436,78.16360632812234,80.74574751086516,34.43682008219792,70.26102347651084,50.34041118869231,57.071036650519375
2021-05-01,66.76776561847508,35.71697224346155,70.79579299739504,65.26508783412866,79.79402792587251,26.91746617564344,69.14540595448682,46.52627126109379,57.48391264785868
2021-06-01,67.82092187334888,25.134516855573825,70.08727328204708,60.59108879641213,77.90506537671236,24.74118717036817,69.74907654428218,47.686367410908375,64.84221752764363
2021-07-01,62.65303906910371,16.143915767138925,69.40089996858737,62.972568062793584,77.25783298810656,10.743012930486412,67.30109245116584,36.67898018254133,56.16716458997182
2021-08-01,60.999659993230324,21.131518693821665,69.02107459625033,50.906606543948314,77.17308452805891,17.442905141612272,69.57411328298937,37.175890006555825,59.91453966087874
2021-09-01,64.47356349640695,20.489205087049328,71.6324917364806,61.89344169892916,76.32405958109983,13.434391321398957,66.0822931848014,37.63474213286063,58.753915899382044
2021-10-01,56.29728383632254,22.74757814214576,68.47466755349438,48.94107617709687,75.48484324418743,10.754107235094471,61.996092500747466,37.83257679015747,52.24538149951002
2021-11-01,62.88198024659867,20.87117489664718,70.52617038145524,45.85675939865423,75.37192473173447,11.465589817159284,64.26982151930704,45.29044375680842,53.53623927238629
2021-12-01,64.41951413704017,27.771028160887298,72.94388253251032,65.74109903677619,80.34032410451647,17.43183036345219,64.04640185453229,37.23578018456067,44.51305994156925
2022-01-01,66.62122965054155,48.451166714790936,74.43444032912203,61.10350269894321,79.40477314059761,29.484470666850143,65.62730409414509,52.931930689509315,55.79919442137072
2022-02-01,66.7890181007128,60.96176436635312,73.83625117795614,62.172218330150244,80.53994770537805,28.21083318647923,67.42417599049823,51.01356871376586,51.49907822677398
2022-03-01,69.10802861807893,74.54740127986545,73.89250922829483,72.79248395145524,77.56376401718408,35.91695354081659,69.99396149528768,51.01060531174748,50.77363178788249
2022-04-01,70.59862274185289,60.30263342144831,73.11920004082742,73.45830949198543,77.3236595521915,24.80249653385522,70.11692989972754,55.61744445773461,61.41066778188469
2022-05-01,67.99354543994318,29.147404260020195,69.74599515209022,62.35991136841436,76.67927572606462,16.90299698116414,67.56646468646959,50.52920104720483,60.4803096930763
2022-06-01,67.80809811621852,36.252242751356896,70.74883944645666,63.90726504295591,74.87778812604913,33.50591319807912,68.17553700141326,49.57819892729681,66.71320008171027
2022-07-01,66.37010096682545,20.819013508339406,69.80292816314439,65.78858679840987,75.36485422908163,23.6439432634638,67.29392936542122,43.14691136808974,62.619581482336976
2022-08-01,60.166705131877066,14.838008833380208,71.10010027166432,58.889446863737064,75.3576483838418,12.535049526214317,64.04286841041633,35.202271329575794,57.17096882738385
2022-09-01,63.1257713103204,16.812630712834167,70.02982784088458,57.1433778237561,72.53454580281026,20.637891811042305,69.98824942841712,42.840031989849955,59.90445466073493
2022-10-01,57.62939694434514,11.821865437890153,70.9444335268955,49.51115418635288,73.64543183808212,10.930370150524661,65.3512013897617,38.34920714245536,56.213016939773055
2022-11-01,53.89381274522477,18.38256133917759,70.46498520846504,43.11029041798852,74.31135527075949,13.608210410957698,64.9052591282908,37.005095075991946,54.815160914616925
2022-12-01,61.67002498832995,40.18565220640405,71.57563761022205,60.7858127259386,77.96282793832684,19.739958957977677,64.51854648285165,42.799117492194185,47.77671634215642
