,sst_cluster1,sst_cluster2,sst_cluster3,sst_cluster4,sst_cluster5,sst_cluster6,sst_cluster7,sst_cluster8,sst_cluster9
1980-01-01,29.463346710072358,23.22282804515595,17.23965035611235,26.062981623106396,25.33054961485294,28.710129469152207,20.25152954680874,27.427383681724507,15.671355062764178
1980-02-01,29.283208026961347,23.747902613234942,18.31751313582589,26.408907281058532,25.667072429455857,28.5799743217396,21.011675198617752,27.53526893699427,16.128630181430538
1980-03-01,29.526197294564383,24.068094173599775,17.575183397731166,26.770174420264652,26.1406788023603,29.084758543644057,20.267365914554716,28.10141908391455,16.593823483969913
1980-04-01,29.543518321786564,23.579641205933456,17.234206604699637,26.75730737147103,25.359253031392598,29.168394360802722,19.585412328491714,27.66492919791483,15.45261523327224
1980-05-01,29.727616096834083,21.924740776474266,16.223648387906678,25.715076419186005,24.101746455060095,28.61659592215227,18.726784264762102,26.809765339629678,14.189664905527081
1980-06-01,29.156517084993197,20.85182686168133,15.243278247129524,24.80201084132949,23.300030337917804,27.692642841470388,17.12978555487433,26.113460045296847,12.890587863861299
1980-07-01,28.7061703772157,19.67201746460273,13.696263072940098,23.698413964028646,21.88218053815683,26.96515969813754,16.32163591333517,25.2597808464879,11.472738064100326
1980-08-01,28.649258430628493,19.058358214444468,13.549281784797358,23.538565627092225,21.27198549344297,26.243615192709456,15.235854949748614,24.6322647745518,11.034763518624459
1980-09-01,28.846223254469578,18.258621643270374,13.680426705194066,23.19610417458449,21.08095930750659,26.08475662875719,15.681252792605449,24.684227856218456,10.98675952889431
1980-10-01,29.16196083640591,18.79557348715889,14.333676874717469,23.684062255758818,21.648099227410967,26.64793745672506,16.38745581677955,25.24988311664663,11.518267621370171
1980-11-01,29.348038157421627,18.94156500231753,15.130444126939153,23.89884299331419,21.57634068606177,27.35117116194681,17.350010043842417,25.731902559916136,13.037569152004039
1980-12-01,29.29162109732647,21.154202508331934,16.648260998096873,24.951961448424584,23.545494037981086,27.892082097771834,18.432326801984573,26.546485725852108,14.976039541415446
1981-01-01,29.496205963860803,22.467730389054964,18.43007366934887,25.705135440469917,24.936668271495876,28.02642919705056,20.076203142047746,27.002148073895057,16.457384098827163
1981-02-01,29.45570635989219,22.130404573721478,19.362589867056556,25.596965612148722,24.758264952748107,28.096150034262394,21.4572909026989,27.062641153240577,17.11870674590955
1981-03-01,29.065064610220304,22.406724656494703,18.451605104370174,26.062967384395108,25.2883483768436,28.68980245699214,21.59006808533013,27.363568590323837,16.415346535214155
1981-04-01,29.368555313377442,22.301118094247386,17.519088906662546,26.03272084472235,24.68598084946234,28.609828555484512,20.606799219358038,27.11390647471984,15.276743745159933
1981-05-01,29.551572511058396,21.355272912955172,15.930376594020402,25.400106777668384,23.735009136022143,28.3427362305776,18.73151375964693,26.50282384268712,14.967613856640014
1981-06-01,28.82616821212696,20.053133747382105,14.692319080296443,24.427090975992087,22.35084545608231,27.447643717549795,17.53651911596546,25.882000799573348,13.315332545363617
1981-07-01,28.838471889282005,18.876594619433206,14.119685439373143,23.79652752179726,21.45062641090658,26.769403514379235,16.611180063264953,25.238108361793934,12.579675182136327
1981-08-01,28.63802448229808,18.541319416958856,13.685980819658653,23.190058768697668,21.034352000495005,25.94864571749639,15.316730695913748,24.589089391866537,11.661513274442882
1981-09-01,28.17766189541436,18.41828264540868,13.113347178735353,23.061895464999566,20.87337889105015,25.987607361820608,15.092188587834585,24.537311417172532,11.265744992623013
1981-10-01,28.417070946722504,18.435712854711596,13.731606955775192,23.564808268711033,21.5644354245905,26.644828783184664,16.23181668431846,25.041249527313596,11.928605599349794
1981-11-01,29.25577160612312,19.15445266185077,14.855855455815231,23.94365899444273,22.165264992327366,27.575294368033155,16.538383306764388,25.66309787685691,12.62017478610494
1981-12-01,28.87538292074703,19.799883059274578,16.252322812910165,24.3163578815969,23.054718319992446,27.66039480168871,18.66025496279076,25.917373871394034,14.851754230096901
1982-01-01,29.074371798637003,21.94959529648355,17.91155436255042,24.80901895100203,24.412474819610225,28.215192847288108,20.920182753375457,26.248494175435724,16.51714097122948
1982-02-01,29.10241027257382,22.913918525095482,18.614018272074077,25.385309727810125,25.072881018228713,28.036948262975613,21.52701543929328,26.273027840130453,17.452925038869978
1982-03-01,29.465909059682986,22.63553653386583,18.144373833632756,25.621133321099933,24.90214673943501,28.014417346419236,21.442399330448268,26.789736859822824,16.236255544826918
1982-04-01,29.831410594930503,21.94458842613767,17.342273204226558,25.56405499915718,24.42799611768237,28.158615212379914,20.32186174704566,26.82929113555508,15.540300566752876
1982-05-01,29.72977112690961,21.418366352788155,15.710534158512019,24.793497652929886,23.641917473382932,28.238725137913605,18.76522575651893,26.261011351300397,14.580483521452265
1982-06-01,29.504461961346067,20.203699606883447,14.267053437801621,24.319847718211918,22.595481571099015,27.390060614290974,17.351285570849143,25.788863477686164,12.909690887040028
1982-07-01,29.186525694384216,19.735056542511302,13.864000374960199,23.92881114420055,22.128841254865165,27.039079003046425,16.137620199013554,25.263642778405824,12.224751023726867
1982-08-01,29.047835385803978,18.79777041376701,13.846476328749702,23.596354953235675,21.351274290153697,26.86534060204525,15.752091182382628,24.84757185266517,11.33402878919901
1982-09-01,29.03381614883557,18.57095918709973,13.754349914385955,23.70650610084448,21.37480658077925,27.38255030877218,15.520273085369467,25.28967850420429,11.154782830817396
1982-10-01,29.45389257085293,18.799773161905364,13.615158918771158,24.164134050455743,21.885507356056564,28.159115899414473,16.07803844189789,25.95008470282272,11.822198647920004
1982-11-01,29.521986007556563,19.09117301603419,14.608021308354466,24.677338260906026,22.291564541105515,28.178142006728763,17.870498025714426,26.51986654818114,12.668359736369723
1982-12-01,29.192533938799215,20.17015357556619,16.297339363046376,25.24261392295324,22.759206231408484,28.669315987657228,19.043607747748524,27.354011147800804,14.919448643866701
1983-01-01,29.320802490491474,21.827644642060136,17.01612670334032,25.916663195033948,23.874565465228443,29.075789347661726,20.24856387508254,28.138179997935254,16.67272245590965
1983-02-01,29.21324750850124,23.281807290941515,18.196819958551487,26.776620741619467,25.023908613581398,28.973057459034294,21.109968349676933,28.234641865191065,17.55486623196407
1983-03-01,28.851515506291946,22.321047093073616,18.25662631625005,26.737071376044582,24.59175944827541,29.04009845677706,21.4509610504262,28.31422290567707,17.926726730235202
1983-04-01,29.262925370137964,21.381990815338327,17.43091273254032,25.900746986936724,23.71588569359261,28.915180338680784,20.44727532162949,27.775483377053376,16.936545662854314
1983-05-01,29.009712968591487,20.34454343300206,15.933342243393895,24.98628848535168,22.480209174045683,27.683362293824075,18.909190848235596,26.697039701133463,15.269202287337635
1983-06-01,28.329656804438002,19.884420326191844,14.223073336948346,24.430185820621887,21.842113922148542,27.25121312851809,17.335415483957092,26.125503137642795,13.894138369606083
1983-07-01,28.119369933820337,18.784755039475613,13.669382218900012,23.59627297819543,21.001448749014116,26.471318931754865,16.71998877086503,25.36152514897674,12.49254743837912
1983-08-01,27.873392172318063,17.919009780854708,13.57726113567071,22.802874120016384,20.223966098932294,26.37341013649018,16.115172863171097,24.76008540663679,11.813455892898219
1983-09-01,28.279014324128752,17.87704886859848,13.326942590141869,22.797568717317347,20.264480083179762,26.589002409806938,15.843632706845995,24.68339822216842,11.880979199977276
1983-10-01,28.898299511911034,18.413859159877006,13.300897885982806,23.102388217845657,20.759811771538352,26.907326571751128,16.437355499805506,24.968443039909346,11.842876762411265
1983-11-01,29.137042633369163,19.199541068675614,14.450723343672053,23.66717245062847,21.476041135912737,27.44751302838364,17.483002140858446,25.520687229948862,13.185143645275843
1983-12-01,29.408582789694265,21.045338898615512,15.957457710207848,24.95349145048465,23.16749997824337,28.01808497320178,18.57543278753053,26.79253694971669,13.90185531898652
1984-01-01,29.470528027595606,22.78034160151185,16.842473246571615,26.415720701873227,25.113022568156282,28.454898631551828,19.44539478350839,27.838690737753325,15.597683806488703
1984-02-01,29.223549923976748,24.006818035915614,17.235460449524226,26.45531638982817,26.154389161370773,28.451434008855756,20.1239658858359,27.46104686388321,16.21290180808836
1984-03-01,29.115156728200134,23.569285684013664,17.094400811184812,26.32415567347749,25.759422174020415,28.717715010352606,20.204147153944632,27.2546543404182,16.864250874946833
1984-04-01,29.347286448835916,22.583848000035516,16.944927089154987,26.09252089894119,25.04076043763854,28.60041278478616,19.833432525466662,27.367996997189152,15.060172342500607
1984-05-01,29.340852149543196,21.006949727230676,15.417028480194404,25.695574127193083,23.723708867037885,28.305919855621426,18.249110061170256,27.08686761270917,14.41030811394046
1984-06-01,28.879562384868336,19.620110756609506,14.23410730254102,24.882872631918246,22.713523878087926,27.879771264006536,17.08103726650006,26.316236535886503,13.823302040008684
1984-07-01,28.54052430675432,18.655460808807675,13.92130136769714,24.012262443009377,21.811732084914524,26.960161411253466,16.343072632240137,25.305061654737642,12.342423310494553
1984-08-01,28.250980838583928,18.27831188103704,13.60849543285326,23.48316506271175,21.46378497701062,26.385528989807597,16.013438530015435,24.84080221346619,11.724730578397782
1984-09-01,28.450939062756333,18.295634994517343,13.683727239967595,23.770233800384915,21.349452428040763,26.494912077783113,15.969388327165575,25.06055828161601,11.151088049150815
1984-10-01,28.77710854228502,18.334735736372807,13.798554735036873,23.698961562066074,21.364300811023895,26.926505076491765,16.11589237259875,25.248142853302454,11.719781117403386
1984-11-01,28.97706676645737,19.09101337631182,14.847840465842353,24.33546224594147,22.12057845096291,27.406602792945193,17.679922046818263,25.920279656337243,13.007135922037833
1984-12-01,28.919653018922702,20.51645814268909,16.537586449318724,24.90860982908896,23.286671461235414,27.47144073197137,19.6404035466864,26.376619960017763,14.74786135375615
1985-01-01,28.770147578319325,23.454522568633138,17.046328138858712,25.37546834183854,25.09715808808278,27.963451190621527,21.081826818316983,26.983819264811018,14.964547273356061
1985-02-01,28.728300203207482,23.509478760045056,17.733028438886492,25.747557050664113,25.6023517008785,27.903957332028824,21.039475257962863,26.639460744312487,16.006698169213166
1985-03-01,29.02829042238261,22.165825089285875,17.408333142838103,25.752094717844955,24.64036625854891,28.363270087774254,20.865027164123205,27.030204307103645,16.158962112391123
1985-04-01,29.11148098736396,21.2144275370448,17.482952558700163,25.157660317160094,23.843249390455014,28.42326813160929,20.12437904316812,26.706517381539868,16.612728830471156
1985-05-01,29.338364346403978,20.37294236762756,16.482144852712565,24.94993599732794,23.154028164215674,28.02899527212196,18.637536763592664,26.287539445179334,15.004377907498679
1985-06-01,29.190133885164528,20.05076799779073,15.18840552094224,24.212817173069084,22.421951192379936,27.344815898305797,17.29287472234887,25.565546178189834,12.780920988906587
1985-07-01,28.64863893492236,18.91534283210609,14.206252668920172,23.416204490217467,21.383329593219003,26.86281480665633,16.508362485312773,25.168248207248666,11.915234927858421
1985-08-01,28.161595990849776,18.154527301458586,13.704588352820565,23.008318629187784,20.882169462361787,26.31274870729493,15.63410527514526,24.468943276163145,11.51491184546336
1985-09-01,28.286129745700634,17.54042967632364,13.61030571250842,22.449177195464756,20.494451011024523,26.282497592756215,15.67494427977249,24.11752616227227,11.637933044587271
1985-10-01,28.888631110262452,17.838907339771822,13.901220597321924,23.31839255320915,20.78486171059575,26.71206341920532,16.256774049399496,24.867249617588925,11.896580073892892
1985-11-01,29.10543076445623,18.78526303958978,14.902028303309521,23.782242976135365,21.241149354887284,26.89760358837583,17.405308031384266,25.215641620025906,12.725460612252391
1985-12-01,29.214334776795454,20.39411814780459,16.540630340820655,24.438187976382153,22.175404608889835,27.31204385755558,18.866941048844183,25.985028299792646,14.239024709670389
1986-01-01,29.33024851938268,22.12138955084538,18.299781518114003,25.151397512006156,24.33828941993562,27.837801731033892,21.065398202885433,26.35742041759977,15.81271992810997
1986-02-01,29.179167790017345,22.48964882867341,18.71945021079557,25.641360710711865,24.28163414642364,27.897079933875204,22.132405854028264,26.863121192281028,17.025037864093804
1986-03-01,29.441460722943305,22.725712468306767,18.122471495456068,25.74313036868716,24.888055407348475,28.08488167385019,21.557984330920362,27.195708631231128,16.58491032264402
1986-04-01,29.55214834063804,22.00650524622381,17.310937160983087,25.433100121968664,24.366617056691666,28.14468446255728,20.25648679774173,26.59400864309896,16.720253476033804
1986-05-01,29.831228021271272,20.9683498177028,16.28379803564502,25.171331774908538,23.36151053771931,27.575508798107933,19.367838340988556,26.327519023246168,14.631352558211404
1986-06-01,28.98769394898136,19.999439723474268,15.108201110270784,24.510353583935057,22.336469755844632,27.29065867295037,17.675524337750176,26.041619726356885,13.501394603166318
1986-07-01,28.595303721324115,18.92666162780705,14.35437122104156,23.670491612706144,21.337658267262555,26.77971203961056,16.422288704229913,25.1812989063597,12.52776323614512
1986-08-01,28.457337638605054,18.56102527930824,13.821916567201868,23.029447684635045,20.67038504589891,26.246732799904976,15.446558993745327,24.764777728873298,11.634393506599281
1986-09-01,28.46573101245866,18.424632954186734,14.08473408599366,23.266035910134292,20.380289062082795,26.458665489709176,15.421378872184391,24.971464560018944,11.65013108257483
1986-10-01,28.93051408960349,18.93662875925827,14.382698857797607,23.631672258633103,20.85556385654462,26.845809858707923,16.33783037982778,25.535918951675626,11.77131041758662
1986-11-01,29.404215126467818,19.546722121244045,15.122889514514668,24.541828735886213,21.229593578897095,27.823113326790065,17.117889562349603,26.274535850795132,13.28421605470362
1986-12-01,29.569459674211146,20.34986308186336,16.357764642730103,24.8801866193607,22.05791466107729,28.448419678885557,18.451386833345225,26.900366788756514,14.637123002735791
1987-01-01,29.382312832996604,21.93619399052767,17.927335835631027,25.264457130615483,23.576786184119555,28.78001183116953,20.310953564187173,26.953663253836567,16.08563549104673
1987-02-01,29.343421689293223,22.610136572860995,17.742091177465,26.355967782184905,24.92057754418579,28.636216944582088,20.797604586054206,27.56312841371431,17.08452381353311
1987-03-01,29.23647104410901,23.723651424157254,17.15514194288926,26.859505748028425,25.111962909252327,29.07885956699539,19.83197842594575,27.99604825020174,16.4873400674565
1987-04-01,29.35007412176884,22.654656697889834,16.44384339357771,26.429144539416257,24.534736460602403,28.91664255970636,19.015264408175085,27.645004505721374,15.555999520875957
1987-05-01,29.362867261144913,20.717263670772297,16.019111166290998,25.408763742777978,22.99086040069392,28.558946382750435,17.823455543897012,27.120485791301007,14.45937161355613
1987-06-01,29.02666355834083,19.91334279237776,15.446490247816484,24.607401492258703,22.00425349200856,28.05592014248191,17.046144395404838,26.38308923766226,12.680613514702316
1987-07-01,29.053273288243133,18.994283659598295,14.72598063815417,23.943693421426303,21.1870277486629,27.62453548271958,16.02371669646641,25.682025199851637,12.003088853343684
1987-08-01,28.522613866922256,18.53577754435861,13.87907481145595,23.7446321727341,20.831378474007124,27.04628558291961,15.838472038300381,25.3939237011017,11.965221160790406
1987-09-01,28.831184388673933,18.368443281319173,14.275662132115258,23.63563462524968,20.75001410757511,27.037074522568787,15.374336941735237,25.194350726834443,11.634134713736785
1987-10-01,28.99135449366281,18.74302640225153,14.32888159191981,23.980537662829477,21.219778185465714,27.414727996951456,16.355314869095082,25.791022747336058,11.622876751085812
1987-11-01,29.322440940716433,20.078118427541995,15.40043494606249,24.33106968173479,22.463271332823297,28.050802886731447,17.084012087958115,26.394858925888286,12.843853973141393
1987-12-01,29.488751752605822,21.22796579466643,16.258598735411738,24.739938416195173,23.135167012856357,28.229395112421912,18.064990015317903,26.451660464718202,14.66662047144905
1988-01-01,29.701608718067178,22.908492011390024,17.455383209693764,25.28246600084833,24.60512716175083,28.757178835621232,20.032710607155934,26.97505431721902,16.03848545890048
1988-02-01,29.64899987619549,23.478083895500447,18.2895368659087,26.017978078553938,25.37756659961633,29.07182017835362,20.6989206527806,27.308412267155745,16.541810436422566
1988-03-01,29.45222257342556,23.613146979920884,17.353200651443046,26.33464283828141,25.627964452755464,29.27163260661615,20.37770320481428,27.753058151820937,16.20895834073457
1988-04-01,29.80632054756171,23.15383132204147,16.61971199073247,26.263317389205383,25.003740309778323,29.33486438771189,19.45654261781158,27.43639339209352,15.16588687977935
1988-05-01,29.441093779952723,21.962544566197835,15.672752837042765,25.45698571667259,23.63540456686661,28.37879985754438,18.509583464121874,26.398380473625878,13.959930350721436
1988-06-01,29.02275231622332,21.199210504810083,14.913971463893915,24.609679849989732,22.81086214137821,27.703484435441908,17.214090733032435,25.751898743703066,12.745374299434559
1988-07-01,28.72176903820764,19.92294023517377,14.597306704166499,23.472519498763972,21.37980047161949,27.036768535568456,16.595430986791712,24.896499209039973,12.089787193033942
1988-08-01,28.558883970105,19.141901275079192,14.498665125657112,23.15686644753407,20.932119461461696,26.28253985065851,16.18315977404751,24.44375965639449,11.77261657905774
1988-09-01,28.669666050584738,18.932477616090125,14.510299773378733,22.94086668331107,20.626583495207115,26.35335944548575,16.23020421918278,24.2672165235752,11.598096863233536
1988-10-01,28.45063116086908,18.20961189460371,14.338309328798346,22.708173728878762,20.5304711879416,26.341218943515344,16.56862071160714,24.24344137388323,11.946630440633214
1988-11-01,28.758190544118747,19.043259696569862,15.414261315923397,23.193287953445235,21.358554593171334,26.748431613771913,17.931897912031218,24.989576390812886,13.149551844198527
1988-12-01,28.834574535682407,20.840559842435084,17.18323362385769,23.92930588539957,22.856894878015908,27.294754202439037,19.804570340962528,25.583449278864066,14.854280662539566
1989-01-01,28.718559468011392,23.101544322731513,18.730485264222807,24.48512943860345,24.791998404549076,27.442451438468993,21.06239761241477,25.680508072984253,16.239059412338065
1989-02-01,28.54834688785138,23.997348816030694,18.54422406936203,25.585189028094646,25.99953508036981,28.15102209359219,20.980695573937965,26.72318170687862,16.64027477985809
1989-03-01,28.575094579019378,23.671026983781076,18.557354754117227,25.708714729125063,25.422757594456243,27.991994911556958,21.584707072677134,26.446951005361825,17.297781660933254
1989-04-01,28.67089994556659,22.710055388363514,17.931458780786045,25.331815444485073,24.4841567952883,27.84366680598896,20.667018104785996,26.530112008811443,15.085018118853327
1989-05-01,28.834790344177748,21.543369731781127,17.035654287486864,24.759414853489886,23.38458352745471,27.50859118390258,19.303372176875598,26.056434714309034,13.801615264446923
1989-06-01,28.541052062987376,20.472003120088345,15.307753438034126,24.096072112523473,21.99516255169152,26.991144940216202,17.943616822226033,25.53412525404667,12.846965850578158
1989-07-01,28.392723957419378,19.45315924741641,14.42118905622931,23.227501632049893,21.009874873393983,26.201358568273804,16.794925066974884,24.67965810164344,12.09997578450458
1989-08-01,28.1656117433202,18.638084149278825,14.24562693783571,22.622517489995516,20.80221552559874,25.993699220478618,16.17340598856208,24.282819629041853,11.432256148619786
1989-09-01,28.381052237636993,18.741670662347644,14.286477957074112,22.69060252205952,20.733644171877188,26.21935246960504,16.133041290981282,24.365494310833867,11.388973521093419
1989-10-01,28.679167413745745,18.651701155691626,14.632252655627724,23.17108831976833,20.854738264619584,26.41144952435701,16.44477347350289,24.545433324145847,11.556268171307806
1989-11-01,29.327434183326545,19.189086587339602,15.846111512997311,23.996376172715486,21.729144604984356,27.260080816868992,17.831276519320454,25.634307515512262,12.051343618744568
1989-12-01,29.26956190607217,21.122215176299562,16.818268506539653,24.842575856939447,23.416680756856294,27.895216901694596,18.78495328987401,26.48245248636664,14.510672241227724
1990-01-01,29.01492101382246,23.092721295205024,17.835228089551492,25.760916355774498,24.60754207252336,27.775746334981022,19.86238571180263,26.830955772044263,16.671005480421115
1990-02-01,29.068669537496874,23.645985915045912,19.150834155269365,26.246625491731038,25.154889423702798,28.20721384154143,21.604035121141237,27.13421579094097,17.865800644302055
1990-03-01,28.891151477654887,23.55328203935062,19.07243034550578,26.249584126061734,25.28260380564467,28.66235042274741,21.606007544028387,27.37041343167516,16.91065486120783
1990-04-01,29.250625548834876,22.8841375748907,18.098053439262003,26.09721445803069,24.778649757982123,28.827540839544838,20.61486504324398,27.51094856238342,16.317941783624292
1990-05-01,29.246680703060633,21.55225902035403,16.710453938163766,25.018792244490612,23.407815851424573,28.127330714612526,19.114837437579183,26.613496148737795,14.792272680426777
1990-06-01,28.7752716330358,20.028069234321833,15.183305517800932,24.129722628115303,22.396949121768785,27.05531887545561,18.07487747033815,25.786557853307215,13.365717827307662
1990-07-01,28.982376036184746,19.14738241521684,14.230625263315574,23.44331946339298,21.381151334895208,26.621385840286337,16.773571470552042,25.25104503945056,12.279405922219041
1990-08-01,28.57408449854819,18.83278096471912,13.927365244418866,23.261363452054923,20.900866361878286,26.410829697084864,15.832725753389525,24.650935376040252,11.021000120228052
1990-09-01,28.60268463041166,18.8475741363726,14.053107203473587,23.342725896149148,20.912207793479297,26.63667211766159,16.002847227404743,24.773718700764334,11.111238467314422
1990-10-01,29.128335329832623,18.951619443668903,14.20153202573033,23.387105411109644,21.32345796544655,27.333430502541432,16.00432654457012,25.12135823462154,11.773972557391176
1990-11-01,29.596292659804988,18.49845528535002,15.555107232025534,23.341246578983828,21.40383419809723,27.300392419181946,17.279497941101738,25.574522392940366,13.338103906887795
1990-12-01,29.431595348729388,20.231228791696537,16.978210345092123,24.22439892669769,22.895479006491712,28.02131298442913,19.23910007946853,26.12285595556341,15.165060606094926
1991-01-01,29.60678324830741,22.185171131725895,17.801969112442634,25.073471570829554,24.11086360399412,28.2105251577986,20.600203756629526,26.412545029645116,17.661390226196886
1991-02-01,29.41712088652497,22.363396567169673,17.88774605998242,25.628162498253516,24.695576463057023,28.24054708943754,21.294043954506947,26.93483133244297,18.123156127119387
1991-03-01,29.560082465757944,22.361966951377326,17.410730923941742,25.49377861377451,24.48971178896153,28.618918735807483,20.583524905719003,27.019178664190406,16.90798270363905
1991-04-01,29.80978869081821,22.420104660265395,16.827447680671128,25.47567014707164,24.321493664064064,28.717085686880807,20.08506553279335,27.076363295883596,15.186725289673973
1991-05-01,29.748315211748036,21.264022022868005,15.4159403550442,24.88094997746248,23.100601777414397,28.586990649778784,17.984483395263396,26.93387825524809,14.116419599816368
1991-06-01,29.61393132726903,20.106509769678325,14.3747035196306,24.726551471890843,22.288103468773613,28.16382437524919,16.979463493255537,26.420646185801672,13.22958126997446
1991-07-01,29.026359236621488,19.742910819829092,13.48929480558104,23.92787278257589,21.704820225503056,27.386589922819212,16.09834362658296,25.359394729295502,12.68823342327886
1991-08-01,28.962979603161557,19.274473378542382,13.078041995987462,23.28216298304028,20.940452315204027,26.316284232961607,15.396402272548983,24.567387580344814,12.384678336707509
1991-09-01,28.984900378643943,18.433382754055003,13.414478245782448,22.822779775104948,20.49488872659458,26.50261082456194,15.555089625497601,24.637438754168954,11.924342051577298
1991-10-01,29.309899702100267,18.261828858975377,13.810481820257792,22.901408643683112,20.626889918086363,27.121157924043303,15.963959742103953,25.074424648024433,12.288417540024
1991-11-01,29.621079406230706,18.988550220076377,14.305605423001339,23.48469188695367,21.743419851895965,27.581970747770924,16.866523845661504,25.70822098262397,13.885774918653851
1991-12-01,29.219833907183443,20.86897152558754,16.486246044901748,24.67270261037976,22.88949517874704,27.897439299278403,18.32902080121488,26.47163581572812,15.714730055641098
1992-01-01,29.34093526457451,22.64776285555206,17.638782114366563,25.58989118182234,24.24234409527577,28.10770202145892,20.12123316345037,26.86332802241577,16.8037098004894
1992-02-01,29.62236044691946,23.321536398825344,18.106693863325575,26.466135854562367,24.95147742910183,28.235578524280015,20.828428974506437,27.284254844201882,17.711923598934675
1992-03-01,29.136042231645263,23.22562902170955,17.68867332569448,26.631794051398742,24.88221099007376,28.520878752165004,19.47652246172737,27.598617913637042,17.010055975496186
1992-04-01,29.610735310299333,22.635168957546966,16.838100829657208,26.290305663183346,24.40558038864964,28.773725473652178,19.164581295754658,27.360786993617523,15.755509981910393
1992-05-01,29.411170464987606,21.074494366298552,16.011747368245096,25.189792729813917,23.19753494154429,28.14645247685928,17.861597232918484,26.533464770820444,15.36364600167451
1992-06-01,29.108432532172515,19.58405497546329,14.54988643826755,23.997731845561134,21.99772396621148,27.547757940924157,16.56539449977737,25.69597055348072,14.779967267207041
1992-07-01,28.843960674065272,18.65549718793278,13.95700447064246,23.289082892427587,21.168948601336865,26.83329641948052,15.82138575609099,24.985384077577123,13.268699506594032
1992-08-01,28.950524426416166,18.27671148639456,13.299215490221798,23.095330615425894,20.80324117849625,26.55719942475315,15.100142904952293,24.497612720225447,12.19579627269735
1992-09-01,28.8730235156155,17.835925056215785,13.385435253487572,23.118096507973632,20.67778657913766,26.469526519409897,14.785295454824563,24.690396235842115,12.517425052520082
1992-10-01,29.208214954828406,18.38811904567052,13.646032066054772,23.49833535158939,21.04640028613335,26.88512515357843,15.233831976083422,25.20723043474402,12.552300462380401
1992-11-01,29.470749290165656,18.97857910983305,15.068658159939503,24.4700030207527,22.130928656650156,27.494476064748653,17.287121731608522,26.20892970684264,13.19749554479597
1992-12-01,29.51967174010855,20.977618227797734,16.17546804231148,24.675864815066973,23.170894003456567,27.791885809946223,18.527136304419173,26.31355593642354,14.921890810110767
1993-01-01,29.555714631160356,23.606348896828536,17.55072708105439,25.86843363982655,24.96379470791436,28.347904677885367,20.768629143815247,27.288268342768447,15.952499140461725
1993-02-01,29.314445088435946,23.48352076598701,18.19752442084291,26.539114227278674,25.538454891494382,28.332307454921363,21.06643861978415,27.748386420206543,16.91806472457705
1993-03-01,29.35002625332254,23.85005550564108,17.502473172509497,26.769173265997722,25.44974568588657,28.63304141019603,20.361639107098313,27.968209781355426,16.485729200543574
1993-04-01,29.72630925732915,22.589604924862556,16.708964454215845,26.141385041696594,24.63771526532321,28.44636214784566,19.78015513847157,27.58802747160786,15.776055555681467
1993-05-01,29.350513666540166,21.627938646488246,15.511390178511022,25.419038653176244,24.061592842090363,28.442462842104646,18.095655058359227,26.97827353635887,14.489284661151203
1993-06-01,29.09705879337514,19.931253235935344,13.736718653138041,24.47784372994215,22.693911353434316,27.56853094290284,16.793286940865016,26.06876047227047,13.0246079421878
1993-07-01,28.57065251834007,18.66056697758671,13.652883579706554,23.38603812246197,21.338415195218943,26.809141149842958,15.99734115648323,25.220174060385204,12.171147398126266
1993-08-01,28.815821366805494,18.511905946211073,13.649959100400793,23.215443496293176,21.01233575262779,26.49865893021581,15.985643239260241,24.867774304042257,11.424430348724627
1993-09-01,28.985928579756603,18.018156356756833,13.046541536980953,23.414795502301843,20.827606143147875,26.755525695904225,15.449976113090258,24.87752256839474,11.570166900794561
1993-10-01,29.05757832274753,18.001096894140005,13.91901119652988,23.90562061245032,21.19170381671381,27.234652888829658,16.31074785541614,25.634962708584112,11.644741123091194
1993-11-01,29.586909077088364,19.284455896146824,14.415197852072197,24.039171834079582,21.703487695220133,27.604599521007117,16.952183649810763,25.994186249973836,13.223959948196466
1993-12-01,29.399742401520314,20.53515821257281,15.662488275974795,24.381823326070048,23.0487481758654,28.009152491635916,18.55772278866783,26.21888374329899,15.313500412155236
1994-01-01,29.561723225768674,22.295236675695605,17.592959747051395,25.32530958654064,24.69663933703373,28.450516684908507,20.87214692213155,26.91512935947469,15.831015748238258
1994-02-01,29.61027108434996,22.54386055752093,18.56342653626683,25.2208581332294,24.721648839939235,28.66138112117062,21.236501052696042,26.942590774429732,16.734300147295812
1994-03-01,29.84124119941839,22.9847143440316,17.289413035315988,25.656808095640997,24.735869929826663,28.89970697238772,20.707378432401185,27.282425784498628,16.327773129478942
1994-04-01,30.14969173525293,22.494331934119828,16.389561313127786,25.775480638839667,24.48136145908245,28.66824647490938,19.409336193364652,27.306944904994225,15.070432630465064
1994-05-01,30.022682691085777,21.331144857809022,15.371037047741027,25.17378142187789,23.21421331187031,28.211210068871594,18.46584043669435,26.71407257141084,14.431954732759891
1994-06-01,29.5293579867145,20.11058303953854,14.278465038457512,24.50391904993836,22.339861474997576,27.995441808510407,17.08100051110347,26.374237561342,13.533574157801468
1994-07-01,29.37586829241212,19.30635588728319,13.741986682013987,23.78403767218782,21.337029446727968,27.125993795736747,16.213023645559588,25.350319089446145,12.101657520859021
1994-08-01,29.022302574865705,18.659051106199627,13.593400811810739,23.209799870181143,20.75641667339238,26.56009249469855,15.760400681210967,24.547563084420517,11.521044747523433
1994-09-01,29.139503970834596,18.709560494420543,13.376651786629736,23.349068474596095,20.386177953908998,26.861187294384365,15.477940413101749,24.901128801966934,11.474458418581833
1994-10-01,29.513175367187387,18.688964433204262,13.423728497981244,23.86004694572415,20.74268596591486,27.497703662449908,15.38427737280864,25.888268593119392,12.181099471264758
1994-11-01,29.603896113021108,19.510845352216393,14.456964235665396,24.181737806626302,21.78327743974768,28.110681674839668,16.728905940786774,26.478689014653185,13.387930582057663
1994-12-01,29.8172124613327,21.148232218911915,16.29540789042477,24.91387874462464,23.382414478470082,28.47209351094466,18.72427196671788,26.761149282762403,14.46628150145375
1995-01-01,29.412526469399268,22.621392017100447,17.7424620657186,25.32485355287963,24.430049301109534,28.655459553327375,20.22417625962902,26.816031162407,16.675241929191486
1995-02-01,29.476510834564067,23.413137482231036,18.591842302524356,25.690687823936287,25.45233385294074,29.052064931295376,20.953402650400164,27.172096828094993,17.414236925331295
1995-03-01,29.78568719448242,23.46833010256404,17.854312597189846,26.122948611499908,25.734158117826894,29.244018026789718,20.550447678942533,27.41289295043265,17.04058776997971
1995-04-01,30.046997388094326,22.619926726295148,16.808583392473793,26.0809436084146,25.1035946412793,28.972450797540716,19.899370131120747,27.410939229358917,15.33303555153634
1995-05-01,30.090956112253366,21.66406869097085,16.09547520056094,25.54953147635905,23.92843141542835,28.33211871562446,18.4335908955519,26.84680226931829,13.97861841717031
1995-06-01,29.385662804635444,20.840086828123617,14.17399052454374,24.674752865594712,22.632137483005977,27.922814150677198,17.032284455416345,26.155185009216495,13.035459568825331
1995-07-01,29.1355865071975,19.578959875028374,13.29579290190037,24.149201896760303,21.745636545799243,27.06122315716061,16.191207533173895,25.541716592064063,12.001452690551673
1995-08-01,28.980265681835647,18.507343866085364,12.70283855602213,23.101030540702084,20.54067907357387,26.59428382053818,15.837584018828068,24.7651124652549,11.962378269077021
1995-09-01,28.81712997217886,18.37302554226619,13.193222545529352,22.795761622931195,20.418083076197092,26.629939230133857,16.28400928417625,24.50770971379046,11.477367012522564
1995-10-01,28.98563841478841,18.875620288484185,13.623529612019183,23.184063686335776,21.136075570794276,26.98160902340595,16.688917976707614,24.701616530358535,11.459295092590537
1995-11-01,29.232784130615755,19.263922351888823,14.81969533941276,23.356968001361224,21.577616533458126,27.221916715475174,17.377116224930376,25.12362028228506,12.96024130748657
1995-12-01,29.151704706055796,21.62792485110674,16.21416375579031,24.400743485003545,23.216788514320797,27.68494860995014,19.56870283939128,26.00035261412313,14.319542744536875
1996-01-01,28.986198019986148,22.877446811148616,17.262316465917024,25.10517475451303,24.244555271771503,27.98402928021477,20.79281229852711,26.368823576361365,15.88748713672885
1996-02-01,29.352681914550715,22.87229956543848,17.88719209513249,25.230767549841346,24.309925292290757,27.840421124900843,21.830497033698748,26.36676467807729,17.187166678548465
1996-03-01,29.106643569604273,22.748250943823223,17.145473988296033,25.206060770432487,24.70214541540622,27.87799601858518,21.049145134893934,26.565448362490145,17.19643172082675
1996-04-01,29.28576772031846,22.124404763749794,16.24985323472532,25.003774014022554,24.403090439644984,28.060208516725424,20.34706082002583,26.263305039302793,15.817999319641501
1996-05-01,29.20701486095271,21.461954240850105,15.632183749504122,24.372206965383896,23.335036954783334,27.41011138353008,18.41324060671252,25.64666500322363,14.70722369538538
1996-06-01,28.86163467379987,20.63273295694063,14.28051702601175,23.847702627516924,22.177936119135666,26.693614780673556,17.323568689868125,25.251356532682053,13.788955060689887
1996-07-01,28.63927365912025,19.28466930544539,13.522842457473757,23.160545325208318,21.37290689006403,26.165507370809394,16.532951748785024,24.61103916633607,12.579867043369404
1996-08-01,28.259921650280262,18.40294611529214,13.374601781020658,22.625231771350002,20.536479462160344,26.128447201696133,15.894178556152099,24.377354211094087,12.210294801378723
1996-09-01,28.309335209097924,18.10543531324396,13.600565867697412,22.747736219252204,20.25389567267166,26.274114255294137,15.981167008654097,24.324852304850253,11.727483153764183
1996-10-01,28.538387643200792,18.644866663670427,14.14462973926311,23.236724561718972,21.04605678746782,26.75229338176956,16.8330361736883,25.014068505442935,12.277723720182053
1996-11-01,28.954799821154097,20.555524271287993,14.469420943575244,23.990796058259832,22.489859209172323,27.456436594921684,17.62880036048159,25.914836504723837,12.959733776780467
1996-12-01,28.91568075375676,21.707477861225527,15.448941802221839,24.334632071699616,23.67166682422885,27.475481404049333,18.854874288645647,26.29161489070873,14.54045293437565
1997-01-01,28.71827285340737,23.719240310881105,17.226805291263133,24.70856858674739,24.778762572387222,27.560072090349536,20.00506289680635,26.272673701548797,16.515201045537196
1997-02-01,28.872394430573195,23.51679678707916,18.452656779611573,25.24061865181477,25.135327673354993,27.64298237773579,20.492351579726574,26.295563044692244,17.64084807612437
1997-03-01,28.726411286525035,23.903372360168305,17.880931853095547,26.13686359889772,25.456795781502763,28.203008306645188,20.662750023127728,27.13941682858018,16.786821250839296
1997-04-01,29.132824290338476,23.289937963924217,17.070649105817893,25.95120559340097,24.88201894256764,28.236579343255528,20.45115076206838,27.1292437871831,14.716098674463183
1997-05-01,29.389184933544982,22.05798265073753,16.064026659576598,25.28843194638108,23.377426119939116,28.10585576130302,19.597123936783305,26.67145692431444,13.227782718070046
1997-06-01,28.71267768063899,20.720227707021195,14.230335947752508,24.8932092881044,22.249744481072582,27.39425151557714,18.539636283556604,26.27216504947893,12.67335196192903
1997-07-01,28.46801603503917,19.34584981427537,13.83816520189498,23.92829631159117,20.98370947920563,26.822526589061113,17.133213310409985,25.581415538617023,11.905795988519174
1997-08-01,28.697926770613208,18.685619427604763,13.208962591485431,23.731447960557603,20.54372543878185,26.88966866228185,16.36514868493026,25.249774389072172,11.693179423320146
1997-09-01,29.065173565047928,18.52437672146101,13.151993559661776,23.61903585311984,20.3534895646564,27.23148285322378,16.23645971125717,25.4532352170138,11.71199954990476
1997-10-01,29.012782401852917,18.765477802571866,13.509575964769226,23.6561674542192,21.02440164479401,27.39425151557714,16.84379028266295,25.806748405562416,12.475486306755784
1997-11-01,29.422755970155322,19.50760117248899,15.002469789791064,24.521893277110905,22.05645669452798,28.298634895777752,18.44909621512255,26.338289818559986,13.281699837474605
1997-12-01,29.074329302305273,20.25023319447604,16.469931011320227,24.419145559000356,22.37131232576769,28.65265673639624,20.097637573519762,26.52089591163758,14.992296748393983
1998-01-01,29.457722963019364,21.61685546755791,18.35809270681142,24.757339566903568,22.930119887416026,28.81435069270924,21.64602733471952,26.48378370528735,17.126509515005864
1998-02-01,29.15168355661467,22.010410475447543,20.512037298509256,25.55983111264078,23.69177081912693,29.32353237407591,23.44672713496925,27.333480636067918,16.747275241904617
1998-03-01,29.333609928186263,22.339256977996797,19.172252999413274,25.915727892012683,24.15321671786546,29.62373740704828,22.337665785242564,27.70741093332157,16.112919730535396
1998-04-01,29.469391709884064,21.746272478238552,17.825573531715463,25.94755174709809,23.530529953360826,29.149031568690873,22.03374796917683,27.390763575221683,14.69887976957341
1998-05-01,29.14425799042806,20.87907242716102,16.70113065203077,25.14452980377615,22.46390041041468,28.654170622112645,20.42664328736339,27.023198048985137,13.272110266577329
1998-06-01,28.935281342033818,19.869195425783857,15.088721994369791,24.143669561339834,21.65027051539755,27.870773389426688,19.1818001559389,25.756608616585595,12.36141761354969
1998-07-01,28.513615262152086,19.03912320563927,14.546125265163425,23.28336467886413,20.732682693768083,27.076237807460814,17.93960901243821,25.049058238519876,11.813516908495785
1998-08-01,28.558699056856426,18.516681584653725,14.289943231725829,22.704170516309546,19.77637584845138,26.46097660914279,17.148786213565643,24.331430306343805,11.096949771489221
1998-09-01,29.050377617926074,18.267394719817958,14.31434152062468,22.974142886950858,19.976335737904776,26.36391385113228,17.17265410487971,24.593446713213723,11.141503168608779
1998-10-01,28.905579077287427,18.783471569786457,14.441636940966305,23.21812577593903,20.512037298509256,26.710263473978557,17.29729753729754,25.140286623098064,11.44489058708973
1998-11-01,29.120920496698716,19.911096834979674,15.190558330643114,23.83020458874853,21.61102109412559,27.402432322086327,18.399463718422453,25.692430508830057,12.570394261943932
1998-12-01,29.220104845048297,20.719953151733932,16.284768547996634,24.456604136346414,22.91049517677999,27.79068335412842,19.369560900942815,26.129478118669738,14.365790086346067
1999-01-01,28.91265503132729,22.039881016529876,18.85628396577158,24.948848263351124,24.11893406607885,27.974294695754452,21.179340826496798,26.361158388533795,15.837364384284456
1999-02-01,28.83483488578753,22.19903576579503,19.37290931906449,25.281215594624143,24.20227693162468,28.375947059830594,21.63170180153753,26.76833347261595,16.775222654402228
1999-03-01,29.18025591889301,21.98013522737358,19.188149231589477,25.368574983810674,24.19123149161254,28.07571191768369,21.76324295077245,26.765321079885382,17.17235642938249
1999-04-01,29.44886093736892,21.56141263782422,18.00176856119964,25.114027798077416,23.696697018343855,27.97630295757483,20.87860361889483,26.640306781566665,15.40106950380681
1999-05-01,29.50408813742939,20.66371960411408,16.741584268910856,24.631040830275936,22.72017970818382,27.63439638265504,19.613900737510164,26.305931188473323,14.512915713743496
1999-06-01,28.84788858761999,19.93773295604649,15.75602978055906,24.00647140413753,22.200541962160344,27.10471732752967,18.492788576282692,25.64119652592734,12.589502955273986
1999-07-01,28.69576275472616,18.86481907850822,14.758425721284993,23.466248974455198,21.510201961404505,26.618717966997565,17.592083149841983,25.095953441694007,11.561774968694237
1999-08-01,28.57175258731769,18.580650030924346,14.283471800765028,23.140910559553504,20.749572796935354,26.32249934849142,16.640167046981617,24.664679215767308,10.777548727835608
1999-09-01,28.672667743791806,18.354218510676446,14.50689092828236,23.09974119223574,20.97148572808743,26.446007450444824,16.901241083631078,24.832871143224168,10.538063505755247
1999-10-01,29.114485344275522,18.581152096379412,14.898501983256551,23.125346530445597,21.123109495526137,26.849668076341345,17.755254422747953,24.906172699668048,11.453328830393673
1999-11-01,29.30928674085243,19.807195937721758,15.303166740063261,23.693182560158164,21.93996999096595,27.030913705630667,18.305518161532177,25.39920097657148,11.537675826849693
1999-12-01,29.0949047915268,20.996589000842164,16.528708515950484,24.684761833971095,23.706236261990682,27.652972804493572,18.633366903709316,26.258234970239243,13.66643335645307
2000-01-01,29.009643146004464,23.38548704484407,17.675653424968118,25.89250947146263,25.592911014298124,28.449192115935375,19.821411409614257,26.95611128023046,16.025406185504835
2000-02-01,29.025468929716226,24.471463237480293,18.01727206647081,26.283242614139795,26.39347738344253,28.532141051252324,20.846813050801927,27.23606393692512,18.072935167801916
2000-03-01,29.008005995965277,23.734745719862758,18.42819672629747,26.395114533481717,26.301251264570396,28.38588898108827,20.633983545712397,27.204412369501597,17.73568225973696
2000-04-01,29.51552250810181,22.050118329577288,17.88902864673736,25.882686571227737,24.638998258153322,28.296937162294398,20.07735253240139,26.933736896362063,16.391582077594705
2000-05-01,29.411836338955652,20.97341932049619,16.544382747915392,25.223460822129937,23.61577948368449,27.870732435435684,18.968456239217005,26.45678051828969,14.583622717693288
2000-06-01,28.963802944908252,19.594393270852095,14.955801493260083,24.204062064419134,22.241119167478132,27.10563765047283,18.044012183776942,25.71187725047639,13.092724748707212
2000-07-01,28.60854138641264,18.835301369366164,14.56670550062205,23.555750648915648,21.512587400056304,26.54136660364577,17.3700520843268,25.12032036966349,11.959271204935646
2000-08-01,28.576889818989116,18.598460330369107,13.82180223280875,23.281800875697854,21.01161948807635,26.199747962143135,16.754483669606316,24.746504444057507,10.902763713004106
2000-09-01,28.533778201291454,18.2661188724216,13.652630062096591,23.18793760678659,20.945587769830638,26.06004449213566,16.371390560445207,24.826724795975906,11.42719744221182
2000-10-01,28.85138530888662,17.978526182210942,14.5164995660881,23.53501341508644,21.147502941325854,26.504803586104742,16.818332521133186,25.245835205998333,11.665675631248064
2000-11-01,29.23338698468831,20.04624668165752,15.26085711722169,24.864379246876354,22.604566476169452,27.242066820402044,17.764059527082225,26.504257869425032,12.496256417776863
2000-12-01,29.071854847492148,22.020103912192837,17.012607659112348,25.55143654663965,23.819877521898547,27.905658302937525,19.86288587727273,27.21750956981475,14.007345903912437
2001-01-01,29.310215956470643,23.764836959975128,18.426983783307435,26.110601450766012,25.49834865893547,28.171405114330526,20.855861848706013,27.36246740370791,16.569576072509506
2001-02-01,29.348933460169917,23.899573872848464,19.629807564896964,26.406403179028132,25.539131096165306,28.67576512918589,21.21516028303489,27.512691318060888,18.40065588079193
2001-03-01,29.149667374464514,23.36733725532963,19.36343113944622,26.54010762513616,25.385809781516343,28.45223607449566,21.465017240240627,27.455389412586044,19.29528833293557
2001-04-01,29.6406053213708,22.551688510732447,18.268500134831925,26.27218249953745,24.707995350088424,28.44810620743442,20.576063355306246,27.280386295865526,16.740965555551497
2001-05-01,29.634410520778943,21.020540297773437,17.23809830304964,25.40336171652666,23.385405423722602,28.390288068576865,19.683495836693226,26.775510047627506,15.03997655969846
2001-06-01,29.27304715291939,19.841979485168736,15.371398391363925,24.55002793499557,22.318867255154373,27.679950934041585,18.001607475998526,26.315029870297963,13.677120429485456
2001-07-01,29.31692699044521,18.90553212902995,14.571752881629095,24.043602986609585,21.772692336303862,27.153909117114665,17.070838687068942,25.593335601344222,12.299293531175408
2001-08-01,29.088235601928375,18.429048716838054,14.081331168105464,23.678109751688794,21.349897195908227,26.778607447923434,16.603131242382176,25.198417063612055,11.194554092290616
2001-09-01,29.004605793938026,18.37949031210303,14.64144438828771,23.669333784183664,21.231163517897244,26.828682086041113,16.808075895296838,25.139050224606592,11.578631728986977
2001-10-01,29.315378290297247,18.9948405042295,15.469482734068663,24.085934123987386,21.635890489899907,27.420801775948064,17.254617771294647,25.61295246988516,11.77015431395256
2001-11-01,29.566783947650947,19.85798272003109,15.786966264402338,24.279005409100932,21.936338318605976,27.718152204358205,17.92262376845207,26.31812727059389,13.290461625875764
2001-12-01,29.677257891539398,20.02008000218524,16.85866676679717,24.80814462632378,22.59918198193685,27.906577389027802,19.313872734711197,26.271666266154796,14.864457209595287
2002-01-01,29.73690014268817,22.398596460943395,18.178961008313593,25.266037269927494,24.149799360091038,28.129537256635047,20.360698741175725,26.60690204952806,16.274066040379978
2002-02-01,29.87581412793702,23.34143819061103,18.83264490343845,25.79854088004805,24.950771487802456,28.46056632786633,21.291718004013774,27.22511854416382,17.15582502476093
2002-03-01,29.94970454562258,23.67542287854974,17.973053044363155,26.24089818059224,25.450763314141398,28.95661733192867,21.283836359460622,27.623634196881255,16.873563629202124
2002-04-01,30.084677708594825,22.411896736126778,17.383900114017024,25.73696553197675,24.524177476364514,28.840855677554657,19.753812110585045,27.31132403146364,16.362241938818045
2002-05-01,30.053643733166894,20.8799020761129,16.59770606984273,25.042888208517127,23.43946614474055,28.13052246220417,18.8405265479916,26.455180391880333,15.55732898883008
2002-06-01,29.51621409520061,19.639528264564717,15.218418273045643,24.145365935029872,22.135546573982765,27.78570051300494,17.262227226228106,25.727113476285353,14.470154643283252
2002-07-01,29.059078711119355,18.775010377643753,14.543552458184251,23.651777944890398,21.38629773865125,27.254674711238067,16.361749336033483,25.284756175741165,13.241603298564769
2002-08-01,29.010803638231437,18.466641034502686,14.100702554855502,23.521238206979262,21.249846767325266,27.106401273082383,15.852398056787706,24.883777509100867,12.059356615595902
2002-09-01,29.2694201001309,18.180438816667277,14.269665309963159,23.34833462959506,21.11881442662957,27.083741544992165,15.985400808621705,24.748804346128622,11.591876573038633
2002-10-01,29.691580686507677,18.512945696252302,14.554882322229389,23.54980916848433,21.365608421699278,27.349747048660163,16.510022774189167,24.998061355121195,11.911083177440219
2002-11-01,30.093051955932538,19.102098626598433,14.720889460629621,24.124184015293395,21.866585453607343,27.810823255018022,16.97405459725445,25.97489267692424,13.93617322480901
2002-12-01,30.333442114802892,20.270059828814794,16.394261119815155,24.69314023147217,22.65573511448912,28.272884666945004,19.250864667538735,26.462569433648923,14.761282888964388
2003-01-01,30.15857475014974,22.306042318970015,17.776973263351124,25.40157249317616,23.885998427676725,28.59315652216725,20.61341763465066,26.689732567346766,17.026714775976416
2003-02-01,29.9669862506056,23.42701676481221,18.754126532028693,25.64975488553955,24.554740940990598,28.70894035793515,21.513727819500275,27.043314594960748,17.760877752549277
2003-03-01,30.068232205649224,23.334597380208265,18.164823152672113,26.1507925604991,24.856921176043954,28.924412518669044,20.68714545832347,27.2857856770396,16.602000974818964
2003-04-01,30.314856967935043,23.008014273939295,17.35952840255578,25.948300650411795,24.450379725791777,28.692325637107444,20.261912447140162,27.175713151556295,15.759842312866226
2003-05-01,30.014234362959314,21.764506261993006,16.05527281758333,25.26709709647713,23.384441542691263,28.21828688349285,18.78891360376167,26.463356996069706,14.496604319937092
2003-06-01,29.70270834744042,20.846023726238116,15.33253246157949,24.587451172620092,22.48101609768645,27.558890150644515,17.597326594401864,25.842381805135403,13.398994325258855
2003-07-01,29.16584518069618,19.43636850601507,14.44624094742818,23.842903995529923,21.580705912836834,26.80343956301118,16.72141928076792,25.127948809545387,12.33772903239111
2003-08-01,29.400008902361208,18.741665491407957,14.197539345038933,23.520993779493722,21.080706657929,26.638330774786198,16.404701164990342,24.767097841569296,12.068778238993161
2003-09-01,29.188171211808367,18.59057537388128,13.682482999381023,23.74321567056387,21.10251347901533,26.727634899234943,16.191305844359874,25.10043067817452,11.79359692528476
2003-10-01,29.606654492655423,19.028269425685323,14.409377035591774,24.14196897042808,21.2167396847056,27.10977347827145,16.688709049138424,25.543836040263102,11.921841801673395
2003-11-01,29.781628271371858,19.964924312345488,15.117579510871451,24.796173603017735,22.358482531582354,27.606657473024086,17.718821740454246,26.34186185001738,12.348632442934274
2003-12-01,29.9467370595969,21.278525677783534,16.618615695646668,25.11289171879531,23.413517304139702,28.191807172173753,19.786316063447998,26.750480140372986,15.058908777948716
2004-01-01,29.594940786929385,22.18686951716478,18.061880712174627,25.588211390158392,24.557089996791944,28.377120498033946,21.024907927470736,27.12155784481314,16.42134594283607
2004-02-01,29.735342382219415,23.445451559531534,18.785527644171168,26.03608744681833,25.78900076836885,28.243260912560288,21.12303807471642,27.299198572904118,17.00106865887227
2004-03-01,29.80982064782131,23.482690692332483,17.71213480276043,26.437162971714883,25.713516039718286,28.50896715741021,20.433107654850403,27.580504995008482,17.237587475310647
2004-04-01,29.83397576098946,22.580396569196296,17.169147988000816,26.052694087121438,24.785053877316614,28.560800004416933,19.51873597513014,27.343986178570105,16.80883421657552
2004-05-01,29.651805949179504,21.284575394028593,16.432920267895838,25.376350918412527,23.749403400231074,27.86483080625885,18.67984902406039,26.65959130547185,14.803959823617049
2004-06-01,29.256769202574958,20.498024521489924,15.442057396476287,24.69698836055761,22.598512904072436,27.33694093722937,17.364905050967877,26.280154736121744,13.022520227464156
2004-07-01,28.917591155171806,19.30335288271391,14.301231530804387,24.197782688415316,21.757109795380984,26.850819284719876,16.313654396627953,25.730122680021452,11.864584489964727
2004-08-01,28.83858380585093,18.244050523984583,13.881536439507329,23.874708049791025,20.910171139921886,26.87296147179069,15.71178949352094,25.422648218651545,11.398088866904402
2004-09-01,28.906016830112094,17.94211160938238,13.803535553235122,23.829920444125037,20.974081543512682,26.961530220073996,15.70776364132621,25.393964021764305,11.36286266020079
2004-10-01,29.39968695548663,17.921982348408903,14.142713600638217,23.61805997237917,21.05208242978489,27.464761744410964,16.192375599262732,25.422144987127183,11.497225477198754
2004-11-01,29.728800372403043,19.167480371142915,15.260894047714999,24.19878915146404,21.87637566664887,28.188911907931868,17.808755255433084,26.173469652962297,12.834311637362077
2004-12-01,30.10924340480176,20.805498982859774,16.206969313468505,24.735233956407228,22.957820212449008,28.507960694361543,18.167056100761044,26.541835128776995,15.339901397035874
2005-01-01,29.854354385684076,22.37372224442271,17.395455234326164,24.995172010636622,24.111299386050064,28.061204414367126,20.114289768758,26.332095513454362,17.379577282986304
2005-02-01,29.42935455482001,22.688105680952276,19.471232739492905,25.219051124528903,24.76811730647637,28.18399390472888,21.925434751593457,26.492462821987147,17.091127833645146
2005-03-01,29.349964798120595,22.91304332493388,18.93085312889241,25.948378356073988,24.89249459197208,28.68203231175636,21.795235550606435,26.961920916602878,16.705293616086124
2005-04-01,29.867586011800654,22.04504865168724,18.20523075265993,25.219051124528903,24.07583862805768,28.55024531563538,20.22225983786916,26.69252500886961,16.416314901700332
2005-05-01,29.761733002868084,21.10136907705379,16.66983285809374,24.706722561295464,23.076056958690003,28.371882995584087,19.399252693418816,26.381846427652647,15.560493324480888
2005-06-01,29.549497719958424,20.554638285917292,15.236053852102714,24.251025357841,22.792900159795465,27.91406873195092,17.797696668269737,25.903390827277633,13.910244915222847
2005-07-01,29.266340921063886,19.55379808646029,14.886738922625398,23.892712922604403,21.744955371363517,27.04872038392756,16.914882573772502,25.27515321926313,12.33885699761953
2005-08-01,28.969952496052827,18.97954551300137,14.289198687201292,23.71117501228514,21.073318029686675,26.79520242753415,16.47982670705983,25.144424753231476,11.359716664993698
2005-09-01,29.05410563815417,18.631289113613377,14.398756551446468,23.540222402859115,21.29613861348963,26.908465147091988,16.504172899114337,25.149717403678096,11.256509981284523
2005-10-01,28.97895000181211,18.551899356913964,14.777710323424856,23.49576413910745,21.49249594505943,27.41550105987875,16.82861237149251,25.586361065524727,11.677275691791294
2005-11-01,29.336203906959383,19.952334665091257,16.475592586702533,23.59314890732537,22.614537839744173,27.625090017565128,18.4296391315969,25.508029838914695,12.842717320138377
2005-12-01,29.41823998888208,22.081038674724255,17.642622010183572,24.68396416437497,24.307656717619864,28.16705742329964,19.889881389821028,25.85946182857066,14.434746574483484
2006-01-01,29.48479412477542,24.092339148608858,17.971381295969252,25.822852999037764,26.015075512408885,28.04056912404826,21.047452739996004,26.611169795894853,16.054268463145547
2006-02-01,29.11517477060704,24.104608670738912,19.307736747969557,26.66127034459265,26.012519361965133,28.32583551357243,21.986071182946546,27.23231435372975,16.250069587137943
2006-03-01,29.082456044926857,23.47784058192775,18.637002871525624,26.616793326871118,25.54065399004611,28.4561991862044,21.525964103068816,27.409711194527063,16.901887950297976
2006-04-01,29.48274920442043,22.667540891254248,17.02867301230873,25.869374937114287,24.809083733040552,28.27113389407583,20.519863288402917,26.858605158851333,16.432067498734
2006-05-01,29.55636633720087,21.601114926115542,15.84619781702304,25.278904184604585,23.74981498914434,28.275223734785868,18.868590101730774,26.34533014974329,14.159649754226905
2006-06-01,28.89278968199949,20.634378828283616,14.79255260410315,24.32188145845896,22.47582960797189,27.666348699081027,17.46321858774877,25.75741554767734,13.050280461632951
2006-07-01,28.92244102714716,19.76579890749224,13.857001541685179,23.782533714824524,21.69160265182478,26.986923911128315,16.18309844551129,25.01408699863049,12.0871229744223
2006-08-01,28.87949769969191,18.98566179205517,13.560999320297185,23.277949617225318,20.90737569567773,26.63622007024378,15.718390294834819,24.74722489230146,11.531415867947771
2006-09-01,29.112107390074527,19.255591278916768,13.792586550502278,23.413936820833612,20.95747624437547,26.630596539267458,15.770024533798846,24.82186448525937,11.290626496145137
2006-10-01,29.619758868206247,19.563351792346054,14.1402230108543,23.635299449263698,21.592424014606706,27.268100459942445,16.09363317997952,25.149051742061317,11.340727044842936
2006-11-01,29.66628080628277,19.659463049031615,14.703598568660084,23.959419325533077,21.894049766970966,27.67606207076733,17.132963950414364,25.633186636110395,12.977174558941272
2006-12-01,30.083955788793958,21.237630333012135,15.872270551549434,24.795791750732974,22.929801926784535,28.17706755774526,17.901342773810086,26.449109857760163,16.481656817343037
2007-01-01,29.92767293022939,22.852484025522017,17.765314664641778,25.29586000117547,24.213000193783614,28.560593975256324,20.09358945797112,26.63466849031454,18.01470055967752
2007-02-01,29.96250618277486,24.26146384949908,19.068785071488378,25.951633842575063,25.291821363199233,29.04371604316958,21.181497562833385,27.301548586148897,18.157062548341628
2007-03-01,30.117993744861906,23.40931123650256,19.00669101260297,26.16012852810087,25.178739499863184,28.958904645667587,20.9987491944064,27.281355396267486,17.327122444214694
2007-04-01,30.268433009478542,22.240630372114595,17.60982710255479,26.014232731207528,24.42250453880348,29.03664842671111,20.02038914465095,27.33082871147701,16.35128654319442
2007-05-01,30.025609901154326,20.88011420385294,17.079251038420068,25.28071510876441,22.946887188217715,28.522731744228622,19.2035746139469,26.961293336646747,15.209361655399334
2007-06-01,29.57025346932801,19.98050759463507,15.455718571952843,24.40130168942801,21.895326825142035,27.92652781297926,17.76430500514772,26.16871063380046,13.697396563026984
2007-07-01,29.237570666031388,19.00214754487962,14.351655915185404,23.641532920139014,20.795807636098004,27.061754456306858,16.941432517479313,25.404398396788224,13.124414800141267
2007-08-01,28.828153741185304,18.31557908891085,13.846826168149562,23.02412613951418,20.328840120089808,26.77904979796682,16.08574609625356,24.804660657309626,12.248030359287043
2007-09-01,28.854404888031183,17.732500731084485,14.007866857454019,22.48345348043881,20.043106483267536,26.55440056053584,15.874727261992575,24.538110550874705,11.83003132874137
2007-10-01,29.133575738141985,18.353441319938554,14.351655915185404,22.525354349442807,20.608515799947668,26.848716303057756,16.47850363944741,24.574963122408292,12.194013576354223
2007-11-01,29.399621014829904,18.932985869535685,15.923190917707984,23.108432707269174,21.091133038113924,27.367176453263596,17.546218554428265,25.039406489681312,13.58633401867911
2007-12-01,29.000300684924525,20.517646445481205,18.011671581195287,23.58398232897696,22.287074708841885,27.87907381675791,19.064746433512084,25.5391879392468,15.65916496000824
2008-01-01,28.970654365423513,22.73149932348616,20.162085143857666,24.252699721508407,24.030351343591974,27.79786593458283,20.476251490333368,25.738165558794094,16.446187140597374
2008-02-01,28.841116582753443,24.526664687155517,19.845933544007664,25.553040681644916,25.53715865465091,27.933855790719235,21.492204904607945,26.361535118309916,16.074448446268264
2008-03-01,28.96866911204927,24.745042558323462,18.91435339813887,25.814597813702903,25.62996924989727,27.979516618327125,21.022692481596835,26.55857151570467,15.629255377091795
2008-04-01,29.09820689471934,23.505748139445302,17.86564330318913,25.649821783639823,24.733131038077943,27.99788021203898,20.343239514258357,26.53871898196212,14.787011633064424
2008-05-01,29.030708279994712,21.75723623007093,15.671442011294687,25.281557282715653,23.273969808001084,27.627134144396962,18.578349264546375,26.333245257726844,14.440088605913502
2008-06-01,28.719519813580348,20.54176485168375,15.043605631686773,24.215476220741152,22.416836663666857,27.254402823380758,17.444769587847247,25.762484912628736,13.49659693979919
2008-07-01,28.449029041338235,19.464764896150882,14.456963259594659,23.378691923493022,21.421728409821924,26.47171668058104,16.359332305473743,24.925700615380606,12.740215404208357
2008-08-01,28.228169603452443,18.72128750749266,13.60826744210101,23.153861978858743,20.920451932822743,26.09749641953414,15.818847074333064,24.648261456328555,12.122801604815322
2008-09-01,28.359692639496757,18.34607461975861,13.743760984893868,22.99653064894909,20.547224298462993,26.13720148701924,15.882375182309204,24.462143952492227,11.513328818919263
2008-10-01,28.688252072935825,18.771911468536132,14.31799552339686,23.033754149716344,20.842530737883294,26.55410469561258,17.019429052413273,24.747524125041252,11.555515453122155
2008-11-01,29.154290302541995,19.517374110568596,15.045590885061017,23.388618190364298,21.75177678329169,27.02808393871578,18.147549282333216,25.12869277289809,13.014676683199013
2008-12-01,29.369690293648603,21.261419199850934,16.296300510841206,24.922722735319212,23.9792310692049,27.76709450728191,19.150102236331577,26.14414987382912,14.426191832293739
2009-01-01,29.258011353178006,22.241552848374113,17.91201949006131,25.72163009714575,24.572538748965258,28.195579216172575,20.525504627082,26.773780632825265,15.796947217313232
2009-02-01,29.3392849636586,23.066039354695363,18.915210019427263,26.12555014923305,25.49445566785056,28.54417446112552,22.335556060496288,27.25603669501436,17.274070607794954
2009-03-01,29.570376193458856,22.79578011984421,18.50590436664544,26.06924614197237,24.98233400181016,28.4922768544331,21.832736795655478,27.145387080745593,16.85448335368727
2009-04-01,29.510644985756244,22.965671341752454,17.538944241951583,25.486132466777235,24.486858737916407,28.465348850960595,20.349248604352965,26.790916635035046,14.939167906698742
2009-05-01,29.5179889867033,22.254772050078827,15.017014316737402,25.137537221824346,23.764209044727465,28.283707227537093,18.293417939244364,26.2185741612289,13.728386950563106
2009-06-01,29.18701934402327,21.06308549640545,13.975145382383687,24.407053927625213,22.64204570001948,27.575745536242266,17.480192234375238,25.727015697840216,12.899983643736789
2009-07-01,28.820798496797465,19.843002139070222,13.515900523162031,23.725041039676626,21.635917570274728,26.839387041285534,16.50833610905005,24.948551597453786,12.422133982115895
2009-08-01,28.832548898312723,19.332349273219222,13.68775014532281,23.385258595860137,21.469943148871607,26.482958195322396,16.41727049730673,24.724804368600587,11.749423495366841
2009-09-01,28.808068895155884,19.18595885434155,13.599132533895158,23.592359422566687,21.484631150765665,26.52163660031016,16.538691312964488,25.02688760755558,11.698505088800687
2009-10-01,29.696693009747946,19.348016475239604,14.219945413951791,23.709373837656244,21.52184075556403,26.681246220892547,16.479939305388143,25.346106848720297,12.132290744739294
2009-11-01,30.156427469032792,19.665277316151787,15.646639997930436,24.7904107770608,21.795527190857115,28.252372823496387,17.60993625110632,26.853095843053325,14.028511789265565
2009-12-01,30.23672187938712,20.809962263764078,16.84224335210888,25.71918209683008,23.58844262206162,28.88395690494201,19.950714152960188,27.428865517301404,17.134044989738015
2010-01-01,30.4280362744247,21.971991600963463,18.426434944691493,25.469101619425032,24.22212728969805,28.819818536677133,21.201584741001227,27.25214852840122,18.544391975881922
2010-02-01,29.06257831961807,22.36799020567406,19.89931805290371,25.559675768374802,24.339557726999203,28.83087700835125,22.638659464744876,27.278478222863384,18.48699324195445
2010-03-01,29.309550853672988,22.28320858950599,19.189469490204374,25.58969162006167,24.41802021649636,29.08364207518781,22.029390334890934,27.216866737821988,17.731331010890983
2010-04-01,29.88827753795084,21.74502963469979,18.175249659522706,25.45593677219398,24.12681379574508,28.82297810001262,20.886155001344775,26.96620804654242,16.766084411908878
2010-05-01,29.986224001349967,20.804532948512133,16.584936114009338,24.673944846668405,23.16999269899088,28.404335958064564,19.099421935143823,26.14840773654828,15.506998422729282
2010-06-01,29.626560374997155,19.454872810382767,15.055180865758928,23.78294798606953,21.963566098735555,27.667631107013847,17.392204546218636,25.158937818661002,14.31794942081899
2010-07-01,29.309024259783712,18.38904677855527,14.26055068689152,22.90985531770491,21.023069412547898,26.731873765829334,16.319006199941725,24.31586100198325,13.621792299239985
2010-08-01,29.00728596124759,17.89984105544869,13.763972649335528,22.211065226679693,20.30321556595294,25.816653586325288,15.780827245135583,23.809804274420912,12.597040590773474
2010-09-01,28.898281026174345,17.973037606053424,13.301623214580331,22.3084850961896,20.33639098097524,25.59917031006802,15.886146022984121,23.77188951439541,12.041484037622297
2010-10-01,28.873004519490678,18.302158786830205,13.812419287145872,22.573361822478773,20.691315262324906,26.083110094282176,16.697627206307345,24.1094361974001,12.27739810000304
2010-11-01,28.784010152208623,19.04834232788727,15.887199210762617,23.134184314522372,21.519120856214613,26.674475031901864,18.216323982883637,24.589689824389552,13.306362559583533
2010-12-01,28.893015087281867,20.097843949148228,18.14997315283904,23.339029337437807,22.175256842211184,26.89775084094083,19.86877560732762,24.894061092371885,15.945651132468583
2011-01-01,28.74853467119499,21.80878554342968,18.526926095291458,23.500145731831935,23.13911533076009,26.758212345515574,21.01689794451721,24.764786606646396,17.007288103387566
2011-02-01,28.441814000943452,22.757395508423485,19.48898418410738,24.19013793101493,24.22996506694983,26.858038803118518,22.29964206293846,25.01512860395121,17.602108964752233
2011-03-01,28.898015739833625,23.00049620828554,18.646924738627604,25.2877117291157,24.831509990225584,26.896831467990125,21.71826932539591,25.803912789673973,17.083321726535928
2011-04-01,28.978704482766545,22.18688471704496,17.426766119532545,24.684615099245093,24.13375925806821,26.993554512403364,20.245182531338003,25.53650201982566,15.58126974270715
2011-05-01,29.0402555110295,21.13431041019527,15.803163785772767,24.243413190771946,22.995323852969364,26.78562582869148,18.503133260836876,25.227712407447655,14.525592022667752
2011-06-01,28.765603443738485,19.970530464046988,14.857139998437106,23.587041301144325,21.935508248676967,26.184598140947344,17.347629083194477,24.608064240565113,13.067505059026814
2011-07-01,28.25509197402812,18.618476784388463,13.948357169378141,22.789464111384007,20.915002544787797,25.67615561336345,16.022471651180297,24.006002081757686,12.179928886764344
2011-08-01,27.784407640252596,18.144689037423177,13.78542797691739,22.363262033327885,20.401387661887668,25.53132966450943,15.562649263568801,23.64445444515428,11.448557845051596
2011-09-01,28.032680695430884,18.054172819389407,13.593016359154205,22.36843438864412,20.40345660401414,25.593397928304,15.676958316057153,23.83169370760129,11.503384811403464
2011-10-01,28.531295747913987,18.55278787187251,13.90025426493736,22.58981119617812,20.863278991625634,25.80080937648421,16.354536862481268,24.11979389871442,11.781140291884185
2011-11-01,28.80491334414171,19.844842229862934,14.981793761557867,22.82929124731885,21.36137680857712,26.426147134214602,17.73141784765761,24.219103120785746,12.738543260915549
2011-12-01,28.820947645622027,21.43223807640925,16.28781347890208,23.743763667225608,22.956531188097756,26.84355620823311,18.590546065680883,24.805130978112857,14.210595583910276
2012-01-01,28.691306269062466,22.817338191910494,18.174959066126576,25.75381056079334,24.684420902148133,27.565121274479623,19.6004708311915,26.580157115201075,15.775228205338863
2012-02-01,28.871925670737994,24.295040265674857,18.69635048342775,26.51568673386646,25.677571776516743,28.353604271595543,20.810569655447978,27.62805664673482,16.5340343602532
2012-03-01,29.080686905535686,24.39123416798361,18.32283160744163,26.419492831557704,25.615659743647825,28.99267971831705,20.21345112356329,27.748810694313875,15.577723703790014
2012-04-01,29.298658194809832,22.372185558885917,17.476529935001793,25.92982493523067,23.965524983298053,29.068406832900564,19.47562342606733,27.264771164611318,14.913064772411929
2012-05-01,29.293029828185354,21.248047243075575,16.35955499489529,24.985282681709577,22.990282548189043,28.7951752167682,18.51163772420722,26.555596969930775,14.145560232714388
2012-06-01,29.118550462827443,20.141305696831694,15.486134828719457,24.20293972091116,21.971548189163798,27.891054869004506,17.455551477583356,26.037787240481464,13.413872571536047
2012-07-01,28.717401423412184,18.909716745463697,14.784635679435894,23.280910933887867,20.803917949437277,26.989492869706453,16.42811873377491,25.076359887086994,12.804985636709318
2012-08-01,28.730193165740502,18.269617959355912,13.863118562105683,22.850596721964052,20.3720687284341,26.981306154616334,16.1727955569022,24.690560938465694,12.20019205942765
2012-09-01,29.047940045175267,18.163190663184537,13.53002159187696,22.750821131803377,20.624833556841168,26.703981180938968,15.834070220049,24.56417852426216,11.778064562594011
2012-10-01,29.276144728312033,18.986978869126574,13.88358534983098,23.1110365957681,21.102221380533024,27.110246917285508,16.03003971251843,25.18329885295151,12.677579883119506
2012-11-01,29.786791082057448,20.064555242861957,14.89362132407291,23.793603966405783,22.057508697609933,27.758532418483412,16.97560530542586,25.69343353700384,13.576071864258779
2012-12-01,29.655291970922633,21.207113667625038,16.81442935208935,24.347742244067433,23.22104557979145,28.278388826705225,18.713235583301127,26.12323607923446,14.796915752071072
2013-01-01,29.266423089828095,22.012562677898188,18.16776767123173,25.614075323781265,24.55328123465108,28.320786109640153,20.646239142069874,26.948756590936284,15.040889055448417
2013-02-01,29.188095506718696,23.481075179769903,19.582851424359887,26.39216389771542,25.716264289824665,28.907983620102414,21.431071150311425,27.495493495554,16.070040875905306
2013-03-01,29.46250141045948,23.687009289004436,19.74728747631798,26.777577104670797,25.9045617247167,29.0910937978349,21.41654683026468,27.824365599470184,16.36052727684074
2013-04-01,29.682959839740818,22.889727863579935,18.81150628473324,26.34288495469957,24.997310447509506,28.94636932308316,21.122429349317542,27.642811598885544,15.355755565033803
2013-05-01,29.635237073872872,21.8424206430646,17.071700233416493,25.323588922845886,23.73888186060003,28.34205386399435,19.215074891747065,26.551412692513907,14.674149974267493
2013-06-01,29.30532751852479,20.765027331023816,15.076681129849419,24.48688434300874,22.99866026393073,27.643849050317442,17.50639238338772,25.8677321988838,13.333243998521027
2013-07-01,28.993573363235157,19.359799366498805,14.764408248843836,23.644992506011988,21.976251877781294,26.950831493800138,16.53170676310623,25.035696150490253,12.187378891974049
2013-08-01,28.866485562825915,18.538137832424354,14.873340649194631,23.253873316181114,21.23758645825984,26.35637182331442,16.004162709978914,24.876966081407716,11.649460324527581
2013-09-01,28.932882454468313,18.49352742085216,14.275768624413217,23.385110922318006,21.17274574376529,26.618328309872254,15.744281126284875,24.94076934447031,11.555052244223589
2013-10-01,29.007060231850005,18.840036199110784,14.69645518005359,23.60660680303124,21.385942013023282,26.922301579422538,16.73764087234082,25.1311416822262,12.379307406877786
2013-11-01,29.358756267268234,19.120666811443016,15.831427046565523,24.137263210454307,21.778617380002004,27.546328615717698,18.15479952833283,25.58658286083562,13.709320142589206
2013-12-01,29.662729536818517,20.657132382104976,17.094524164918596,24.543944171763883,22.831111857676888,27.679641124718387,19.472362846861245,25.93724144482195,14.71668548297589
2014-01-01,29.244516422665924,22.679030428550845,18.124121442453145,25.06943307069531,24.03740684112637,27.81267373612104,20.36809130723026,26.42281177755865,16.215997401535788
2014-02-01,29.742787682172093,23.541634434476293,18.44847254317483,25.402780041698975,24.747580822829775,28.024076687747026,21.268178105997208,26.7231738908618,17.54938528555033
2014-03-01,29.53488312454465,22.964399424717328,18.192090240139066,25.609185287612775,24.882518877059113,28.330935818476007,21.273175811709393,27.00054655788881,17.3364830222107
2014-04-01,29.671820261058883,21.738961984086302,17.59936234267235,25.391285318560904,24.29678776758948,28.45887708470832,20.879856372159395,26.920583266493622,15.702233254321811
2014-05-01,29.738289747031104,21.198210226026447,15.770202052007733,24.847534937073704,23.770529356094983,28.003586094327034,19.243107751414414,26.23239918992391,14.715686146733844
2014-06-01,29.20903271210932,20.10321290448377,15.366887201033308,24.16484833678743,22.442139177792626,26.999047246175166,18.31903196522893,25.286833269175986,13.870074340229849
2014-07-01,28.905172204807627,19.14665203116897,14.7141868350202,23.627095202154862,21.621016129278416,26.499276674955297,17.300999311654095,24.77856659824539,13.029460239438095
2014-08-01,28.764736674294852,18.587908532545157,14.151445171826651,23.361217258265924,21.20970494916446,26.199914102794594,16.40041274231595,24.504692325216922,11.966948005024676
2014-09-01,29.10258158043945,18.224575327268383,14.01250895302752,22.933413649301713,20.85236899074232,26.23239918992391,16.703273708475137,24.38174876469685,11.782032893673374
2014-10-01,29.479408591139247,18.486455106587528,14.149446089541755,22.873940951326574,20.72492749508126,26.725672743717894,16.848706944700155,24.48070333779833,12.332280292586404
2014-11-01,29.833246155562904,19.298082514248563,15.365387889319607,23.501153018207447,21.610520947282794,27.28141761891436,18.16910079386298,25.20936883063689,13.359808587014413
2014-12-01,29.926703252381003,20.79889353962176,17.15356699314424,23.640589007577773,22.45513321264434,27.605768719636046,19.76586776891037,25.247351394049588,15.2384461642298
2015-01-01,30.038211507137873,22.19757073949745,18.952139652118262,25.089880009165256,23.810520177602598,28.25872426854005,22.381070723373625,26.293167018280656,16.67201100092825
2015-02-01,29.95083056243493,23.89224706117767,19.283673236432435,25.60131553845605,25.455851965803504,28.469466546941305,22.729052485514217,26.769136164133215,17.601333048122
2015-03-01,30.133816540754083,23.715943155100547,18.409349783845812,25.71131272767036,25.39931135452514,28.286480568622153,22.25770938967537,26.94955211466697,17.069337296548156
2015-04-01,30.004287140370877,23.472818526603533,17.221996946999752,25.93284912277022,25.224035459562117,28.338395129886862,21.15876550864641,27.060063309438362,15.86348025964736
2015-05-01,30.07059385723369,22.15953432827382,16.29421691647724,25.246651704073486,23.73598937182652,27.86448200626262,19.514975737116742,26.35690370735807,14.948550368051713
2015-06-01,29.418834810861085,20.8112977520629,14.634492972678174,24.101961328464768,22.216588945109265,27.160808398625306,17.62446329819045,25.270295959699013,13.268266201969595
2015-07-01,29.108889459944123,19.805388876864754,13.691806781000366,23.634216271525418,21.572025976535713,26.548627780147513,16.610844339636174,24.623676968897144,12.696178016943747
2015-08-01,28.995808237387337,19.054426757976444,13.073972101394759,23.411137859754376,21.12175710853694,26.427836474234596,15.904086698656386,24.70900189137177,12.214554809963374
2015-09-01,29.049264815323284,18.84214246290395,13.835214331424652,23.100164497723256,20.804101674263848,26.77479022526103,15.841378020693071,24.623676968897144,12.10661364297738
2015-10-01,29.49644964997958,19.052884741305206,14.509075616751545,23.716971166214705,21.33815344806601,27.117631931830886,16.85191294590487,25.306790354251405,12.537350299807201
2015-11-01,29.62392302813447,19.576142398408763,15.65016795346071,23.836734461013464,21.833654805087463,27.481547866240817,17.539138375715766,25.65323009972076,14.509589622308624
2015-12-01,29.61878297256368,20.944939196902737,17.37157256410893,24.548632157563986,22.80923735241811,28.215547801745686,19.41268863125856,26.77119218636153,16.23613428852758
2016-01-01,29.801107528840475,23.258783671013077,17.557861044244873,26.323351547657808,25.325260801630975,28.566372686578234,20.987322311910134,27.527499738025597,17.90129011814662
2016-02-01,29.96906581029549,23.758365651954477,19.232614387443675,26.46716247235412,25.348871550461695,28.80033374317378,22.146932044256346,27.796340309939296,18.91547910201257
2016-03-01,30.280298408518888,23.817392524031334,20.597744956202916,26.872301457972526,25.490536043446184,29.490411538545004,22.570315699425805,28.024398679327135,19.211150070324777
2016-04-01,30.402645016096415,22.48284860716643,19.225101876452072,26.632974322097255,24.661476794730333,29.265036208797028,21.890970062613974,27.766826873900868,18.0080750958129
2016-05-01,30.006628365253505,21.709596582959648,17.388292939005964,26.00460643844275,23.72402274456431,29.355186340696207,20.33641689528082,27.760387578765176,14.98911889304577
2016-06-01,29.633685855313388,20.475398348625447,16.418642413161592,24.990954062504784,22.51933794626848,28.573348589641853,17.92973033832908,26.640486833088858,13.002596343695643
2016-07-01,29.118542244460798,19.5019915672853,15.771493252028108,24.571326662831154,21.815308344770017,27.635894539475828,16.78836527553392,26.046998464752505,11.854791985764848
2016-08-01,28.95863308192537,19.373742272500124,14.683252374102096,24.315364681188782,21.48153821357181,27.094457140152713,15.94052474933909,25.670836307244542,10.990853221730845
2016-09-01,29.20815576843205,19.44135487142455,14.819550787806804,24.127015298470837,21.4423658348299,26.94045066482488,15.9963319738481,25.669226483460648,10.880848596496719
2016-10-01,29.319770217450127,19.96669403290855,14.95692241736748,24.69903934968835,22.61378094159147,27.295685113141985,16.29736902144009,26.10817176854124,11.579512118715513
2016-11-01,29.56821968810084,20.82526671766277,15.519287525881566,25.077884546836174,23.391325829222012,27.870928811927286,17.1639908251139,26.502578595600255,12.36134986976981
2016-12-01,29.900379995515152,21.780965437379848,16.835050165267432,25.65044520598167,24.304632522629333,28.45690466927209,19.401109276826674,27.377786126121578,13.971710261612031
2017-01-01,29.87220755773211,23.624105430422446,18.23666310651697,26.556705626095606,25.82218984465601,29.06866020521744,20.605588243411262,27.977564078224418,15.872207639692249
2017-02-01,29.688454454870282,24.46092699345536,18.672207623300267,26.834321800419275,26.36252329307132,29.36067864976542,21.24524769337347,28.06844736963984,17.467879854543696
2017-03-01,29.915414368405038,24.209135579533893,19.002466578443773,26.67887660799829,26.217010700805076,29.285687518597513,21.282494943953566,27.71534343414055,17.100870278827813
2017-04-01,29.829994007074674,23.448298407684376,17.910873821443033,26.26468718154763,25.39955770807387,28.951952153399816,20.164084166535133,27.449149749994774,15.31449214100627
2017-05-01,29.922367188513306,22.200763828254935,17.18331086011176,25.66078509214225,24.293562680848765,28.53080990684083,18.565928801645043,27.02502772338937,14.352023186016481
2017-06-01,29.662133064460363,20.585723043101837,15.871214379676815,24.526482154476298,22.85234239840281,28.011831548758096,17.653122847428733,26.125134149374162,13.197358418033446
2017-07-01,29.343793229502467,19.194662391437078,14.903282494601967,23.67575495122685,21.63609550946063,27.38309795896606,16.510873829639024,25.446240928800876,12.45837296652428
2017-08-01,28.938543143190998,18.58182096189256,14.012824890733725,22.992888690591712,20.784871676203466,26.73598905888781,15.883630129870141,24.94812103104306,11.923502448194029
2017-09-01,28.975293763763318,18.178557395612017,13.856883068305024,22.70385002609015,20.58373652307091,26.697748548292225,15.605020695531039,24.79068931859115,11.717400994984189
2017-10-01,29.093988335611925,18.354861048357805,14.184658873409944,23.189554173654642,20.80771665655925,26.545283135917714,16.29136336622031,24.994307621762346,11.934924938371921
2017-11-01,29.391966340252736,19.63815298834413,15.89803240009445,23.61168968022912,21.59586847883412,27.385084478996987,17.733576908681755,25.543580410316906,12.644112589417034
2017-12-01,29.48682267173001,20.124850395924113,19.561175337145244,24.108816317971502,22.15209408749695,28.014314698796795,20.975080969165845,26.01835869771122,14.550675189110336
2018-01-01,29.735695812963513,22.61222761069564,20.241202342116765,24.78423848570327,24.084310579331202,28.40079247853896,22.246415252799636,26.709949562922986,16.96032275723684
2018-02-01,29.244655076867275,23.629123611267403,19.674297111343208,25.23267039602183,24.743708139231842,28.312976727850867,22.04999895836113,26.585240804549358,17.50228623633558
2018-03-01,29.296617059522987,23.868668351310134,18.612713805687576,25.311132989831947,24.923496599220528,28.24282805126569,21.5277810326715,26.44130611259311,17.716369604877002
2018-04-01,29.553828873668635,22.4963523893735,18.309775446804963,24.932849756098562,24.134194082680665,28.052127574919325,21.27056921852585,26.23086008283758,16.466164302181255
2018-05-01,29.684253450134406,21.42645516649293,16.995656905442672,24.770208750386246,23.25447771631991,27.80063157886582,19.529842799560413,25.907136930892648,14.804420096852425
2018-06-01,29.431718214427747,20.52075780880432,15.616585885760799,24.162253553314713,22.378918308571656,27.342846511669222,18.02450416202521,25.502872705831408,13.315709293767043
2018-07-01,29.075259013409777,19.149481086520836,14.745183436624984,23.35840168163128,21.397356456205728,26.670978075931203,16.81638806528059,24.63198987652214,12.0644647514182
2018-08-01,28.924569263708236,18.66883274695573,14.112286487878691,23.06117914084075,21.142223121366328,26.26463537156377,16.518645904663515,24.215774395450126,11.55679618087214
2018-09-01,28.94015785850496,18.72079472961144,13.818181666047565,23.08196393390307,21.080907981832638,26.25268411555294,16.114381679602275,24.49117290352524,11.490284843072857
2018-10-01,29.114230500401504,18.91305406543745,14.039020092334226,23.17861322164265,21.31057994517073,26.959886699496792,16.903684196142137,25.048205357594156,12.262959525162898
2018-11-01,29.7138717802481,20.793038597920145,15.14269260394093,23.944532845987396,22.63301240375796,27.42806416322452,17.793273339207417,25.440518326644565,13.004976637486095
2018-12-01,29.802207150762797,21.621832221278282,17.058011284629515,24.60496964554119,23.910757557261206,27.765297430659928,19.489832072915533,25.659797893451582,14.359105905493209
2019-01-01,29.919293813714376,21.737657502798015,20.131981758742995,25.264094497983137,23.99568628070142,28.007102888376664,22.270025975552187,26.332360401170774,17.272013628123204
2019-02-01,29.851739480997423,22.821551647136573,20.52268778751619,26.00971284192582,25.16326713571914,28.355461424998964,23.039338749626893,27.269550733415144,17.425775355575922
2019-03-01,29.864847038091796,22.695013307495174,20.043757816761968,26.30059978205759,24.95001726453063,29.015376511017166,22.39303535751435,27.934003050735214,16.96348189959525
2019-04-01,30.299917106261148,22.22062056804282,19.140344650876102,25.927538541680633,24.436301853795328,29.220560193224514,21.261752352911685,27.883589369603214,15.486361042426893
2019-05-01,30.26311511903475,21.359050757496505,17.944027997613148,25.251491077700166,23.679592500003594,28.32975044762162,20.41379423627103,26.92169633360413,14.352053216956335
2019-06-01,29.99239365135577,19.870334753667805,16.100903815426307,24.728701204361073,22.493358582967062,27.67739741377318,18.1320710282356,26.035423819303162,12.921312946429452
2019-07-01,29.560348404054366,18.762746179197222,15.151110062898908,23.436598556947274,21.529448999722717,27.15107858275485,16.945332974387725,25.137556158341795,12.074867240222773
2019-08-01,29.33701579663949,18.35540363565042,14.188712890088595,22.919858325344023,20.98951847479873,26.828431023509893,16.056035639218805,24.838098892417577,11.492085086336544
2019-09-01,29.192832668601852,18.321122332480684,13.893288718654901,22.603260407834853,20.63561443325193,26.814315192792947,15.892191175539722,24.613758011380014,11.417472838261176
2019-10-01,29.236692571186722,18.486479206593685,14.760908170937057,22.902717673759128,20.710226681327356,27.288707932245302,16.29650889821852,25.040257753756975,12.02193287503411
2019-11-01,29.86434290128045,19.76547429691317,15.911852511181166,23.905949928286418,21.978634898609073,28.023235266338872,18.23138598006568,25.653288116322415,12.651095615561815
2019-12-01,29.90114488850685,21.44223333136432,16.29096339329402,24.834065797926996,22.931453472004364,28.428561262640358,19.381826183498504,26.780033889623155,13.534847445806236
2020-01-01,29.622681823798473,22.9278884891188,18.381993210809583,25.28167470179028,24.15964501171527,28.735642341424125,21.24071705986273,26.915439265659813,16.112686948840462
2020-02-01,29.47265708375818,22.82738647880052,19.22679271783278,25.554049715261556,24.918022500203904,28.50307971851373,22.30108609626427,27.098964675806258,17.778495631941894
2020-03-01,29.652783875198168,23.144914569371338,18.23002640293703,26.20658450689325,24.93210249198762,28.8948919036676,21.280529450423614,27.550980963759457,17.128388425100468
2020-04-01,30.17034495248936,22.619585220751162,18.005232051355563,25.92401363730272,24.363562134100164,29.209506892490026,20.091983937094426,27.511168573198574,16.559848067213068
2020-05-01,30.073241560877534,21.988413175274047,17.0939167210783,25.807004050410455,23.60955429823406,28.635140331105845,18.858770863623818,27.052840564790586,14.319672822727455
2020-06-01,29.64210250212085,20.364844467523767,15.680091339209582,24.318894573958687,21.981130420903185,27.750528433521822,17.97027483037533,25.73903167628214,13.06606803701834
2020-07-01,29.46634536330339,19.159791377620593,14.683810541271953,23.655678409249674,21.509207937669544,26.73385592334563,16.772018977884954,24.9282183563231,12.135332028418645
2020-08-01,29.2070793076997,18.359659430738873,14.828494594773588,23.244445545773488,21.116424718599546,26.198330718606258,16.836107216348807,24.40628762640938,11.708077105326481
2020-09-01,29.0366628554209,17.807141132467393,14.54543820822505,22.821560275303852,20.814918687644763,26.1929900320676,16.560819101129198,24.08341884929996,11.746432945013169
2020-10-01,29.11822970437487,17.914925897156536,14.785283585506306,22.439458429311173,20.670720151101136,26.254650685741126,17.53136750028972,24.17566707133119,12.463541492066781
2020-11-01,29.399344023091203,18.993259061006256,15.67377961875485,23.195408333009482,21.58591961704292,26.966904063214088,18.811190201734007,25.0360031210123,13.07237975747313
2020-12-01,29.23038412168654,20.487194740954692,16.562275652003336,23.75957903827441,22.7861175373655,27.330070747842456,19.754549651243224,25.31032020231578,15.096499955622335
2021-01-01,29.303536018917725,22.087674420860708,17.739675562580373,24.509331302579653,23.911045814793454,27.40201259304115,21.100212936165065,25.673690967688742,16.784953442617905
2021-02-01,29.226968149783545,23.41097842120695,18.069181426992202,25.155141674656022,25.098111813507842,28.02300441443265,21.719620594746857,26.575607660662172,18.068125318452417
2021-03-01,29.35739755444655,23.462727739656202,17.77347103585339,25.73600137153585,25.16411859724417,28.55369895567287,21.534801600285107,27.04399179805523,17.886474649609966
2021-04-01,29.548553200147012,22.550778015554897,17.428651597614703,25.10550457328634,24.536790124614015,28.089011198169032,20.688330605650265,26.448346581618466,16.57214757185193
2021-05-01,29.498916098777272,21.34470206312443,16.93439280099699,24.89956340802894,23.415730909635954,27.68821800732195,19.51340985514338,26.25666288164814,14.923562141253058
2021-06-01,29.324130135443454,20.32291705088585,15.82495077995651,24.095864809255204,22.432493859099395,27.17547731125802,18.247135715945376,25.53428464043759,13.329894354722796
2021-07-01,28.986703456983264,19.382980450480375,15.06666484839343,22.98642278821478,21.248068131734442,26.232372385233134,16.99723125911396,24.555800078330037,12.31074961383365
2021-08-01,28.75911206666035,18.63103117015595,14.366464886518315,22.503253131264728,20.765954583324174,25.785110418635725,16.242113653170236,24.13177249960779,11.518668208997553
2021-09-01,28.65297315841235,18.174264226700416,14.471019631956665,22.239754050589283,20.092157334943636,25.847948876752696,16.41953988785349,23.952762102114832,11.696622497950727
2021-10-01,28.824590796126813,18.0570361787847,14.911944947315419,22.222328259682854,20.13440167653488,26.10035881776048,17.3784864419751,24.050452142044605,12.119593968133188
2021-11-01,29.261819731596347,19.030240198193326,15.334916417497936,22.791042708355178,21.47829979340679,27.100493604933547,18.64053614701396,24.708935816598398,13.146131468800775
2021-12-01,29.132974489742992,19.98020982972679,16.451223144046935,23.34866801735984,22.555530503983903,27.435280012044245,20.860476297634648,25.21375569861391,15.563563916360636
2022-01-01,29.173008783653188,21.368594881497017,19.04714306106399,24.21144498153012,23.440638670206056,27.59526461516174,21.636068686142664,25.714416923206898,18.34107243604251
2022-02-01,28.920589789775534,22.341637484138516,18.84841955892574,24.94310878485726,24.273169705679095,27.490884593836597,21.437345184004414,25.915649560473128,18.062056609808053
2022-03-01,29.041530102945558,22.15897244681952,19.270957914482267,24.989778698238183,24.188360938352446,27.484862669529377,21.284789768221515,26.28298694321353,17.521087076209483
2022-04-01,29.198601961958843,21.41175200569876,18.643172305454698,24.61290660201138,23.428092994565986,27.352882161796174,20.883328147740258,25.96834139816133,16.28458528512715
2022-05-01,29.125335216221004,20.73980561841819,17.672137010915606,24.052365814414372,22.609613115809793,26.99758862767021,19.841033415565732,25.29739866493196,14.837316143292128
2022-06-01,28.965252395054108,19.628258756710636,15.994529264329401,23.29510883278158,21.645101572603494,26.492750639915016,18.269812998407076,24.736857877334955,13.416643833813964
2022-07-01,28.363561791357768,18.53628314900152,15.226733915158945,22.432970002798015,20.695644840165244,26.006982079132626,17.19088489336366,24.017739749647887,12.624258960389056
2022-08-01,28.152292613579505,17.867347723874616,14.73945987329978,22.048068674161584,20.090943274315293,25.711907788078918,16.49234167372623,23.608750723782578,11.958334497415706
2022-09-01,28.086553273225718,17.595859303024156,14.421301539068395,21.853861615253777,19.78834157787753,25.49260937789097,16.522953122287902,23.32873124349686,11.565905763395222
2022-10-01,28.34649967248731,17.982266112737364,15.021486661687902,22.48014174320457,20.443225846287646,25.896580133500265,16.802470775547988,24.07996630082249,11.812302832965656
2022-11-01,28.91958613572433,19.486743535490973,16.112458615345815,23.28256315714151,21.9005315286347,26.949413233212454,18.117759409649807,25.0259102440815,12.749213889763837
2022-12-01,29.0932182865825,22.163488890049962,16.957535326458867,24.31983961906002,23.726178247773362,27.379478994153033,19.7180857942933,25.62358623157303,14.278782663797529
