,r300_cluster1,r300_cluster2,r300_cluster3,r300_cluster4,r300_cluster5,r300_cluster6,r300_cluster7,r300_cluster8,r300_cluster9
1980-01-01,38.177809864468614,62.92260993927239,35.32915927629968,19.723508228069896,58.28784891367032,55.63475786244662,56.93685844594032,23.044761030523144,44.19289528834248
1980-02-01,31.67871458665529,58.19984712204496,34.78159257285302,16.522850473399544,64.94013249542408,35.75613093196345,53.01263040457259,15.328307635225734,37.68565169648977
1980-03-01,39.32672214402187,57.40620133460888,59.83602858115343,29.411853620898434,54.49888288535638,40.956384951898826,50.51109799448145,33.31326638295588,60.51396830923024
1980-04-01,46.85250499079768,57.52679638239177,40.847197543771074,35.55894173221033,42.245448232929505,30.594988819417107,40.840678892539565,44.78446288760181,48.4495745425171
1980-05-01,49.09166168882062,51.177630082903136,28.702950299471958,14.860594409365042,38.19410649254738,58.42962957795561,47.63963212700225,41.76143837899005,41.116091907070775
1980-06-01,53.56671575925076,60.32003843509289,20.588859179052562,9.407742654208732,34.088985879505316,32.23605926694921,37.019119608068095,38.59826286890087,29.93986437065057
1980-07-01,55.64290617648601,57.52190739396814,17.40938704088461,22.166372777077463,29.014215895776456,22.950240587666283,47.823784024292344,39.69176661298631,32.205095673599544
1980-08-01,50.61050742576195,54.44510401269644,12.548102884987635,19.19712714112564,38.70093162579712,33.10792886916339,32.539176549214325,25.265991437659444,37.76387551126786
1980-09-01,55.043190263187284,55.80261313165795,20.031514498758646,12.880554097794537,33.4322317679309,32.693994515962636,49.380112005814844,35.35686354403359,24.52938384849906
1980-10-01,44.834982434646,60.28581551612747,26.623500556620954,17.54790837955415,48.85861990729422,40.754306763722084,50.768584718126014,26.939655141349085,29.263554305381632
1980-11-01,57.767986477957564,61.27013185208516,49.202478759756254,20.41611492141761,60.680193915633694,48.182309842025276,52.81870053043524,33.46971401251207,31.336485397001127
1980-12-01,45.74270461863347,70.35550200599921,50.43124451689548,24.16922836795825,52.01201744053614,46.98776700385147,47.990009630695795,18.656079088910488,34.59092202433142
1981-01-01,34.590906705709415,57.218339835806326,43.105172654640256,17.35889969604174,55.423756062828936,36.47555323309273,51.15911785882968,13.9198367407635,28.678453661838727
1981-02-01,28.94697409627122,49.43625072361998,42.17952767880154,31.330301430457737,70.34248454729247,41.15047731827455,53.18719766174837,34.055533665629724,34.512518752800545
1981-03-01,41.820944489963125,57.43182192032408,31.068452311166425,31.485409507490168,42.026087430554405,36.94087746419003,51.23750581173855,26.10165818855799,43.236931128678556
1981-04-01,47.87516298058388,56.55787963682951,39.244149016682385,26.72042266790243,52.655160279239276,47.159664431692335,48.388854246454734,29.86928341453934,59.00625229364254
1981-05-01,47.27474461787769,52.24487439805671,26.94557955391725,20.150845082625523,37.18104480927251,49.67641806870245,46.76939249593331,38.523646981434965,31.198542956419434
1981-06-01,46.93450754567751,58.153991784356805,19.782254921075335,12.071882446656673,21.691918880238084,29.28220768211551,61.64642526076448,43.003435098737256,22.317354674723695
1981-07-01,44.597879417479255,49.7281207610466,15.59600466998495,20.512763929034534,25.736403684578395,26.18171397025215,49.41290112062585,29.123763947512487,34.99952475810668
1981-08-01,40.86361076720381,58.31910683410101,15.554308950352578,27.165732953576185,30.911676405348697,17.754175118156645,44.03915677440544,25.881504788899058,22.524165444100277
1981-09-01,59.052951499630794,53.966073704481126,22.540843731953224,22.467459265400244,38.72045077809977,35.97186893993365,45.91713198664758,40.17646530766228,28.071363983991358
1981-10-01,47.931869159283906,60.99930769207003,22.564193334947355,17.215466420506374,36.44219665738683,48.78746532614023,43.38536789056981,32.79632293273202,20.40602288677566
1981-11-01,50.480311543214626,64.53010123053949,41.88265415501904,13.372788899186752,47.666684382422005,50.96564971973547,60.629049701734544,19.08176683125145,34.82273490686541
1981-12-01,42.14617110309564,51.09574036498847,28.399926254694467,24.81409436631027,71.826852166205,54.741614089643285,60.57567918060511,29.438983587933237,52.051406258962494
1982-01-01,34.04928275634788,58.560829332212535,37.19405723828878,24.8803750596404,70.00426956982254,49.89862442927047,54.586027416674966,8.891086900820696,30.265901896232794
1982-02-01,34.80531549625183,60.29327031280095,45.12114094519658,31.27930748376362,56.561364022211244,43.22301619394836,47.21068675186728,14.934523079159291,51.347955277469325
1982-03-01,33.224081063644206,59.340990776581506,24.07608491080641,24.096996454676095,44.24124752237219,52.13937678392197,60.598900569357866,14.130232930325299,43.19245316829267
1982-04-01,54.15653647719761,55.72490226742389,18.7516841255254,32.15598374599267,35.36671002013796,39.57475607883739,50.07235110141862,26.226756768788498,37.29539779704186
1982-05-01,53.06591903537873,54.960826626031604,17.244444386610503,22.555976529510172,43.48199762187291,51.88039535599742,53.747957081589945,41.38601749401153,25.258391429592375
1982-06-01,45.380122373121125,60.54903458013016,14.426211705096208,8.020844959782316,35.908801580452064,25.634799219246684,31.31791341090765,46.69594105661353,29.863756821815798
1982-07-01,49.962967641177194,48.362430244997554,15.06803524386573,12.58760442486171,34.58976573636432,13.908248849247116,35.23802359632452,45.68092688878503,46.20854122642013
1982-08-01,62.17209210047715,37.59620231270577,23.873403793300245,8.411729972115637,52.31310345607011,26.883057530237036,34.09914874557559,45.777441706645114,53.55975318676279
1982-09-01,57.10506416282302,37.649285462528816,16.68144128242671,13.533449639890478,54.06323881993287,28.808528146545605,42.19674196403619,37.44982150561799,50.501842040895966
1982-10-01,54.11793055005358,71.02732663913937,21.183857535599387,15.499134763640747,63.35600719956078,50.89272705322929,32.7575927773205,25.251957108401704,57.339916886282545
1982-11-01,60.20640697672688,54.62302476352133,42.653578768573894,13.369374449528344,75.35279905956857,42.565106852202156,55.56243565735943,41.07556149656161,67.14421380056888
1982-12-01,45.28199897496337,65.9474300591039,47.68521793967933,22.202088864023217,38.57904487458091,56.29273111250069,59.350642258367515,34.04123985485954,60.35439636411233
1983-01-01,43.32800252023061,59.99918274609924,50.88530559930204,33.303857496212494,73.16047242254307,39.02142760726272,53.78888415317898,28.882099301768502,70.24249595848161
1983-02-01,49.882251189780916,57.85869343200152,43.69274957823829,40.322038827263796,60.88705387414425,52.077132609020126,45.60447209718206,30.134717487821195,68.50034882615546
1983-03-01,45.449294620748965,62.02128924312427,54.53277617937886,46.687514896617145,70.90639959476752,49.547899719940546,56.54848360521078,42.61450608219804,57.5131435875732
1983-04-01,39.301386971961605,59.86000294764894,52.79062904705269,49.7526699981203,40.41642512736228,59.89999714260592,53.69929715647534,48.712820929238745,49.773466979497925
1983-05-01,48.41846365435536,54.65595829984636,19.048326645745625,54.81913461527085,45.3773050698264,51.09967448427147,54.227220529907505,40.92355151941682,58.87134644831232
1983-06-01,50.25179755118344,62.12527415001243,22.82057911408822,17.16859948276744,30.414676852520074,40.61639610214719,41.795424969479036,36.749757333706114,43.05764176232141
1983-07-01,35.186784194787236,46.1035996502452,14.260221625495667,25.908130964767274,13.90027387088282,22.489427179844405,44.68300584537318,25.970521908900167,39.28058999058398
1983-08-01,41.20511065191398,51.29164662006499,15.866388494968085,19.373079508796323,38.962236198726394,34.99801159459028,40.06607597953911,25.359410609957475,31.107376309175013
1983-09-01,52.61785412483853,67.2829255316649,17.451758383062874,24.26676920373271,43.77913703934537,41.3730862707333,48.938388188796125,30.787422749519152,35.06360207431973
1983-10-01,38.45830934226841,53.98885512796389,22.49582625103752,23.497280892760365,52.7826302080613,51.82596906469027,57.08120628203778,25.43140016088004,31.603304326641595
1983-11-01,52.20351426508419,70.10171639223304,48.877597012461514,16.909437099446194,63.299503713949434,58.99292880098155,61.210206969396665,33.5198261489802,33.96776113249841
1983-12-01,41.782626827092805,62.49002120802011,35.70670872922801,24.12758940528241,69.28583481511059,42.09458154775727,55.59982130083115,34.060547664798605,41.72663495415303
1984-01-01,36.02717057748845,55.4891271007246,45.850074409729096,29.28705641719766,53.534067196948094,45.536542552784255,52.5179613359593,14.26379173259432,16.496269876285375
1984-02-01,25.80701695791454,47.44399814320264,39.94221496918196,38.19562912735307,47.30775131531561,50.11640580344458,44.04767661430794,12.763435097790179,21.780348659036484
1984-03-01,33.46146224029057,60.43340957778156,37.63750959143031,40.33946475651522,69.12694211380202,39.91595052043265,53.45199079460651,19.23433865840058,46.39013713713671
1984-04-01,52.34888394713563,56.70385785538003,19.2458293547284,40.1309906945676,42.521055530754495,53.24351673265889,50.687657563742,23.709144114063683,46.84155735001542
1984-05-01,53.246799788752554,53.65061568827314,32.83604005444771,23.047608311190526,52.00088000120733,46.80216067689146,45.31165321036831,37.701529185256746,51.26219238013308
1984-06-01,50.01463106454102,60.17076509028849,32.18927800399604,18.58593507990208,58.271517140104265,36.994030597072296,53.83282530147146,41.488534389297385,39.395586129587016
1984-07-01,56.55447880311835,50.10327357906993,29.625211194844983,23.472764075319922,29.223036823371224,47.3898277176572,51.692272728402976,38.93267522038049,54.16113091083779
1984-08-01,54.91295075628669,56.55940338725884,22.18908914269757,14.199772138767884,38.68808754140257,36.01239682506697,55.856829383214894,33.802900074031555,33.31372471607572
1984-09-01,53.70971069795908,45.48893823942613,19.308207420508005,23.16087374642191,37.962532144702976,32.62428293640642,53.68344624920977,41.54927092703015,31.560572762059508
1984-10-01,51.36232559098981,55.295426791198466,20.452352469149673,19.884383764945916,42.85592725230815,58.20749754627783,49.446662360337264,23.216685700014185,22.653641579950925
1984-11-01,48.688276402701035,62.15044791476747,30.615052607084472,18.400442410610097,52.00744611339465,54.96383812573847,58.17959156948169,17.300618619232885,35.90569750202291
1984-12-01,39.911025936292155,64.3041327122106,44.27749054086437,16.85904757463517,51.50349700301733,41.127398218994415,56.67595187858389,21.668724751851933,44.064091894776254
1985-01-01,33.23382982008134,60.18012361017295,54.53001488487155,26.502588211512336,65.689143673925,40.47856853405665,56.99906646198497,15.855315962033217,37.993111298623546
1985-02-01,35.652023856403716,65.70226820058076,61.497497973244094,29.498261420687815,48.251569445926,45.19355473513569,51.900187856225166,12.664415418853416,29.693488754692133
1985-03-01,34.88095791537826,54.50868752905595,41.18565240763531,27.78551069211213,68.63559990814142,42.110931536865856,40.434273256593485,22.724365100487617,50.57625122982614
1985-04-01,36.94643029782729,57.19757492765322,38.69363290887433,30.55970751397179,44.70302555137695,52.63680191477926,57.517485264887185,25.91034394617151,26.223692020077596
1985-05-01,47.83486572460586,56.392057104156414,32.781033650457886,16.19163195758687,40.575361918142825,49.06200896691871,55.97043168534037,34.808773018771625,24.056504556046484
1985-06-01,50.09720600689118,46.630690403940584,24.798040312096493,17.084099770178028,26.473058026536894,42.29303434421442,40.20295347428585,40.434273256593485,25.449344947388205
1985-07-01,41.89929854454185,56.37893257750066,25.519889278162875,19.843531499549968,38.527935759845455,35.492888970702715,56.05081941110686,31.379990429956315,17.771496853773066
1985-08-01,35.54702764315769,54.23143190345318,13.67008227385044,18.698416548835574,28.57790398895318,32.229803530916286,42.41443621578013,24.21892057341142,20.512882358993345
1985-09-01,50.079159782739524,50.69109083806398,15.62071504806164,16.751064906288313,26.724064598828157,25.291850627519178,41.966561743652576,27.362244707464114,20.941070041137266
1985-10-01,50.358055974174256,54.14284134852685,29.207881268429293,13.00073141440707,38.63949423641935,46.57327059982167,57.44201923661661,52.280799129241984,24.240247929227017
1985-11-01,49.29332874922635,55.66200530893019,22.384767973270023,18.058595874367647,58.00145218531805,48.092434560225,59.36476239168433,25.66261850554418,33.89497785036487
1985-12-01,57.15163908435809,62.52777331572065,50.11853336270678,41.664697630570274,55.52255721321282,53.97386306783404,60.08661135775071,25.47395343486774,37.46977079822542
1986-01-01,28.65238732290172,55.62276783776505,40.047098351105554,24.537038255712513,64.99670961496167,47.24608880781875,58.56862950562947,27.327077619319066,38.831684377894234
1986-02-01,40.424352350887744,54.820693029532485,53.9677709430684,25.580227576849357,61.50793023436724,51.59599144878558,54.13835536036122,22.309599422215925,31.64417556465266
1986-03-01,29.777588383121646,58.36688062748508,28.785246340216318,23.680835699685108,45.482836417532425,40.66218639422869,43.12089833193958,23.141198456518406,19.9509418061864
1986-04-01,47.572495529369434,62.90212979877968,38.55776516935673,46.83603011240333,52.74251556116711,35.239570206055106,49.32590651096579,27.914281671153955,47.06238251227264
1986-05-01,60.81739139128766,57.966663340759624,25.440807620408112,22.722938587194673,51.39096210107787,43.75074848809767,50.848044388347844,48.30568047677221,39.44349195145405
1986-06-01,57.2137955759769,61.35866886923602,16.217767443124373,13.385081975194616,31.50639584299308,42.65343141916599,39.39756537756752,35.53809293631754,33.41070842450232
1986-07-01,49.02902401548502,57.128503367330495,12.886450601569457,18.404200407079415,23.0001382652955,32.40196403378037,42.62226695831442,33.7453163199613,19.716388232408775
1986-08-01,57.599250749667405,50.8414834492212,19.350615876098217,21.11058779682122,22.063564204966667,22.47854360472708,46.8671945732549,52.45219400481299,26.237961724295698
1986-09-01,50.76603264926476,50.75455100579313,19.48347489341282,11.316745915519213,27.827349227725886,42.100672297746,39.555027916607045,41.87267966309503,38.94486057782889
1986-10-01,59.26900975739902,51.12524406644867,20.958045962126683,14.45287481805638,36.97329837027152,46.81634729502339,63.30070685072347,48.21546756378082,35.28385654515998
1986-11-01,44.25594080084947,63.030068111749294,34.084844919765274,15.566594234804676,54.133434656016234,52.24224395276029,57.29744754984165,38.97766527346212,55.60636548994844
1986-12-01,46.15533267801372,54.95191181206542,33.208959546357924,19.404743623893054,75.58114466102462,39.894556516411015,56.57246377634718,33.9765894241756,71.91029921966575
1987-01-01,35.85692900940672,62.97862409582878,41.707619852547694,28.314646332705212,47.88442004251943,51.841106354066994,44.97674557077721,23.175612832648106,70.40042302370118
1987-02-01,54.29897483018059,58.80667348637322,44.0176949300976,25.384481561181563,61.36896121147203,38.68267453194515,46.10768635978634,32.619932290864966,69.33374023406758
1987-03-01,52.522241147447495,54.016239632928304,42.208832247676746,46.30367325788167,62.25893450282297,46.95910485151197,43.66588238351663,24.28727622184458,68.28633484424662
1987-04-01,44.84019732210423,59.3432277811588,26.746751147942557,26.472048200612214,50.75353971463635,42.47068359513198,51.92464175325517,32.54764204156751,58.22031924207162
1987-05-01,54.30379418013375,58.21871279208723,18.46550147842259,29.78776096838898,54.84998717482566,36.74850875074205,55.086135322530694,34.01593732729811,66.26863366385533
1987-06-01,63.44931394125445,56.119082662492154,33.800673029390126,14.759421364439547,44.36308167674101,41.783123001813934,48.636238635213004,35.43925201346585,46.36150545731964
1987-07-01,37.53245634312337,49.03303178135683,12.822042683267654,20.418944659438353,56.59780475783977,21.673582097245358,36.09307715711175,31.508268901668494,54.441948878791116
1987-08-01,71.11047391680066,37.77342384078157,16.576316296782338,9.053311019893485,35.402303663824924,32.04803609642285,40.34374381580231,50.774423564433384,47.635420294939294
1987-09-01,61.619567409036556,61.77860595749097,18.345017729593486,10.767393153235446,55.53112196820616,42.906031540901125,32.40788089292575,44.83537797215107,39.257783626356044
1987-10-01,47.535820395907244,49.97923082216134,33.691434430451736,10.836470502564126,48.02739409112996,52.33268004928971,50.04027592156808,42.88836059107285,47.306098048139766
1987-11-01,50.44028196768069,55.45401236895554,38.84010663041518,14.092744620918538,51.03788136187301,53.19052434095289,63.04609499517307,25.530668509760865,41.07307210871445
1987-12-01,40.52205976406938,62.94006929620346,30.6793407097243,15.241356359755933,61.45892241059776,48.67318698485393,61.32076771194039,24.478443769986747,69.37872083363044
1988-01-01,41.75272168570785,52.388995773472146,35.88330937330507,22.053384468498077,63.92261896893177,39.806565272466635,59.85279062023739,18.268558105006385,64.71573877918154
1988-02-01,51.06007223104133,59.78764730933392,49.382631975276944,27.315335406725985,64.0789629151001,36.96631691707528,51.97859291478028,30.538300713675238,53.30263070889333
1988-03-01,44.29005364539806,59.87396219628102,35.7562799170433,32.429085312648496,58.59063897148263,53.04205746527945,49.73766301970086,22.06804171345136,57.530431586528636
1988-04-01,43.17447444617611,63.82327541980398,31.087133108036983,35.82142322794677,54.17392249222727,43.38293304106722,41.78855050670475,34.42572779183989,57.999463425033625
1988-05-01,66.2612638303664,55.97024929039049,29.155633939749055,19.708225275973106,51.31087397801969,42.55724157536572,49.468946862224044,46.9234719886709,42.66798520390162
1988-06-01,51.63496194976447,57.105371482883484,15.087935950144391,23.027276966504978,48.260538444964645,37.730122237418485,55.31881618135578,31.18484807439219,38.062353123026185
1988-07-01,48.33708183527622,49.61551931175685,16.354973347216912,18.108956993292885,60.17525000920958,37.82458003822852,44.42196884997759,35.1276469668248,25.52878010519828
1988-08-01,46.90881474371761,47.57327651493302,18.34184432977279,21.87424036351353,36.06896780937996,31.347706351650867,41.39606205851134,32.54145752395698,27.0303334215233
1988-09-01,37.927180752901485,51.766877154343995,20.159342703979647,19.929712533044906,39.243075633151605,53.17885841817674,62.45038014251331,19.86131205659626,19.867826387686613
1988-10-01,53.900320586432684,70.93692497046305,29.09211921161817,14.646590018773374,49.45428961727076,51.89390661060577,68.34096403095973,34.35569873261866,31.30210603401844
1988-11-01,41.06708833844881,60.473280656592955,39.15513216343192,19.82874040114453,48.92011446786229,41.61592073281056,62.131177919086305,26.237213611273532,33.42577796947161
1988-12-01,41.181089132529884,60.16710709534664,51.47536083805096,33.3280630031164,53.175601252631566,49.49500418658543,60.62636743721612,22.758560809028157,33.57235041900442
1989-01-01,36.16602622039071,53.261586338228426,41.49618229292675,32.08092950525622,58.6487059107763,45.45921436517873,45.58616159377654,19.570117374085385,37.678000263562
1989-02-01,42.560585978862186,59.31436509662889,54.83052388141155,41.497809821498514,71.8414525135174,35.04465903444344,61.343893225622,32.06465421953855,43.33854463616669
1989-03-01,29.330406218970452,55.152774538621365,41.502692407213814,34.808667391537256,50.76984009485356,52.50804060950043,52.21183040943889,22.659166603298633,35.92189693462571
1989-04-01,32.748216219680586,66.12231711232911,32.194856505279894,37.20276192060612,50.03907976613031,51.08720816634808,56.189510238836775,21.046285788677807,45.3973682794516
1989-05-01,54.408993981323974,58.29715973927468,22.20345860320395,22.236009174639282,52.60406479523467,52.392486080904995,50.392253466203684,30.248332333446886,36.27344310612732
1989-06-01,42.14556619306167,58.380163696434785,17.678929173692445,20.435962574265282,33.9949031056539,43.82843073626847,49.95933086611373,35.35226193450735,28.099994618714806
1989-07-01,48.12998875144793,50.496415294796755,13.71101451572516,20.706132317178557,18.56104965959001,23.090461674816815,42.62405959316109,35.43363836309568,16.643821002048803
1989-08-01,54.27879169558263,58.248333882121685,15.804016259017175,21.41085218875355,16.077441059073983,22.07976643174968,49.44991442315075,33.278790534076535,27.0193156470617
1989-09-01,47.547333522755444,46.78565015116862,11.043495186599493,23.13766000339805,31.30622590509526,29.205086518944416,45.12882606511008,21.37504656017468,19.843542174142193
1989-10-01,46.3803955367987,57.41503925337712,29.472001204714157,13.8314516300359,44.043264507741675,52.5829069238017,56.42224682459941,32.75798139111119,29.494786604718893
1989-11-01,52.4217815951968,67.65544902693337,40.208807192659265,17.97025678803869,47.19904240839736,46.95654065120412,49.38969586599538,28.08697439014067,38.54710052088544
1989-12-01,31.85307550520888,56.111388867391966,47.36993290843287,35.72008339172663,56.18137259597794,46.25182077962913,51.632430237889935,15.776348273297138,55.759842695890356
1990-01-01,25.882107426530172,54.62854482067056,43.670030611139616,38.2776157990035,53.16205704891067,47.93349561909409,60.61738594444981,23.765121726961695,64.03864456728184
1990-02-01,63.7322387423443,56.17040514829745,48.71343771893511,30.35530476385366,48.95102512329844,38.81997049448118,41.68412761742677,35.75263517745937,67.8105494282777
1990-03-01,39.712971428122685,57.591013973007875,48.38573095429602,26.027936936794564,66.61605827116823,39.377071994367626,55.48713654402496,30.106247622727956,57.85154085089595
1990-04-01,46.95529092664643,58.45124423018547,38.31038647546741,25.215224160489637,37.09459437865641,63.791225959979336,56.13435740418715,22.78691703451403,49.801424177536866
1990-05-01,50.46503037593101,65.64768478165973,21.549823998001493,18.053192819302474,34.807201161475604,52.65575009754328,60.02095963280668,32.70823933396228,38.01217331964584
1990-06-01,44.187807299269366,64.3384962569266,17.394502222377916,27.704157037923476,32.60665023692417,24.091189957777583,41.36625205572686,29.626157212531698,34.98088574673432
1990-07-01,49.90956740986776,65.09386034941969,14.72205355674619,21.71859298179062,27.404305348278715,30.293040478572234,52.226454235866086,27.899142562883732,19.396790554322713
1990-08-01,51.403910256621984,60.80254026647089,18.980602963231078,19.368935479328393,19.914567242452463,12.156109589622169,48.536476066030005,37.40263873741715,32.56568689134428
1990-09-01,49.99968677014351,55.05128654705498,14.533622167078718,14.269818221544256,34.21896751894845,34.93500679968485,33.96335624252997,37.110979716888366,27.242090499782368
1990-10-01,40.08000300451846,59.919370535768564,24.16000837835179,14.376322920051955,41.028714088148604,45.475694884300964,46.775052206094934,19.41317589255467,28.72496360977422
1990-11-01,37.69593629176913,54.99066079559675,38.77081447978532,16.74236576074614,66.22117161977813,41.70379002330512,52.919554043077746,23.353849737339644,42.906473849530556
1990-12-01,40.34380695005292,54.284452717799525,49.12634824238035,26.301572085268198,64.67275715685847,41.96759396883958,54.92511944266894,31.007441225485437,54.2926453869155
1991-01-01,41.4100515017561,58.13633942175855,48.23936172670635,20.513318283871897,63.185380507692074,49.35697513064462,55.94561934235742,17.806649833626103,42.05622326332513
1991-02-01,33.891711184112346,64.92938490498808,40.55288487926657,25.51620424397906,64.34585224275483,24.78596421751202,54.18677936890294,28.493209859779242,47.27175248170374
1991-03-01,33.011466998709636,59.1616425740441,24.721676720825304,18.68524562167788,48.66299984589829,30.454802707399516,47.33768837574139,17.043441860140234,45.834349991682835
1991-04-01,52.2581544683015,49.09817674654682,24.477713912885978,20.345181754075874,49.65038985911219,46.88932429628534,55.62912705097667,29.470709488887497,40.02539772696532
1991-05-01,61.09521266669837,48.38606909094013,16.61815534359735,16.91816366146869,46.67503264066295,52.16914101135066,53.758196057658175,54.429093779491325,22.903494442736935
1991-06-01,64.45794326261884,62.29359754083278,23.22493192617051,18.330840191225477,40.69464705144753,60.65179377929513,48.992679316086566,40.37650636271584,28.981135475657897
1991-07-01,51.203180163698995,45.78324967380365,21.873246098398553,18.696784403134465,48.10089634922727,37.514888561481555,44.94421542217448,35.83022646881944,26.89591282671702
1991-08-01,43.139220322893635,45.323346812891,23.882642469196128,21.027618257365617,27.43329036312392,18.75612670776836,42.58700721032827,30.6971171179879,46.139303501606996
1991-09-01,58.891305408489714,50.080621567707894,19.81934299912556,11.625159767595832,30.535574177595645,23.701318760592574,47.670664640631564,33.822478495372806,19.415485648144916
1991-10-01,56.9956484549071,54.02523642851068,33.35763044240733,10.703705648419586,52.48398490538047,50.49107250809231,49.093231554494,28.986080667710723,38.77920932965362
1991-11-01,64.63432177916957,64.6672897261884,53.8389675278543,27.937699952511988,49.60753152798772,54.8461383092795,62.565583103738106,38.03578212437904,52.61585669345578
1991-12-01,44.301340455307326,56.92476736881662,51.11911189880098,33.22575865433202,38.96053303825717,54.65986940862312,57.97149968666441,36.4813434224413,77.52314066618042
1992-01-01,37.57534496711047,62.45240387922222,51.60967872947931,26.969035270154667,60.87360205410285,36.50661757779889,55.414995948997806,21.537956991744018,71.33093763012431
1992-02-01,43.68166464149525,58.140250791742325,51.69226220956248,24.3603688698805,62.18198346404793,61.135926049661144,63.454740627682625,22.473903099353247,60.133589301200736
1992-03-01,53.09456208705313,58.00585022611678,30.1655017345502,39.458572169791324,52.942349398272384,42.93355546897715,43.61041614887448,31.833364175445542,63.147076682274744
1992-04-01,45.37219705731538,67.95149208240724,34.41774131687172,37.00373774222109,53.60139795501453,52.131088152749506,46.75992337949723,36.44832335656372,58.63737095616453
1992-05-01,42.2923190353902,50.22357169122066,22.480380235046045,42.896311938743565,63.79964810332409,47.38982482562178,48.07802049298151,32.53613339811406,63.23451801412751
1992-06-01,48.71763764264526,50.612199832788505,24.805671948760324,22.658501466597972,49.8754256477328,44.0605770795239,49.28762558361143,43.57641118648729,44.828117659120394
1992-07-01,48.672297692795674,65.90957505525284,16.68496307391554,24.200059761483764,47.54689536617212,35.12860695915624,44.99976175497953,39.377607973631356,44.98842676751713
1992-08-01,54.09042169982073,66.2771525058191,17.460600073128028,19.688734751450347,42.15467990191826,24.721469184753957,41.16691670876665,38.96145200536912,44.92689397843556
1992-09-01,50.16203890213909,68.64616488545977,12.319373616970068,21.27563299618572,45.356004218083385,25.720567365367963,39.42942505917374,28.747009017827562,29.551793127657643
1992-10-01,47.99219844505195,55.372894566994624,43.87921728012557,17.36182375381287,48.57675994132691,44.01361784575112,52.00964185850955,28.67899909305319,29.953375540611084
1992-11-01,59.226790304209096,64.69187354500693,30.811596019906744,11.051474305104968,53.11075492628512,46.677339899414065,56.17605939290151,36.7365558948932,43.61203543279768
1992-12-01,44.246794730691825,59.515022842538585,39.67069836373044,23.39851421950008,54.375415670303816,54.631262530169316,65.7897480449361,31.61314156189043,69.582110993069
1993-01-01,42.441149635486155,55.3293222241921,44.85807977897311,15.412583244825917,55.33727788628389,42.67663723340325,54.198027074739024,30.94840017768084,51.00621544351135
1993-02-01,45.029922080155856,59.986566812728185,51.453323653070164,23.342787217925974,63.73686592279978,39.916022487550805,47.173177447685106,23.166171519488152,70.32733639964175
1993-03-01,49.89560501549694,52.436643487615875,38.7433578952204,42.297947717833864,72.77131579424082,31.936493409481628,44.148434720385104,28.736726116162163,45.900271512998096
1993-04-01,52.89807188893992,55.68255362106775,31.912626423206248,35.155354291821396,48.659295126432184,44.226400208884684,44.58122273817868,35.90955105812345,62.98903368617117
1993-05-01,51.45650591790688,55.322957694518664,18.774646044817977,18.96239967018431,56.39378981207411,46.2821432934042,47.03634005970625,36.14981205329562,62.72490570472361
1993-06-01,45.631370134295466,36.73216651841493,20.383280919778684,18.905118903123395,38.67653033364933,32.4663405047951,53.924352298781315,40.351992770181106,52.46846613598305
1993-07-01,55.00314007842856,61.11945309459962,18.233661022576,10.473708218240333,52.78032808998137,50.08654090569999,52.08818548799531,35.49426549693182,50.866195790695784
1993-08-01,50.03562466831251,51.88133827360867,14.286061492627915,15.918563353864002,47.73325605894738,37.028117148229654,27.44631772487321,33.774251352685994,35.67088119536963
1993-09-01,42.18338618371203,56.93159256947937,18.22252309564749,26.598244145887993,41.13005652275854,37.699575028777055,36.485540993569316,32.595222230682154,40.75454927202587
1993-10-01,63.16883164944571,48.50495528185138,18.045907397209668,9.612905579908244,48.72930495283997,50.82800861265517,47.17795084494018,25.155087042436598,44.17071057424212
1993-11-01,43.8127057801114,62.96516669989578,44.867626573483264,14.15717976674086,48.29333467020967,50.180417718383154,63.666856096391996,26.92442629165154,30.19261227896043
1993-12-01,47.74280285345754,59.56491672186311,40.08786478873355,25.199638750150644,57.88468088807627,41.98449463141719,59.0255228320395,14.324248670668531,43.106242986360115
1994-01-01,43.374565230336266,57.23104775203785,30.395095680339825,30.03397269199065,73.0221177113243,34.248148993529675,51.18223769718918,18.92621648785756,53.510191247082965
1994-02-01,28.062305661852076,54.23243722378131,31.61872223461225,24.046424572665497,46.49731178583784,52.839534268720215,49.434660378570854,21.463750343489707,31.136687531414022
1994-03-01,41.13044380273783,43.94849283681978,32.8391244764887,30.97869622401126,51.764226084662624,24.70579645764234,39.889083530287536,27.125642910821405,33.859619349814714
1994-04-01,47.20988482534826,52.35266309692802,38.286600269488076,31.900849569260043,48.74949399442622,34.03212006299937,46.96967355184814,36.70185072686648,46.018501395035585
1994-05-01,63.858621881964,51.991540108578846,19.893510206649992,18.85528161514611,39.70690987991497,39.01368271478039,48.51089487712408,42.0155175554329,30.00817819282285
1994-06-01,49.739357899990466,60.64720673557312,18.428060222679456,14.429912851670743,41.939746214127496,44.24674173344744,52.42198581344148,39.848779625337855,29.930794695319456
1994-07-01,48.921994707610864,54.6306398046842,15.371412071295374,19.896734519045964,38.54615741736405,22.35527272097673,33.65003904407635,34.261046243113576,25.85848813920332
1994-08-01,45.207586827447926,53.73266880240522,18.5634813433104,15.463304974580652,51.26768197568251,18.042754891360474,42.200915518201455,35.068736498305256,36.242386210440074
1994-09-01,60.49405189676432,54.60806961791238,22.655133773802383,9.57087407093676,30.79168610504472,32.471552863347576,30.65626498441378,43.10533514527238,35.63943979239279
1994-10-01,55.21101603595966,45.38653616542453,30.29997846465857,9.453186668483681,51.907707986283505,49.14124795053715,51.978642858994945,38.5139142934043,37.7981169414979
1994-11-01,46.73429874694198,59.32846296561944,36.75343972520207,14.163907079002819,66.3510153640525,53.29093800415668,54.063160822992636,25.990684947438286,67.75520341249951
1994-12-01,41.427080543167506,58.79322710788763,30.333833744816303,27.34489615374769,57.93556001055834,43.35521935596042,50.99683973442063,28.945767258349164,66.10274330956244
1995-01-01,45.43047471014104,63.644608034739306,48.39451779779113,27.771797586107304,64.79899092112991,52.48718348426941,47.13709376115087,30.953193100065242,58.44908003699524
1995-02-01,34.84943659388013,60.28611054378978,28.137271665899032,16.36643026784919,61.60149522744547,52.75766650367474,53.06678995442369,17.536913333966304,52.0460385597631
1995-03-01,43.33906136366768,62.98933071987044,28.987361155458643,32.856234343738464,60.69022505492513,37.15498233071604,50.279848843765194,20.65712816496351,40.362138132236396
1995-04-01,49.4716198214945,52.76893662948329,25.38575095063885,21.70041981124122,44.43387358507022,40.21079644280722,46.07609191717401,27.993980066333112,35.87018798854072
1995-05-01,60.645144551690905,52.12492944042298,26.35820180611992,17.24228004497121,30.455697546516152,51.14120845913336,48.50560903790403,38.22725430050146,37.2741236606922
1995-06-01,56.49290820022455,58.53280097157308,23.353908269153568,20.190222952894786,34.78020582105614,36.43047424302319,45.243712625313556,31.59076021723495,25.45015166954488
1995-07-01,45.35802390137176,53.62063613701556,23.909364469718085,30.333336180594692,45.303283290301636,33.79809485773917,49.432979390150884,30.578058912437612,26.161779613456524
1995-08-01,38.12904320416976,58.09487608301207,19.23387227714022,27.011869103016135,43.99916873245451,27.668756435857656,37.272513642719545,20.71186877603364,20.68771850644388
1995-09-01,48.87108311769576,61.49845407719582,14.407038395133192,14.247646615840765,48.52331923560319,50.582532222623534,40.08360502296781,31.307397054048415,20.534766799042053
1995-10-01,47.62492920686406,56.628149709927214,25.314910159842217,12.758379991138796,53.57716565175399,54.64460756762145,62.981280630007184,29.39308568456664,19.613836518685808
1995-11-01,48.41866806738089,58.21723744893353,47.62975926078201,24.957486169913743,41.09630632776515,69.21366020213836,56.12260406651487,26.757486263337313,28.80381910657645
1995-12-01,45.97144074895171,57.47662918151417,45.91992017382688,23.209006651614995,69.78038652851143,46.25319389416559,65.43333800235432,26.498273369740538,21.54263804992144
1996-01-01,16.203246387108827,49.97640303548714,42.89867925821099,27.193871213917827,60.07707261740857,53.855447092007964,56.114192197238914,7.360122259919834,17.663933799913423
1996-02-01,25.881509675261157,55.38546072859909,47.96271807015276,24.991554430373586,54.33589394522625,43.83538939821041,63.24028310738939,19.964597086968794,24.949636248549172
1996-03-01,27.329299185965937,60.3898467433292,34.403798487717125,22.068567367001908,59.30803520470681,36.69317611043516,54.252057581577425,20.04520897509267,40.24332366341058
1996-04-01,45.200954783028834,62.60506142897326,42.96316876871009,36.83666527129565,52.46569814075237,44.12075548216892,52.00137366515886,20.685267366796225,43.425881006541125
1996-05-01,58.15850968006036,59.5950135264278,25.534878556328497,23.485724360219617,37.65890653015917,45.72815653135897,60.671988351762764,36.14985198448024,32.18535932654811
1996-06-01,46.352092545437756,56.04809044897734,15.776003380052295,22.64574848596885,39.90314149552783,45.69268730058447,43.69028799958743,41.42509394330657,35.100285201107404
1996-07-01,44.670528559173746,39.870896740278276,18.855377506384286,30.519917717908875,35.07771387243272,39.377551984960164,59.89327751248614,40.172385201861566,25.70738799691359
1996-08-01,37.34774464200102,59.14681142845906,18.92147925464586,27.866174360870936,25.973407227722372,31.751667368441673,49.281528559859346,19.693741142872575,31.764565270541492
1996-09-01,48.9268362521143,61.129863876306366,24.80292261216372,17.05934463898437,31.203506529199327,41.63468485242864,52.16420967916908,34.887469816460374,23.002053031476372
1996-10-01,61.07988450566956,54.729279959270755,22.69572785660565,14.719987645629544,39.440429257696785,46.493969468535774,53.649080658410846,33.82984184427515,20.64496142273429
1996-11-01,51.14849988880827,64.1125037368897,36.63191107546101,14.237928554648775,50.21823869985876,59.08232191795996,54.9195240152431,25.689653381526334,30.236163871712836
1996-12-01,46.38917401397474,63.96417786274178,43.64353310447559,20.596594289859965,52.14969953930679,52.59628939951305,61.54098450573812,16.409612820705945,36.02893415229443
1997-01-01,24.940625436484307,51.50878402826731,37.83135282821414,20.92134413484081,65.10869933945004,45.89630381920172,49.83147213504965,19.880652094899467,42.03700211799294
1997-02-01,27.477209204201873,51.475798543641595,63.68702495208168,25.895555216398787,56.99591939575518,37.897323797465575,63.7200104367074,19.545849425948447,27.14405580948214
1997-03-01,46.82649448564692,60.00584486785176,48.73470477124459,39.304154716752365,69.91303517518558,28.73230689421037,56.867276005714885,27.444223719576158,69.51061226275185
1997-04-01,54.060211264066446,58.29554749000839,34.77524767764155,27.653681546949453,45.02878557354539,44.86880597311067,54.347184980310175,26.90161249748313,47.44992014507295
1997-05-01,51.19872047278558,56.06737800354127,26.73998362281712,29.81752933839643,54.43624578879961,50.56374989374054,58.60231249702755,46.188225358139306,66.97732704349686
1997-06-01,41.80775299984422,39.808832631525824,22.710806675785904,19.202800385841,39.0913983409165,41.94629203527222,41.72364001404864,38.13317001253945,52.333421143910215
1997-07-01,46.71434383791948,60.90305004967124,13.74370268028499,22.973041278560345,23.406800401388512,27.52503815690916,41.17278242079918,39.63565883724081,48.34217750419857
1997-08-01,75.03073311486543,44.40700918835064,12.516642652208354,9.213146366942894,35.510823984795024,24.94887180764074,46.61703665827362,49.73086640694122,57.19713085197205
1997-09-01,34.659798481451546,44.00293700168562,12.373155794086486,19.354533615119294,54.20204884795702,35.82583536297061,42.038651392224224,25.087410843068746,47.634638858976956
1997-10-01,46.17832971275159,59.36097864341902,14.177461803113161,21.590949472742842,66.8783705896197,46.772068436014486,44.80613355232181,26.609690958545542,63.32913244389266
1997-11-01,39.06006213052207,57.17074246427147,19.090649738113562,22.376004006834883,47.26685070540022,53.56707826891199,56.98767302459875,32.23371608723013,63.81731761635326
1997-12-01,33.00722570170317,61.749127730320865,29.41180787750012,32.080333583720545,48.8963336459106,44.69233363036309,46.450459960913754,27.33042379761744,60.6869951253728
1998-01-01,51.079310720249175,53.767126228474176,62.84490509614251,35.88084564608198,77.4139554753904,46.73122810337873,50.32764750190721,29.677559085919178,69.28277666071094
1998-02-01,42.73171897897017,63.07288207225503,34.788868970644536,49.63710854527657,42.416185627973874,49.34800730745274,50.34416757264,26.157132012761537,62.00733750999004
1998-03-01,48.487311622274355,58.08382071095232,42.35506136626255,37.516332648628236,67.60929349547928,35.84119747632329,53.39707664405967,38.01854279890506,62.70283248784052
1998-04-01,49.63710854527657,46.33474640579176,35.22169482384365,47.8925890758939,49.40913156916406,55.970903664228416,54.22142817362591,32.17043775949725,52.078774999583
1998-05-01,53.740694115301714,49.437215689409804,25.385644709540223,30.592771004515768,35.053190102369186,57.77324338117585,44.25321749346017,42.64416260408638,57.0364482264934
1998-06-01,45.05774493814707,55.78092285080133,29.20508506296137,19.055153604734933,38.056538961590476,54.16856394728099,54.148739862401634,36.553212524906556,50.32764750190721
1998-07-01,32.667691888554245,59.25013770468732,25.03046318878523,24.847090403651258,23.15047913939368,37.84343004913748,58.64880713001375,24.865262481457325,32.85767270198133
1998-08-01,47.47793530050086,59.745739826671034,22.919198149134616,24.53486106680152,47.04180543315519,42.677202745551966,39.540041313395065,37.97228660085325,21.257279033415898
1998-09-01,41.307688881803635,51.185039172939035,18.052385311254554,30.84552808672746,39.794450402680035,44.14418502662375,44.2036572812618,24.660413604370724,31.321306123831825
1998-10-01,45.346846175970896,71.11980852619723,28.917635832210816,16.038588688927405,54.36680479607447,42.01474790916707,65.83008187755775,29.17039291442251,26.86253903305169
1998-11-01,47.66296009270811,62.62023213417657,33.125297847852536,21.50838410855431,39.33519243630846,52.28197186959632,61.67858810240751,28.82677544318047,29.718859262751153
1998-12-01,43.090204513871726,64.24580709428315,31.688051694099773,23.902142357735645,52.632197369131475,44.90080426618555,55.88995531763774,19.11462585937298,29.791547573975432
1999-01-01,36.000396805939,58.80933744803001,53.50580846456032,37.69182793898135,62.56061404609393,37.356161547622506,66.19072326386248,19.942444122738237,27.042197649235483
1999-02-01,38.78888394976391,47.91573500066235,52.973654429479225,45.0191796527902,74.82308041139326,46.49774917180012,50.65182543949466,25.14281709325375,39.84664243180201
1999-03-01,32.072281328525044,65.50465390786563,30.752539321523944,44.49521260286421,43.7256359982854,54.16895426212291,53.808726915298784,15.585330623197379,37.74749943803599
1999-04-01,50.38820451750064,63.35966379723108,27.523592376354994,43.213130727576534,47.4572638319771,41.13199910115172,52.561030377662505,32.31789088317785,37.41838263480122
1999-05-01,50.56668079388169,53.85457403216731,16.46625022588546,27.06020901657669,48.71642214883051,51.23473878253733,52.344893969568034,31.422234707210606,35.11129021809582
1999-06-01,59.45610927528241,56.885395936582995,15.118672469357037,24.073596831998515,42.43536713784263,40.62440602153591,55.1644916569823,39.280103059069525,24.75475399690231
1999-07-01,57.956253594869246,62.478744194543,12.913098668574797,22.598302107050632,27.201025161244303,37.429844414018355,58.86173415302261,28.533866344493553,36.013495982187145
1999-08-01,47.24276482091365,42.618755605316736,14.183718764645342,23.4955956800489,28.88918150022462,34.14031377870171,30.61663536794939,24.566453338335155,25.404800618216747
1999-09-01,44.74737174564109,44.21030551946694,17.39792913653512,26.112156135616843,39.684540125731154,41.981808160250445,43.745284762657626,32.44888264565935,17.378280372162898
1999-10-01,41.63140519561243,51.462336969848934,22.436199800979775,16.065087953285868,47.5178475221248,53.509083258622354,49.92809595178438,33.1349520016562,28.90391807350379
1999-11-01,46.79903022550757,58.01028769689287,39.00502035785838,21.068973280079128,50.04926333207976,41.59047026983696,56.93615524454457,22.62941265063999,32.663381656722805
1999-12-01,48.428240271371216,59.46265886340648,32.42104689613204,24.137455316208243,52.842662666997725,47.98614307299616,47.52112231618683,16.93454577675682,23.82143768922163
2000-01-01,39.63714015159152,61.63845381187141,39.536753929567425,26.745876139997865,51.61656264646635,43.8165531951945,56.898551028633925,20.71433730005041,23.4682659909113
2000-02-01,32.917955690779046,51.69854472778602,45.67035209523937,35.758885774060815,47.73830826893564,33.277672986365374,61.41760412341841,16.640329789572725,25.661704942137685
2000-03-01,27.147421028094225,55.82107224557535,55.67718532734082,44.512564334561525,53.54397810932889,54.31695201891439,51.733679905494455,25.17315866162044,23.044970754709716
2000-04-01,49.05169467375083,57.82043116755516,34.40534488043599,47.02221988516379,47.587728935899506,38.04267232510888,58.06637741151418,29.576767601077222,32.04292245546905
2000-05-01,45.96816455391084,59.665864549098025,26.03146085992642,33.09530468302161,44.31681120161455,17.281128506826505,51.08116946233787,27.068785154175355,47.92736898708101
2000-06-01,45.18682512582333,62.13034629978945,20.458352433888983,19.896189590554073,33.004957083199926,33.476772326713146,40.56236649791356,37.733148140534595,26.779338214005893
2000-07-01,51.807296468312124,65.92829169970089,18.323472112176653,18.087564490420036,28.089378411420277,24.436993033443777,58.25209192225875,25.486029053595527,26.337638837099895
2000-08-01,36.56364865395394,53.2210690951514,16.404422167816115,26.560161629253297,28.427345358901384,23.478304613113707,35.72207749265198,27.35153967954321,29.103279253863594
2000-09-01,46.863275033625655,52.14191720839242,15.86735587998723,25.93274774160273,31.699936196886743,45.33573135515907,53.26122358396103,30.881788487390402,23.92167709372011
2000-10-01,53.64938364245419,57.87564358966841,21.63119812787044,15.731834480254705,42.929808233981696,44.11771186126677,53.70626916826784,37.032117690066364,19.82926544253801
2000-11-01,59.634075578790394,62.59212292110027,29.46634275685072,17.96040860918952,55.42454666858019,58.88285201731012,61.62172277486739,29.60521036398405,21.72823814249373
2000-12-01,54.59468723318104,61.33729514579914,43.63418489185074,29.702250378607335,55.99340192671671,47.96250416478944,44.452332601347074,32.46119838056943,19.046252910750106
2001-01-01,29.385789681830342,57.5403629954463,47.1270047263917,21.870425490546403,49.91785170943254,48.985337150612054,58.6269015029409,19.971912905802363,20.847505570547632
2001-02-01,54.068127456858,47.62590838622744,52.10097376455267,35.074630742641844,53.11552281777567,41.3695225580189,49.55623026471939,18.62922587496928,31.634204497801456
2001-03-01,31.369685107687207,63.20576562928565,52.631686718136315,45.04098472587047,63.5171618733442,41.54363658695486,45.32726836960171,23.645049247009084,38.97545466014944
2001-04-01,46.35521080966595,59.97461105383945,29.057651704220262,35.87321143305005,50.158932672574636,41.13848663500772,43.11735954079913,32.80110332634342,43.797073922991444
2001-05-01,46.32340151591803,59.11910846935603,23.44582261774582,23.953097144357322,50.406710329137354,44.150324500928825,65.06744640021631,38.560259668071375,51.7544198800359
2001-06-01,60.001397827521906,64.59532951406304,23.35374308321238,22.787872489170503,41.18871183566233,46.88759793660475,46.44561617084423,40.90242819193109,41.41472523860805
2001-07-01,56.40192511394194,38.44306753321064,12.508448088528176,22.489869631953184,42.85786267075034,28.384634015448565,36.633286136289726,43.92933361804857,34.77662788542453
2001-08-01,57.6123524497179,59.28987415158168,21.483691445505947,14.179273096971343,43.96951377857225,23.991603131525853,51.58700254452055,32.27039037275978,28.60395072497367
2001-09-01,45.11799670020753,54.053059896661615,18.622529181548664,18.580674847669826,40.748404243256964,34.55563700254427,41.843313617527336,28.558748044384526,33.859180886800424
2001-10-01,58.1882680838907,56.77861411885147,29.17316966572585,16.36406932544663,36.074112235668466,39.390649652227495,60.8401586784538,34.29614013249548,29.844513181142393
2001-11-01,46.306659782366495,64.47646320584714,46.879227069828985,17.32671900465988,44.242404035462265,56.15582163073438,60.433334553151504,29.32049692097936,43.348395463810306
2001-12-01,49.88101989561916,66.75333896885587,53.686415931883005,22.823030129628727,63.033325773704846,50.32132748802452,57.4214966872304,31.242447932695544,74.5064357765716
2002-01-01,29.630719925796527,64.36092146953466,39.80919221988459,30.913297969772373,48.014338556117,37.90963545671513,66.22024049014802,17.32803013926742,38.74792175996732
2002-02-01,36.99255024095724,66.0257580677935,46.12484122858657,39.950024318830955,64.47995812459648,47.7058491965202,61.62978469353904,30.071658521307175,52.20241692716493
2002-03-01,47.30850148877866,56.81466816765847,36.12743877600098,31.14131184425697,55.38287516170373,39.29113128447474,49.41260010994165,25.266601431065634,52.08840998992263
2002-04-01,36.03019756482372,62.675965999997764,33.17667098855328,34.07196076042662,45.34188182134903,43.911765388000795,48.8157402620261,22.914370064139995,31.4615372120993
2002-05-01,52.12864773247874,62.08581244250823,23.090410187822954,27.898820423277506,47.80644355291046,34.69061605222673,44.091158656896766,43.01312247091445,28.79746334036385
2002-06-01,58.633749445715715,54.38363788822713,30.53774570591539,21.574788551543,32.61166602016131,40.58544533669611,58.82655529546372,34.87839218415522,40.08415012735131
2002-07-01,50.99863779569479,56.590007438386884,11.285662465425652,24.837398843800514,35.17011581768698,20.75159140174935,49.424336118187185,31.025628334408164,24.71165589831269
2002-08-01,53.64091622354569,47.14252080073473,11.000645122319902,14.236430252873348,49.73282547778399,21.89669049199184,37.574320935414256,41.07668111040189,48.59778582318052
2002-09-01,53.421285212093615,56.34690441044375,15.042861676601952,19.73894154742071,43.7223126834658,29.476475245998124,50.71362045258905,37.76377363994925,52.98202318918947
2002-10-01,59.71178563169803,58.70081234997589,19.086754803490507,16.86529609987221,57.158365551991864,43.06677279432259,48.200438115438985,35.049402590018666,50.022872538709244
2002-11-01,55.424789476866344,68.0929720916134,28.02288679615883,24.52052662117119,57.72337052038384,48.69838017957079,46.161725825929665,33.19678985983133,59.00091884654017
2002-12-01,43.13886541640228,61.13016605680073,34.96725053229996,17.133547716912908,63.62490609527924,41.115242280351495,57.79713971507003,20.558785552001346,68.18183043975813
2003-01-01,42.91009383616857,59.428225404235775,46.52323527478954,28.20812539831085,76.08384819518855,32.02270746581069,52.002100633264796,19.427871955431925,66.11733327113407
2003-02-01,33.84206806631983,53.7846903253278,53.707951038135846,21.832369620779684,55.88382957705759,49.87898035428752,47.247462297663574,33.71416925433325,66.87353499700474
2003-03-01,27.567032603228103,49.91734999788349,29.372004587388755,16.997794527686843,43.701467735335555,46.788625309661704,55.65201298033191,18.610918293867627,59.77515093174938
2003-04-01,49.54324597282274,62.53616653550974,23.971477251255287,19.36871875488813,59.573710302870516,41.91408183782306,52.58084275750409,29.132194314913914,49.82941956464272
2003-05-01,50.74549480549662,64.96784269840465,28.463923022284018,15.359090999108751,40.81255331958861,34.93080670335562,49.436130717783975,38.32172395614991,45.90932097725395
2003-06-01,48.414538957041145,48.301028761403046,16.682843703169887,17.752397518407683,54.117227236492916,33.659812259238954,57.362659590652456,41.72702982529268,34.35366331426617
2003-07-01,54.56966928389545,53.99252589480599,19.23122753200255,17.944245736387558,38.09470356487372,29.985918884924356,47.081193842081014,40.268983368645635,35.619861552933344
2003-08-01,68.39712959479492,57.38184441245045,18.941856469882907,18.751606987052867,33.03630555080436,38.19702261446299,55.995741037545855,43.504823311906186,23.68210618913564
2003-09-01,59.044528968276026,53.2794900179808,24.452696531354803,18.89389441538794,35.6822122237768,26.41914076564852,55.6264332179346,39.82933120244175,22.586972611500524
2003-10-01,63.45224177636365,57.260340541063194,31.949165648918406,12.276729630232097,42.03558570921031,50.89417717443102,59.6920167039581,38.697426716360496,31.285690561738004
2003-11-01,58.962993475634576,68.88314508034392,32.647812909395114,14.211199161529166,50.155561535208506,40.98201924547084,55.58486610403895,35.81970344666237,27.501484462084978
2003-12-01,42.31056815498147,57.066893587933485,36.916435759447324,23.049007069802055,60.86069209848551,47.423323164145124,53.69835862723686,15.526958189841139,36.000360518593425
2004-01-01,43.47751535939368,56.658473661462764,48.83631551099089,28.43588470477655,68.46983680428698,48.517434216638186,51.9836738862521,23.8567493178717,55.68269690074348
2004-02-01,43.52534755354658,69.09324973474652,51.382582646397246,29.164528462372484,60.103986046943746,41.83368228700548,48.62266504377458,22.614706676367913,30.384249413271583
2004-03-01,46.978831971386384,55.77995569552106,31.162319771492186,44.453292120112955,59.64160817013232,42.157346800773475,61.54214068447445,32.73759336559455,59.08675471795861
2004-04-01,41.33144424839997,59.76756628140164,43.635361600098264,41.22461901479181,50.98557543492813,45.44979616496516,51.522890415912435,25.585085933263365,51.62333802363354
2004-05-01,56.75254364329681,57.10012425414126,22.68167174818198,16.803095086789853,23.601644282389536,34.33678305677337,56.5038162337017,35.2838605010009,29.634878371542726
2004-06-01,50.99514187375871,57.48437621383627,16.85571050035805,12.450365418875421,51.40171552405841,37.063218123489,41.42073101081873,37.78070103578259,45.11497080589482
2004-07-01,43.7868302149158,61.832322662335415,18.223711253131157,21.42527944843232,43.431277571712535,27.582877242383066,30.618627164620822,35.22327305507389,38.85373659127944
2004-08-01,56.88328497398142,62.82404348777233,14.649051943437328,16.801500680318085,23.099406243784024,24.16446976692206,37.436309237881666,29.929843568818978,28.38486369768012
2004-09-01,61.795651313484846,56.116375461063164,15.986758973246928,20.74446788498929,49.24448356776236,39.90763926911514,46.081181127783516,25.132274495282523,40.24724784760077
2004-10-01,51.15139370799154,63.55587605831178,16.677136975520533,23.53467921057547,55.271340031028494,50.63161719819662,58.04401288542527,25.726988109250318,30.280612992606954
2004-11-01,64.48382062487816,59.71973408724874,40.37001714592656,12.4774703288954,55.823004670258676,54.399199690973845,51.583477861839455,40.098968045726764,38.79314914535243
2004-12-01,53.99581485361767,58.53349567225667,46.750831845924196,18.893361971271837,65.07056220648714,48.04708430746795,49.641490779231475,39.693988801898826,46.11147485074702
2005-01-01,41.57757055582616,56.575705997715545,43.2373272554504,23.2811170359998,60.86694335863009,36.924382323284334,52.01545109707802,27.72561287408986,46.80955410110533
2005-02-01,51.16926865394936,59.51044279469358,52.049689693042765,22.88981879640273,66.312510526356,39.36836591143437,44.88567108975306,40.071072333377444,79.70469277656574
2005-03-01,38.334686395165434,55.80126156517968,38.36077294447191,19.418677329310384,46.121521363147146,47.19106988471247,59.057189000493636,15.838298436997185,46.38238685621186
2005-04-01,46.30901843628741,57.86372936972257,29.507650273588187,26.237049154289338,58.057748080189455,40.180309758598284,46.279671068317626,34.99071685594214,45.506857045113414
2005-05-01,45.74652721686662,55.86973875710917,37.94664897423168,14.639947578231158,42.769399777265576,52.58120313516212,64.46362634425984,39.568906259227866,41.530288685208184
2005-06-01,61.57780182723143,38.50914019365246,21.381690164622356,22.852319381774677,34.400508677883224,48.188880395685004,49.69700902746538,53.26434464512534,29.005484199438612
2005-07-01,53.96052942974179,47.12096228345133,16.917629414552437,26.243570791615955,41.71289453035348,27.329423406497828,41.28083605746505,31.5228362075131,37.198291091002275
2005-08-01,55.524091978798424,40.38085010639179,19.635521770420425,17.618705427163853,35.47983965543848,28.53266549325882,38.954241941194134,39.02761036111858,26.00879184785771
2005-09-01,52.96924055609588,63.26853630415711,32.21086894547128,28.919072504860925,32.983682968675495,40.8781249525464,46.61390498130679,31.667942638030347,22.542541608760327
2005-10-01,52.25349085949957,63.7772240156333,26.61367370990152,18.235000154529246,47.178026610059234,59.10284046177996,54.30617620805254,20.271381409765667,39.637383451157355
2005-11-01,54.03226744033459,66.82935028449046,32.40325724660651,18.54314751821194,50.92470725420119,49.881245281942334,61.45226030869404,29.439173081658698,26.17998482768143
2005-12-01,45.7938090874846,63.21147197754921,36.787427939425356,21.27734396739647,57.70231884588878,43.454171696560444,51.07144409405009,27.265837442563303,22.342001260966832
2006-01-01,31.566438344081092,52.47241597418771,43.21157009559427,29.96878802841641,63.88188211453977,41.83983371062886,57.10121363340747,22.544508636802707,33.32174082721218
2006-02-01,43.33509138144423,62.971725271434764,29.650233133329657,24.472090808092954,72.97857470535892,37.88715256342997,47.27964612825825,20.71281799005388,53.51096994337361
2006-03-01,30.44336981089259,58.198277685364395,36.7868379513191,38.17482713705424,46.093191672067796,46.67829249977816,48.417342182139514,23.999134305693747,42.95965168366342
2006-04-01,45.62186044974556,62.55240301157567,41.121459916606696,37.18828213033149,35.86367886759831,35.88318222852199,47.338156211029286,26.95714404578502,37.68886839403924
2006-05-01,53.732008033841964,56.03340462283606,28.265494507748468,24.759765381717216,53.10627520420727,36.564174580773766,46.95784067301756,39.16462270393093,35.18593707550047
2006-06-01,57.2572405207969,49.829710569029245,11.934680294321481,19.238688960239166,35.18593707550047,38.20245689836278,36.44552913515472,37.308552856027504,34.74386089456375
2006-07-01,58.144643442824275,51.83855674416816,12.833460176887677,23.574936205603734,29.391813601090913,24.688253058330396,41.62367146039142,37.04850804371179,25.809696311441922
2006-08-01,46.96271651324847,53.26067681151973,14.621268261558228,22.760670887040146,35.42485324681553,30.57826805728137,44.87423161433787,38.23008665967132,25.8535788735202
2006-09-01,53.70762883268737,35.566252613512205,18.99164638853923,27.014028848479082,45.34393755658314,38.0919378531286,40.850038143752165,40.61924837282197,36.572300981158634
2006-10-01,46.933461471862955,51.243704235995956,21.38893450207474,17.788939131579042,47.81923911381337,39.782229133180756,42.55008110426616,32.81952928342745,35.098171951343915
2006-11-01,46.03630686937373,59.67728255541003,26.90188452316793,20.03832675810999,60.41515971035588,46.84244578755246,44.49716663648009,16.516344831309006,43.773917002227
2006-12-01,39.56606688294332,62.40450252457111,37.39631798018406,22.25845934325542,49.15034349685444,50.30916819173635,52.25300316379633,28.197232744515592,48.05653000505146
2007-01-01,43.48038929925143,56.95827978173352,47.4084073152719,29.675703248714914,58.58578642263822,33.43708788102447,51.396283925440954,28.714730142653895,62.48144844182161
2007-02-01,38.62213637416516,68.86366881793396,44.22295942666222,16.180016967972428,63.80319091261598,51.38172372686427,51.571006308361135,12.21640735543118,47.274129928398054
2007-03-01,34.838102544069656,60.37183744804456,27.184291492260417,47.76432328047969,69.33444857191334,38.918193745224364,50.71357239217875,24.46153435842086,46.26624062692328
2007-04-01,45.22437752876958,51.706901495076835,25.64091044313211,36.8506455473355,65.3740745590558,43.71335247647835,42.04540083952732,35.20534310817042,50.27676643487828
2007-05-01,52.59022020872889,55.48769972548863,25.846371023047514,21.03665209321685,48.27716583034727,47.64298829234067,58.31723164889053,30.707859547817492,40.92911894864835
2007-06-01,47.20941793472391,48.33217102497029,25.555167051513873,17.391749049520755,23.911482412190644,33.06499391739814,48.23348523461722,45.35056591643416,35.11636411686847
2007-07-01,49.72509668880621,57.50024272875447,27.392987671859526,21.898939408924804,36.04983462561798,25.513104255625677,43.092117337206574,31.384099881712284,24.912900514298006
2007-08-01,42.18776722561043,63.32108655974362,15.134918270135024,25.349706471598466,49.674944893708755,36.12910681786881,49.48242671252818,22.470022753099112,27.035453906809888
2007-09-01,45.31173872022967,53.79224549122609,24.62007874292251,17.695895419789224,36.20190781075222,33.03587352024478,46.03974864906378,27.985102413977934,25.312497075235836
2007-10-01,51.9625138700897,62.517040038342394,30.53475496473916,16.531079533654655,40.314355008743995,50.75725298790879,50.134400048795165,27.756992636276582,26.17963779046935
2007-11-01,53.36191073329304,59.611471522373385,33.95963722994317,27.488437862528887,63.677002524951405,57.57627932132159,65.49055614766925,29.447593471013562,37.704843863834185
2007-12-01,35.81040024902366,60.76010941008942,39.95843904353621,25.48074825878861,58.29620025094643,49.61508629956017,57.341698344252826,24.165476987361654,36.48987618260215
2008-01-01,19.196578932860263,61.809978342886865,47.17676668226198,31.59754950427788,80.7334080076759,42.61602429330914,60.50548652421258,25.699122120603064,52.58725437803572
2008-02-01,22.003061967692595,58.027615932252395,46.93611615591621,44.856563676528324,49.07209703458518,48.98745443566356,65.7682645865741,18.24061546268674,19.694476573575635
2008-03-01,26.57044299185497,58.36950564554362,43.80599965461889,30.017554324407755,52.471078261868804,40.963004126134095,64.40236539221159,21.790625640987365,36.5267361473601
2008-04-01,53.835317797428935,67.03126493518877,35.83133910916095,30.4324690250039,39.87094863416503,54.38300520221585,50.31020250116408,30.71461102140928,31.26893706140573
2008-05-01,66.43212810752793,62.49375776946931,32.71781919588747,24.100870693906707,41.329788721461085,42.10650904097707,50.24381614906869,37.55904392244331,22.66526582984404
2008-06-01,50.65043255565291,67.50426769386837,16.652321988804694,21.632958054760827,39.75809183560288,40.40535876853287,44.896395487785554,35.60396585323427,42.939657759774136
2008-07-01,38.037025657530066,46.81662072214452,13.251681102718678,25.287526737611685,37.26694397322362,41.80943011535023,35.71350333419165,26.39285949999982,35.98900669538749
2008-08-01,36.365749243528796,41.70819092840477,16.424948732878,35.696906746167805,38.27767618387583,23.745703710196405,43.429257106477586,23.425389561336182,26.877479870296117
2008-09-01,46.066454943466695,56.46919631681327,16.312091934315852,27.0301684801155,31.57265462224211,41.208633628887014,58.064128425904855,32.7576510071447,22.88931976816596
2008-10-01,52.680195270969264,68.4701891168562,19.14512950998634,23.923287202051558,36.720916227239094,41.128970006372555,58.21349771811947,21.84705404026844,18.628975622444734
2008-11-01,39.95393157428426,53.28597073383963,31.126206404400655,26.245149866587592,49.02728624692079,56.052621957414736,50.296925230744996,21.662831913203753,30.98679506500035
2008-12-01,30.878917242845354,65.1010817480155,41.14390693559401,37.16570478627816,48.7999129909941,54.66348753981884,63.328566147068756,9.012912521428447,28.34793756920886
2009-01-01,44.78645859771705,59.407819816069996,43.27116567606332,29.49415484507037,67.15120974084171,36.56011969898512,49.25940882634198,16.213058061164098,26.810384707895413
2009-02-01,33.88121146423258,65.71046598966505,58.095106162017025,35.22957906938328,49.83311331218735,45.32450913246469,54.51674597911708,14.43198114041816,37.37043676938818
2009-03-01,39.3557135918757,64.39289043318966,39.7268388101203,35.66877092154174,55.438886805235775,41.83204255902747,65.32961696657561,23.056996037788405,45.56112171702239
2009-04-01,42.3425423133814,57.79042694354548,28.891278944690487,26.76176568367123,55.709532706750394,49.39068019174728,54.8651823193904,25.07954744551446,44.24192552640619
2009-05-01,57.325304945134114,61.88901068564419,35.3414028250989,21.88041565156315,50.88814613785215,51.62229340363733,62.02676458761271,32.18602815294936,25.585185297445975
2009-06-01,59.3040992310584,50.55429550484608,15.602078990080187,18.4057760536748,48.58198375548502,45.50439952209417,47.87862853837515,52.06634715821821,38.929486812843685
2009-07-01,53.56543373846388,72.0114915291193,17.255125813702442,13.64273231384557,26.32419446565357,20.84969233801045,43.24685616395122,30.03868791638123,38.290956961366064
2009-08-01,51.88321550030712,47.46050493004717,12.903723145637976,16.80783079083995,28.593082262782158,34.48732863289407,45.89011044760603,38.9359693494069,38.79335354501597
2009-09-01,60.68487951902523,57.78394440698225,18.28422849311434,17.42367176434628,31.94293303182844,29.90417528269432,57.16972406761673,29.48929294264795,43.29871645645702
2009-10-01,60.88259688420358,56.594398947630545,29.36774538208749,17.00068625359588,43.3732656269341,33.03361980859097,52.625465936796324,44.08958591717041,30.11971962342154
2009-11-01,57.63646670016889,50.844389016050386,32.54580893220832,16.35081196313262,66.20800067089253,47.22065107720787,61.91332019775628,28.05179045975291,40.997415976512315
2009-12-01,50.696911309237024,59.11610567072489,44.736218939352064,18.89196629591664,52.17168837737061,54.75335856367478,59.7270847418088,27.009722707214564,65.62295174606152
2010-01-01,37.503315930213134,59.84869452349086,45.88365369973141,19.913635381655176,54.61529260199737,40.20537978302941,47.77477007788715,12.590484198536458,69.06460367884358
2010-02-01,31.234068145337456,60.301774489090676,53.740322958284686,26.785348193252336,68.16336852987874,47.059035059765705,50.81500231082502,22.748668354810526,71.23971583253834
2010-03-01,49.619921821851605,47.59419472927853,34.569787312362166,20.187781592724626,59.984946831986456,48.16054468627829,50.949613025242364,15.970526405674192,64.45993228932375
2010-04-01,43.93836471699308,62.775656765028785,11.684324267336834,30.020930121503174,46.6469949461224,48.95671781423449,55.15045227151019,24.716939654644495,43.480359969158485
2010-05-01,41.837124296820036,62.82162139922007,17.789412644386488,22.94401805012349,39.98048139430776,43.95313906369742,50.42266132612084,25.898887390991835,29.794390138703267
2010-06-01,40.950663494559535,62.348842304681135,28.77824340426021,25.2734400471747,34.41547746900571,41.51373026340278,52.65687086663296,17.49392571029965,28.384260825477764
2010-07-01,32.07620590748493,74.85614758694554,16.384208113395758,20.84770241218522,37.591962010439175,37.11261653958721,39.22370652422981,23.53827510645368,26.04498926395699
2010-08-01,36.052146765031125,60.488916214012335,24.799019358557505,19.746192785672633,25.765918270652758,28.456490964921212,48.841806228756276,32.05158199631103,21.5207559842719
2010-09-01,35.828889970387735,58.43199883395231,17.871492348299498,29.937208823511906,37.19141305534369,50.16821424399051,64.1069895624978,23.621996404444946,20.082719571715977
2010-10-01,49.570673999503796,58.83747257128258,28.482756470173374,15.991867128691574,31.77579419116332,53.1542738723458,47.78626123643497,28.157720842677858,21.139906158115537
2010-11-01,42.411682224211106,64.92942819570615,26.79683935180016,20.099135512498577,45.55697647815763,58.45169796289144,41.494031134463654,19.79051582578566,23.172199627001653
2010-12-01,18.409935205968836,53.275751834137054,38.62780787382136,34.26116762564925,57.72283019214391,57.117081977265904,53.63526093727604,12.5888426044582,37.70359040776087
2011-01-01,19.997564482450244,54.44221014132488,47.41033149693655,27.00013684862626,66.23147461551241,44.49761306794587,56.11755237912891,14.717550024531427,25.573897975626913
2011-02-01,13.019414014784488,45.09025113846158,60.14228125362021,16.200773327388056,56.53109652723602,54.63107282313758,55.37349853784957,8.566487853079906,18.542019331238578
2011-03-01,17.228121191386442,52.542186437226434,50.74961908657315,33.530552510270525,45.03163858203695,40.14074637371499,59.779209029100976,16.729914461777078,34.5285940960566
2011-04-01,40.45009042151165,57.162809635368156,44.26641909538205,46.12085525559467,23.082864327580108,35.68456395887571,68.46526426591777,35.99716425980707,25.077319372584903
2011-05-01,57.030931383412735,56.014980405385806,35.93692357681509,21.866653781769017,35.277532317037995,51.82418262102471,50.025102764102016,26.330976829445056,23.309173920441875
2011-06-01,46.59952446639582,62.99475899961891,28.268447444592574,22.353463625406924,26.225148602567252,41.547447727906125,56.14523053077387,26.138857894497658,32.86627687079138
2011-07-01,41.811204231816966,62.110686273547394,13.073142191507067,24.40327497370165,15.93213244377516,30.184752414364524,37.61715019432117,29.499311129509817,29.84610208835555
2011-08-01,55.07717950259171,43.05346480270566,11.436874991319456,25.57064172249221,26.35214247482062,32.732770492268614,41.9723887619847,40.13586199401294,27.107593202071413
2011-09-01,46.50509312548947,55.72191762326265,13.364576847062871,18.457356749736334,18.981613504423308,29.64095814086934,40.36217158687471,25.33944774992839,27.066890037887642
2011-10-01,30.049617909274406,51.583219889056785,25.980929617464625,16.876445852838657,32.66276104987253,55.147188944987796,52.79943043486787,21.838975630124054,20.980952929130154
2011-11-01,38.64775431145426,52.80757106770462,33.87408721598156,15.689541585239887,57.07163454759651,63.558090791922304,59.587090094153574,32.11571052324264,21.666394213984866
2011-12-01,42.779939539390725,63.597165829538724,41.77864170046995,30.466418310516225,39.9649087044411,53.92772214604201,54.6734041138887,36.94961830170732,29.574204951607957
2012-01-01,42.76772494250469,55.68853635442468,34.75568632813271,28.477777958499274,70.04174908168997,62.61694634065321,62.04755465131436,27.037265650428346,27.436326492529076
2012-02-01,40.814597894174284,65.35521748482407,57.129048662495606,33.20810891608354,62.26655145490622,34.1035625129925,51.680083749421,15.44179044987542,31.542111010240248
2012-03-01,42.64930444871057,55.755046494774795,35.630051343955046,39.36273019628749,67.74309374324795,37.49071307521333,62.49690364831396,23.37271913699115,40.36687109571981
2012-04-01,34.543178318721345,59.01404337193076,38.63760744661664,44.76627355009859,51.498397512367006,58.66689288327403,50.468301436212684,24.3914598233296,45.01284772895758
2012-05-01,55.13861104762733,57.589753049311085,39.92563309144583,23.07261240614304,35.64302893231604,34.475045979826106,46.98057456419411,43.21869613804942,42.45950721893095
2012-06-01,45.231844532549445,53.60887781957453,26.680381970500864,32.85609183179143,36.9813427320441,38.42996603284065,50.42125767840406,38.55163092372503,38.35858929685516
2012-07-01,43.020787915544176,46.59773570754463,19.08524838222599,29.56465098373297,27.116753379139467,27.819165349178558,41.22825852318114,32.30454432644896,47.89225014655431
2012-08-01,41.809005602335866,52.88051067281344,18.528834281248145,22.936347728352548,35.06552625025157,28.995259294394124,41.0433278890369,33.647724721812395,27.24328486565921
2012-09-01,43.09216465152967,50.148728322823075,20.09587807583881,18.705653922666755,33.49361586002553,33.25515267389216,52.58040394196533,28.95145993367575,24.84243101887433
2012-10-01,46.096476357101025,63.27231455288367,36.867788833885356,15.98522696249227,51.80823743448587,42.31350934986971,56.13464095433403,26.268343540039133,32.05797014758997
2012-11-01,52.08887778279248,57.91905935397144,42.49195118983346,21.946806615826347,51.20315737715427,57.92554814815194,63.2804255456093,26.427318997461377,35.15474717023344
2012-12-01,34.168450454797494,63.520510930287784,31.606998952045245,15.388257897886298,64.92371267182084,46.208408056714646,59.24763996242875,12.434234347213817,41.0692830657589
2013-01-01,41.675647356987554,63.42817644558194,46.237386411723776,36.664475883065506,70.89838529876363,42.9597399832328,53.11691265683265,24.866874879437354,40.80246437114079
2013-02-01,35.34988605694694,59.30623911533472,50.69318782479476,24.40781176555468,55.82634809821011,50.60169622517479,50.09929498515634,23.78984218917416,43.75266717993924
2013-03-01,41.4156186001729,65.91931614049771,41.08175451734913,33.81860560014949,64.33506686286765,43.92120433713392,66.4088764542537,31.52971049386735,55.487668668037934
2013-04-01,50.46044603628781,61.41857148550814,38.2808274763517,36.93895068192543,43.82008204281711,45.455695025496986,59.3993358307375,31.009652980238027,35.60670458219599
2013-05-01,45.70288285604919,70.2772054908175,35.96464540176185,25.658196960360982,45.279132289388265,50.813571508505255,59.81345570270159,29.455900902481282,33.92454324181472
2013-06-01,45.68362146665552,66.13279653961098,20.295505130004294,24.065922103816884,44.06405964180371,45.62583729847448,54.201970926009885,28.486410969666128,40.50070260397316
2013-07-01,41.1957177379284,57.92583954212108,25.428665403419647,17.46889623648196,30.01127096333235,36.306535063499645,43.80403088498905,27.2055285749865,22.75614762504674
2013-08-01,53.89539381149383,69.47304248363142,12.485011730867619,17.75139661425591,40.779992750181506,29.863600311314148,46.515071442149306,31.55218211482664,26.070711716542267
2013-09-01,52.26780640772799,61.392889632983234,22.311530553209323,14.987387236263032,45.820056308194076,48.765443769644094,48.78631027482058,39.85384094350212,26.573112956560717
2013-10-01,46.62421931538015,60.6497210255438,28.653343011078007,20.369340456013397,51.5342684949854,36.317770873979285,53.13777916200914,33.27286623399526,37.720642068152216
2013-11-01,40.02719344804523,50.51180974133762,46.02069578104489,18.33405364341469,41.10743636987404,52.11853063992698,66.20663186562008,19.821995974076366,31.147692937559388
2013-12-01,44.87303799633821,67.50356541812778,32.65810688918035,30.000035152852703,61.59673933739967,47.611365521806185,51.33041879056896,23.499316232486173,33.52968475924431
2014-01-01,28.68010127991986,61.087823698303026,46.3741270245052,30.571334873826128,52.225707807070556,35.73153301159167,58.803911611961915,24.37406276886087,50.95201987648062
2014-02-01,35.0317598007142,65.43078070010375,37.295534528468906,26.938219762196074,69.6797633618346,43.91904739017967,51.992450070111396,20.93225256380164,45.28335343440842
2014-03-01,41.91202398440159,53.2342538496062,31.631902426043307,32.56493337387994,59.63457765365101,53.40374328437508,42.9088232344285,27.488640896891066,76.41067546933951
2014-04-01,46.211350042598454,69.36259996409876,28.732122789601398,25.025170696487873,37.26197226415823,48.95338703678021,65.25625692568826,22.585194081102145,52.56804290303939
2014-05-01,49.708537983770285,66.43764862942386,15.540474802292465,19.891822370170864,51.49572855831347,46.419436081324605,57.91954594737576,31.932284691623803,37.43481792535819
2014-06-01,37.05724245186315,67.55191580453811,13.98318573827737,16.39127820256796,36.17287678727699,41.90531153153946,42.63864700672761,28.16324240953554,42.63025644064994
2014-07-01,57.25165688759342,54.51297611984273,10.608500061839479,14.63261555268884,26.350880136759347,19.9186721816194,31.19391487678906,37.580813775109604,32.61359865713041
2014-08-01,45.70455985150733,38.4920292511443,13.385777433547439,18.539263118450855,33.618788473234986,30.131669211356346,32.93076205486624,29.30268128288279,28.826097129671275
2014-09-01,54.89726404619991,52.51937761978892,19.309517084380737,17.628047642416156,33.242891112955476,35.971503201412965,52.82311611180049,37.42474924606499,23.355448047032027
2014-10-01,52.19717988240649,51.109762518740766,23.899156728864888,18.23720273965482,46.741633818707044,44.59029267639308,54.2058814014001,33.30498130193021,32.680723185751745
2014-11-01,50.133100627300266,65.0129305094359,48.196557976574596,12.907515167120387,55.748067446475396,52.58985837484133,60.567608601487635,33.62046658645052,25.23829107486063
2014-12-01,45.27328475511522,58.80894595160852,39.745579823147835,25.94142051216917,47.32729533092824,55.66751801212978,48.267038731627004,24.157586164057047,41.6720537945803
2015-01-01,48.303842585687626,57.94695514209514,35.258396624029885,19.128992031076912,67.17823963269025,47.629078139394984,58.02773680115835,20.328045284230733,43.35398602544231
2015-02-01,32.35817666825095,55.28591225530726,38.00497303217881,30.569892490165525,66.16767691735056,38.30592431104173,62.57368506608765,23.098381003868834,51.66499318435661
2015-03-01,45.53350686604953,60.84400718967552,28.932083951511554,23.807992440345604,54.15180112022386,49.2415434124605,50.911031033100045,37.601064736862796,71.80021769438491
2015-04-01,56.46120619697191,60.676108055152,26.209266854851812,29.551410004329448,43.32864275985386,45.81386674162182,51.064674580730056,23.830167797735502,50.55939322306021
2015-05-01,51.31018746611822,52.71832266037681,13.859176742777336,28.612125223457298,41.29326174228098,39.15017184595717,38.57202859972051,32.70347866189367,43.30646740246395
2015-06-01,48.74893368758489,45.91207189577709,13.859176742777336,24.015490427351086,36.85502235610262,40.425254895876364,46.28430110910754,41.299597558678094,46.157584781165255
2015-07-01,52.50448885697421,49.455377215863095,11.150615233011095,29.461124620670574,49.426866042076085,29.641695387988324,28.33334930198428,45.16286160681836,40.33338555811821
2015-08-01,51.004484324957474,48.197717661035966,12.771000276573005,12.305317771385127,42.268977467436535,24.280010761930598,30.39565753924489,38.54193347183423,51.49867800393236
2015-09-01,37.19398853334822,67.98922413152084,8.562434234790025,14.198142920022931,37.18290085465327,21.058248123998123,36.60475760841662,32.682887258603046,54.196151835003654
2015-10-01,55.97493228849341,48.59212223175631,12.055053023699124,15.055062087732601,60.61433384528014,42.85662443826886,46.39834580425559,47.91260592316584,61.460165334294864
2015-11-01,51.748942751618365,62.16185700027523,43.14490408433755,26.025528179335506,73.04520561641782,53.168165624571905,51.00765223315603,34.83706483362181,59.21095051331939
2015-12-01,59.0699785984836,56.07947325904579,45.98968564664174,18.97376452934762,57.883596978124004,54.33078793344232,49.236791550162664,36.09630834254821,62.73524838421405
2016-01-01,52.01744658298346,61.93109311101463,61.564161549380984,24.46023686790434,41.47709393640986,52.97374167060389,52.77241638899959,34.47779321869902,70.83973682200498
2016-02-01,46.07835077565656,52.17168772614804,27.84217688066047,35.848104006392816,72.56399044348697,23.214942585722895,53.56635237855203,28.853674061624016,73.39689261657574
2016-03-01,52.8844441666665,54.81164666073348,22.17097358514575,45.09283105038389,47.27331373743693,45.695183304216116,49.30117887230607,38.63905690218148,69.38499930331582
2016-04-01,57.084674033685275,49.82722235004634,20.104142266740297,36.33842848255813,56.03421066918541,50.952370899657474,55.996868076629774,39.611587899608715,75.6163414871651
2016-05-01,57.95816598129103,57.07493248780119,32.982465925492875,18.31656859701178,51.1114828157641,46.35273765139146,58.497198186876744,60.70203473863998,56.935303663462726
2016-06-01,55.04219657999002,58.409524273920034,28.196119714448677,17.225515457994923,48.948859629498536,45.4143020645585,55.85074488836859,43.04061205080456,45.52470625124473
2016-07-01,60.21658103541671,48.089980000718896,11.193874964769272,34.37875416887755,38.080541604827616,36.6875005434043,42.29213660871115,41.01437050691611,36.906685325796076
2016-08-01,41.82941317921739,57.94030648050356,13.416571017319988,20.474321010335302,21.63194137956004,38.32570384291027,58.37380527234507,23.343206273196603,27.668452645727726
2016-09-01,59.896733612222775,48.456911562352545,17.86196312242142,32.87855610272937,28.50947277371989,40.593860442920025,54.57622596853491,27.48823404687226,25.7850871081391
2016-10-01,56.412507367683816,65.301667986906,16.330916827640323,13.596789616175457,35.68249772636347,51.96711526258238,57.93543570756152,37.73796390790416,22.433995324015886
2016-11-01,52.73832097840531,69.88181814340386,47.325268648818685,12.84993776506272,47.364234832355,43.237066559466825,57.17072435566131,28.108445801491968,29.217358441296305
2016-12-01,44.93371913427727,66.89278714797226,36.78329241126441,22.117395082783315,68.12833988426962,46.85442726442153,57.7357340169379,26.8728930651946,37.72335158907805
2017-01-01,30.15336196773986,64.8210770598576,36.97469262044786,26.2357723576709,56.3887443145668,37.75394516013913,57.5879729598601,27.371020268126394,27.19876444356306
2017-02-01,27.631864802465156,58.286839448088486,45.70724265997762,33.83799608173268,69.99203286008262,45.26922070608799,44.647459205997485,16.085802961734288,25.494252046217312
2017-03-01,34.35968515041021,60.39656316607369,49.664205029946764,41.07274071339269,55.6439429397882,62.0305327019316,51.32770413572981,23.184383465406135,27.90091199511646
2017-04-01,41.15804835984311,64.58976209544397,34.14641603428417,46.95896831847117,49.2589937093073,34.809190825937385,49.28360168424492,26.629499956672806,43.27433420447834
2017-05-01,38.98270337535758,61.41369279682861,21.278085673571915,23.417338961482265,47.18208062457225,41.732234441720884,47.877666049475614,29.252710085023,47.04427596492158
2017-06-01,44.38333360833371,53.93779001077994,23.980041321722485,25.82399891038141,44.604805382772284,36.79751520089701,51.10951342461625,28.06004356637973,35.91162810314272
2017-07-01,36.84837168243475,51.714869608081685,8.791999190223997,13.662737696210066,22.20334553122639,25.14153773877811,54.10512424035575,36.02154372453075,52.668018503998795
2017-08-01,47.157472649634634,64.93099268124563,14.855404214853337,18.044597766768767,35.00769515710084,31.67905641387224,54.534943535932825,32.0842677345117,35.713123771979255
2017-09-01,45.971368257641394,60.70006152363766,16.704283398499783,22.282091051026768,27.69256447397795,37.11249728009853,56.83989052175648,23.50920873458271,19.32257193186245
2017-10-01,58.875790314928835,64.82763918650762,30.919490254131063,16.83388539983791,49.168764467869366,56.139383501865595,58.88563350490388,38.308444862066814,33.36716349459291
2017-11-01,61.07738380601448,56.06555957705273,22.352633912514612,20.897482327870073,57.683123796285564,49.803650221259936,56.75130181198105,22.93010105771741,28.28315587248081
2017-12-01,45.97957091595393,64.20915874974213,38.42000101511735,30.018838371414205,62.7753340767102,49.76755852468476,61.93702239716865,23.57975159607055,29.51355461936176
2018-01-01,33.662188068091154,58.64947184758459,34.53145360160816,20.29354021205893,47.02591555317895,42.89772433079726,66.20552149458992,18.05641155598876,21.866418790630263
2018-02-01,48.34785521358405,66.50566412220051,47.983747763695796,27.654415144934976,81.35206338521164,40.55398763759765,50.88512649726481,28.707374527044248,59.907446685712024
2018-03-01,42.395846494464806,57.18812167708714,41.84476494868799,27.027887911343477,57.742483470160245,37.265539723066354,51.5149339781526,20.17053093844804,38.73181026450824
2018-04-01,46.46499326551326,52.7679884453356,38.75149174828598,28.7598584837849,50.01750108739595,39.87169619996921,56.78793150693969,42.494253913353525,25.50257291856836
2018-05-01,51.1819888775791,56.3680598530145,17.68082324056349,13.68056166273714,31.774405749075935,38.8138164469155,53.17473911007563,33.82128006196125,18.974880798950124
2018-06-01,46.42399017430963,68.78215574582617,15.486337799345101,30.657481544688995,25.943766179919443,38.70884853343421,59.531858370286756,31.367655084335905,18.60421285446929
2018-07-01,51.92660501383706,55.89078387140422,14.482582126680185,15.86192611477037,29.025558514784436,24.029741882533894,44.88883443964564,27.905354063101203,26.893397772195563
2018-08-01,58.209918709881656,57.35049391825353,13.263970256108237,13.039273316312332,31.269247665447185,22.06651387570399,38.49399233552717,41.839844577743555,28.35146769539672
2018-09-01,45.07580853553421,41.79884148653992,19.548924075800976,15.684792760770677,36.36511184023459,25.39104451049448,49.827246744211095,36.18469823893861,21.882820027111713
2018-10-01,58.71671691715855,54.598366436665735,19.621089516319365,12.427507195554142,48.8530132972128,65.73644613122038,51.582179047726555,32.63383054070407,27.74626206923111
2018-11-01,50.69979252502439,60.909562234728796,40.63599382000491,19.706375946022916,51.65106424094866,49.99617947997006,60.151825109285674,22.137039192574235,37.650968780380495
2018-12-01,41.33140624681852,55.971149930163335,33.83276092749827,28.20549669071179,70.04505095489804,43.35859907592609,55.133046745961096,21.23989155703876,53.17309898642748
2019-01-01,48.030893252625276,59.92908753318414,34.81491124150012,39.07946286113998,64.57151081532373,48.326204719957005,60.33236233265865,31.347383044443735,48.69931329427397
2019-02-01,53.34332427247448,52.103333648893425,39.952695694647765,25.02994041803011,75.62187539934958,27.667103575223635,51.2142238547764,28.778490817869912,81.07561136862094
2019-03-01,29.727933062302018,63.22355685959989,27.83063626949873,33.73845331219415,44.66338990740706,53.822808482873306,58.844691123573554,19.5396874393575,49.577309215964526
2019-04-01,50.888746162287134,69.0075336095433,31.241007408361877,35.010197856993685,42.908985760086864,41.43084072736732,47.95944692988373,31.326742995651735,63.52363141511438
2019-05-01,49.74878039054424,54.88974023581373,25.50783693236801,15.25767116304749,51.1729437571924,35.510322116184504,42.146891650843706,38.03317115699156,55.65818512930059
2019-06-01,38.94768408808335,54.51663166149677,20.984490854797663,19.593669105428894,34.251279139872366,35.17214285520785,50.42831430461939,31.113991723488017,39.92252946949023
2019-07-01,44.32838603855225,54.92625724521497,17.945640594190557,17.25816819981079,36.0152094635581,25.7459913415065,56.202764878197264,36.2406623042092,39.05088433204336
2019-08-01,50.5315145485794,44.11245937426669,12.315670362156702,20.138248854325568,37.81883218876692,17.02477687885507,38.08874051912387,29.083328461567177,36.46452744879938
2019-09-01,36.466115144860304,57.75711932184113,13.787464610632554,14.18438862586337,51.61273556606814,42.17547017994032,47.9912008511022,22.997689460048345,26.60493491046598
2019-10-01,59.49088342036932,61.029360903403955,33.59714836277199,20.31289542102713,41.664232048323036,46.714693218119905,58.8065864181114,38.49995379890299,26.198484718869626
2019-11-01,58.96853141632557,60.29266993113556,21.98315167711839,11.46625296956276,52.34942653833653,42.60891120457237,52.90988324784244,26.789107653533076,31.718903922699777
2019-12-01,39.57641172820895,55.91062880298738,38.37135041796821,10.196096120824159,61.08651796159719,39.49226383698002,55.87252409752523,19.09036945411622,64.44449513044987
2020-01-01,41.782676584395034,64.0578662998307,33.82904009177226,35.67515173098333,59.057006922727275,43.965962320460214,53.800763204937326,35.26954130754003,64.09792658856585
2020-02-01,43.48857721303312,58.10390588657038,50.72613604451525,38.1388594881945,72.42712828808057,59.88491955658686,59.125443249316476,30.836202687517765,75.25137864390801
2020-03-01,38.95174951377841,54.20136609228873,36.64327537541591,24.593474359624963,47.74665206983914,50.56923324696928,65.27970510625251,27.015452649403695,43.80405198682236
2020-04-01,48.56288045281764,49.19549917909341,22.939318270603103,28.754736851987733,48.37426326002302,58.587967708786664,58.596313602273156,38.9534186924757,35.279556379723815
2020-05-01,49.63616235517996,57.20421856872701,20.46559544120815,15.708436153910156,29.405716543933774,33.97592781713443,59.0403151357543,30.08841063112847,32.32511008550717
2020-06-01,45.910555502811846,48.76151271779605,23.66708018262483,17.345900455959047,57.35277547278649,32.722374615463984,39.45250312296767,34.16120665253446,30.5407580580961
2020-07-01,39.24552496450277,41.130027713751694,15.498119638050667,20.18016588397027,45.51162179415774,35.316278311064366,35.25618787796165,26.579797009409038,30.746067037863696
2020-08-01,45.64181773254695,47.98701380224999,18.546039939315975,34.66029108302643,36.180912876264486,28.439262078198496,45.910555502811846,25.599989114095383,24.620181218781724
2020-09-01,41.49557784845986,56.50483269455934,20.98304083737039,20.851175720283877,46.064119942963224,39.92654987300017,50.51748870735306,28.487668260420126,23.862374090208643
2020-10-01,42.268407585308616,58.11725931614876,29.993267445382507,20.515670802127076,41.70088682822745,50.83463265983959,48.65468528116901,23.920795344614056,24.510015424760088
2020-11-01,44.61360365501166,56.26614014084579,34.002634676291194,9.928070325168775,55.90059000613763,47.0322435873958,55.23458770591591,23.349936230138297,23.45843284546264
2020-12-01,46.394617325028136,59.5844673910733,51.89456113262353,34.66196026172373,76.96729434472988,68.47284395418271,63.08306594060895,19.792916426197237,31.60068653088004
2021-01-01,36.77630730052332,65.2674152758041,43.764983289888434,25.811729326036318,49.473487390078525,45.255946534309146,66.01632439972576,12.420480139940437,27.208436273395947
2021-02-01,54.3885248440999,61.56399967673151,48.7348607712908,36.41641962083556,69.09422093648392,52.837580319731224,52.983249142461986,32.5759039533105,43.968919641711494
2021-03-01,32.52963268020778,63.59993569325082,36.02397067489034,22.454491399806237,52.59765519993939,61.26237952613606,61.76108102513195,18.934447142288846,32.50049891566164
2021-04-01,45.59012795116206,59.28985229127602,31.340289586382532,37.01794617117081,43.72385326935269,39.51488116786159,54.321688560729314,30.09439271432063,47.37242884104428
2021-05-01,58.93339211329957,63.00697789719385,21.040646943890053,18.780209565279804,34.898036362724355,43.67244074368301,54.73127501523109,41.71876476823519,31.36599584921737
2021-06-01,43.648448231703824,60.19814024477369,14.327884842285549,31.18262450766218,40.080418950228065,37.56291894326942,55.52645541225547,23.205114274583565,23.477600660632866
2021-07-01,39.47032364561453,63.04296666516262,16.060486957353753,24.588111215097946,28.783373309743798,34.36163234490404,56.63353846500924,28.40634812149948,35.84574058590212
2021-08-01,50.26009903282462,46.352747081928975,12.650122754598343,26.504084671721337,39.95188763605387,25.040541440991124,34.29136855982214,26.228170783960724,25.05596519869203
2021-09-01,37.389830106848166,53.812704556599485,17.076741214757753,19.638798743963456,27.258135048209972,29.084993460339252,46.625233467978276,22.250555047983177,21.218877032878275
2021-10-01,35.6829342546148,57.30361504957073,19.261773555719138,16.199300776661886,50.46232163379203,43.17716674639843,48.53777942289035,23.5307269371582,22.644717744784053
2021-11-01,42.22774877236501,64.8115575481996,25.479261660039057,11.897786128965365,50.76051428267617,60.82194555623247,66.69668348942119,19.266914808286103,27.393521365806794
2021-12-01,48.06135668501799,63.29488804094406,26.802277320605477,24.003722173319254,54.09890094949403,48.901094604289426,59.25729102501855,24.229937286265844,44.05974843706126
2022-01-01,30.708026158750176,56.34697351821977,60.22145089840766,25.764498464577276,76.12606434295789,40.70298258810378,58.28421220831372,18.083604360837178,43.62129074336099
2022-02-01,27.461034832423046,53.33072441804779,50.890500875255924,19.376756836915312,58.56475491493401,49.135863946867495,48.58805866175095,7.990706986568796,28.224642199555195
2022-03-01,35.39259135450435,48.74078013517738,51.79520960370597,19.27715587598503,50.48047691942627,60.32935193941547,55.27626318821926,21.139693845381274,20.671569329008953
2022-04-01,37.391250637171964,52.37787522514811,19.416597221287425,18.020523752248003,44.02301461911311,42.60370092585663,44.50607927962497,16.363827768774343,27.81793827575655
2022-05-01,51.10630295727153,62.522233095897136,15.701481378587978,16.820332173038125,45.981833517408624,43.66611117577961,51.139503277581625,30.331202523230615,23.035432135087603
2022-06-01,39.37828980773105,54.70023763083914,21.519837512931844,15.83760269185936,28.146621446826472,39.886254708475484,53.0867020637686,34.625663955341196,21.948121644932044
2022-07-01,30.590165021649344,53.0153213751019,20.279805549349852,13.88210382559486,23.05535232727366,34.26046043193017,50.80418004244969,25.160252634933578,23.84219991862287
2022-08-01,45.76603143539302,66.09458756126318,23.54007700380102,14.634091080618475,33.41717229605379,31.209350995432587,56.479774799460145,36.46164166848935,20.369446414187102
2022-09-01,47.972192719998716,59.05445963950788,17.145695312077038,24.04804190454545,25.89065968175563,49.76833004877477,52.8376996614429,25.070611770096324,18.10684458505424
2022-10-01,38.47690111131202,53.20788323290044,20.44248711886931,13.848903505284774,40.395879625235416,59.225441289104864,56.69557688147575,23.374075402250554,25.59849686302681
2022-11-01,35.52207260371371,68.65267224115587,30.175161017773178,23.15661330421944,41.941354535670264,35.887276127124736,62.85423629899807,30.88730788842468,28.895288669819077
2022-12-01,42.11731623331376,56.9993598123131,39.202328110087564,29.833197718579218,52.696598300125004,37.42279094146656,57.76628721147626,23.058672359304666,31.83683704929335
