,vws600-250_cluster1,vws600-250_cluster2,vws600-250_cluster3,vws600-250_cluster4,vws600-250_cluster5,vws600-250_cluster6,vws600-250_cluster7,vws600-250_cluster8,vws600-250_cluster9
1980-01-01,9.207107543945312,19.380155563354492,3.3923568725585938,13.666963577270508,22.850799560546875,1.516903042793274,8.367432594299316,8.360560417175293,13.053999900817871
1980-02-01,14.019204139709473,15.460306167602539,4.583791732788086,9.549467086791992,20.54619789123535,5.21588134765625,8.857110977172852,6.805402755737305,12.723523139953613
1980-03-01,14.711578369140625,12.154728889465332,6.7455854415893555,14.040597915649414,20.382749557495117,4.694670677185059,20.80231475830078,5.54453706741333,15.353696823120117
1980-04-01,24.181798934936523,13.24451732635498,9.017056465148926,9.566376686096191,16.942094802856445,2.2501561641693115,26.43375587463379,6.636628150939941,16.3563175201416
1980-05-01,21.086387634277344,19.600414276123047,11.773813247680664,16.85821533203125,8.191129684448242,2.8683207035064697,31.992046356201172,8.853291511535645,21.762540817260742
1980-06-01,27.332401275634766,14.591449737548828,20.799070358276367,22.54911994934082,7.170485973358154,5.95791482925415,36.54690933227539,13.48942756652832,37.03975296020508
1980-07-01,25.091793060302734,24.635072708129883,19.752391815185547,16.25616455078125,5.742175102233887,3.349879264831543,36.63166046142578,12.704313278198242,40.47214889526367
1980-08-01,30.356000900268555,15.498272895812988,19.663782119750977,25.169191360473633,9.466872215270996,5.576200485229492,34.545162200927734,11.819416999816895,31.349321365356445
1980-09-01,25.184316635131836,19.628358840942383,19.610157012939453,19.6971435546875,7.88205623626709,5.50336217880249,32.45995330810547,12.9541597366333,25.621747970581055
1980-10-01,16.659414291381836,21.50969123840332,17.22087860107422,20.913259506225586,13.371938705444336,8.289474487304688,20.392189025878906,12.770373344421387,29.583698272705078
1980-11-01,14.744215965270996,20.11140251159668,14.296009063720703,20.934921264648438,12.635445594787598,2.28071665763855,35.84080123901367,12.351950645446777,10.776016235351562
1980-12-01,18.4056339263916,15.527268409729004,14.58220100402832,6.226422309875488,12.362890243530273,2.475911855697632,24.431941986083984,8.885028839111328,8.889985084533691
1981-01-01,7.797789573669434,10.65350341796875,7.402244567871094,18.50482940673828,18.3179931640625,2.7583701610565186,16.527986526489258,8.259477615356445,8.803738594055176
1981-02-01,4.779442310333252,10.273978233337402,6.184463024139404,16.53057861328125,29.362337112426758,7.828277587890625,11.470483779907227,12.983207702636719,10.051421165466309
1981-03-01,16.488449096679688,13.450377464294434,3.0649023056030273,16.376182556152344,16.59197425842285,3.174823045730591,14.01174545288086,9.202744483947754,13.899585723876953
1981-04-01,12.005309104919434,16.533432006835938,11.146458625793457,7.214303493499756,15.67841911315918,7.207773685455322,25.791351318359375,7.363545894622803,11.509346961975098
1981-05-01,21.880834579467773,18.806982040405273,10.51872730255127,13.177072525024414,10.337660789489746,12.024767875671387,31.956098556518555,14.893153190612793,19.22319221496582
1981-06-01,20.947280883789062,18.383554458618164,20.49224090576172,27.963233947753906,8.509612083435059,10.98519229888916,35.723899841308594,15.280747413635254,41.922916412353516
1981-07-01,20.195419311523438,19.483259201049805,15.339707374572754,21.907590866088867,9.668766021728516,5.084129810333252,34.45588684082031,14.45242977142334,36.04102325439453
1981-08-01,21.4036808013916,20.637630462646484,19.929819107055664,20.279834747314453,7.417177200317383,2.0241169929504395,30.1992130279541,12.07315444946289,46.11554718017578
1981-09-01,26.222810745239258,16.92829704284668,22.655866622924805,18.718931198120117,14.059269905090332,10.502019882202148,33.79582977294922,16.703907012939453,28.592924118041992
1981-10-01,22.7589111328125,18.160436630249023,14.757180213928223,23.605512619018555,9.617448806762695,4.641589641571045,37.86910629272461,14.182613372802734,21.278545379638672
1981-11-01,13.14349365234375,15.35009765625,17.40375328063965,27.36637306213379,14.874855041503906,9.28714370727539,22.115747451782227,12.289812088012695,32.832481384277344
1981-12-01,13.839933395385742,13.58559799194336,6.844511985778809,20.382144927978516,21.200042724609375,4.708340167999268,12.966142654418945,5.269262790679932,14.467156410217285
1982-01-01,6.687139987945557,14.182891845703125,1.6668589115142822,19.698781967163086,34.87316131591797,7.086751461029053,11.56831169128418,8.497370719909668,10.15572738647461
1982-02-01,4.968154430389404,7.613024711608887,4.293228626251221,24.316272735595703,29.402666091918945,4.590319633483887,14.594099044799805,7.168097972869873,15.220895767211914
1982-03-01,11.635409355163574,8.530218124389648,5.567573070526123,22.725820541381836,25.340471267700195,7.386800765991211,15.508820533752441,3.517828941345215,20.48141860961914
1982-04-01,28.01451873779297,15.5534086227417,16.878095626831055,10.814992904663086,17.041053771972656,3.780447483062744,30.077739715576172,4.054481506347656,23.950571060180664
1982-05-01,26.11202049255371,17.306015014648438,15.908408164978027,17.399078369140625,6.183910369873047,5.579838752746582,33.582157135009766,7.559773921966553,22.373638153076172
1982-06-01,21.311664581298828,21.196449279785156,15.844606399536133,13.583742141723633,12.323447227478027,7.3212409019470215,38.33570098876953,13.152345657348633,37.40245056152344
1982-07-01,39.505699157714844,21.885860443115234,24.775606155395508,18.629802703857422,2.622969388961792,3.597768545150757,35.84816360473633,8.17989730834961,42.610713958740234
1982-08-01,34.609580993652344,13.595520973205566,22.996810913085938,16.58460235595703,10.032485961914062,1.610876441001892,35.153419494628906,8.49768352508545,31.37455177307129
1982-09-01,34.61509323120117,15.868542671203613,23.31556510925293,18.55763053894043,0.6519776582717896,2.8446128368377686,31.540071487426758,10.515443801879883,32.303443908691406
1982-10-01,21.981760025024414,15.726395606994629,22.84136962890625,26.333505630493164,4.943522930145264,3.191838502883911,39.10995101928711,7.991815090179443,15.7291898727417
1982-11-01,26.504209518432617,12.799431800842285,22.68521499633789,23.18550682067871,8.523825645446777,6.373885631561279,28.59898567199707,7.478282451629639,12.223676681518555
1982-12-01,19.016809463500977,18.722759246826172,20.65781593322754,17.61029815673828,6.988398551940918,3.0368998050689697,18.11153793334961,7.802443981170654,9.860960006713867
1983-01-01,18.186546325683594,12.872748374938965,11.94894790649414,11.265132904052734,13.966208457946777,7.356133937835693,19.403324127197266,6.408327102661133,13.494888305664062
1983-02-01,18.075620651245117,13.38508129119873,19.250225067138672,10.226659774780273,6.702924728393555,6.430859088897705,25.596933364868164,2.833782911300659,10.134525299072266
1983-03-01,20.26620864868164,6.908785343170166,17.128164291381836,24.305530548095703,1.2847671508789062,5.411646842956543,14.356796264648438,3.392029047012329,16.258378982543945
1983-04-01,18.513721466064453,12.09321117401123,17.56458854675293,22.495826721191406,2.414612054824829,2.087116003036499,14.178352355957031,4.047269821166992,23.996191024780273
1983-05-01,18.875499725341797,17.712495803833008,21.203969955444336,29.93598175048828,5.519111156463623,0.7163809537887573,28.89858055114746,15.542527198791504,25.456235885620117
1983-06-01,25.553407669067383,22.762269973754883,20.46017837524414,25.60123062133789,7.351894378662109,5.225418567657471,38.2320442199707,15.344644546508789,26.92976951599121
1983-07-01,18.31029510498047,13.880114555358887,19.33144187927246,31.101293563842773,5.01287841796875,5.810000896453857,38.715293884277344,18.458606719970703,43.86112594604492
1983-08-01,26.011432647705078,19.50383949279785,18.073190689086914,31.22066307067871,7.588339328765869,6.310553073883057,42.73786163330078,17.77458953857422,27.022367477416992
1983-09-01,23.64581871032715,22.820119857788086,24.25124168395996,31.51028823852539,7.035303592681885,5.558257102966309,29.412134170532227,11.817069053649902,23.33230209350586
1983-10-01,16.68783187866211,12.404413223266602,19.297948837280273,27.849559783935547,12.059100151062012,11.469500541687012,25.04212760925293,15.023652076721191,23.166309356689453
1983-11-01,13.863998413085938,15.70779037475586,15.087754249572754,17.0355281829834,15.519448280334473,7.462113380432129,22.906408309936523,12.242383003234863,21.715988159179688
1983-12-01,22.026195526123047,12.651522636413574,9.318412780761719,16.96790885925293,18.073200225830078,4.163403034210205,26.6943416595459,7.449439525604248,16.691478729248047
1984-01-01,8.15099048614502,10.949214935302734,1.3975697755813599,12.605162620544434,18.68536376953125,2.287581205368042,14.362605094909668,9.886518478393555,15.899446487426758
1984-02-01,9.687211990356445,3.182217836380005,4.0731000900268555,17.428882598876953,14.137982368469238,4.100671291351318,21.34201431274414,10.294082641601562,14.86783504486084
1984-03-01,21.00064468383789,9.051790237426758,7.180844306945801,12.416017532348633,11.23487663269043,6.829234600067139,18.40178871154785,2.4731013774871826,19.730337142944336
1984-04-01,23.987930297851562,13.062604904174805,11.994725227355957,17.019933700561523,8.749826431274414,6.645509243011475,26.6654052734375,3.543285369873047,22.912059783935547
1984-05-01,19.17939567565918,17.774871826171875,15.366658210754395,20.236209869384766,9.897971153259277,5.240839004516602,32.51891326904297,7.12398624420166,23.843351364135742
1984-06-01,24.278053283691406,20.18560218811035,12.694860458374023,19.200151443481445,12.096298217773438,2.5615060329437256,27.92812728881836,11.154391288757324,23.34323501586914
1984-07-01,16.847829818725586,17.792551040649414,18.74519920349121,15.688074111938477,6.112269401550293,7.059168815612793,25.64431381225586,15.258699417114258,30.14867401123047
1984-08-01,19.905855178833008,24.448955535888672,19.34542465209961,22.171295166015625,8.12022876739502,6.102758407592773,38.61761474609375,19.049392700195312,39.510581970214844
1984-09-01,27.8560791015625,24.336946487426758,18.79376792907715,19.984214782714844,9.466436386108398,5.660400390625,39.033573150634766,15.64743423461914,33.504756927490234
1984-10-01,22.61176872253418,19.65410804748535,8.545828819274902,12.969799041748047,19.296302795410156,5.53210973739624,32.50227737426758,12.173145294189453,21.404619216918945
1984-11-01,12.036471366882324,14.162781715393066,11.345142364501953,25.859899520874023,19.193973541259766,4.690779209136963,24.8366641998291,8.460840225219727,12.224188804626465
1984-12-01,8.287129402160645,14.864105224609375,11.637621879577637,15.610640525817871,15.474071502685547,7.083286762237549,19.831663131713867,4.624757289886475,20.870296478271484
1985-01-01,8.940725326538086,10.306167602539062,4.304322242736816,12.756089210510254,23.446237564086914,5.494303226470947,24.9285888671875,6.741361618041992,13.664966583251953
1985-02-01,7.346214294433594,5.761292934417725,5.404343128204346,16.537809371948242,28.78217887878418,7.131577968597412,14.797913551330566,7.674517631530762,16.45748519897461
1985-03-01,11.585387229919434,13.314476013183594,9.429925918579102,14.258883476257324,20.200775146484375,7.736074924468994,20.417936325073242,2.379281997680664,14.94729995727539
1985-04-01,12.975549697875977,14.350260734558105,7.215678691864014,21.632122039794922,16.546283721923828,5.6111040115356445,20.12027931213379,5.7688469886779785,26.186485290527344
1985-05-01,18.10410499572754,17.951210021972656,9.067267417907715,12.639249801635742,13.006507873535156,4.739402770996094,38.78678894042969,11.142131805419922,30.103416442871094
1985-06-01,26.2818546295166,20.61111831665039,16.538991928100586,13.411065101623535,10.778376579284668,8.94598388671875,39.82548141479492,15.249016761779785,26.100236892700195
1985-07-01,23.120485305786133,20.0720272064209,19.895099639892578,18.135643005371094,3.8628756999969482,3.7670600414276123,25.007692337036133,9.121879577636719,27.590023040771484
1985-08-01,21.21539306640625,14.79942512512207,21.467914581298828,21.909751892089844,9.378217697143555,3.8445992469787598,30.399555206298828,13.690546035766602,37.9633674621582
1985-09-01,19.336278915405273,24.35129737854004,16.687795639038086,15.818140029907227,5.91520357131958,6.315868377685547,31.60471534729004,15.27322769165039,29.51699447631836
1985-10-01,20.523706436157227,14.137467384338379,22.4497013092041,22.68401336669922,6.696811199188232,8.595355987548828,33.13650131225586,14.318915367126465,21.75621223449707
1985-11-01,19.700485229492188,15.362337112426758,11.17731761932373,11.491292953491211,7.581562519073486,6.206167697906494,24.067081451416016,12.83968734741211,19.89386749267578
1985-12-01,11.029706954956055,18.32399559020996,5.4186930656433105,17.85649871826172,22.807640075683594,3.056713342666626,20.398216247558594,9.120702743530273,19.64004135131836
1986-01-01,8.65818977355957,9.37158489227295,6.512302398681641,21.19144630432129,26.126598358154297,5.169200420379639,13.271405220031738,11.404696464538574,19.914188385009766
1986-02-01,8.632166862487793,7.945499420166016,7.65274715423584,15.88547420501709,14.127725601196289,5.8677544593811035,19.205896377563477,3.591510534286499,15.517256736755371
1986-03-01,6.116380214691162,7.149209499359131,2.7474348545074463,20.817930221557617,22.548538208007812,4.474832057952881,26.345699310302734,5.746074199676514,9.921181678771973
1986-04-01,14.794750213623047,13.78729248046875,4.799098014831543,11.514514923095703,20.592355728149414,7.2479963302612305,28.659807205200195,4.657411575317383,23.944793701171875
1986-05-01,23.787254333496094,17.328487396240234,14.213390350341797,14.659420013427734,7.23779821395874,5.659114360809326,30.777935028076172,7.064369201660156,25.217082977294922
1986-06-01,25.60028648376465,22.930627822875977,18.10096549987793,18.66558837890625,7.423075199127197,5.733739376068115,37.451995849609375,19.11313819885254,31.025218963623047
1986-07-01,28.43829345703125,15.551031112670898,18.045698165893555,18.3251953125,11.19063663482666,3.997150182723999,32.132530212402344,14.751799583435059,45.369815826416016
1986-08-01,18.450613021850586,17.37933921813965,16.27875518798828,21.07802391052246,6.935276031494141,4.593866348266602,35.54124450683594,16.68539810180664,47.08408737182617
1986-09-01,33.99822235107422,21.93497657775879,23.407804489135742,23.751523971557617,8.522613525390625,4.37477445602417,33.48470687866211,15.03715705871582,32.74580383300781
1986-10-01,22.067626953125,19.151561737060547,24.560209274291992,22.89309310913086,7.435318470001221,6.907515525817871,25.588117599487305,13.486891746520996,26.163700103759766
1986-11-01,14.532940864562988,20.4291934967041,15.82778549194336,20.658212661743164,10.506031036376953,3.560567617416382,23.50959014892578,10.337648391723633,14.39466667175293
1986-12-01,16.337594985961914,11.859496116638184,6.348490238189697,16.257808685302734,13.808006286621094,3.9250237941741943,26.87805938720703,13.76489543914795,17.874292373657227
1987-01-01,9.549206733703613,17.19586944580078,5.865740776062012,15.535435676574707,21.082582473754883,4.402317523956299,13.695474624633789,11.934287071228027,11.500611305236816
1987-02-01,9.680975914001465,13.3595609664917,5.897438049316406,11.862472534179688,20.300153732299805,4.573223114013672,23.313732147216797,10.552458763122559,13.990100860595703
1987-03-01,21.459932327270508,17.159873962402344,7.348078727722168,8.181591987609863,11.378693580627441,0.9332089424133301,25.75029182434082,8.506202697753906,15.671706199645996
1987-04-01,19.542247772216797,12.522866249084473,11.754514694213867,19.988525390625,9.94188404083252,3.543057680130005,31.290706634521484,5.2859416007995605,15.897820472717285
1987-05-01,28.88377571105957,22.50391387939453,17.412256240844727,22.75145721435547,4.066682815551758,3.3540098667144775,24.257003784179688,7.985361576080322,29.4650821685791
1987-06-01,26.389076232910156,19.946109771728516,24.04701042175293,16.78483772277832,5.885925769805908,5.021980285644531,37.83095169067383,15.664891242980957,26.93802833557129
1987-07-01,36.08113479614258,18.311477661132812,28.27094268798828,27.91968536376953,1.2062548398971558,3.4746716022491455,35.74477005004883,8.218416213989258,38.21241760253906
1987-08-01,30.388795852661133,15.80970573425293,27.99712371826172,22.987823486328125,1.9300047159194946,3.7654879093170166,37.159423828125,13.791227340698242,35.56267547607422
1987-09-01,29.123245239257812,19.63704490661621,30.17159652709961,26.989206314086914,5.26817512512207,3.374465227127075,37.34412384033203,12.095640182495117,25.073293685913086
1987-10-01,23.849716186523438,18.598312377929688,21.76762580871582,22.560739517211914,4.410240173339844,3.396580457687378,35.86370086669922,13.10303020477295,19.02104949951172
1987-11-01,19.39592170715332,19.25539207458496,17.882089614868164,19.34825897216797,6.750916481018066,6.674255847930908,24.924922943115234,15.133745193481445,25.793228149414062
1987-12-01,14.678205490112305,15.191876411437988,11.723967552185059,17.124267578125,14.204046249389648,2.066240072250366,18.729907989501953,11.376749992370605,14.902119636535645
1988-01-01,10.286802291870117,12.826787948608398,8.087911605834961,17.285552978515625,16.30055809020996,2.272029161453247,16.928890228271484,7.089659690856934,7.153055667877197
1988-02-01,10.050459861755371,14.083836555480957,6.983626365661621,10.5476655960083,26.990203857421875,8.02652645111084,19.722801208496094,9.543559074401855,28.444965362548828
1988-03-01,15.785798072814941,7.901381969451904,10.320906639099121,12.79442310333252,13.879034996032715,3.9369349479675293,30.209806442260742,7.040654182434082,18.741779327392578
1988-04-01,19.510967254638672,17.39402198791504,10.327033996582031,12.906830787658691,11.652932167053223,7.795007228851318,21.323951721191406,6.371173858642578,22.054523468017578
1988-05-01,20.080432891845703,17.217138290405273,14.016277313232422,22.133787155151367,12.078225135803223,6.396620750427246,17.468603134155273,10.042165756225586,22.03733253479004
1988-06-01,21.869230270385742,13.100431442260742,14.323031425476074,23.2675724029541,5.354229927062988,7.0693559646606445,27.398765563964844,9.460983276367188,20.79244041442871
1988-07-01,20.961233139038086,17.70695686340332,15.173349380493164,19.13147735595703,12.973849296569824,4.756527900695801,29.112415313720703,13.873201370239258,35.790000915527344
1988-08-01,23.38883399963379,14.333181381225586,22.749113082885742,29.182403564453125,4.653777599334717,8.02462100982666,33.908382415771484,17.1650333404541,34.64228820800781
1988-09-01,17.302894592285156,19.989858627319336,20.38257598876953,25.770841598510742,13.442238807678223,12.600773811340332,25.186391830444336,16.01296615600586,24.963523864746094
1988-10-01,12.398093223571777,20.685848236083984,13.804755210876465,24.29636573791504,21.076717376708984,9.361723899841309,29.529911041259766,9.893826484680176,16.852121353149414
1988-11-01,10.097050666809082,17.031923294067383,11.487947463989258,21.084001541137695,25.970497131347656,13.732426643371582,19.729259490966797,6.7770233154296875,20.302236557006836
1988-12-01,5.31673002243042,14.067205429077148,9.203747749328613,17.853689193725586,24.537628173828125,8.798577308654785,15.591339111328125,9.36226749420166,14.039674758911133
1989-01-01,3.016468048095703,7.279446601867676,1.3071244955062866,17.51787757873535,28.70458221435547,9.861983299255371,15.214788436889648,8.35752010345459,17.799633026123047
1989-02-01,6.201419353485107,13.189085960388184,4.075327396392822,14.574198722839355,35.54082107543945,13.835664749145508,13.464729309082031,6.953188419342041,18.06848907470703
1989-03-01,8.216564178466797,6.555147171020508,3.9869349002838135,17.53099822998047,16.008533477783203,4.4686360359191895,6.70930290222168,5.053796768188477,12.152608871459961
1989-04-01,11.344152450561523,13.624279022216797,6.408222675323486,18.590206146240234,22.698001861572266,7.634627342224121,17.59206771850586,7.458815097808838,22.324182510375977
1989-05-01,19.733577728271484,22.45243263244629,9.941667556762695,12.469324111938477,15.841822624206543,13.665494918823242,27.460494995117188,8.30575180053711,22.676464080810547
1989-06-01,16.9482421875,17.8355655670166,15.587868690490723,24.283071517944336,8.466907501220703,9.352420806884766,25.60233497619629,15.918622970581055,26.656471252441406
1989-07-01,17.58298110961914,21.314722061157227,12.657519340515137,18.14790153503418,10.091940879821777,9.647397994995117,30.116708755493164,15.836372375488281,40.990875244140625
1989-08-01,26.766475677490234,22.470705032348633,18.373027801513672,12.700790405273438,5.298964500427246,8.091470718383789,36.35631561279297,16.518718719482422,36.1031608581543
1989-09-01,25.85123634338379,15.855432510375977,24.988975524902344,29.94569969177246,5.103701114654541,5.901970386505127,29.66512680053711,17.8566951751709,24.72995376586914
1989-10-01,14.118453979492188,13.982579231262207,17.256315231323242,24.096824645996094,13.681824684143066,10.132847785949707,26.232269287109375,15.11214828491211,22.43848991394043
1989-11-01,22.663803100585938,12.271388053894043,13.383892059326172,11.114815711975098,20.75279998779297,9.169182777404785,30.34861946105957,11.726117134094238,21.541439056396484
1989-12-01,2.060061454772949,8.29046630859375,1.823350429534912,14.176485061645508,23.492586135864258,2.0770695209503174,20.28540802001953,11.294854164123535,12.597046852111816
1990-01-01,4.339926719665527,9.061518669128418,8.203685760498047,15.193680763244629,32.36281204223633,6.289734840393066,10.532469749450684,7.406527519226074,9.092658042907715
1990-02-01,4.08067512512207,19.6119327545166,7.871201515197754,14.163481712341309,18.145252227783203,4.125373840332031,12.109610557556152,9.3433198928833,14.578683853149414
1990-03-01,9.004958152770996,18.34889793395996,8.392072677612305,14.141807556152344,23.307390213012695,7.016870498657227,17.112112045288086,10.575944900512695,18.759801864624023
1990-04-01,20.63060760498047,15.754050254821777,10.470192909240723,16.021034240722656,19.216522216796875,8.890676498413086,18.38438606262207,10.01407527923584,17.048416137695312
1990-05-01,12.856986045837402,19.036540985107422,14.971235275268555,20.10079002380371,10.999329566955566,13.172906875610352,23.577709197998047,14.031035423278809,25.149866104125977
1990-06-01,26.28063201904297,24.886669158935547,17.11041259765625,17.003177642822266,8.454740524291992,6.967604160308838,34.43864440917969,13.571763038635254,41.37919235229492
1990-07-01,24.66485023498535,24.879358291625977,21.037031173706055,22.47110939025879,6.406996250152588,4.321474552154541,36.41301727294922,13.770030975341797,36.84967041015625
1990-08-01,22.76677703857422,17.34911346435547,19.949241638183594,22.843246459960938,5.946753978729248,5.288173198699951,31.067380905151367,12.758244514465332,42.49985885620117
1990-09-01,29.397199630737305,17.223947525024414,19.370418548583984,11.351823806762695,4.7567973136901855,6.433028221130371,40.070335388183594,12.347818374633789,30.809722900390625
1990-10-01,20.644258499145508,19.708486557006836,15.489940643310547,22.19260025024414,7.320038318634033,6.030645847320557,36.268131256103516,15.09898567199707,22.50374984741211
1990-11-01,17.522159576416016,14.202714920043945,15.760224342346191,23.610485076904297,15.138046264648438,3.0867068767547607,26.96088218688965,17.532859802246094,16.276914596557617
1990-12-01,14.17961311340332,14.878629684448242,11.61116886138916,14.322487831115723,13.39107894897461,5.223946571350098,17.19197654724121,7.957570552825928,17.977277755737305
1991-01-01,7.569656848907471,13.280403137207031,4.007561683654785,20.325193405151367,22.164098739624023,3.0751430988311768,15.920331954956055,8.029784202575684,20.894325256347656
1991-02-01,4.936331272125244,17.969636917114258,5.545982360839844,23.188514709472656,28.181312561035156,5.528974533081055,14.00101089477539,11.386929512023926,12.602484703063965
1991-03-01,16.830114364624023,9.504429817199707,6.65591287612915,14.03719425201416,17.845378875732422,3.329986095428467,19.50201988220215,2.33857798576355,25.82952880859375
1991-04-01,21.990659713745117,14.865323066711426,12.826715469360352,12.77220344543457,10.929110527038574,3.8460261821746826,29.8586368560791,7.008249759674072,15.808053016662598
1991-05-01,33.34891891479492,13.844114303588867,19.73641586303711,20.331039428710938,5.2587714195251465,0.8537206053733826,39.7728271484375,6.278107643127441,23.17801856994629
1991-06-01,27.579219818115234,20.58404541015625,21.796342849731445,21.860595703125,4.338247776031494,9.33069896697998,27.64693260192871,13.29697322845459,27.220739364624023
1991-07-01,23.725128173828125,15.005536079406738,19.820270538330078,22.62116241455078,9.021706581115723,1.2700759172439575,34.289337158203125,13.942831039428711,37.80195236206055
1991-08-01,17.241565704345703,21.76456642150879,17.479576110839844,28.393835067749023,10.31920051574707,5.043652534484863,32.51446533203125,17.61330795288086,36.991878509521484
1991-09-01,25.68911361694336,13.908303260803223,27.924312591552734,17.929187774658203,0.08088482171297073,2.6175570487976074,39.26686096191406,12.498922348022461,29.915693283081055
1991-10-01,25.364221572875977,18.122055053710938,21.995315551757812,24.557458877563477,8.064963340759277,3.353152275085449,38.22249984741211,12.650250434875488,19.907272338867188
1991-11-01,9.019716262817383,16.304128646850586,7.532642841339111,14.867108345031738,18.82865333557129,1.9973089694976807,25.046205520629883,16.54459571838379,23.12779998779297
1991-12-01,20.347993850708008,17.460147857666016,10.747272491455078,11.287911415100098,14.54407787322998,3.1367294788360596,23.013059616088867,10.037613868713379,11.406003952026367
1992-01-01,11.995368957519531,15.295533180236816,10.348169326782227,7.669672012329102,14.836477279663086,4.841279029846191,10.80237865447998,8.471148490905762,14.086479187011719
1992-02-01,11.964021682739258,11.031403541564941,14.193289756774902,17.20441436767578,4.932013034820557,1.4096165895462036,8.575325965881348,6.192932605743408,11.593973159790039
1992-03-01,15.366876602172852,19.37531089782715,7.211884498596191,6.715632438659668,15.84231185913086,6.362871170043945,12.279013633728027,5.170499324798584,14.579851150512695
1992-04-01,15.512747764587402,22.383426666259766,10.836806297302246,18.989938735961914,9.279047012329102,0.9562379717826843,28.899682998657227,9.851354598999023,17.4930477142334
1992-05-01,13.766657829284668,15.539020538330078,16.477149963378906,28.56979751586914,9.365445137023926,1.5232510566711426,28.708789825439453,15.544468879699707,26.484163284301758
1992-06-01,24.408477783203125,23.441295623779297,18.91542625427246,18.22442626953125,10.171497344970703,4.711004734039307,35.7293815612793,16.499149322509766,29.588624954223633
1992-07-01,28.846607208251953,22.07144546508789,19.19727325439453,24.18161392211914,2.3132293224334717,2.011817693710327,29.353796005249023,9.797757148742676,34.982025146484375
1992-08-01,25.294620513916016,21.380817413330078,14.649444580078125,20.06584358215332,11.233063697814941,4.913597106933594,30.69719696044922,14.792271614074707,40.491722106933594
1992-09-01,20.523305892944336,24.13612174987793,19.962766647338867,29.979175567626953,1.8687819242477417,1.2613991498947144,29.414705276489258,14.738348960876465,41.13765335083008
1992-10-01,15.49655818939209,13.53316879272461,11.645984649658203,18.158639907836914,17.31973648071289,2.168306350708008,34.9324951171875,15.9715576171875,20.703289031982422
1992-11-01,24.055795669555664,22.11564826965332,11.250507354736328,9.01845932006836,11.354185104370117,3.098644256591797,29.355791091918945,10.486028671264648,20.855060577392578
1992-12-01,16.47785186767578,15.442296028137207,9.810853004455566,13.530742645263672,17.19024085998535,1.6334421634674072,20.382986068725586,13.317647933959961,14.263335227966309
1993-01-01,14.464910507202148,11.133376121520996,9.36082935333252,5.826915264129639,9.006336212158203,0.19554154574871063,10.185628890991211,5.370242595672607,9.251588821411133
1993-02-01,12.538839340209961,14.253751754760742,7.84200382232666,14.695732116699219,15.333208084106445,4.5641045570373535,15.143476486206055,6.468728065490723,16.268264770507812
1993-03-01,15.519857406616211,9.252473831176758,7.312211036682129,16.765718460083008,19.013547897338867,7.236384391784668,20.921825408935547,4.638144493103027,19.86779022216797
1993-04-01,23.913578033447266,11.550942420959473,11.715027809143066,13.976509094238281,12.00557804107666,1.0732591152191162,33.416290283203125,6.580074787139893,14.864151000976562
1993-05-01,24.572053909301758,20.158926010131836,15.34726333618164,19.459741592407227,6.856861114501953,2.0854032039642334,35.11586380004883,10.864892959594727,20.406810760498047
1993-06-01,28.89515495300293,13.450186729431152,25.551410675048828,17.26177978515625,4.9991865158081055,4.714564323425293,36.15668487548828,13.085638046264648,37.86466979980469
1993-07-01,31.192440032958984,20.679136276245117,21.552791595458984,17.78352928161621,8.245326042175293,3.751934766769409,31.47779655456543,12.926260948181152,34.856910705566406
1993-08-01,40.448909759521484,19.33817481994629,23.20820426940918,18.896696090698242,3.619004249572754,3.0720629692077637,29.86313247680664,8.75110149383545,36.3380126953125
1993-09-01,29.7187442779541,12.36860179901123,21.03323745727539,27.217844009399414,2.9498722553253174,1.3047844171524048,34.36061477661133,10.682332992553711,33.13420104980469
1993-10-01,27.717884063720703,14.996867179870605,21.27214241027832,19.585369110107422,10.127267837524414,3.511401414871216,26.236371994018555,11.152255058288574,23.37700843811035
1993-11-01,15.418329238891602,17.725852966308594,14.608783721923828,21.582706451416016,10.128748893737793,2.582799196243286,21.10886573791504,15.42377758026123,15.5678071975708
1993-12-01,10.20557975769043,15.790316581726074,7.063704490661621,21.172334671020508,24.049633026123047,3.001908779144287,18.084659576416016,11.38715934753418,19.769994735717773
1994-01-01,12.452223777770996,15.53719425201416,4.6884989738464355,14.488017082214355,19.869281768798828,5.869254112243652,20.20790672302246,4.471964359283447,17.010387420654297
1994-02-01,8.835777282714844,8.75001049041748,6.452341079711914,16.515117645263672,21.731454849243164,4.104909420013428,15.688064575195312,3.70752215385437,17.46490478515625
1994-03-01,11.86024284362793,5.599329948425293,3.9512829780578613,13.650973320007324,22.224653244018555,5.092114448547363,15.159444808959961,6.576251029968262,25.7882022857666
1994-04-01,18.316007614135742,14.366120338439941,6.758546352386475,13.390364646911621,14.321091651916504,2.339967727661133,29.756629943847656,8.544859886169434,17.212583541870117
1994-05-01,28.455154418945312,14.559648513793945,20.281696319580078,23.09161376953125,8.64813232421875,2.3677666187286377,33.54425811767578,6.98541259765625,33.336448669433594
1994-06-01,28.47977638244629,17.857677459716797,17.51665687561035,14.951132774353027,5.049815654754639,5.361041069030762,32.206871032714844,12.641120910644531,32.07028579711914
1994-07-01,26.664243698120117,11.989250183105469,18.197006225585938,19.310815811157227,7.100467681884766,2.916841745376587,38.54593276977539,13.359419822692871,39.4975471496582
1994-08-01,28.480327606201172,15.665351867675781,18.305788040161133,18.41599464416504,3.698279619216919,1.0113542079925537,30.305797576904297,11.568427085876465,38.6442756652832
1994-09-01,28.84635353088379,16.40302848815918,26.339920043945312,18.022953033447266,9.265311241149902,3.6759397983551025,42.72548294067383,11.17490005493164,30.86391830444336
1994-10-01,19.200275421142578,16.848918914794922,26.72469711303711,25.73395347595215,6.25473165512085,2.5557191371917725,37.372352600097656,14.450634956359863,18.003232955932617
1994-11-01,16.7291259765625,16.275693893432617,15.202306747436523,17.48961067199707,7.1733222007751465,4.137787342071533,25.99881362915039,13.483539581298828,18.189403533935547
1994-12-01,14.32359504699707,10.988835334777832,6.883090019226074,14.79656982421875,20.71656608581543,4.500187873840332,30.2376708984375,14.308606147766113,9.526318550109863
1995-01-01,12.540152549743652,9.593523025512695,8.539844512939453,13.09596061706543,20.890790939331055,3.1732211112976074,16.994770050048828,10.084826469421387,14.285969734191895
1995-02-01,14.305643081665039,9.82185173034668,7.557313442230225,19.10481834411621,18.526559829711914,3.6463675498962402,16.943462371826172,9.029573440551758,19.223512649536133
1995-03-01,13.973620414733887,13.453536987304688,7.533725261688232,19.45863151550293,23.671066284179688,3.7910971641540527,20.054384231567383,7.404166221618652,16.852947235107422
1995-04-01,20.11168670654297,16.15738868713379,12.817211151123047,12.652527809143066,12.02169132232666,5.871469497680664,31.50066566467285,8.96315860748291,25.203786849975586
1995-05-01,25.941551208496094,14.247400283813477,20.23721694946289,15.737293243408203,6.995640754699707,7.665492534637451,28.868566513061523,10.39384651184082,35.22237014770508
1995-06-01,27.06389617919922,19.89476203918457,23.367076873779297,20.36887550354004,10.911016464233398,6.98799467086792,31.21974754333496,12.940519332885742,32.32554244995117
1995-07-01,17.870969772338867,15.622401237487793,19.61052894592285,35.70357894897461,8.544660568237305,3.7346293926239014,28.364477157592773,15.863377571105957,39.31869125366211
1995-08-01,26.46989631652832,15.4776611328125,20.548112869262695,29.347570419311523,8.378164291381836,6.801042556762695,27.31608772277832,11.800299644470215,22.58186149597168
1995-09-01,27.441852569580078,14.89870834350586,19.107837677001953,23.462541580200195,4.376521587371826,9.444680213928223,35.23298645019531,11.94082260131836,28.632301330566406
1995-10-01,23.963768005371094,12.671974182128906,19.21540069580078,23.868627548217773,11.5684232711792,4.609683990478516,26.88934898376465,11.9686279296875,24.184471130371094
1995-11-01,9.822503089904785,16.688419342041016,10.479153633117676,16.64442253112793,20.06817054748535,7.799661636352539,11.61013126373291,12.633384704589844,13.930047988891602
1995-12-01,15.053237915039062,11.439617156982422,10.010553359985352,13.299467086791992,8.884864807128906,3.2345337867736816,14.60348892211914,7.769561290740967,18.30588150024414
1996-01-01,7.599979400634766,9.510442733764648,8.131945610046387,16.745006561279297,32.58037567138672,4.399257659912109,14.648077011108398,11.722439765930176,22.599082946777344
1996-02-01,6.321453094482422,8.390470504760742,8.789013862609863,19.12774085998535,29.039331436157227,3.1626429557800293,14.213199615478516,7.2250237464904785,13.51572322845459
1996-03-01,3.924231767654419,6.434205055236816,5.734893321990967,26.140356063842773,20.85916519165039,7.128668308258057,16.26085090637207,8.990424156188965,27.976329803466797
1996-04-01,16.14652442932129,14.692526817321777,11.127897262573242,15.391267776489258,15.284638404846191,8.030864715576172,16.49099349975586,10.931319236755371,24.729816436767578
1996-05-01,20.783126831054688,16.983366012573242,14.543844223022461,20.788707733154297,13.466808319091797,7.387472629547119,32.13766098022461,7.372042179107666,26.162662506103516
1996-06-01,23.113122940063477,20.070268630981445,20.86702537536621,22.051923751831055,8.387578964233398,11.99055290222168,35.085243225097656,17.483139038085938,28.302589416503906
1996-07-01,17.962003707885742,21.70632553100586,19.732938766479492,24.14555549621582,13.544442176818848,9.171935081481934,26.659635543823242,16.429018020629883,29.589155197143555
1996-08-01,21.60348129272461,17.243526458740234,20.266643524169922,30.533958435058594,6.766354560852051,7.480978965759277,24.31464958190918,13.520320892333984,34.061195373535156
1996-09-01,20.797868728637695,18.422548294067383,21.17818260192871,23.86370277404785,5.638400554656982,8.073064804077148,26.387367248535156,14.130661010742188,23.888113021850586
1996-10-01,19.811725616455078,14.95815658569336,19.509374618530273,23.618270874023438,12.767770767211914,8.20189380645752,28.70245361328125,13.646403312683105,19.610671997070312
1996-11-01,15.31962776184082,14.282761573791504,13.18979263305664,15.284411430358887,17.619606018066406,5.73863410949707,27.568744659423828,14.00680923461914,17.03647232055664
1996-12-01,9.266985893249512,15.51255989074707,10.839388847351074,16.345308303833008,19.31133460998535,4.953380107879639,14.953319549560547,7.194445610046387,21.102182388305664
1997-01-01,7.434170722961426,7.616209030151367,5.2313232421875,15.512518882751465,23.33677864074707,5.103553295135498,16.35089874267578,8.58060073852539,15.572259902954102
1997-02-01,3.607264518737793,7.5378899574279785,3.0678279399871826,16.98322105407715,39.766910552978516,5.262341022491455,10.008195877075195,9.180425643920898,9.101438522338867
1997-03-01,12.994744300842285,18.415241241455078,5.736155986785889,6.816601753234863,25.0422306060791,6.784960746765137,10.689132690429688,6.108659267425537,22.677881240844727
1997-04-01,25.640148162841797,19.06435775756836,12.086288452148438,10.777222633361816,16.979215621948242,4.5917487144470215,36.43844985961914,8.851709365844727,14.654563903808594
1997-05-01,26.63055992126465,18.149471282958984,16.153732299804688,18.40087127685547,11.769817352294922,4.409907341003418,26.118465423583984,15.431656837463379,23.299549102783203
1997-06-01,28.87531280517578,12.195093154907227,21.988967895507812,22.33208465576172,3.3739311695098877,4.500391006469727,39.57237243652344,10.576315879821777,23.386638641357422
1997-07-01,33.460655212402344,18.73943519592285,28.249465942382812,29.76848793029785,6.460653305053711,4.7827959060668945,38.85129165649414,12.26547622680664,36.669219970703125
1997-08-01,37.991641998291016,16.150941848754883,24.751728057861328,21.715574264526367,3.8654356002807617,1.5582865476608276,42.62289810180664,8.747978210449219,40.032737731933594
1997-09-01,35.97412109375,16.235275268554688,31.540130615234375,29.754636764526367,4.070838451385498,2.559572696685791,42.9443244934082,7.992898464202881,28.016542434692383
1997-10-01,15.536044120788574,14.833322525024414,25.883251190185547,33.5265998840332,6.743210792541504,6.073613166809082,38.45375442504883,12.33276653289795,15.46715259552002
1997-11-01,24.48442268371582,12.173831939697266,21.014310836791992,26.503616333007812,3.0717780590057373,2.368150472640991,22.528738021850586,6.002519607543945,11.851129531860352
1997-12-01,11.620823860168457,12.618644714355469,21.202613830566406,28.04412269592285,6.123323917388916,2.4458682537078857,17.49155044555664,8.613837242126465,11.62212085723877
1998-01-01,11.834596633911133,10.282649040222168,19.367656707763672,21.29693031311035,7.453771591186523,6.221131801605225,18.252655029296875,4.362539768218994,14.980429649353027
1998-02-01,24.23984146118164,9.16036319732666,13.030086517333984,19.0779972076416,1.9581096172332764,2.484405517578125,13.90434741973877,6.415563583374023,11.710317611694336
1998-03-01,23.608028411865234,8.827598571777344,18.53073501586914,20.794532775878906,2.057725429534912,8.973938941955566,23.952713012695312,4.471904277801514,11.161601066589355
1998-04-01,30.679182052612305,9.541153907775879,24.99485969543457,24.88493537902832,4.349918842315674,3.0437700748443604,16.17725372314453,8.974510192871094,21.741966247558594
1998-05-01,29.778745651245117,14.394770622253418,25.175655364990234,23.453943252563477,2.6481075286865234,7.708069324493408,18.45412826538086,10.61115837097168,19.66026496887207
1998-06-01,27.02539825439453,20.731958389282227,19.345447540283203,25.006214141845703,7.428565979003906,10.472113609313965,24.814319610595703,12.525581359863281,28.852930068969727
1998-07-01,18.376296997070312,15.360578536987305,19.26847267150879,33.340328216552734,9.449811935424805,7.577003002166748,28.00429916381836,17.950029373168945,33.46847915649414
1998-08-01,18.89926528930664,20.390642166137695,23.573257446289062,26.991708755493164,3.9024641513824463,3.401855707168579,26.545942306518555,13.862333297729492,26.235145568847656
1998-09-01,23.74639892578125,18.234272003173828,20.038898468017578,28.018478393554688,5.288525581359863,13.91164493560791,20.344518661499023,15.91596794128418,26.64272117614746
1998-10-01,12.640264511108398,19.63142204284668,15.229828834533691,23.831212997436523,12.82170581817627,9.475852966308594,16.84033966064453,15.885628700256348,26.15315818786621
1998-11-01,12.363420486450195,16.122726440429688,12.387051582336426,22.75586700439453,20.01011085510254,9.25898551940918,21.555524826049805,7.236315727233887,19.31900978088379
1998-12-01,12.630170822143555,13.911516189575195,4.623076438903809,19.866010665893555,19.46956443786621,7.141778945922852,17.131633758544922,5.457783222198486,18.752500534057617
1999-01-01,7.414395332336426,7.093839168548584,3.713989019393921,17.53338623046875,30.45537567138672,7.747078895568848,14.98127269744873,9.46716022491455,13.101802825927734
1999-02-01,7.0131988525390625,8.857358932495117,5.3223137855529785,11.893940925598145,33.28095626831055,9.25377368927002,11.534028053283691,12.44766616821289,14.425600051879883
1999-03-01,14.382743835449219,5.56679105758667,8.701676368713379,22.23478126525879,7.16762113571167,7.103661060333252,15.09351634979248,3.129699945449829,15.223081588745117
1999-04-01,20.155275344848633,15.245076179504395,9.558550834655762,17.65838050842285,13.263299942016602,8.5158052444458,26.369260787963867,2.168372631072998,30.656145095825195
1999-05-01,23.061491012573242,11.685699462890625,13.363204956054688,19.440174102783203,14.93305492401123,5.596294403076172,28.08761215209961,7.240420818328857,17.099374771118164
1999-06-01,28.10427474975586,17.91661262512207,14.132038116455078,18.183589935302734,7.69368839263916,7.102949142456055,40.069705963134766,10.648199081420898,32.08939743041992
1999-07-01,21.885852813720703,24.927492141723633,14.723811149597168,19.51722526550293,13.54175090789795,9.177595138549805,25.200786590576172,12.203145027160645,35.163333892822266
1999-08-01,34.73616027832031,19.191181182861328,19.51268196105957,21.767242431640625,4.769506454467773,15.251944541931152,34.254024505615234,10.760968208312988,30.806974411010742
1999-09-01,25.39297103881836,16.16815757751465,21.065895080566406,24.30496597290039,7.122413635253906,6.9738054275512695,30.2308406829834,11.324342727661133,25.2719783782959
1999-10-01,22.10578155517578,14.533409118652344,14.286681175231934,25.652856826782227,16.273649215698242,12.643342971801758,22.28575897216797,13.287091255187988,21.57720184326172
1999-11-01,12.245737075805664,19.432701110839844,11.386784553527832,15.18277645111084,24.985233306884766,10.067557334899902,28.706600189208984,11.705419540405273,30.343852996826172
1999-12-01,12.68622875213623,20.05364990234375,12.528663635253906,11.73383617401123,24.023326873779297,4.663392066955566,20.198272705078125,5.432704925537109,20.453157424926758
2000-01-01,8.749832153320312,15.07294750213623,6.031242847442627,19.333480834960938,27.705516815185547,5.745194911956787,18.903715133666992,8.69614028930664,13.936370849609375
2000-02-01,8.196551322937012,6.494555473327637,2.546279191970825,15.514691352844238,24.367704391479492,6.087637901306152,13.364704132080078,7.454433917999268,13.591940879821777
2000-03-01,5.467350959777832,6.298559665679932,6.597970008850098,18.89420509338379,6.422580718994141,5.600170612335205,12.943601608276367,6.296273708343506,7.261692047119141
2000-04-01,12.087034225463867,14.159541130065918,5.87639045715332,14.053646087646484,13.146903038024902,4.282829284667969,21.590484619140625,4.96191930770874,30.411205291748047
2000-05-01,25.327184677124023,20.612876892089844,12.782760620117188,21.294147491455078,8.670698165893555,8.331787109375,17.24809455871582,4.6421637535095215,28.280075073242188
2000-06-01,22.233360290527344,25.046470642089844,11.074341773986816,13.083104133605957,13.894652366638184,5.886318683624268,32.13359069824219,10.039405822753906,34.026851654052734
2000-07-01,23.807785034179688,26.414222717285156,17.244813919067383,15.945141792297363,6.3900861740112305,5.531583309173584,33.86414337158203,15.905609130859375,40.118064880371094
2000-08-01,20.72654151916504,20.419260025024414,18.810304641723633,31.02688217163086,10.868042945861816,8.58626937866211,33.86739730834961,17.201154708862305,40.459598541259766
2000-09-01,17.849018096923828,15.292318344116211,20.587413787841797,24.90125846862793,4.707888126373291,5.062305927276611,36.15479278564453,15.219837188720703,22.053733825683594
2000-10-01,21.424564361572266,12.51636791229248,15.039939880371094,18.704967498779297,16.668445587158203,13.148972511291504,25.1849422454834,16.746492385864258,21.07069206237793
2000-11-01,15.93100643157959,24.378061294555664,12.433908462524414,16.55556869506836,13.758992195129395,6.833438873291016,24.466466903686523,12.08733081817627,17.21625518798828
2000-12-01,15.238526344299316,13.722275733947754,6.83689546585083,11.557385444641113,13.796249389648438,4.645715236663818,18.59265899658203,8.643027305603027,21.946735382080078
2001-01-01,6.574347496032715,4.576507568359375,5.449916362762451,18.480941772460938,25.61322593688965,5.822845935821533,16.09087562561035,8.205294609069824,9.964539527893066
2001-02-01,2.423394203186035,10.973747253417969,5.349282264709473,11.87756633758545,25.83891487121582,9.731945037841797,7.359489917755127,6.07427453994751,9.246407508850098
2001-03-01,7.281862735748291,7.855441570281982,4.375637531280518,19.1214599609375,12.864590644836426,4.315393447875977,12.963332176208496,5.579888820648193,16.495859146118164
2001-04-01,16.626901626586914,8.977631568908691,11.519474029541016,18.168964385986328,14.652347564697266,6.1752610206604,22.7073917388916,6.040726184844971,24.9639949798584
2001-05-01,17.8076114654541,19.23337173461914,14.478212356567383,17.092479705810547,12.317188262939453,4.332785606384277,36.045127868652344,11.846761703491211,29.37651824951172
2001-06-01,22.989370346069336,13.33139705657959,17.903491973876953,21.230688095092773,12.241287231445312,6.256112098693848,42.27140426635742,8.613286972045898,26.96408462524414
2001-07-01,32.974517822265625,17.12911605834961,18.056358337402344,14.840401649475098,8.82535457611084,6.282708644866943,36.6280632019043,13.053525924682617,37.67215347290039
2001-08-01,21.477510452270508,19.44690704345703,16.659704208374023,16.63832664489746,15.264229774475098,10.484792709350586,32.096736907958984,16.199993133544922,31.024328231811523
2001-09-01,23.643516540527344,15.304771423339844,21.80877113342285,29.486682891845703,4.03628396987915,6.061760902404785,34.937198638916016,15.479921340942383,22.960792541503906
2001-10-01,20.977399826049805,15.459686279296875,17.99449920654297,20.45125389099121,10.693338394165039,5.353560447692871,28.717021942138672,16.395994186401367,26.272903442382812
2001-11-01,14.08165454864502,18.589433670043945,15.32983684539795,19.80803680419922,18.78467559814453,7.013383865356445,20.17853546142578,16.082948684692383,21.173341751098633
2001-12-01,15.023154258728027,16.29868507385254,7.417670249938965,8.548733711242676,12.082979202270508,3.0162127017974854,19.27941131591797,11.511046409606934,26.268510818481445
2002-01-01,8.250911712646484,15.632084846496582,5.264398097991943,15.70977783203125,26.93503761291504,5.212076187133789,17.656265258789062,9.475532531738281,15.429068565368652
2002-02-01,6.558066368103027,17.654451370239258,6.346117973327637,19.827512741088867,32.178627014160156,7.59913444519043,13.425153732299805,8.225288391113281,25.315902709960938
2002-03-01,11.144021987915039,13.83462905883789,1.9191153049468994,13.37315559387207,25.238807678222656,4.516465663909912,21.971559524536133,6.572811603546143,13.440958023071289
2002-04-01,15.863658905029297,11.257418632507324,6.315018177032471,18.143781661987305,17.175519943237305,3.041569232940674,27.86484146118164,5.370983123779297,23.018484115600586
2002-05-01,22.014753341674805,17.069643020629883,15.294530868530273,23.206472396850586,9.981437683105469,0.6427873969078064,34.694488525390625,9.881855010986328,25.83323860168457
2002-06-01,21.46832847595215,19.62150001525879,19.183486938476562,26.305845260620117,9.54699420928955,5.750463485717773,26.774778366088867,12.970478057861328,27.090782165527344
2002-07-01,31.895301818847656,20.578575134277344,18.630746841430664,20.182449340820312,5.287044525146484,4.25239372253418,35.83048629760742,9.110929489135742,33.837554931640625
2002-08-01,27.734603881835938,19.41254234313965,15.624773025512695,12.490687370300293,12.31794261932373,3.6657016277313232,30.549747467041016,13.7403564453125,32.61189651489258
2002-09-01,29.550867080688477,16.202922821044922,21.099210739135742,14.775762557983398,3.282452344894409,2.573802947998047,37.50541305541992,13.275558471679688,29.798473358154297
2002-10-01,25.877920150756836,18.009319305419922,21.296775817871094,18.783241271972656,5.823784828186035,2.1011404991149902,37.39336013793945,9.05807113647461,23.91376304626465
2002-11-01,19.07292366027832,12.607284545898438,15.190078735351562,22.816192626953125,10.11164379119873,1.7798417806625366,30.921457290649414,12.355448722839355,11.73290729522705
2002-12-01,22.246686935424805,12.11817741394043,10.170968055725098,14.770745277404785,16.767988204956055,6.013293266296387,24.148155212402344,10.29129695892334,16.65717887878418
2003-01-01,10.575798034667969,11.498332977294922,9.468979835510254,20.497690200805664,27.39365577697754,4.316638469696045,26.061784744262695,11.454025268554688,13.991738319396973
2003-02-01,6.478349685668945,9.042160987854004,12.232629776000977,17.26845932006836,17.074596405029297,2.3869364261627197,14.7044038772583,7.633558750152588,15.797370910644531
2003-03-01,21.55535125732422,6.383362293243408,7.01535701751709,12.095558166503906,16.898632049560547,5.639225482940674,22.4736270904541,6.90903902053833,23.976097106933594
2003-04-01,14.927968978881836,14.534811019897461,12.133042335510254,16.358835220336914,14.95572566986084,4.821663856506348,27.666759490966797,6.455944538116455,19.10837745666504
2003-05-01,15.350934028625488,15.636449813842773,18.103288650512695,16.15494155883789,12.226578712463379,7.8925909996032715,29.71273422241211,7.495937347412109,23.137487411499023
2003-06-01,34.8332633972168,11.473649024963379,17.304765701293945,20.51677703857422,4.978933811187744,3.495272159576416,29.573827743530273,9.33423137664795,39.32981872558594
2003-07-01,27.20262336730957,17.291465759277344,16.613664627075195,22.045257568359375,11.681953430175781,6.476922512054443,35.14140701293945,12.882084846496582,40.65192794799805
2003-08-01,29.083820343017578,25.925458908081055,21.879270553588867,20.28957176208496,9.636455535888672,5.235321998596191,36.05253601074219,15.778532028198242,43.144989013671875
2003-09-01,25.698806762695312,21.974227905273438,23.175148010253906,21.059873580932617,3.755915641784668,8.513884544372559,32.55574417114258,16.041732788085938,31.230600357055664
2003-10-01,16.916858673095703,20.80650520324707,14.289607048034668,21.021909713745117,9.936638832092285,5.786890029907227,41.173004150390625,14.378278732299805,23.873611450195312
2003-11-01,19.61109733581543,18.40252685546875,15.517606735229492,9.893630027770996,13.446449279785156,3.791851043701172,33.87653350830078,8.491548538208008,15.977113723754883
2003-12-01,14.953232765197754,14.467155456542969,13.30327033996582,22.363780975341797,20.330869674682617,5.147459030151367,16.972898483276367,11.045926094055176,11.186627388000488
2004-01-01,12.84093952178955,16.696517944335938,6.800311088562012,13.065266609191895,11.534647941589355,0.7715837955474854,12.14572811126709,7.51754903793335,16.85830307006836
2004-02-01,6.225808143615723,9.862895011901855,1.3633142709732056,18.014225006103516,25.280078887939453,5.998085975646973,5.653863906860352,10.32387924194336,11.766322135925293
2004-03-01,10.647868156433105,17.503990173339844,8.608777046203613,15.005318641662598,25.336101531982422,6.3785200119018555,14.481769561767578,5.21464729309082,13.754311561584473
2004-04-01,17.117094039916992,15.180341720581055,9.573953628540039,8.040176391601562,13.546028137207031,6.405797481536865,31.457155227661133,2.467113733291626,20.779478073120117
2004-05-01,25.33867835998535,19.045368194580078,15.821913719177246,24.397886276245117,11.783973693847656,14.48790168762207,31.724550247192383,12.546156883239746,36.302791595458984
2004-06-01,27.646055221557617,14.201619148254395,16.15797996520996,12.137545585632324,13.59522819519043,6.240367889404297,29.67131996154785,8.628314018249512,30.166662216186523
2004-07-01,22.720081329345703,19.052043914794922,17.78201675415039,20.104337692260742,5.521693706512451,3.6335718631744385,34.33409118652344,12.840344429016113,30.416156768798828
2004-08-01,21.599075317382812,18.897916793823242,21.75296401977539,20.812299728393555,12.885601997375488,5.176114082336426,39.32680892944336,14.126303672790527,43.558441162109375
2004-09-01,29.028667449951172,12.898768424987793,23.84834098815918,21.75171661376953,2.5283291339874268,4.564054012298584,36.065650939941406,11.052567481994629,28.16398811340332
2004-10-01,24.097902297973633,18.662158966064453,20.639204025268555,24.381195068359375,6.0085062980651855,3.7630269527435303,31.421728134155273,12.165078163146973,20.65069580078125
2004-11-01,21.953760147094727,15.610030174255371,17.519201278686523,16.99725914001465,11.014199256896973,1.8379446268081665,28.823766708374023,9.528641700744629,12.012036323547363
2004-12-01,14.758899688720703,13.59601879119873,17.195215225219727,16.72887420654297,9.779816627502441,2.397512197494507,22.480947494506836,6.651545524597168,17.115938186645508
2005-01-01,9.807046890258789,14.686164855957031,6.9962263107299805,17.55474853515625,23.433961868286133,5.338760852813721,13.522859573364258,9.750789642333984,22.408790588378906
2005-02-01,10.881038665771484,16.67584991455078,4.534214973449707,11.965500831604004,9.605889320373535,3.5212278366088867,17.131227493286133,7.956038951873779,12.749197006225586
2005-03-01,17.012544631958008,10.342459678649902,7.899987697601318,14.389928817749023,16.029464721679688,4.043276309967041,26.584407806396484,6.702896595001221,13.170602798461914
2005-04-01,23.802303314208984,18.365463256835938,12.059383392333984,21.242387771606445,16.686010360717773,7.166848182678223,28.163524627685547,6.694041728973389,18.671274185180664
2005-05-01,25.965421676635742,13.654364585876465,18.36656379699707,20.406755447387695,6.807605266571045,6.453145980834961,29.55650520324707,12.637419700622559,16.872854232788086
2005-06-01,25.117036819458008,20.874876022338867,22.741674423217773,23.58338737487793,5.480930328369141,9.84164047241211,33.85181427001953,14.182093620300293,32.72500228881836
2005-07-01,31.792491912841797,17.464876174926758,22.404033660888672,31.141996383666992,11.239269256591797,8.099647521972656,31.520751953125,11.871644020080566,39.55900955200195
2005-08-01,30.481351852416992,17.218799591064453,24.67076301574707,17.332551956176758,1.3966703414916992,6.925190448760986,37.6522102355957,10.997172355651855,35.783878326416016
2005-09-01,20.79865074157715,25.205169677734375,24.05903434753418,22.375452041625977,9.639521598815918,8.906805992126465,31.776840209960938,17.1910400390625,26.45075798034668
2005-10-01,19.35845184326172,20.626218795776367,15.627443313598633,25.23564910888672,13.815967559814453,10.975296020507812,22.634567260742188,14.928587913513184,19.899038314819336
2005-11-01,15.454748153686523,20.90135955810547,11.620349884033203,14.94362735748291,12.522229194641113,6.208653926849365,23.928428649902344,9.455320358276367,15.55585765838623
2005-12-01,19.608835220336914,11.959206581115723,11.00577163696289,21.68189811706543,13.470306396484375,2.984323501586914,14.66154956817627,6.7078537940979,15.485627174377441
2006-01-01,3.0461909770965576,5.356132984161377,2.9384090900421143,12.734432220458984,33.45742416381836,7.827805042266846,10.255293846130371,10.817753791809082,5.579597473144531
2006-02-01,6.9033403396606445,10.75069522857666,10.427865982055664,17.212182998657227,31.2788028717041,9.439343452453613,15.928220748901367,8.818427085876465,9.673556327819824
2006-03-01,8.258576393127441,5.833576679229736,3.649341344833374,18.866817474365234,16.310346603393555,5.994535446166992,11.258099555969238,5.817235469818115,23.22145652770996
2006-04-01,14.577316284179688,13.349571228027344,8.597380638122559,14.842339515686035,14.927207946777344,8.770833969116211,20.65134048461914,4.179009437561035,28.534074783325195
2006-05-01,25.377973556518555,15.592041015625,16.203161239624023,13.397847175598145,8.604125022888184,5.045348167419434,39.32270812988281,9.319072723388672,21.348024368286133
2006-06-01,30.11880874633789,19.460798263549805,19.25190544128418,17.342039108276367,8.79704761505127,4.591062068939209,42.72831344604492,10.135869026184082,45.82828140258789
2006-07-01,32.323795318603516,16.42510223388672,19.289119720458984,24.425016403198242,3.5106418132781982,5.681965351104736,39.043556213378906,12.548818588256836,37.24673080444336
2006-08-01,28.67877197265625,16.142269134521484,17.266250610351562,19.937131881713867,12.084342002868652,2.3816070556640625,37.44915771484375,12.962054252624512,33.74829864501953
2006-09-01,31.514678955078125,12.510838508605957,22.421798706054688,22.27505874633789,6.692193031311035,5.553050518035889,36.886505126953125,12.447663307189941,29.467884063720703
2006-10-01,27.412981033325195,14.175652503967285,13.911980628967285,20.40642547607422,3.696019411087036,0.9645480513572693,34.233726501464844,12.948392868041992,17.159326553344727
2006-11-01,23.435327529907227,10.670506477355957,14.80843448638916,24.070714950561523,7.997137546539307,4.7910003662109375,30.553512573242188,10.3973388671875,12.446167945861816
2006-12-01,12.2667236328125,10.311594009399414,10.403035163879395,21.04256248474121,13.852075576782227,2.8020341396331787,25.780649185180664,10.003196716308594,20.172088623046875
2007-01-01,11.406412124633789,13.069168090820312,8.328388214111328,17.403974533081055,18.578569412231445,0.9584975242614746,20.021472930908203,9.550714492797852,17.52474021911621
2007-02-01,16.0423583984375,7.664897918701172,13.130363464355469,22.706253051757812,19.07904624938965,5.939481735229492,26.103235244750977,6.8701348304748535,14.919682502746582
2007-03-01,12.967510223388672,8.694730758666992,7.025706768035889,20.302759170532227,15.204142570495605,7.144216060638428,17.859661102294922,8.117079734802246,14.329344749450684
2007-04-01,16.094642639160156,16.898456573486328,8.085493087768555,18.221851348876953,15.94940185546875,4.949711322784424,26.857929229736328,7.030210494995117,20.912702560424805
2007-05-01,22.899139404296875,18.235986709594727,19.96100616455078,27.651588439941406,8.977632522583008,7.8012776374816895,34.48512268066406,7.1632256507873535,22.99201011657715
2007-06-01,18.356857299804688,19.84418487548828,20.343799591064453,32.116153717041016,11.062657356262207,11.214930534362793,26.688663482666016,15.687583923339844,34.548702239990234
2007-07-01,20.066661834716797,24.540987014770508,18.228191375732422,20.9813232421875,7.895308971405029,7.662875175476074,32.200443267822266,12.619881629943848,35.82881546020508
2007-08-01,18.580665588378906,16.88755226135254,17.580326080322266,28.454635620117188,5.287100791931152,5.7595133781433105,23.9919376373291,13.084001541137695,31.53130340576172
2007-09-01,21.708858489990234,22.04140853881836,13.235688209533691,19.294713973999023,15.11130142211914,7.646067142486572,31.71573257446289,11.971138954162598,29.892803192138672
2007-10-01,15.508293151855469,16.9090633392334,15.001689910888672,19.5240478515625,13.758356094360352,3.0064644813537598,29.526016235351562,10.685198783874512,20.486528396606445
2007-11-01,14.02183723449707,20.902006149291992,10.392393112182617,18.226503372192383,22.396459579467773,7.340223789215088,34.81444549560547,10.816330909729004,24.90477180480957
2007-12-01,14.297000885009766,14.197663307189941,11.416943550109863,22.107561111450195,19.4726619720459,6.146223545074463,16.438268661499023,7.0240044593811035,19.834692001342773
2008-01-01,5.563807487487793,12.978811264038086,2.3561837673187256,18.389894485473633,26.962100982666016,8.99242877960205,13.750970840454102,11.92128849029541,17.792348861694336
2008-02-01,3.8609519004821777,10.890067100524902,3.6612799167633057,18.321706771850586,28.112548828125,7.584883213043213,9.13332748413086,4.673574924468994,22.1282958984375
2008-03-01,4.602876663208008,9.468948364257812,5.0201616287231445,23.48028564453125,18.43596649169922,8.871970176696777,18.49706268310547,5.048379898071289,13.222953796386719
2008-04-01,12.815913200378418,18.17028045654297,3.658461570739746,19.489267349243164,19.5018253326416,12.588945388793945,32.11623001098633,3.5014467239379883,16.63820457458496
2008-05-01,28.073997497558594,21.47599220275879,16.86334228515625,17.637903213500977,13.709810256958008,7.135764122009277,41.487953186035156,9.889030456542969,22.27060890197754
2008-06-01,25.366830825805664,20.5090389251709,19.33436393737793,17.907114028930664,11.092074394226074,10.626068115234375,27.071182250976562,9.933443069458008,25.02560043334961
2008-07-01,24.432125091552734,13.226784706115723,15.505571365356445,20.600435256958008,5.116890907287598,7.221574306488037,28.78232765197754,11.029203414916992,35.720794677734375
2008-08-01,17.117040634155273,14.692838668823242,23.92634391784668,28.42150115966797,5.802526473999023,7.759445667266846,27.86092185974121,14.999974250793457,43.37797927856445
2008-09-01,17.886873245239258,17.389427185058594,22.128578186035156,28.217702865600586,7.7100958824157715,10.60543441772461,34.09702682495117,19.045848846435547,31.465087890625
2008-10-01,22.6662654876709,15.057235717773438,17.99641990661621,28.20450210571289,7.412622451782227,8.268111228942871,26.42023468017578,12.772171974182129,20.511335372924805
2008-11-01,11.10291576385498,16.362611770629883,9.172089576721191,22.458524703979492,26.264678955078125,14.941722869873047,15.168940544128418,11.902647972106934,24.167085647583008
2008-12-01,10.372588157653809,14.812311172485352,7.714375019073486,12.31351089477539,26.30769157409668,5.455265522003174,14.132380485534668,5.964112758636475,19.7751407623291
2009-01-01,10.00494384765625,9.627127647399902,6.574384689331055,16.81658935546875,22.562557220458984,6.806670665740967,15.814325332641602,7.70922327041626,20.02461051940918
2009-02-01,5.242238998413086,8.320524215698242,2.716132879257202,18.696557998657227,27.503793716430664,8.739327430725098,9.228548049926758,5.315493106842041,19.8529052734375
2009-03-01,7.689626216888428,8.63846492767334,3.290703535079956,18.31340789794922,22.00851821899414,7.978394031524658,18.38426971435547,8.362919807434082,18.472183227539062
2009-04-01,19.947914123535156,12.78271198272705,10.869119644165039,17.29234504699707,14.886760711669922,8.9922513961792,26.700716018676758,1.3322659730911255,19.530954360961914
2009-05-01,23.47154998779297,16.955738067626953,16.8741455078125,10.361430168151855,7.171774864196777,6.703300952911377,39.74481201171875,10.16125774383545,23.0889835357666
2009-06-01,27.48629379272461,19.262767791748047,17.76295280456543,19.485628128051758,7.181207180023193,4.785887718200684,37.16807174682617,13.264293670654297,33.567440032958984
2009-07-01,25.050064086914062,26.13266372680664,23.691892623901367,23.032894134521484,12.437247276306152,3.5740950107574463,28.312341690063477,7.023266315460205,37.63816833496094
2009-08-01,33.3632926940918,20.20078468322754,23.484426498413086,18.74492835998535,3.021085500717163,6.8548479080200195,33.490684509277344,14.015358924865723,30.12362289428711
2009-09-01,21.154565811157227,19.75709342956543,18.248676300048828,25.404891967773438,11.7020263671875,8.98116683959961,33.58461380004883,16.757638931274414,39.97976303100586
2009-10-01,14.926228523254395,15.88694953918457,23.396011352539062,24.730134963989258,2.79931640625,1.458064079284668,37.94037628173828,12.458881378173828,24.495458602905273
2009-11-01,22.9809513092041,18.06010627746582,20.81964874267578,21.54306983947754,10.425110816955566,6.903042316436768,24.90731430053711,14.39630126953125,7.629932403564453
2009-12-01,15.298401832580566,14.687446594238281,15.861010551452637,16.8553524017334,13.120030403137207,0.8550893664360046,22.44740104675293,7.086833477020264,13.855507850646973
2010-01-01,13.68343448638916,8.971674919128418,11.745535850524902,18.452144622802734,16.739152908325195,2.594602346420288,23.119895935058594,9.342705726623535,18.32807159423828
2010-02-01,11.341852188110352,9.22697639465332,7.704360485076904,17.263078689575195,15.909446716308594,4.941543102264404,14.480118751525879,7.367282390594482,14.502762794494629
2010-03-01,16.750694274902344,8.643369674682617,13.626261711120605,19.876272201538086,12.549591064453125,2.699836015701294,22.05315589904785,4.090160369873047,22.754987716674805
2010-04-01,16.174087524414062,15.918651580810547,9.963058471679688,26.141626358032227,12.065643310546875,9.929610252380371,26.746288299560547,6.750818729400635,19.93994903564453
2010-05-01,17.90639877319336,23.678035736083984,15.990572929382324,20.18017578125,8.452834129333496,9.543792724609375,34.16099166870117,14.973017692565918,24.958656311035156
2010-06-01,16.438396453857422,16.994384765625,20.22119140625,25.620960235595703,7.632514953613281,5.443747520446777,31.473377227783203,16.271495819091797,35.08705139160156
2010-07-01,17.346115112304688,14.078721046447754,18.033126831054688,31.381479263305664,9.700033187866211,6.55647611618042,27.292402267456055,11.125003814697266,36.04195785522461
2010-08-01,17.524362564086914,17.357746124267578,22.792205810546875,29.355180740356445,10.23141098022461,8.826234817504883,22.468582153320312,18.649089813232422,32.29080581665039
2010-09-01,16.142017364501953,12.120440483093262,20.208120346069336,29.114337921142578,4.778451442718506,11.547394752502441,22.10016441345215,20.896350860595703,34.73816680908203
2010-10-01,11.957646369934082,18.710792541503906,16.746212005615234,18.41455841064453,20.258148193359375,14.780111312866211,21.750398635864258,11.908561706542969,21.169477462768555
2010-11-01,9.988142013549805,16.269922256469727,10.185470581054688,20.53941535949707,21.134845733642578,7.441421031951904,23.582050323486328,9.594720840454102,18.694597244262695
2010-12-01,7.222615718841553,10.58033561706543,7.779721260070801,26.109907150268555,35.35980987548828,9.823288917541504,9.45487117767334,9.705150604248047,19.23703956604004
2011-01-01,5.6754584312438965,5.951564311981201,7.668867588043213,19.81159019470215,32.935760498046875,7.1129913330078125,13.722198486328125,14.937053680419922,5.965184688568115
2011-02-01,1.4970630407333374,2.6882193088531494,4.576104164123535,13.48470687866211,34.41556167602539,7.149123668670654,8.26434326171875,12.8018217086792,7.4924845695495605
2011-03-01,7.3598527908325195,4.17659330368042,4.024449825286865,20.352806091308594,25.040742874145508,14.189937591552734,13.429129600524902,5.971681118011475,20.495149612426758
2011-04-01,14.77973747253418,14.546043395996094,9.740429878234863,22.417354583740234,15.582426071166992,7.134308815002441,26.379220962524414,3.5385913848876953,20.560251235961914
2011-05-01,15.234519958496094,21.762020111083984,12.692561149597168,18.6041316986084,18.590314865112305,12.010281562805176,35.688690185546875,6.671579837799072,19.960416793823242
2011-06-01,18.781497955322266,24.608449935913086,20.507808685302734,21.233728408813477,6.469344615936279,12.569991111755371,31.79218101501465,9.586594581604004,30.899938583374023
2011-07-01,20.549278259277344,18.322126388549805,18.177776336669922,26.765031814575195,16.793094635009766,9.898534774780273,30.290164947509766,11.98029613494873,40.7711067199707
2011-08-01,25.027286529541016,19.876649856567383,15.696759223937988,20.319698333740234,10.63920783996582,7.907370090484619,36.61007308959961,11.674955368041992,33.21125030517578
2011-09-01,29.209184646606445,20.877256393432617,19.353397369384766,24.25838851928711,12.604894638061523,12.404720306396484,32.74219512939453,13.584861755371094,33.29145050048828
2011-10-01,10.53718090057373,17.484331130981445,17.168766021728516,28.912349700927734,5.565102577209473,7.943300247192383,25.56709861755371,17.41304588317871,19.1666316986084
2011-11-01,9.516368865966797,14.907418251037598,8.151665687561035,24.635330200195312,18.32570457458496,5.852488040924072,13.225740432739258,9.820033073425293,14.579167366027832
2011-12-01,5.774359703063965,16.003591537475586,5.163222789764404,16.069782257080078,31.451486587524414,10.381316184997559,21.219879150390625,6.432041168212891,17.545452117919922
2012-01-01,11.621307373046875,15.952279090881348,7.0155229568481445,8.904717445373535,32.84572219848633,5.1644134521484375,15.029449462890625,9.880476951599121,14.794671058654785
2012-02-01,15.726526260375977,10.922444343566895,4.119775772094727,13.216532707214355,14.839495658874512,7.7083635330200195,8.077895164489746,8.240584373474121,15.097158432006836
2012-03-01,17.539335250854492,10.627982139587402,9.69775104522705,14.635995864868164,15.492180824279785,6.158252239227295,13.405689239501953,4.3608574867248535,20.27140235900879
2012-04-01,20.72637367248535,12.741181373596191,7.812322616577148,18.010717391967773,11.080061912536621,4.477659225463867,20.79695701599121,3.821786880493164,20.97286605834961
2012-05-01,22.743947982788086,16.669157028198242,11.72202205657959,16.156681060791016,16.745044708251953,8.280527114868164,36.27598571777344,10.47398567199707,37.506778717041016
2012-06-01,24.338232040405273,15.74487590789795,16.96900177001953,26.917509078979492,9.010210990905762,6.284008979797363,31.949899673461914,7.475081920623779,34.939491271972656
2012-07-01,21.612516403198242,17.304338455200195,20.767953872680664,27.53777503967285,10.990837097167969,8.082393646240234,33.845252990722656,17.304677963256836,38.75267791748047
2012-08-01,24.56560707092285,16.736547470092773,22.665685653686523,23.527976989746094,5.098986625671387,3.81217885017395,38.451698303222656,12.638079643249512,34.78450393676758
2012-09-01,19.395069122314453,8.581001281738281,16.334529876708984,26.435075759887695,10.254761695861816,7.089216709136963,33.228580474853516,11.49339771270752,31.26260757446289
2012-10-01,15.805943489074707,15.731861114501953,19.943513870239258,24.739219665527344,8.943680763244629,3.7555181980133057,32.164554595947266,11.42738151550293,14.426793098449707
2012-11-01,13.979789733886719,15.850144386291504,11.35742473602295,21.81580352783203,18.122621536254883,7.121218681335449,25.243494033813477,7.654073238372803,16.166099548339844
2012-12-01,12.31815242767334,12.689412117004395,10.18848705291748,18.442476272583008,16.387298583984375,4.213287830352783,19.06517219543457,6.268990993499756,12.542892456054688
2013-01-01,5.479739665985107,10.732992172241211,5.423051834106445,8.702549934387207,24.21597671508789,4.79041051864624,15.91506576538086,10.555938720703125,7.58922815322876
2013-02-01,10.259720802307129,9.967158317565918,7.481254577636719,16.505109786987305,20.819286346435547,6.521459579467773,19.867809295654297,7.1655073165893555,20.249250411987305
2013-03-01,8.082646369934082,14.85968017578125,7.4226908683776855,18.661884307861328,26.133037567138672,6.4370527267456055,16.740739822387695,7.471658229827881,16.012123107910156
2013-04-01,13.28955078125,18.482019424438477,7.922763824462891,16.868328094482422,15.054868698120117,7.343102931976318,27.517719268798828,5.665205478668213,19.0685977935791
2013-05-01,15.40671157836914,17.581016540527344,11.21948528289795,19.784421920776367,13.105523109436035,6.8350372314453125,28.346736907958984,7.870305061340332,30.47562599182129
2013-06-01,21.135662078857422,26.685001373291016,18.114444732666016,11.345956802368164,13.9619779586792,7.418145656585693,32.354740142822266,9.931422233581543,40.33014678955078
2013-07-01,20.548404693603516,18.934980392456055,16.49633026123047,18.038036346435547,10.000911712646484,6.406773567199707,26.97955894470215,10.30638313293457,32.19643020629883
2013-08-01,20.79081153869629,22.173938751220703,23.615022659301758,13.331316947937012,1.8187917470932007,5.585199356079102,33.770912170410156,10.642938613891602,34.53136444091797
2013-09-01,24.725683212280273,20.653987884521484,24.609935760498047,29.510435104370117,11.123663902282715,12.259058952331543,32.027435302734375,14.996004104614258,20.76987648010254
2013-10-01,19.949115753173828,20.238210678100586,16.218791961669922,24.454227447509766,11.300243377685547,5.067450046539307,26.14493179321289,12.726252555847168,23.94449234008789
2013-11-01,12.33168888092041,17.191877365112305,15.875967025756836,24.355566024780273,15.36883544921875,6.53676700592041,25.751340866088867,11.353178977966309,16.3249454498291
2013-12-01,12.159440040588379,17.779539108276367,5.350558757781982,16.111127853393555,22.206499099731445,3.5920753479003906,16.1396541595459,11.262846946716309,15.390976905822754
2014-01-01,7.622064590454102,12.692662239074707,3.801673412322998,17.88507080078125,31.03558921813965,6.007202625274658,15.162882804870605,10.980847358703613,9.834341049194336
2014-02-01,5.606053352355957,13.269307136535645,5.51578950881958,20.50950050354004,24.397010803222656,7.174866676330566,11.379952430725098,3.3133468627929688,15.98575496673584
2014-03-01,13.218510627746582,14.807219505310059,13.553683280944824,17.114112854003906,20.317535400390625,2.501737594604492,20.521015167236328,5.995234966278076,21.736833572387695
2014-04-01,13.927002906799316,20.217370986938477,14.843016624450684,15.946617126464844,12.91064167022705,12.032890319824219,25.619338989257812,11.065156936645508,20.27313995361328
2014-05-01,21.019519805908203,19.120027542114258,15.742574691772461,22.56058692932129,3.9370713233947754,4.089038372039795,32.032596588134766,11.889594078063965,28.592681884765625
2014-06-01,18.55900001525879,18.118091583251953,17.062137603759766,31.339685440063477,8.075106620788574,7.873688697814941,31.058191299438477,17.00248146057129,30.434459686279297
2014-07-01,28.290117263793945,22.25595474243164,20.360509872436523,23.799631118774414,8.957391738891602,2.879089832305908,36.95195388793945,10.166481018066406,41.5528564453125
2014-08-01,32.90894317626953,17.08984375,25.33336067199707,17.765995025634766,4.00042200088501,3.815722942352295,36.30246353149414,13.312108993530273,30.096412658691406
2014-09-01,20.63064193725586,17.858306884765625,22.382862091064453,21.459701538085938,4.292385101318359,5.714542865753174,36.726593017578125,16.398488998413086,29.7500057220459
2014-10-01,20.010942459106445,15.639278411865234,17.99259376525879,20.524639129638672,12.335665702819824,5.667072772979736,37.48172378540039,12.500499725341797,12.46434211730957
2014-11-01,15.025012969970703,17.196178436279297,20.334630966186523,18.445541381835938,10.14217472076416,3.0925214290618896,17.63728904724121,12.114891052246094,13.722058296203613
2014-12-01,14.951353073120117,15.843806266784668,13.846348762512207,19.632354736328125,7.940093517303467,4.006130218505859,13.166863441467285,7.605504035949707,17.974992752075195
2015-01-01,21.573835372924805,10.473414421081543,8.706706047058105,8.808772087097168,16.133934020996094,0.9518566727638245,16.611936569213867,6.329041004180908,17.732925415039062
2015-02-01,6.158486843109131,10.701614379882812,5.683820724487305,23.53485679626465,29.259525299072266,6.050776481628418,16.552682876586914,7.284554481506348,17.19816780090332
2015-03-01,12.983453750610352,14.040589332580566,8.250577926635742,14.290811538696289,18.883224487304688,5.1913933753967285,17.461437225341797,6.270618915557861,16.76354217529297
2015-04-01,24.89846420288086,15.128314971923828,9.695135116577148,13.347433090209961,14.372838020324707,3.679417371749878,21.511211395263672,7.308864116668701,23.523666381835938
2015-05-01,23.856517791748047,17.377605438232422,16.493894577026367,25.205997467041016,4.5131306648254395,2.7720775604248047,24.29342269897461,10.061206817626953,35.866451263427734
2015-06-01,23.815021514892578,15.931516647338867,18.96422004699707,27.72749900817871,7.824137210845947,5.050468921661377,44.86617660522461,16.055683135986328,26.923551559448242
2015-07-01,27.213769912719727,17.656757354736328,23.023244857788086,29.391475677490234,5.473532199859619,2.1959099769592285,36.57058334350586,10.177006721496582,33.63399124145508
2015-08-01,35.789344787597656,15.694395065307617,20.63503074645996,22.43279457092285,4.619497776031494,1.629972219467163,42.067630767822266,8.455936431884766,37.26134490966797
2015-09-01,25.59369468688965,18.855741500854492,29.38680076599121,28.52069854736328,2.749293088912964,2.509369134902954,38.64278030395508,9.733967781066895,36.142635345458984
2015-10-01,29.082843780517578,15.960710525512695,26.118877410888672,24.226362228393555,4.723013401031494,4.0173187255859375,38.57808303833008,8.685394287109375,14.714756965637207
2015-11-01,4.989001750946045,16.884191513061523,19.594270706176758,32.16492462158203,7.511733531951904,3.0188896656036377,23.56608009338379,17.197919845581055,13.236515045166016
2015-12-01,16.982498168945312,15.167712211608887,15.905759811401367,17.342363357543945,15.103374481201172,2.309602975845337,18.096643447875977,12.446062088012695,15.875137329101562
2016-01-01,17.260801315307617,11.036504745483398,12.102396965026855,11.756019592285156,8.406510353088379,7.1192708015441895,9.507044792175293,8.26608943939209,15.847123146057129
2016-02-01,8.24338150024414,16.229843139648438,4.124072551727295,18.676311492919922,21.89964485168457,7.648955345153809,11.84497356414795,9.003474235534668,18.971851348876953
2016-03-01,18.251792907714844,15.167701721191406,7.416765213012695,21.57198715209961,12.285163879394531,2.07305645942688,20.504323959350586,7.615386009216309,19.636594772338867
2016-04-01,27.141395568847656,12.007118225097656,12.924873352050781,17.00694465637207,8.427578926086426,5.676670074462891,30.014022827148438,8.407238960266113,20.33730125427246
2016-05-01,20.943157196044922,18.103525161743164,25.551664352416992,25.34680938720703,6.869375228881836,6.247039794921875,21.221961975097656,9.96069049835205,24.258724212646484
2016-06-01,18.241315841674805,15.61305046081543,24.966299057006836,33.206092834472656,6.658200740814209,3.5928523540496826,27.06533432006836,12.455656051635742,31.684173583984375
2016-07-01,27.424896240234375,15.397536277770996,18.506200790405273,24.58604621887207,7.198801517486572,2.8327934741973877,24.26731300354004,13.439017295837402,29.57570457458496
2016-08-01,23.36318588256836,15.960969924926758,16.51648712158203,16.696474075317383,12.946036338806152,8.57712173461914,34.79741668701172,15.476987838745117,36.596744537353516
2016-09-01,27.20055389404297,13.978404998779297,18.140499114990234,21.543996810913086,7.46946907043457,10.58830738067627,30.66607093811035,14.213696479797363,34.77743148803711
2016-10-01,19.59074592590332,22.26509666442871,18.283283233642578,14.798002243041992,8.012079238891602,10.480231285095215,27.149616241455078,9.8818998336792,24.975784301757812
2016-11-01,13.924839973449707,14.655865669250488,15.041050910949707,14.630861282348633,13.962668418884277,8.966543197631836,24.53752326965332,11.185888290405273,14.656758308410645
2016-12-01,13.705490112304688,12.38087272644043,12.176797866821289,14.560818672180176,15.576583862304688,4.794222354888916,19.997751235961914,7.450080871582031,11.477014541625977
2017-01-01,7.522006511688232,8.92214298248291,4.973376274108887,15.20576286315918,20.639528274536133,2.3913722038269043,10.10673713684082,7.802567958831787,9.867179870605469
2017-02-01,6.685329914093018,5.793562889099121,8.810478210449219,15.329968452453613,21.280378341674805,9.826242446899414,12.435136795043945,4.467872142791748,10.449773788452148
2017-03-01,8.574102401733398,9.390233039855957,3.3932929039001465,20.705875396728516,14.569519996643066,3.433227777481079,16.744670867919922,3.159778356552124,14.322073936462402
2017-04-01,19.674407958984375,10.686771392822266,11.222896575927734,16.519685745239258,7.686387062072754,5.498411655426025,22.181480407714844,7.007052421569824,27.96014976501465
2017-05-01,19.4258975982666,21.602039337158203,10.898602485656738,18.377458572387695,3.561492681503296,3.729976177215576,32.68854522705078,8.522031784057617,32.419776916503906
2017-06-01,23.29525375366211,20.621095657348633,17.290346145629883,28.263423919677734,11.88878345489502,5.229738235473633,36.632503509521484,17.216201782226562,30.14565086364746
2017-07-01,23.795995712280273,13.212570190429688,21.945392608642578,28.979707717895508,5.532943248748779,5.184596061706543,31.376323699951172,11.116344451904297,42.78430938720703
2017-08-01,21.220199584960938,19.088153839111328,20.073503494262695,20.883520126342773,3.553671360015869,6.836813926696777,32.94533920288086,16.31139373779297,33.711463928222656
2017-09-01,21.02952003479004,22.037620544433594,20.853614807128906,22.978694915771484,3.2596514225006104,6.876391887664795,30.965713500976562,11.936641693115234,33.84727478027344
2017-10-01,13.554293632507324,15.761212348937988,21.867576599121094,24.012767791748047,11.975937843322754,5.344393253326416,24.07505989074707,14.636526107788086,18.212493896484375
2017-11-01,17.516948699951172,19.512985229492188,9.789055824279785,16.60364532470703,17.25075912475586,6.359144687652588,25.068788528442383,8.748017311096191,17.358457565307617
2017-12-01,15.534850120544434,13.503507614135742,10.209412574768066,13.188950538635254,9.239428520202637,5.005537986755371,19.702857971191406,8.346480369567871,9.438116073608398
2018-01-01,13.169936180114746,9.021371841430664,5.0131072998046875,15.516572952270508,21.37201499938965,5.650169849395752,14.654301643371582,6.8634772300720215,9.812146186828613
2018-02-01,6.486746311187744,13.310256958007812,3.887214183807373,17.899267196655273,20.73436164855957,3.1266250610351562,9.517389297485352,6.63070821762085,12.760232925415039
2018-03-01,4.880874156951904,8.83864688873291,5.123784065246582,20.163867950439453,29.292118072509766,7.2094221115112305,15.96117115020752,6.457071304321289,16.997589111328125
2018-04-01,12.242366790771484,18.64653778076172,4.22586727142334,17.037254333496094,23.165876388549805,4.948649883270264,29.330028533935547,8.283700942993164,20.2470760345459
2018-05-01,22.789905548095703,15.968905448913574,14.642297744750977,19.33387565612793,8.564682960510254,6.634529113769531,34.082584381103516,14.400748252868652,22.752103805541992
2018-06-01,18.969249725341797,22.91396141052246,14.955181121826172,19.548381805419922,5.71533203125,6.436594486236572,35.8361701965332,15.662149429321289,35.81290054321289
2018-07-01,22.1741886138916,17.31145668029785,21.909271240234375,23.091276168823242,12.41763973236084,4.632603645324707,31.78435516357422,16.271198272705078,32.372840881347656
2018-08-01,28.406688690185547,17.258419036865234,19.104290008544922,15.738533020019531,5.580544471740723,3.832759141921997,31.102458953857422,11.997110366821289,39.01891326904297
2018-09-01,21.644676208496094,14.91898250579834,23.659372329711914,19.23842430114746,4.404301166534424,3.502387285232544,37.820213317871094,15.673711776733398,32.1250114440918
2018-10-01,26.331317901611328,19.880037307739258,23.528940200805664,22.905519485473633,6.578808307647705,4.742315769195557,28.41362953186035,13.171378135681152,15.46296215057373
2018-11-01,11.155627250671387,21.397172927856445,10.323734283447266,14.212970733642578,15.6874361038208,6.224921703338623,22.046871185302734,15.457688331604004,18.477825164794922
2018-12-01,10.970196723937988,14.053007125854492,9.112547874450684,18.67247200012207,24.65365219116211,5.293971538543701,23.780426025390625,8.730518341064453,17.948244094848633
2019-01-01,10.658802032470703,10.036139488220215,9.4373779296875,17.079010009765625,21.61703109741211,4.336245059967041,14.04723072052002,12.082077026367188,9.701872825622559
2019-02-01,15.901166915893555,20.531265258789062,7.300406455993652,11.06025505065918,24.58624267578125,7.357840061187744,12.975414276123047,10.9716215133667,21.903244018554688
2019-03-01,15.511560440063477,12.795452117919922,8.689396858215332,12.463828086853027,19.678773880004883,11.738697052001953,16.075407028198242,4.115421772003174,15.443408966064453
2019-04-01,18.041963577270508,12.309969902038574,14.4910306930542,14.088923454284668,12.426774978637695,5.016334056854248,30.25210952758789,9.945494651794434,17.20172691345215
2019-05-01,28.9351749420166,19.252582550048828,15.91471004486084,21.80873680114746,8.159810066223145,3.857872486114502,31.564228057861328,3.5553572177886963,28.485538482666016
2019-06-01,15.656460762023926,19.35944175720215,20.190671920776367,27.497835159301758,13.10079288482666,6.830532550811768,33.01338195800781,16.617618560791016,33.96459197998047
2019-07-01,25.057336807250977,15.728469848632812,21.007734298706055,27.301063537597656,4.9336256980896,3.677889585494995,33.16672897338867,13.656076431274414,39.29920196533203
2019-08-01,32.47443771362305,14.141976356506348,20.88103675842285,25.241369247436523,6.563517093658447,4.607837677001953,27.96270751953125,12.958211898803711,36.149574279785156
2019-09-01,26.379343032836914,8.330174446105957,21.81546974182129,26.40434455871582,2.9653353691101074,0.3940761089324951,32.88520431518555,8.614835739135742,32.11558151245117
2019-10-01,18.475603103637695,17.975229263305664,22.885656356811523,25.123985290527344,5.462331295013428,1.9224234819412231,36.36406326293945,14.89604377746582,18.105064392089844
2019-11-01,25.227447509765625,17.546066284179688,17.067630767822266,13.992969512939453,14.865408897399902,7.46241569519043,31.120159149169922,12.926197052001953,15.578665733337402
2019-12-01,21.37285614013672,13.254968643188477,15.42684268951416,10.835118293762207,13.763551712036133,3.8836236000061035,23.96385383605957,11.973258018493652,6.944904327392578
2020-01-01,9.797588348388672,13.318949699401855,9.323726654052734,9.71481990814209,27.712297439575195,2.3383984565734863,15.630749702453613,11.988303184509277,5.290407657623291
2020-02-01,5.161418437957764,14.910879135131836,6.219242095947266,18.07711410522461,26.804004669189453,4.092126846313477,16.598567962646484,12.206303596496582,10.4227294921875
2020-03-01,9.231532096862793,11.609535217285156,11.366518020629883,10.825154304504395,20.601158142089844,3.4838180541992188,19.787546157836914,2.5499918460845947,18.383209228515625
2020-04-01,16.466773986816406,11.575716018676758,10.47928237915039,18.271371841430664,15.463272094726562,6.200649738311768,25.994096755981445,5.468619346618652,18.06612205505371
2020-05-01,26.531888961791992,18.234420776367188,14.842245101928711,9.417082786560059,7.3736162185668945,12.736416816711426,33.900455474853516,11.655113220214844,33.299102783203125
2020-06-01,23.155813217163086,17.04753875732422,16.668258666992188,20.149009704589844,4.953859329223633,3.1398961544036865,35.01134490966797,12.762158393859863,32.24993896484375
2020-07-01,18.416601181030273,12.464057922363281,18.642589569091797,19.182540893554688,7.958571434020996,3.275632858276367,31.02614974975586,14.682995796203613,32.16879653930664
2020-08-01,21.17875099182129,19.629423141479492,23.14055061340332,31.46697998046875,9.168203353881836,5.23217248916626,29.901201248168945,17.78190040588379,38.52585983276367
2020-09-01,18.99951934814453,19.163496017456055,18.498891830444336,23.376718521118164,14.69847297668457,6.5102009773254395,34.1058464050293,15.761504173278809,23.54575538635254
2020-10-01,18.623640060424805,19.210472106933594,15.805312156677246,27.42051124572754,13.274977684020996,7.844502925872803,27.0485782623291,15.826167106628418,17.83953857421875
2020-11-01,16.44576072692871,16.664140701293945,15.418083190917969,24.34683609008789,16.249649047851562,7.0693817138671875,19.371051788330078,10.372859954833984,11.701788902282715
2020-12-01,3.960878849029541,18.539325714111328,0.8016715049743652,21.173093795776367,28.846054077148438,5.7826666831970215,7.102540493011475,10.022860527038574,16.884397506713867
2021-01-01,4.9383673667907715,5.6177287101745605,4.8288774490356445,16.485273361206055,31.974634170532227,9.380416870117188,22.85533905029297,8.077425956726074,20.534584045410156
2021-02-01,7.9013824462890625,17.082311630249023,2.4266912937164307,20.282283782958984,33.415245056152344,8.672024726867676,15.639850616455078,7.988678932189941,15.792947769165039
2021-03-01,13.983695030212402,8.235742568969727,7.50045919418335,21.234525680541992,16.46985626220703,4.9267072677612305,21.64630699157715,5.973770618438721,16.872358322143555
2021-04-01,11.412610054016113,18.4826602935791,7.345996856689453,17.517091751098633,18.80097007751465,4.084741592407227,22.613061904907227,5.928802013397217,18.902969360351562
2021-05-01,27.061399459838867,17.92332649230957,15.694777488708496,17.949628829956055,14.600910186767578,7.454421043395996,32.38486862182617,6.69728422164917,21.600990295410156
2021-06-01,22.5909423828125,20.534114837646484,18.289268493652344,23.04836082458496,5.8456830978393555,5.955315589904785,34.7404670715332,14.557648658752441,31.850168228149414
2021-07-01,13.433371543884277,18.128704071044922,15.309721946716309,27.502336502075195,12.77161979675293,6.651642799377441,33.152008056640625,20.074739456176758,39.34413146972656
2021-08-01,27.550806045532227,17.324176788330078,19.582443237304688,28.278261184692383,1.0870388746261597,5.941545486450195,31.450654983520508,11.427196502685547,30.633195877075195
2021-09-01,13.984594345092773,16.365558624267578,18.351829528808594,28.922147750854492,12.469911575317383,11.063976287841797,27.412643432617188,15.784158706665039,25.49552345275879
2021-10-01,13.318836212158203,14.382028579711914,14.241374969482422,32.57802200317383,9.686347007751465,7.126978874206543,23.891098022460938,16.116153717041016,23.593095779418945
2021-11-01,10.845613479614258,19.95526695251465,12.975592613220215,19.659772872924805,18.570804595947266,11.239469528198242,11.634822845458984,12.245976448059082,20.92266845703125
2021-12-01,16.057323455810547,18.208776473999023,11.115599632263184,17.597110748291016,28.179813385009766,11.11628532409668,18.964107513427734,3.8729472160339355,14.919788360595703
2022-01-01,4.848869323730469,8.500137329101562,4.173271656036377,13.626087188720703,30.108156204223633,8.998422622680664,13.823408126831055,8.606133460998535,18.066143035888672
2022-02-01,3.8931734561920166,11.256983757019043,1.4221423864364624,22.274946212768555,32.08576583862305,8.834216117858887,11.217504501342773,12.723496437072754,13.57922649383545
2022-03-01,7.637980937957764,9.402627944946289,3.768015146255493,20.34294319152832,24.424100875854492,7.57322883605957,21.35453224182129,9.702014923095703,14.283196449279785
2022-04-01,7.620068550109863,14.349212646484375,9.850571632385254,25.066823959350586,17.658248901367188,9.047593116760254,22.12957000732422,9.363183975219727,26.4083309173584
2022-05-01,16.95574188232422,21.60805320739746,10.591896057128906,24.864290237426758,10.036994934082031,7.1397624015808105,22.003620147705078,10.503771781921387,26.27669906616211
2022-06-01,19.4339599609375,20.377822875976562,11.237292289733887,23.32003402709961,10.896727561950684,9.44813060760498,24.77828598022461,12.771719932556152,29.13987159729004
2022-07-01,15.487003326416016,19.28020477294922,13.009997367858887,25.851213455200195,16.724910736083984,16.064970016479492,19.866870880126953,24.43219757080078,29.312803268432617
2022-08-01,18.334949493408203,18.246843338012695,18.65304183959961,27.858570098876953,3.2283272743225098,9.344112396240234,24.53122901916504,21.80701446533203,32.499244689941406
2022-09-01,17.812307357788086,17.32181739807129,20.646499633789062,37.2010612487793,3.620058298110962,11.816086769104004,30.6015567779541,16.664825439453125,33.13749313354492
2022-10-01,8.333131790161133,22.328580856323242,10.770024299621582,17.805110931396484,18.406198501586914,13.55240249633789,25.532663345336914,18.329938888549805,25.791418075561523
2022-11-01,13.434258460998535,16.05936050415039,13.692699432373047,14.736953735351562,14.274985313415527,8.056699752807617,18.8229923248291,9.425421714782715,28.360509872436523
2022-12-01,6.1298418045043945,15.127614974975586,4.025394439697266,17.36478614807129,30.37217903137207,5.050166606903076,16.614835739135742,9.757495880126953,22.760740280151367
