,msl_cluster1,msl_cluster2,msl_cluster3,msl_cluster4,msl_cluster5,msl_cluster6,msl_cluster7,msl_cluster8,msl_cluster9
1980-01-01,1007.6600108056247,1015.1852862584499,1020.1202506656952,1007.3850808275982,1010.4661332744571,1013.3440015621901,1015.0900078109502,1016.8222388624814,1008.5525287927458
1980-02-01,1008.0990952172951,1013.979382534372,1018.6118665691331,1006.5958768196939,1010.6882583297728,1013.0771071158805,1014.7995807360414,1016.2769706388385,1013.0007695645705
1980-03-01,1006.5281487666518,1010.683092630812,1017.0219792223003,1009.8433795664017,1009.0828738860575,1011.595699447225,1019.2891470995529,1014.8133559332703,1015.1956176563716
1980-04-01,1007.8035024434255,1017.2739505382784,1018.521179854043,1013.6160617074603,1010.327233369066,1013.2837350743138,1009.5386033277127,1016.1110943055407,1020.0697416091892
1980-05-01,1009.7463792192483,1019.1163831676407,1018.5762806429586,1014.366235989883,1011.4786102707797,1015.408559246868,1017.5534722487143,1017.6527684620726,1020.862389416401
1980-06-01,1009.7831130785254,1013.6154877409092,1015.577879379473,1016.0181117242458,1011.9481149096639,1015.8694543874841,1009.8118114060854,1017.396779380236,1018.8391573234096
1980-07-01,1010.1963689953917,1008.5749134882426,1020.2413576079991,1016.1110943055407,1012.1748316973892,1016.1897277230555,1008.6799493671127,1019.1427856289961,1018.3426762566189
1980-08-01,1010.6394711729206,1018.9654299646743,1021.7968069617597,1018.1194032682008,1013.261924345368,1016.7768955049364,1015.8929870160835,1019.1146612679871,1022.1469265579938
1980-09-01,1010.3869258903911,1014.9643091362367,1020.430766569896,1016.815351263867,1013.0053612969801,1016.507131225871,1014.5481833866144,1018.9608382322647,1015.4206125444433
1980-10-01,1009.9466935456184,1018.6658194249462,1024.827924318664,1013.6028604767827,1012.891715919842,1016.2367929802542,1019.6828881536784,1020.3395058882547,1015.2432568801215
1980-11-01,1008.9537314120367,1010.697441794592,1020.6448560934949,1011.940079377947,1011.7610018139717,1015.5847669780874,1019.4263251052904,1017.9862430283216,1014.0735130487694
1980-12-01,1007.9079643557445,1013.17697729579,1018.7903701665573,1009.7044796610105,1010.9178449502541,1014.0517023198237,1014.8621430901226,1016.7355699132498,1013.5316886244334
1981-01-01,1007.9868633455663,1019.9096166435232,1023.1680543294981,1008.0720686619719,1011.6320532880382,1014.2854000942274,1020.9793427643325,1018.2607606377703,1014.6867970144813
1981-02-01,1006.504423973418,1016.7470349385044,1023.3118383009324,1004.5706626909345,1010.1809002430074,1011.8370785806387,1021.6090633058917,1016.7204082771276,1011.0682337333863
1981-03-01,1008.3057176155526,1019.0382591499703,1018.2021819827416,1011.9795312190042,1012.1665835151756,1013.6616705514779,1016.174561718905,1016.4028853402103,1016.8828309115255
1981-04-01,1009.0592521325135,1016.3096920253919,1017.4632921295379,1012.0241308768102,1010.9770374181711,1013.7928068587582,1013.0119800138862,1016.3696020134895,1016.9979912219798
1981-05-01,1010.2794188901012,1017.2995381620711,1017.809438727435,1013.7868158599484,1012.4015638018251,1015.5767931709978,1009.9958449464392,1017.7754897341797,1018.7992848641143
1981-06-01,1010.5483481700061,1012.4328501289426,1019.9242613072804,1014.2621017655229,1012.7004480757787,1016.9906688901012,1018.1129826671296,1017.9146140398731,1011.5355316405476
1981-07-01,1010.3539735419561,1012.6165740924421,1021.0838524102361,1015.7565231352906,1012.7197524052768,1017.4127014729221,1016.7410439396945,1019.5601417129537,1018.3626076175362
1981-08-01,1011.0595800684388,1006.9557458837533,1021.6416809660782,1015.1434442570919,1013.2216649722277,1016.8195925907557,1013.5578265721088,1019.3457970888713,1013.1417849880977
1981-09-01,1010.4584831878595,1011.2386443661973,1018.6448502281294,1016.1213083961516,1013.1497729865107,1016.7277306090062,1014.4325123983336,1018.9037945100179,1018.9137795080342
1981-10-01,1010.0490982691927,1017.4592981303313,1022.1582381967864,1014.2068514431661,1012.506739114263,1016.0966787343781,1016.834237254513,1019.1693954572506,1017.5891031045427
1981-11-01,1009.1531111138663,1016.7130859452491,1024.5107037294188,1009.7295783326721,1011.928274895854,1015.3278338871256,1024.1066441430273,1019.0655514778814,1013.081875
1981-12-01,1007.7671933892085,1018.7759865354097,1022.2647448422933,1008.6285658847452,1011.7012826076176,1013.8460601815117,1019.8051069976195,1018.1848746528466,1010.5776374975203
1982-01-01,1008.1967016808326,1015.1333255001297,1021.4353591129661,1007.060328498619,1012.2830780103155,1014.034210455038,1019.6944426090672,1018.1241924106939,1012.2145711130271
1982-02-01,1008.2153307493935,1015.962018582241,1023.385401934903,1009.0091694451651,1011.5721687165246,1013.2716205194331,1019.0544439633467,1017.5917616124701,1015.3718977652481
1982-03-01,1008.436475821342,1019.1061246051609,1021.1847680939375,1009.0860894701906,1010.5277390017244,1013.2764280209972,1018.0448686348863,1016.548533773061,1016.5437262714969
1982-04-01,1009.8462756550136,1013.5059862206829,1015.1152973692645,1012.2962986396167,1011.3636433361819,1014.8737204156685,1020.8500457975372,1015.3112030580014,1018.9763220629301
1982-05-01,1009.8673084743565,1016.8790495055927,1018.4661259594404,1015.0413820327163,1011.6761309378483,1015.493888117437,1010.9748366471854,1017.6536581951078,1019.7184801168877
1982-06-01,1009.8444728419271,1014.9043682381396,1021.0092942868479,1017.0479129980315,1011.9092947637068,1015.9271641959012,1006.3818698403858,1018.7431582370715,1019.8392685936857
1982-07-01,1009.6876281033983,1016.0924220621672,1016.9349367112752,1017.0623355027238,1011.8924685082326,1015.2264708429342,1008.2724198304671,1017.4763815749317,1020.081446484977
1982-08-01,1009.3589151839532,1020.423980971419,1016.7877069758747,1019.1397771161095,1012.0859704461874,1015.6248925350587,1015.8899060587796,1017.4234990577268,1027.4609613858668
1982-09-01,1010.8227994102209,1018.473938149482,1018.648811018876,1017.0497158111181,1012.287284574184,1015.6327047251003,1012.4952090168313,1018.3585581119437,1018.5911210001068
1982-10-01,1010.1064816771703,1009.6635905955778,1021.1060452558253,1015.1164992446554,1011.1599254574031,1015.1074851792227,1010.2627254780035,1018.5051869096486,1016.181360841103
1982-11-01,1007.8024865525766,1019.5273819297149,1019.0850917858179,1014.1063229784994,1009.2723801557995,1013.0775176437826,1022.2412165626479,1015.0473914096715,1017.9397045381717
1982-12-01,1009.0386153922451,1015.9914645293211,1019.5339922443655,1010.2951761135612,1009.0572444608061,1012.3299511505654,1018.8723598416066,1015.0810439206201,1012.3197352097418
1983-01-01,1007.7129615708878,1012.4628122568018,1015.4505075400942,1009.4879700399034,1008.1846691075489,1010.9217295961577,1013.9531253051897,1013.9781887846581,1013.4878443017259
1983-02-01,1008.9153659320494,1015.8881544508109,1017.3328391135001,1010.9159457162802,1009.1994186993575,1011.2006411369081,1018.2203433480079,1013.8432315875207,1016.6143527020737
1983-03-01,1009.5689443581858,1019.3263497112141,1020.4426385275358,1011.9274820414904,1009.2848915908778,1011.8426518032899,1017.5834739081837,1015.0501345219203,1017.3064903273922
1983-04-01,1010.3015691426456,1020.3269609299895,1019.427888935727,1012.5720633211511,1009.2630413780079,1012.6517523327941,1016.2544668430409,1015.2519276643064,1017.425381191537
1983-05-01,1010.5560598572474,1014.8573385260097,1020.6476449365205,1012.906243047396,1010.5901204831915,1013.5835996463612,1022.231142716265,1015.4614326465291,1020.7678211073046
1983-06-01,1010.8047666919718,1014.7101709157981,1021.9715107751056,1015.9414946763462,1011.747539111974,1015.7789033864617,1012.8098450494406,1018.1278012699709,1021.3751284944225
1983-07-01,1010.669166841515,1015.8483099449894,1021.9130293230128,1017.0783483988982,1012.0508714788732,1015.9434226363053,1023.7304529111286,1017.7132898787634,1020.8841413581706
1983-08-01,1011.8497209898067,1019.0249453042742,1024.836459274335,1018.1702163890711,1013.5688186200082,1017.3977470987899,1019.20617354043,1021.2453125238429,1022.6372996143165
1983-09-01,1011.1723643908413,1017.0500716528314,1024.302414365663,1015.4774989795218,1013.3503164913096,1017.9060858746737,1015.2814897170127,1021.1039287935085,1015.6484447625622
1983-10-01,1010.2559407569468,1020.3455978762607,1022.1231769585552,1013.0591945374849,1012.7520062506676,1016.1779910979964,1023.3969158382035,1019.1181300356309,1014.5366545194786
1983-11-01,1010.0020926956647,1016.1317200589779,1023.9258195203179,1011.5155412635618,1012.4229677509803,1015.8682321979002,1021.9734387350647,1018.9683918121403,1015.3553948487784
1983-12-01,1009.3035285371491,1015.3740317950499,1019.9073083122244,1010.1248394797277,1012.1061396643676,1014.8001423805564,1017.1747463968535,1017.8514603424992,1015.7088541746142
1984-01-01,1009.1797313471839,1013.7085827464789,1018.3051540826759,1007.8111436699832,1011.6060399436162,1013.5325109105336,1015.8498226561428,1016.1710086425924,1012.2664705663559
1984-02-01,1008.2690594337968,1015.7434056124396,1020.6618078868662,1007.2571300909466,1010.3896608864999,1011.9865614938276,1018.3928675247585,1015.3744931942686,1013.5479897532541
1984-03-01,1009.3732168811896,1018.4792910632812,1020.1090842113897,1010.7669576778112,1010.6495764538477,1013.3216116784673,1016.1542398963118,1016.1232822108708,1015.4609167327911
1984-04-01,1010.0671849964904,1013.3815921940092,1016.7546900035097,1012.4180342346605,1011.2003652739841,1014.9456002605558,1018.0929649470496,1015.6118354493157,1019.8156311514809
1984-05-01,1010.1000775372713,1018.6411739600659,1021.0474890513177,1014.7288964624693,1011.328710678208,1016.1677838836922,1019.2622625242245,1016.5876474924847,1021.8698025708421
1984-06-01,1010.2084294363146,1022.6740574405262,1020.8856061545329,1016.325797069797,1012.1207114640715,1016.6753609345673,1014.5457301569439,1018.372874019578,1022.5605459272427
1984-07-01,1010.5489639761647,1016.6398885866663,1021.6937307348969,1015.8098356457816,1012.5334806032838,1016.4399535348603,1021.2035673820824,1018.8901253471533,1016.2722660720553
1984-08-01,1010.4857587017228,1017.4106059637893,1021.8065972964002,1014.955919489036,1012.7495394495904,1017.3332117501869,1017.2771009453252,1019.044268822578,1012.9830119939573
1984-09-01,1010.8733747215144,1013.980752397647,1018.1194079700305,1014.2593715666153,1013.3254813891475,1017.1255372770207,1013.7118075053789,1018.4709066901409,1013.3957811331695
1984-10-01,1010.459315678742,1016.797901772771,1022.7456470881083,1013.6466673755971,1013.1790773350831,1016.056852177529,1014.9978413547374,1019.9259179058641,1018.7230828361285
1984-11-01,1009.7182660834999,1020.7708047376894,1023.746612250698,1011.7066524212992,1012.9507644049563,1016.0168651671677,1019.4905754543512,1019.2880605954252,1014.4483424381609
1984-12-01,1006.2535851212367,1013.6234491115164,1020.6501987548259,1005.2661639460272,1010.0271979861292,1012.6334481291868,1019.9375270379046,1016.4399535348603,1006.602504034227
1985-01-01,1008.3819275689348,1012.8192663905971,1020.9994558371354,1008.8131535161675,1012.249261927197,1014.3053281838921,1018.3567078704623,1017.9219082275343,1011.6030186222972
1985-02-01,1007.3824840061496,1016.531144986114,1021.5110899375125,1006.2573654780797,1010.6863656764531,1012.1235869619123,1021.713599360246,1016.2613309611188,1014.1272390150765
1985-03-01,1007.4980335002977,1014.1266433991273,1021.2680786302321,1008.1395118776037,1010.0544171543345,1011.9669399672684,1016.333400490974,1015.6704799394961,1017.6193353253324
1985-04-01,1009.1883915641738,1022.8279968012299,1022.5718819430668,1010.7882160037692,1010.6178698422933,1014.5453614114263,1018.2780865651657,1017.1333127107717,1016.2083211416386
1985-05-01,1009.0561648234477,1016.787259844277,1017.6872355435429,1013.3851015423528,1011.26649561099,1015.5322970392779,1011.3963398879191,1017.6574547460822,1021.8714375867884
1985-06-01,1010.1020664302719,1014.7353628992264,1016.7384193364413,1015.3655245734974,1012.293337507439,1015.7407626215037,1011.6941478625273,1017.846860617933,1018.3567078704623
1985-07-01,1010.8590943017258,1014.7520401458045,1020.3532125322358,1016.9468849186669,1013.3094583168022,1017.5704948174965,1012.0491349682603,1019.4669359998016,1020.1280697034318
1985-08-01,1010.754861510613,1017.921312611585,1027.1277483386234,1016.5251888266217,1013.5935671245785,1017.7247593483437,1019.3323267952787,1022.0072380232098,1018.2089951150566
1985-09-01,1010.5892802767308,1021.2883295725055,1023.537971012696,1014.6358950357072,1013.339239114263,1016.7068516911328,1017.75037083416,1020.6391081878595,1016.0754987849633
1985-10-01,1010.2497791856774,1017.9236950753818,1020.2114559363222,1013.1700841846857,1012.7662565711169,1015.6877528020235,1013.6674235022813,1018.058899895854,1015.4286598641143
1985-11-01,1008.6279169559612,1017.1732189793693,1021.9244474062685,1009.8245093979369,1011.9020178288038,1015.6782229468361,1021.1870748611386,1018.9404115006943,1013.5334099137076
1985-12-01,1008.448636555247,1016.943906838921,1023.8113587333863,1008.8435299295775,1012.4547494296768,1014.8050499652848,1016.6347821612776,1018.8772762100774,1007.6999473070821
1986-01-01,1006.9097440983932,1018.3113164359941,1022.6800308241649,1005.7912975142294,1011.7962226664428,1013.3539459508949,1021.7122295637313,1018.0961088306655,1011.6810233012375
1986-02-01,1008.7459713426823,1011.9962391466893,1021.3659985045701,1007.9098264996261,1011.9012946149268,1013.4539541910182,1016.9586733401491,1017.0301982207436,1011.9424372453573
1986-03-01,1009.2744959028274,1015.4794375352874,1021.6046257610668,1011.0031193444523,1011.5246813056017,1013.8293015732531,1019.5816742709779,1016.9858907725877,1018.4182872751132
1986-04-01,1008.4598718203042,1019.5126812445637,1018.7499601727374,1011.8323015885127,1010.7847469213983,1013.7723348541955,1015.1838435597332,1016.3225449773396,1018.3727138998672
1986-05-01,1010.0131643599407,1017.9441975798452,1014.7743161460638,1014.3306087009597,1011.7481174370164,1015.1844765232782,1013.7482822394824,1015.8978264385881,1019.8019455846672
1986-06-01,1009.4409653151846,1013.6090302595638,1019.1601205499518,1014.136288892619,1012.0702958814643,1016.2636793676469,1011.046160865518,1017.8315300688203,1018.3138482901744
1986-07-01,1010.5081418521966,1008.6421653212885,1012.4633662429615,1016.1883567057818,1013.1729183770009,1016.9517107411532,1012.7095890619993,1016.7194131201073,1018.4758869577158
1986-08-01,1009.856822364305,1012.4082984145392,1017.8619123189842,1014.4755573527841,1012.0778914440052,1015.9142834907602,1016.2244356278514,1016.9384185067065,1015.9206131262112
1986-09-01,1009.9986061984038,1011.9462350266277,1019.7538403552409,1014.7850765263303,1012.6051500770604,1016.535220728488,1013.0488575221643,1018.2872638212808,1015.9484635221947
1986-10-01,1011.0657827354157,1014.4280850869027,1020.5608688752232,1013.7729678177406,1013.4267367585796,1016.6029478278119,1012.5994534051547,1018.6853978911387,1012.6703453222041
1986-11-01,1008.1225022507745,1011.9987710008697,1022.6901582408863,1011.3525152213389,1010.3036946271344,1014.3502305708574,1015.6136258068453,1017.3473129568308,1014.6648134527642
1986-12-01,1006.5223704088016,1018.0239509865257,1022.8977702836737,1011.1835139548014,1010.9398229899439,1013.2862188515709,1018.3923357697647,1017.4327630354171,1014.2698442006316
1987-01-01,1007.4675691827018,1015.7350855866512,1022.5487374872203,1009.0602756054202,1010.5863134413197,1012.7374457334474,1016.3002394785834,1017.2562303152611,1010.3575606755376
1987-02-01,1006.6284012825599,1013.1704857285642,1017.2868122358201,1009.0657803511209,1009.6682441861353,1011.1832725306335,1017.9908080470908,1014.8157930546444,1015.268405478919
1987-03-01,1009.227252891673,1012.2664841568371,1016.9601973242488,1011.6725832595793,1010.6597100506615,1012.410219183465,1013.3888406413564,1014.8427051447362,1016.7124837677201
1987-04-01,1009.0468195603743,1017.1308444409688,1020.8967021386172,1014.8769568957625,1010.5220914081457,1013.5619343117208,1016.7742592472496,1015.6953290899241,1023.4820977026843
1987-05-01,1009.7979115293059,1022.5157090130165,1020.6655028191905,1015.6066415203028,1010.6878454175759,1015.086748870798,1015.5791177917996,1016.4207322455862,1021.6808225817528
1987-06-01,1010.5373823684251,1014.9913332786537,1013.7564353264768,1016.2152217394291,1011.2560575015642,1015.7473183548748,1011.2401549028734,1015.7662791456214,1022.6423181641311
1987-07-01,1011.0762358086765,1014.1325929493538,1015.4213150817145,1018.1198637518502,1011.4413839401523,1014.9711492110846,1008.1538274800483,1015.9338680702853,1022.1713565875209
1987-08-01,1010.432792200113,1021.9487202058506,1016.7938316764074,1016.6886298696841,1011.557595238277,1015.7999192582363,1012.8139005348452,1017.2128039880672,1019.9076828277357
1987-09-01,1011.7019419033159,1011.1808259769887,1018.9204984320878,1017.2745794675965,1012.7368340950362,1016.6170681755757,1008.0009178772528,1018.2293470274519,1020.083223051745
1987-10-01,1010.5954880174874,1020.5590777356447,1021.060621232814,1013.3166673088367,1011.7545428066776,1015.6757566607663,1016.9296154036898,1018.3467816023989,1014.2481926090672
1987-11-01,1009.3783275792349,1012.5129744365435,1020.9554194260907,1010.953296488029,1011.1728746776434,1014.5870402888622,1020.9792733241269,1017.8195492919599,1012.5007416683198
1987-12-01,1006.8412514496513,1018.1846974234355,1021.1572601017808,1010.0725371759268,1010.5288194306685,1013.7325814284408,1017.5889616109441,1017.45745935254,1013.2426590610838
1988-01-01,1007.550002546427,1016.6272389197047,1020.4738122300978,1009.6010652743657,1011.1162538816321,1013.7297729865106,1020.2037606721043,1017.7074451516794,1015.1785059531077
1988-02-01,1006.9138408225627,1010.2499139841759,1017.8161907455022,1006.3115110612212,1010.307307492027,1012.329975537134,1020.638743047396,1015.0522402358355,1013.1860450173958
1988-03-01,1008.5250880377063,1015.8261463785421,1018.6360116944899,1010.0861914512537,1010.6015247375368,1013.7623966646576,1024.4460471155753,1016.1276133303069,1018.916333669678
1988-04-01,1009.3612208257672,1020.728760233394,1019.5512871091664,1011.1585438347855,1011.5760060866282,1014.8075626497338,1017.0350348965408,1016.5499087196528,1018.992455585354
1988-05-01,1009.8578257042254,1017.4754545515237,1017.282129051394,1013.7043990146187,1011.9753440728335,1015.7766067191338,1015.1954219343689,1016.3408755226375,1017.0706792856271
1988-06-01,1011.0914840519281,1018.9622484759587,1024.5638548422169,1015.5615321002396,1013.3938699300353,1017.6325315203791,1016.8302306948409,1019.8563789140586,1020.1989275346009
1988-07-01,1011.0153621362521,1018.1255115457099,1023.3742988742313,1016.1656742881449,1013.9170570647614,1018.3115873395847,1017.9980375440618,1020.855630092854,1020.836901685029
1988-08-01,1011.9626570868876,1020.3626500675233,1022.7314915863001,1016.8610419464239,1014.7115040418569,1017.506265803107,1023.1676822459677,1020.3662749206508,1020.9976035070118
1988-09-01,1011.0443609612714,1020.1318677517434,1029.215749689088,1014.3671429947508,1014.2596056853037,1017.6995913032365,1024.0479174137458,1022.1382239577771,1014.9579940545221
1988-10-01,1009.6638960619077,1014.8486443185113,1024.8139697080098,1012.0514659885096,1013.2186686955428,1016.2973772851084,1018.5550566413106,1019.5814942185617,1012.1360458948163
1988-11-01,1010.1846666278823,1018.8843141337188,1024.850822381472,1008.8271591316588,1013.4591172863292,1015.9203925598554,1019.0009135759848,1020.0430588501213,1011.2183539113882
1988-12-01,1008.9721532567561,1020.7341975130851,1022.0258535108267,1006.6854750755344,1012.9667414031861,1015.0528443780233,1018.6843430695222,1018.49464242252,1013.9146404960097
1989-01-01,1007.9990154483236,1016.5974862569238,1021.00852210909,1006.7189567851311,1012.1988726767429,1012.9227523442387,1019.4275056746219,1017.1536652526207,1013.0238244662994
1989-02-01,1008.8482471331237,1012.1395845604504,1018.4455815390719,1007.2118951234493,1012.4332018982802,1012.6968928536004,1021.7453886972975,1016.9390987365144,1014.847075204477
1989-03-01,1009.8894593849664,1018.6432085933805,1021.5517141840751,1010.2881013859428,1011.9758364297377,1014.1119025624494,1022.9921330856209,1016.9390987365144,1017.7092795995909
1989-04-01,1008.8781735156332,1020.7470897486762,1019.139534824058,1009.6743282201334,1010.6630281404025,1013.9594474062686,1015.93797654426,1016.5895811747516,1018.3744357995207
1989-05-01,1009.8533218664641,1014.9566170574367,1017.9294926029633,1011.8267691659163,1012.5958207315397,1016.4467250469228,1015.0966499416323,1017.579410392474,1019.8792246558984
1989-06-01,1011.417963487861,1018.6657945424442,1021.7318371278592,1015.4145471747058,1013.6455027142813,1016.7928547163261,1017.9904746654356,1019.4308935669814,1018.5195505222559
1989-07-01,1010.9244605008164,1015.389137982009,1022.1333023724687,1015.4043834976271,1013.9566241626355,1017.1807683914974,1015.8256114476675,1020.4879159831688,1015.9170845413761
1989-08-01,1011.0548943566599,1014.8990228873238,1021.9599552134039,1015.8764298330611,1013.7262474821846,1017.0300071814963,1013.6150116830452,1020.5951992412218,1017.2649010517601
1989-09-01,1011.049247869394,1017.2620778081271,1022.1767803244167,1014.9391129469122,1013.2570243903834,1016.8018890959517,1020.5680961023453,1019.4529148673188,1015.412853228526
1989-10-01,1010.1141895781515,1015.3055699704729,1024.9333954076571,1012.8679814177589,1013.4467463625197,1016.4055056898814,1017.7058917072313,1020.3405426655272,1011.6505987632185
1989-11-01,1008.4202433983642,1016.7634929825431,1018.879796409824,1010.4236170803259,1011.9622848602993,1014.8126316321546,1022.0598980380113,1017.3812186894388,1016.5551376024293
1989-12-01,1008.5777803930844,1016.9972575553537,1021.4489481158347,1010.6647220865823,1012.8510419559611,1015.3772803587505,1021.7177209096943,1018.452357323791,1014.1762725172813
1990-01-01,1005.9422848984482,1017.1651124242749,1021.4176600910993,1008.3787315169457,1010.3097978308638,1011.9274816695406,1019.9388682991776,1015.9547674454093,1013.1862637907619
1990-02-01,1007.1252016159798,1019.3348629698015,1018.658493716906,1009.6089182167764,1011.9210622892283,1014.4625533128348,1017.5601961034898,1016.1911173569041,1014.8623056322768
1990-03-01,1008.071184841988,1016.7426004837258,1020.0888483664719,1007.9264569949491,1010.7188874307601,1013.566174389239,1019.5286115392245,1016.4373881288817,1018.0848345490059
1990-04-01,1009.3381370836067,1017.5356857422978,1018.1280194711062,1011.2832093182061,1010.881706258679,1014.5856886988236,1011.2931301786886,1016.3031647223537,1015.739426414936
1990-05-01,1009.8324293676468,1014.4625533128348,1019.67100506615,1013.3560855790213,1011.7810030824165,1015.2200401896755,1022.3210419750354,1017.3915414752872,1018.6211445950896
1990-06-01,1009.9847437550548,1012.4474514748296,1017.7597804731968,1014.7286658057773,1011.9350682099096,1015.8012858979446,1007.1736387583355,1017.6127183060443,1020.0999363870111
1990-07-01,1010.6972949697099,1012.9248199380465,1021.7024471449498,1016.1164191132713,1012.9049782170815,1017.4137175163659,1010.7002128698518,1019.8326567340118,1017.3314327323639
1990-08-01,1010.6266817862756,1012.641783624281,1018.8679989470953,1015.821711198938,1013.5329103276213,1016.8318882280682,1010.4755345589246,1019.1381965002365,1011.6380259754628
1990-09-01,1010.7871662940809,1018.4396512062625,1020.2545850945326,1017.5870407847956,1013.1605862695131,1016.1444309546335,1013.8830583446507,1019.6470782849862,1021.7479663871637
1990-10-01,1010.7988378946485,1018.007218405231,1027.0702162460134,1014.6224542406117,1013.2860559756153,1017.134766262799,1019.4737550165565,1021.4474226725466,1015.5923642477835
1990-11-01,1007.8237469099538,1017.3051716310868,1025.8137684449057,1011.5586590916027,1011.6374423954344,1014.9615142371019,1018.7413620809364,1019.0389878954115,1014.4777263935727
1990-12-01,1008.098613103322,1014.2273705613966,1021.8349198113928,1006.0677546045504,1011.4215177849328,1013.9612580684541,1021.0926060152901,1017.6611554484001,1010.8286004760961
1991-01-01,1008.0944664901652,1016.1467283277128,1021.5903987685593,1007.1646151938719,1011.9458946256085,1013.896647528726,1020.9968645567882,1017.7668547907161,1011.6556717607923
1991-02-01,1007.2755827598309,1012.6782805609387,1021.2193687531473,1005.5780635328765,1011.2220446568905,1013.2132011353059,1018.6358161918423,1017.1619392901287,1013.0333767720081
1991-03-01,1009.168860154426,1013.7151159721057,1017.3064816580959,1010.446409824058,1011.2914705186699,1013.5113909022934,1012.949724299208,1015.9299147757619,1016.1535571010025
1991-04-01,1008.9628588268506,1013.4732635847588,1017.8066893015732,1013.2570190972488,1010.7895556818703,1014.1982516823585,1018.2494214365282,1016.2019275784719,1018.6358161918423
1991-05-01,1010.1317171882869,1014.0941128896891,1014.0406208322524,1015.8781299116475,1011.789401904384,1014.803167182946,1010.4418573085317,1015.2094791936887,1023.429615041277
1991-06-01,1010.6148528985397,1008.4689108922222,1013.5489491553874,1015.8900802649047,1012.1900232707185,1016.2047729006761,1011.5538092258862,1016.1814412586026,1017.340056460104
1991-07-01,1010.5886759342621,1014.8077196984725,1023.7175616483298,1016.3248454976882,1012.6538107899837,1016.9826839912716,1013.0675206384569,1020.1062787069111,1016.1034794302108
1991-08-01,1010.6837096958785,1016.0300701173454,1026.987405925259,1016.6674222910594,1013.3748154364976,1017.4789081836632,1020.7698078449025,1021.183517693376,1016.4022382616391
1991-09-01,1010.7667931042375,1013.1181673736896,1019.8291443242337,1015.8257759830925,1012.4768317488898,1015.9430032579006,1014.5880608243175,1018.5783406833199,1013.5580541864405
1991-10-01,1009.7954001037646,1013.3531909877466,1021.8055051271878,1014.2745063174278,1011.554378290327,1015.6317250087742,1017.6456440648222,1018.5908601010177,1017.3133104313857
1991-11-01,1008.2788433689897,1008.9452178291853,1021.1237659270902,1012.4062677582286,1011.2675698121557,1014.9664886774603,1018.1674761570507,1017.8101036882182,1015.6789573573619
1991-12-01,1006.4686493827538,1014.8686095936398,1018.1435754505364,1008.3636339706712,1009.9638431782461,1013.658778592465,1011.1201821219844,1016.0585233393863,1010.7611024598294
1992-01-01,1008.2807141154075,1016.0795614995498,1020.2271437481879,1010.1320182579769,1010.4383067023483,1012.684421961073,1019.5708956746982,1016.2282795881464,1013.1742474116094
1992-02-01,1008.3119921261043,1015.8429108903148,1020.4832693452154,1007.5518774510551,1010.1804106518853,1013.1919519459661,1014.931717522088,1016.0907743713091,1013.5731895857812
1992-03-01,1008.1284551199394,1016.5935831470404,1016.3852597927761,1011.596183249279,1010.3739802275189,1012.1284995822715,1013.6109592590756,1014.5422177662399,1018.4313138132696
1992-04-01,1009.0431893950376,1016.5091915332732,1020.5446450643187,1014.1356036271801,1010.2441469755695,1013.5407312727938,1016.6720732493553,1015.940875980422,1022.5045370176094
1992-05-01,1009.6598973417972,1010.681448974181,1017.8688997718706,1014.2984853432622,1011.0473426842201,1014.3964504333694,1017.4563841213587,1016.1438879743794,1019.8476765618085
1992-06-01,1009.5371459035906,1014.9146031388766,1021.0757810950208,1014.6903457036913,1010.9080670139472,1015.3058733481604,1009.6469140166023,1018.0819443352967,1016.9819026005981
1992-07-01,1010.602958871866,1015.5643595497688,1022.4720787046222,1018.0955178116368,1012.6195053350983,1017.754410449697,1016.3746370721622,1019.8630204915843,1021.0031925041582
1992-08-01,1010.6879406367784,1008.2405838375322,1020.2395369222376,1015.4292149375123,1013.559616109441,1017.6729695916562,1014.2996656455526,1018.9057953340301,1014.3846474104649
1992-09-01,1010.058839515969,1006.8885475638228,1022.1227092266491,1013.6150903170922,1012.2801684265942,1016.4065052340042,1011.7112627225978,1018.4437069873193,1012.5864568709658
1992-10-01,1008.6820168941601,1015.1241067954313,1023.4145500835456,1015.013158380129,1011.6758536538842,1015.6381284429219,1015.3843634504753,1018.7494052805456,1018.219449552134
1992-11-01,1008.9812235247889,1016.1822477988188,1017.9527012344926,1011.1252426353898,1011.3548114308821,1014.3834671081745,1011.9573557501565,1016.4065052340042,1011.6475263989134
1992-12-01,1006.2836426399676,1015.0202401938717,1020.689822246044,1009.0325666744236,1010.8189541910183,1013.6711546758884,1015.8334684719912,1017.102293434224,1013.969771155372
1993-01-01,1007.7242100544764,1013.1383065116049,1016.5366007774709,1010.3868100899547,1011.3119455846672,1013.3878294714114,1015.1816972365067,1015.8591490069889,1014.7556076614072
1993-02-01,1007.9185559470038,1011.4413051535105,1017.9448421501381,1007.3759814520928,1011.1537713251339,1013.2897369073596,1018.5622122251385,1015.0186183487708,1012.4847648036105
1993-03-01,1009.5015246993881,1015.3276099255336,1016.1736582904797,1011.0262509918667,1011.347504139136,1013.5699137934323,1014.0738643412479,1015.3723646578823,1017.0289028333053
1993-04-01,1008.9258439641096,1016.1828544683594,1016.9957965929378,1015.3453892027682,1010.2917829185296,1013.54661680947,1011.1954606648559,1015.6445715231258,1023.4269903235775
1993-05-01,1010.1851072551233,1018.733874212229,1020.6951124147377,1016.7799929520241,1011.4872860429097,1015.7500210294813,1014.3289050077823,1018.1925258743686,1023.5397967722369
1993-06-01,1010.3022052534601,1016.9375541330322,1016.6861919376497,1017.506491004532,1011.6497518521203,1015.7089447682847,1017.8338749370546,1016.9951835144126,1021.9911604172707
1993-07-01,1010.0637177071093,1022.6336667118094,1021.3584633791372,1016.1601705629224,1012.163511656341,1017.2698426937574,1016.5549931332306,1019.2237239539622,1021.3462018086307
1993-08-01,1011.2156922561916,1015.0216837413974,1018.0705232478292,1018.7633019814443,1013.286671514733,1016.8069684071384,1011.7870814417927,1018.3292423855157,1022.449130075687
1993-09-01,1011.2543162032869,1014.4834007961638,1020.4308755703235,1017.5371449307983,1013.1407588257061,1016.764665988891,1019.2654132936841,1018.6468170616331,1021.1978368055026
1993-10-01,1010.1188947743884,1020.1022654807502,1018.7424573115834,1015.4122147620283,1012.2150102524682,1015.8799936768498,1013.9837417980254,1017.8124171886683,1016.8523362180124
1993-11-01,1009.4144675487921,1012.9666445245144,1024.8493325023271,1012.1383754368029,1011.9133756180094,1015.7003616689301,1019.5357809233516,1019.3095549475074,1015.4870103421177
1993-12-01,1007.8296595608319,1015.4955934414721,1021.7330543581097,1010.1955295900539,1011.2592208314895,1014.0370796297285,1019.4192960035402,1017.7829894194527,1013.7581289007065
1994-01-01,1008.2108019909817,1016.432830091328,1018.9491717054766,1006.8157286309952,1011.5582511387393,1013.7008366681672,1017.8145766541285,1016.7732691830834,1011.8017680691408
1994-02-01,1008.5251932518731,1019.0164114549159,1023.0326235160148,1007.9896983103932,1011.2050910133064,1013.3852338802589,1020.5823101242886,1017.242735902141,1014.8875273812431
1994-03-01,1008.9013723906277,1014.026131672211,1016.3389367475165,1011.4261946938948,1011.6000488208232,1013.8601524708927,1016.9410656749272,1015.5235790651276,1020.5786755432378
1994-04-01,1009.0431210516076,1019.2496304056735,1017.3669174213755,1014.1006405837518,1011.0191216162087,1014.7270000515008,1018.2682935219661,1015.52660788267,1020.5683775635939
1994-05-01,1010.0268809893489,1011.2705134722202,1017.1494483218379,1014.9753630899701,1011.7066631983123,1015.3606286813514,1014.1242653605818,1015.893094805289,1019.594309841988
1994-06-01,1009.9881121248073,1012.496578813346,1019.8341921913388,1015.4805698560268,1012.165831937726,1016.5103678204111,1009.8893726729282,1018.1707655971037,1018.4294266152168
1994-07-01,1009.5671064864268,1016.8508069121665,1018.1931788469169,1017.3457156985794,1011.9980354458822,1016.810826520608,1011.9980354458822,1017.6819144457754,1022.9593261314911
1994-08-01,1010.6181061736072,1020.3866485110556,1025.5859167041797,1018.6668859105338,1013.2016875371951,1017.0706990657378,1020.4369268822578,1020.6743861775748,1024.6518293741321
1994-09-01,1010.9561222113288,1010.0735247795004,1013.6814522358965,1016.5751845158165,1012.878815587185,1015.304898438573,1012.0234775132376,1016.873825925488,1015.8585662853068
1994-10-01,1010.4660595329835,1011.6363946313307,1020.5962426849832,1015.3551768097753,1012.3487725172814,1015.807682150596,1021.8447212759221,1017.736433161537,1016.7775095276426
1994-11-01,1008.9116703702715,1020.4932628885447,1024.0309217779593,1012.6667983592237,1012.2433696668091,1015.5405404433644,1020.0256134600126,1018.9879405700183,1012.841864013169
1994-12-01,1006.6806433686083,1017.0046708433157,1021.2316886053592,1011.90838244663,1011.3928777009294,1013.8583351803671,1019.1781503116752,1017.3008891989532,1016.7944709058796
1995-01-01,1007.7523707044544,1022.6759629022782,1022.1924429295166,1010.0161546568141,1011.7764156703494,1013.337336780706,1016.5398806231212,1017.4910561472847,1015.4528228812202
1995-02-01,1008.9284071574627,1015.443166276914,1020.2431883745594,1009.1767198396228,1011.7205453168633,1014.5230298380206,1018.5305206251049,1017.7504049486519,1016.6067870958144
1995-03-01,1009.1077440945784,1017.4724326961226,1019.1547511177575,1008.786317122671,1011.261166854867,1013.6235861226405,1014.0264044737004,1016.586094372301,1013.6711793867212
1995-04-01,1008.5780103726368,1018.6505384214823,1017.3620715040514,1011.5853528565763,1010.4203525227749,1013.5553001350465,1017.3931105893214,1015.8446051130729,1016.3833056818703
1995-05-01,1010.105823125372,1019.1078476111272,1016.4005496181313,1014.5582074679934,1012.0971528848062,1015.3693622297163,1018.0890758568203,1016.4357272481041,1020.8391388117437
1995-06-01,1010.8880080741765,1009.536773228755,1018.6353637575726,1016.8130245734974,1012.5468747424961,1015.9184091602706,1007.7903073642287,1017.7269531953368,1020.4542541543956
1995-07-01,1010.3141298754064,1007.7854790620756,1022.4945566928113,1015.7232078017946,1012.8793378336106,1016.9592531529918,1015.8342587513163,1019.0409411384342,1015.043106955656
1995-08-01,1010.7279843456731,1017.7855825786246,1024.0872066458883,1017.8290372980026,1013.7042877443425,1017.2096351075031,1019.7279395590772,1021.2219541967407,1023.8892462576108
1995-09-01,1011.2432331611556,1023.3719281697771,1024.8245573604138,1015.8652978365863,1014.1105548826546,1016.8433739013169,1016.9233857655686,1021.3240382994065,1017.8745612897319
1995-10-01,1010.1278953637863,1016.6640369642014,1020.8715574119146,1013.1366173626266,1012.9696960596189,1015.7218282868937,1021.6978868375476,1018.8629837162193,1016.6578291471473
1995-11-01,1009.3601953214411,1017.3910413169701,1025.2259961965729,1011.5598318309097,1012.9234823104391,1015.3376333869959,1021.0626202256879,1019.8224363297882,1012.9386569743489
1995-12-01,1008.9077144339494,1017.6834984759588,1018.8409114778052,1008.8352899016527,1012.9490033361055,1014.9975829639267,1017.8035162723361,1018.0097537500192,1010.9349115808067
1996-01-01,1007.9731703397525,1014.866862372774,1024.7756350521877,1006.2746102250012,1012.080399064212,1013.3708438782752,1021.3178736190165,1017.979575357072,1011.1544078841958
1996-02-01,1007.966499807349,1014.675236169182,1023.472455585354,1008.0210768906505,1011.5000627451055,1012.8426589943235,1021.7399363965483,1017.1524293390353,1013.7025512623411
1996-03-01,1008.7627188115149,1014.7025247108328,1021.6113770447714,1009.7323716581724,1011.53766029138,1013.7674373502663,1017.5514484591732,1016.7200575568797,1017.9347008663575
1996-04-01,1009.8694207784628,1019.3718973932981,1022.0892297296782,1011.6104297357821,1011.4230484164467,1014.6430963312378,1020.1232419067493,1018.3106763291014,1016.7170254966965
1996-05-01,1010.8857673519448,1014.7043439469428,1015.8753255897792,1015.037870567119,1012.9481746887064,1016.080899270215,1017.918327741367,1017.0832983668535,1022.6016479006761
1996-06-01,1011.0367639490792,1014.8965765625716,1018.3094635050281,1015.6655070250868,1012.8905655452216,1017.0341789918821,1019.0541374860758,1017.2057935982635,1018.9370999629958
1996-07-01,1010.5643689725024,1010.8906186482383,1019.6356866292555,1014.9566113542033,1013.1592060774725,1017.106948436284,1015.4332512150368,1018.8970767685746,1014.3520185536295
1996-08-01,1011.8038751754841,1011.2174747360109,1022.5561669979247,1016.4787055662797,1013.7425744567622,1017.2925105195094,1015.9402116777044,1019.7211907264281,1016.443533668152
1996-09-01,1010.1168368894298,1018.6345003566905,1020.7981785035784,1013.4296658458335,1012.6146480685304,1016.1009108674256,1016.3216448487785,1018.556879615995,1009.8433450608854
1996-10-01,1009.9640210561854,1020.4349376936048,1023.1365033170312,1014.3635403823265,1012.4212026288283,1016.4659709135092,1020.7927207952483,1019.0559567221858,1019.6914765366305
1996-11-01,1008.9203859410527,1009.3369910102545,1021.2978620218059,1010.264195014344,1011.2896377683762,1014.6394578590177,1016.0433017239407,1018.0553768616576,1010.699598856683
1996-12-01,1006.9083108033358,1016.4993235755269,1023.5246070205088,1008.261822469214,1010.8469569815971,1013.7207436234416,1016.664267649505,1017.8679955423222,1012.4982169574872
1997-01-01,1008.4043532552303,1016.8834142245128,1023.8433928421559,1009.8294055189752,1012.4143568793585,1014.1980083602919,1021.8716811854333,1018.8930883390811,1017.8570052588009
1997-02-01,1007.4144091621779,1013.1946313975402,1021.9184042104741,1006.969372348664,1011.187877472037,1011.878210167015,1019.7294304873118,1016.6381183430485,1012.3728901946348
1997-03-01,1006.3596368718813,1011.5879433739491,1016.5218948182595,1007.0108390333877,1011.2784033330536,1012.5930724501396,1015.7468766403949,1015.5658249183617,1014.9543373281401
1997-04-01,1009.9380365521952,1014.8895091308959,1016.8834142245128,1015.8946382070866,1011.6767171215266,1014.1845754905926,1014.1892477930966,1016.0803622316238,1021.8255421982055
1997-05-01,1009.641345343186,1020.6825801981445,1014.9899636347337,1014.5186451196345,1010.7802190785558,1013.4177338421101,1013.1087778390278,1015.4274079566784,1019.06362738048
1997-06-01,1010.1155840473502,1018.5245604790716,1020.031962074451,1018.1618729971923,1011.5353799707782,1015.2504444993363,1009.7143500698122,1017.9370184391832,1024.4017329913936
1997-07-01,1010.2242150805702,1013.9608890082096,1015.4770511707843,1017.9995104851754,1011.4781442651031,1014.7867184758061,1014.8153363286436,1016.891590753895,1025.4343118447957
1997-08-01,1010.8596482211252,1016.0680974375506,1014.1033942345841,1018.5368252731448,1012.1094891409672,1015.1955449449133,1008.163145638457,1017.2957449204981,1021.6842050474571
1997-09-01,1011.469967735721,1018.2950336185587,1022.6975106530298,1018.0584983042895,1012.4961221731799,1015.3637478350602,1012.1486196744388,1018.717292957365,1019.5349458955793
1997-10-01,1009.8603595230647,1015.4969084564266,1023.9420952325546,1016.9307212873667,1011.7292805246975,1015.7392841488258,1017.3179383573926,1019.4718698117742,1018.7406544698855
1997-11-01,1011.2492014424031,1016.4494741294463,1022.7243763924282,1014.2470675365846,1011.9220130029909,1015.1207881048481,1018.1344232199808,1018.6255990207225,1016.0178701856318
1997-12-01,1008.0591869077413,1020.2141818721102,1022.768179228404,1011.020842657516,1009.9730788209758,1012.5370048200907,1019.0531146998459,1016.76835877535,1013.5181883459478
1998-01-01,1008.100024729907,1019.9061496211831,1023.3337952539177,1007.7975298036866,1008.9835619935757,1010.7714330470907,1021.4337489985961,1015.9201487704668,1014.3087330905802
1998-02-01,1010.505489591122,1024.8393377096272,1019.5759259933926,1012.418139801703,1010.7493761253872,1012.5656060782353,1016.4955193280484,1016.3883857083453,1016.7828895079577
1998-03-01,1009.7271953538674,1020.7827547094593,1020.0372307558787,1012.309745786474,1009.8513443131704,1012.3160477641036,1018.6426031064501,1015.884857695741,1017.426321423939
1998-04-01,1011.3612981532204,1021.6574692044466,1017.6802911224116,1014.5211097366976,1010.5451920501883,1014.1877351200922,1020.6712097054155,1016.1060571105397,1020.0548762932416
1998-05-01,1011.4621297952939,1015.2868000186927,1017.6966762642485,1014.9521650065616,1011.86167517701,1015.6756320384386,1011.569263414997,1017.3103650355546,1019.814140747791
1998-06-01,1011.1111096413257,1020.5439097572978,1022.5372252815375,1015.4361568885141,1012.6676981158347,1016.5453049513221,1018.8077149203455,1019.3761533025345,1017.704868835167
1998-07-01,1012.0709008343125,1022.5504594345596,1026.2396371389223,1016.7904518811133,1013.5455635996368,1017.3009120691102,1023.6167540494865,1020.5792008320235,1019.878420919613
1998-08-01,1011.5793465792043,1022.0330670711702,1026.520705341202,1015.622065228587,1013.9041461267605,1017.8094816638181,1023.946977677277,1020.9592100830878,1021.6946508724612
1998-09-01,1011.7854212476919,1023.8196777291593,1023.7831262589077,1015.5382489261134,1013.8707456453236,1017.6821817157004,1017.8094816638181,1020.3031742118474,1020.5067280892831
1998-10-01,1010.5911964868844,1019.2501137499427,1025.2313207181878,1012.5889233954648,1013.1037949678024,1016.1860922264354,1019.2551553320465,1020.0725218306044,1014.2677702359879
1998-11-01,1009.2413128786259,1015.1223184025605,1024.9452109338044,1009.6874928948009,1012.0935879537789,1015.653575116735,1019.8040575835838,1019.1662974474691,1015.1676926414934
1998-12-01,1008.1378365956845,1016.3379698873085,1023.2291824252666,1008.4378107308531,1012.1345508083713,1014.6616438378373,1017.8995999439213,1018.4245546804663,1012.9084336612851
1999-01-01,1008.535035554606,1013.3672119199488,1022.7450473616346,1005.5776788411946,1011.7390462820258,1013.8200338093021,1020.4373374578457,1017.6026848877665,1011.8112984679475
1999-02-01,1009.2332657306242,1020.0193959341095,1022.6391605374391,1005.2606412322799,1012.211799808875,1012.8907212110691,1020.8633762093144,1017.0583020386676,1013.6668093460546
1999-03-01,1009.1043329505744,1021.2557803225093,1022.0268855481207,1009.5116857918911,1010.4490956178566,1012.9368131227778,1018.6808619035447,1016.895734620344,1016.4018037286558
1999-04-01,1009.9875536370989,1015.5852294550074,1019.3423431229305,1011.5060952687959,1011.7589779195214,1014.5724531247615,1015.7652370561395,1017.1112454507653,1019.2887768471609
1999-05-01,1010.298362609296,1022.2168589680009,1020.1707518063419,1014.5008238025117,1012.8116175247585,1016.1943901259671,1017.9066423595746,1017.7253890310989,1021.9558790895427
1999-06-01,1011.1311313384097,1016.0399199353761,1019.5372994521844,1016.0635887549022,1013.3510174644836,1016.4914960973861,1012.5388032365373,1019.1473867936764,1022.0648802320968
1999-07-01,1010.6372004467215,1015.5864751823508,1022.6310633097065,1015.9726506588283,1013.6524834816047,1017.8786134943464,1014.2809529263883,1020.7649637491797,1021.358552828346
1999-08-01,1011.8679790620756,1020.1445915321289,1018.0380665943112,1017.7116860303206,1014.4229658435445,1017.0140787179741,1010.7069611779561,1019.3080856209848,1024.0331294347886
1999-09-01,1011.5553014988632,1022.827265366304,1024.3825559546335,1016.2710023575908,1013.9539494987258,1016.9561523965026,1017.4052371038255,1020.9948004440511,1021.0502353108357
1999-10-01,1010.633463264691,1022.8552942315322,1025.4800417442357,1014.0411504127692,1013.8212795366456,1016.5899085575206,1018.4348307532084,1020.9848346253034,1016.601120103612
1999-11-01,1009.4070446950391,1016.7070069278074,1020.8004669784689,1011.0308502872598,1012.8284348438954,1015.8318834690156,1018.461613891093,1019.0770031987701,1016.943072259396
1999-12-01,1008.8396158900858,1014.150774418995,1020.0654878458181,1008.8607932549249,1012.7206794286848,1014.8795249149283,1016.8770487101917,1017.9508656802678,1014.6067106267072
2000-01-01,1008.1880135389805,1013.5042264584256,1019.515723528604,1008.1046032723972,1012.567052534601,1013.5316326888744,1018.7692016426839,1017.1081457624404,1013.3183407214685
2000-02-01,1010.0039742000215,1017.6425672561916,1020.5077099133262,1008.4710126577451,1012.8762663085774,1014.3299880975997,1022.7460839958495,1017.5287718210674,1018.6524272694674
2000-03-01,1009.8323873659074,1014.4950212679109,1021.3024905963408,1010.60095339371,1011.6513269650405,1013.2277810034639,1020.0364419071308,1016.5737242686891,1016.9961376901715
2000-04-01,1009.7591054888377,1018.8144815016863,1019.9893746852731,1011.4308855462134,1011.5458725565746,1014.4944254802924,1020.3265904773168,1016.5367854363451,1021.3155979239468
2000-05-01,1010.503244224284,1020.874119298674,1020.4058302305708,1014.2167884500939,1012.5432210298629,1015.8992926846017,1016.2359126890269,1018.4141122220867,1019.9929494109839
2000-06-01,1010.4424738872019,1018.3497671592938,1022.7299977301512,1016.9061737597851,1012.9048641142631,1017.0199691949095,1012.3114596462851,1020.8336057406192,1022.2360897944548
2000-07-01,1010.4764337814537,1017.3589723498085,1020.8139447492103,1016.4748235240262,1012.8214538476798,1016.7024143942747,1014.3764595318389,1019.42873853631,1018.2115444318131
2000-08-01,1010.0313804304701,1013.5661883707445,1020.8300310149086,1015.241543153831,1013.3963888994857,1016.3550702127172,1015.2397557909757,1018.2860178841195,1016.6315156676789
2000-09-01,1011.4582917766622,1015.248096817634,1021.3245347382236,1015.9106126493523,1014.0255406245709,1016.8191887674913,1015.53050014878,1020.2181571307586,1015.1706444272353
2000-10-01,1009.4040160682405,1018.2115444318131,1019.5925801313841,1012.4711307280303,1012.7863023781912,1015.7735814971084,1014.9138599636825,1017.964888357774,1016.3360050089269
2000-11-01,1008.4513516663361,1010.8273526887217,1018.088812182412,1008.8100158126441,1011.8652147200647,1015.000249168358,1017.3559934117163,1016.8763843788626,1014.7190374124486
2000-12-01,1007.6601457090321,1015.308867154716,1020.4374069743488,1008.3125331512368,1011.3623699700914,1013.9111494018282,1013.2313557291747,1017.1075499748218,1012.4764928165963
2001-01-01,1009.0318985091482,1014.9029253677536,1022.3580304293257,1009.547201057101,1012.506735614118,1013.8716621587597,1020.5653303774435,1017.8144176693422,1014.7528755836755
2001-02-01,1007.378060318847,1016.3784149111898,1020.4771432236431,1006.1717390284284,1009.9618123025804,1011.168133592999,1024.625888130789,1014.7022008758946,1014.8081570830727
2001-03-01,1009.3089641192223,1019.8321923973418,1020.6627311144767,1009.8012327090931,1011.4511222208658,1013.0713966436757,1017.9236644419606,1015.9598549871821,1015.7137206922467
2001-04-01,1009.1812901801383,1021.9124878687074,1022.0664863313141,1012.9634660972334,1010.8614528939619,1014.2388892618986,1016.0434353493661,1016.7239242824227,1020.433707759831
2001-05-01,1009.9947179569835,1012.8561936638793,1020.918737105733,1014.5626809012253,1011.9427326976486,1016.0184270520197,1020.076352353013,1018.1921745818902,1016.7798638949079
2001-06-01,1009.2885626134926,1017.4761475420781,1021.3247928810675,1015.8802233035265,1011.8361183773824,1016.7239242824227,1016.781180121084,1019.1135329051775,1022.8535895846368
2001-07-01,1010.4514484400989,1014.5547835441686,1016.6449507118552,1016.7074714552211,1013.0253287275114,1016.5561054449666,1010.48501220759,1018.5311028222422,1018.9963887755024
2001-08-01,1010.0796145453437,1015.0470521340394,1020.4633228487937,1015.9394534814521,1012.9608336448812,1016.9141189648727,1016.107930431996,1019.5090588711032,1015.4228347073231
2001-09-01,1010.7515480082554,1024.6515545412235,1025.0089099480415,1015.8196768994248,1013.6360576732333,1017.4623271672288,1015.5748588306654,1021.0786585861322,1019.1661819522226
2001-10-01,1009.5695769020952,1015.3228015179376,1019.3405819205592,1012.525820893672,1012.4830435429478,1015.5630127950805,1018.727878635573,1017.8894425613813,1012.1493802073002
2001-11-01,1008.7614140299545,1018.2876009796591,1024.732502451055,1010.989784946134,1012.0625092796759,1015.738728989593,1023.8447078952589,1019.1859253448645,1013.0885075839655
2001-12-01,1005.9657496318649,1013.5491867456092,1019.2866166473381,1008.0881643408665,1010.6817880209207,1013.0141408050143,1017.8657504902111,1016.5146443204187,1008.0631560435202
2002-01-01,1008.1951570487389,1012.5451004169656,1023.2172595963103,1007.6438386480858,1012.024966514962,1013.7112829891048,1018.5513525342195,1018.155956626814,1011.3100765930905
2002-02-01,1008.1310228911389,1013.2335129343232,1018.5089886869974,1007.3514104249006,1011.8814001438207,1012.9940395201654,1016.4572840305648,1016.3860892317612,1012.5298023610242
2002-03-01,1008.7205864316452,1013.8895641794974,1019.5933854985275,1010.2756926567531,1011.1382676571345,1012.6080578010316,1017.8017477930966,1015.9071424034456,1016.496705943952
2002-04-01,1009.2042403540964,1019.8458034215587,1022.6218121881342,1013.1682020031892,1010.9329206754612,1014.515607699556,1019.2891895400029,1017.2992654941023,1020.3094521939328
2002-05-01,1009.3383925369661,1012.5245068801215,1016.9468218206857,1014.5267870481284,1011.1359141100667,1014.4467664478202,1010.8940871488411,1016.1066055174492,1019.1779844410449
2002-06-01,1009.8420516094945,1013.6071385313506,1021.3155935654556,1015.4882110253612,1011.9908400824775,1016.6432142489281,1013.7818894011414,1018.7331640452139,1018.81553819259
2002-07-01,1010.6881517804009,1011.5218958292006,1017.8705890448324,1017.7805658694856,1012.8492963754902,1017.3869351223811,1010.1003534001953,1019.1179689908138,1020.0640949121054
2002-08-01,1009.6773033147422,1013.9813525151451,1019.5351352085972,1016.6826361623151,1012.345048916195,1015.9059656299116,1007.5138051725849,1019.6451635340211,1020.8748918769934
2002-09-01,1010.5057518826393,1018.434263567592,1022.5659154452718,1016.156618392642,1012.8581221769948,1016.3278389418308,1015.2793337230862,1020.198247094975,1016.0418829730822
2002-10-01,1009.1136287919826,1013.662446887446,1021.4962283029162,1013.406498643813,1011.5989744956739,1014.9486603600476,1016.4125666362748,1018.6313731345276,1014.0013576652221
2002-11-01,1007.9250875226985,1012.1626490184334,1021.6362643534554,1013.5035824603635,1011.4777668216776,1015.1487118608183,1017.1009791536325,1018.1365398635039,1017.0086024312179
2002-12-01,1007.7044424850839,1015.9118494975814,1021.754530093617,1011.3330236770025,1011.7731369786977,1014.6756489001725,1018.8420155971038,1018.1630172680177,1014.4879535215083
2003-01-01,1006.9607601799856,1015.3304571265621,1021.3266481677169,1010.952119876627,1011.5221273537759,1013.6884172382616,1020.2631135744587,1017.8967981303313,1016.2305721449499
2003-02-01,1007.0986863011765,1017.4647167743732,1022.5163426727755,1007.9334334896158,1010.4540170124212,1012.8549774064211,1021.6247254722812,1016.5927099228633,1015.4723053175499
2003-03-01,1008.836816899501,1017.7608330440389,1017.8641142153571,1009.9369574775304,1010.9566956247234,1013.4282532750675,1015.5004134844277,1016.0481958993942,1016.392030684922
2003-04-01,1009.1937252510185,1015.7984907889918,1020.1349926277601,1013.2223446107304,1011.5946856450184,1014.9447869298674,1016.6123202718477,1016.9110512547113,1019.9140493625349
2003-05-01,1009.2107208868051,1019.2819424469351,1019.3728037305632,1014.3871993404085,1011.7345728011079,1015.3003879247859,1017.7569109742419,1017.2117432724734,1020.4030007305479
2003-06-01,1010.6919559134329,1018.5831603447881,1016.6691902839027,1015.5245995815085,1012.5778178074404,1016.1370961481239,1017.7869801760181,1018.2667800478384,1018.3994767426334
2003-07-01,1010.1886236228312,1017.0561678371965,1022.0653046461324,1017.1437607293271,1013.0889942376359,1017.1385313029314,1019.697681845406,1018.9047700681335,1022.6411952279767
2003-08-01,1010.8540681317046,1011.8764209920955,1017.5464265618085,1016.7848913429111,1013.409950282682,1017.3810459520395,1011.6489409438755,1018.4877233130636,1018.9289561652145
2003-09-01,1010.7396744292951,1011.2776516697694,1018.8910428238445,1015.6952096176735,1013.1425958581935,1017.1849424621946,1018.5275976893321,1018.543939646819,1013.9714599419376
2003-10-01,1010.0526585365388,1016.4926971430425,1020.7527186207712,1012.8974664958874,1012.6425319590893,1015.7899929710985,1017.2313536214579,1018.3314941994872,1013.882559693208
2003-11-01,1008.9257171482307,1015.2056045713609,1018.2216762451742,1012.933418802359,1011.7404559058031,1014.5421210973859,1017.1078084228556,1017.054206802298,1017.7242270592678
2003-12-01,1007.4320622339126,1017.7144218847756,1025.1957700223552,1009.4532355359131,1011.422114573955,1014.6231772065217,1020.8017444932324,1018.546554360017,1013.2746388746891
2004-01-01,1007.1356974062686,1015.5756809164847,1020.4593038335647,1008.5983484179726,1011.2228496330093,1014.3305581729816,1022.3320862676056,1017.8246059809561,1009.8955873090656
2004-02-01,1008.5632266663359,1013.1018633455662,1019.4016859254116,1007.73050126463,1011.5978593037096,1013.8071307776233,1018.2443675609996,1016.7941791063281,1011.4596382166236
2004-03-01,1008.0097758381272,1014.0410869619122,1019.6611337036302,1008.2052113915889,1010.1822261208093,1012.4623075778615,1017.616141390597,1015.8447588524101,1016.2588556338028
2004-04-01,1009.0033815215234,1020.1970236560206,1020.1517052668121,1013.5692092342788,1011.0891603848441,1015.1304277425114,1020.5431428536004,1017.1204715086292,1020.3318458639158
2004-05-01,1009.8910554701448,1013.7397196736758,1017.428636555247,1014.4863401358857,1011.8199194108311,1016.1710512547113,1017.7113100079348,1016.7035423279111,1018.4601963896051
2004-06-01,1009.9692296915293,1019.2079498115453,1021.6721372247569,1016.8593242908153,1012.3133233733384,1016.4191694356279,1012.0669046320174,1019.2521352410236,1020.1330114312636
2004-07-01,1010.2575679428685,1016.6837155326324,1018.608614114263,1017.0275688107519,1012.2073916385638,1016.649726740726,1016.1189351071215,1018.7525,1020.9413781987699
2004-08-01,1010.4886917278318,1008.7614946191231,1019.1139141539377,1016.068518399127,1012.6985296816107,1016.7375311198174,1009.5188781987699,1019.1473364659789,1015.0210971285458
2004-09-01,1010.8654008381272,1017.1318011059313,1019.6356421097004,1017.1284022267407,1013.1256554999007,1016.4180364758976,1011.541777797064,1019.360899375124,1019.4605998313825
2004-10-01,1010.1907233187859,1017.8382014977187,1026.4033770581234,1014.3418877702836,1012.6855006447133,1016.5953446736759,1021.5078580638761,1020.5329462160284,1016.5630553213648
2004-11-01,1008.8810218706604,1016.915972277326,1018.0914179974211,1012.3784685578258,1011.5814313876214,1015.0947395110097,1020.2548046022614,1017.2139406863716,1015.133826621702
2004-12-01,1008.0171400763736,1011.0942587036302,1020.4706334308669,1009.8519683594525,1010.9033549890894,1014.0892377504464,1022.3196237105732,1017.4966141390597,1012.8078602955762
2005-01-01,1007.5600445195549,1017.2735715021439,1024.1550039483925,1007.0973167144797,1011.3088285100636,1013.5385628996078,1018.5014594936902,1017.9448085888025,1012.6700873033433
2005-02-01,1005.0422792905863,1015.6011141714861,1018.4701517937527,1008.6827386393114,1010.0402405085987,1012.7840473311156,1015.7639142111607,1016.1690358483512,1012.052699460577
2005-03-01,1009.4635526757511,1015.4940418377,1021.6209587154563,1011.1760838623288,1012.217377962248,1014.3387877100087,1017.0325022126257,1017.8277177910365,1017.3624853699662
2005-04-01,1009.1310649024156,1017.5277900256359,1018.4275733218378,1013.8409952810034,1011.337631594006,1014.377609257931,1016.6511744273876,1016.1126819884637,1022.6772805113453
2005-05-01,1009.7183973532417,1016.082000442525,1020.7305677292356,1014.9943709466985,1011.1454023163901,1016.0319081226252,1014.0269630186318,1018.2190640402545,1020.1720383623517
2005-06-01,1010.4509975317778,1014.470280049746,1013.0426489325988,1014.7050877992766,1012.3025349060778,1015.8340434590206,1009.7885266011016,1016.6674544313552,1018.8214241870508
2005-07-01,1010.5549390955701,1018.4250687058427,1018.5659533555612,1016.9623729647658,1013.0664427845512,1017.5327992576259,1014.347553865991,1018.9898596127141,1021.8739249309507
2005-08-01,1010.976340736728,1018.728753395236,1017.460165393771,1017.828970099034,1013.1434597263973,1017.0124652846657,1014.8215524430439,1018.8690118909556,1022.6697666633604
2005-09-01,1010.4234467558329,1018.7199872392534,1025.374751937955,1015.6724957273433,1013.1872905063096,1017.7525793111868,1018.1213840164496,1020.9459647048051,1015.9461250247966
2005-10-01,1010.4910713876977,1016.7588729151724,1025.9314028428425,1013.3212874620419,1013.4051920978742,1017.6311054354294,1020.0236398646483,1020.7236800352495,1014.6337062434193
2005-11-01,1008.8856125349059,1013.6832044733187,1022.7480359132039,1011.2443346481924,1011.9080578868661,1015.4358095158163,1014.3394138640074,1019.0155319266628,1014.7808524331252
2005-12-01,1008.1749277463261,1013.8585275929684,1020.7362031152244,1010.0277174286238,1012.0927733164968,1014.5435400675993,1015.8759957769367,1017.9598362847725,1009.5775127035234
2006-01-01,1007.2750089363374,1016.1150385015945,1020.5213584281964,1006.9839932457693,1011.7372495250484,1012.8710694802618,1020.4962511921475,1016.9972154773168,1013.2111584049256
2006-02-01,1008.1840050051119,1014.0088837684831,1019.1438841595075,1008.6148223509529,1011.3172739402285,1012.5897543127126,1015.446273032289,1015.6437072066744,1014.8185921310636
2006-03-01,1009.2955708192818,1014.6690899527719,1022.917958232875,1009.241932633177,1011.2117094250224,1013.398321437291,1022.2332154315383,1016.9053458181374,1017.4131967291288
2006-04-01,1009.3554858143989,1016.3604046720735,1018.4682712621885,1010.8094230292371,1011.1181279088398,1014.2633798429798,1015.3932054651855,1016.6554146956495,1014.8591060801429
2006-05-01,1010.4539273915431,1014.8237277020737,1014.0425502895487,1013.7600938839973,1012.101304447759,1015.8263052870309,1016.9475716242199,1015.9250223742237,1019.3510188569117
2006-06-01,1009.8924382944471,1014.9064674572353,1016.6976405017319,1016.1298745956235,1012.6125790727572,1016.547567704439,1008.585150162895,1018.8397442319136,1024.0711792341262
2006-07-01,1010.8579256443319,1016.5355847054155,1018.0243296793218,1016.848283918026,1013.427993625349,1016.1196034536035,1016.2382922058351,1018.3267577499122,1021.615805672333
2006-08-01,1010.0710420417957,1017.3915132070864,1021.1062429043383,1017.945013638167,1012.852239053225,1016.4089072871683,1015.2699517609449,1018.6189146784825,1021.9427703599713
2006-09-01,1010.383741254406,1021.9501884069857,1020.1938231215571,1016.8014931599346,1013.4085925793111,1016.4950707563365,1014.6514007637373,1019.3527307139151,1020.6098043733691
2006-10-01,1010.2547813601543,1017.5438684803838,1024.6948658023439,1017.3475755440007,1012.8762050512719,1015.9409997062548,1018.4049325530649,1020.273709781713,1021.7647372316237
2006-11-01,1009.1717464960401,1019.3270528588649,1023.0805846481925,1012.7192848259655,1012.0345420246288,1014.769518896968,1020.2554499736773,1018.3895258400348,1014.4020402602505
2006-12-01,1008.6473476340163,1013.7452577899683,1022.2811474276318,1012.0801915447178,1012.2000215349518,1014.8973375532173,1019.8885419559612,1018.1698375246058,1018.0288946313308
2007-01-01,1006.3542579597301,1017.1859316012543,1021.5920986277905,1008.8430970751377,1010.8169615785176,1012.5130593460547,1018.6331454572505,1017.0679421913387,1013.4870865060351
2007-02-01,1008.6194088188392,1017.003416732791,1021.615450698503,1007.5728673340149,1011.5021604954756,1013.7396575866358,1020.2241589065815,1017.115875389117,1016.6033588897959
2007-03-01,1008.4338213094929,1020.6862840954175,1021.78997670067,1009.4987986396168,1010.7825480006256,1013.1687609105336,1015.569722496681,1016.5812358754368,1015.2298884149969
2007-04-01,1010.1889137819876,1016.7188901870051,1020.4048301905146,1014.0475362031342,1012.1910465814933,1015.0811725962492,1020.7538821948484,1017.4802905978667,1019.9500793397982
2007-05-01,1010.1600309576854,1020.6789097572978,1020.7213122014863,1015.1223459840844,1012.2309909129751,1016.2727427307615,1022.9747870252392,1017.8625271237391,1020.9726542257335
2007-06-01,1009.2609762352555,1012.0964092422901,1020.9038270699494,1013.8902169899135,1012.0847332069338,1016.9401203305969,1023.320151860513,1017.3702900542474,1014.745025683625
2007-07-01,1010.2036624582272,1014.3775378339919,1023.0577483290862,1017.6111850994919,1012.7852953283078,1017.3512396807715,1010.5447255962645,1019.4559986857765,1018.5464969843437
2007-08-01,1010.7512070636168,1017.0648695504555,1030.1211351914303,1016.5836939881433,1013.9049656661529,1018.5876703721789,1024.3488720282148,1022.3811528066013,1021.3174045328309
2007-09-01,1010.0426560759464,1019.7085697663772,1026.727710600003,1014.70016512673,1013.5651315844689,1017.8084486441945,1020.901368957243,1021.7297529393587,1017.1760991504281
2007-10-01,1010.1163994571438,1016.5185540014191,1022.7498697125875,1013.4815557524453,1013.525187252987,1016.6549792566341,1017.5552630354173,1020.0385713972349,1014.4985998847909
2007-11-01,1007.6490688279188,1015.1106699487282,1022.4555107159752,1010.1170139853203,1011.9556822898387,1014.7044668239665,1020.7594129484381,1018.4604630396137,1016.7096722643553
2007-12-01,1008.395720562541,1020.4619813109425,1024.7993211816947,1008.1929262642485,1012.8916087028672,1015.2507823730028,1016.6758732146399,1019.3257187123281,1014.4082642428242
2008-01-01,1007.0709935929226,1016.5326434677949,1021.1000365178613,1004.1814183979826,1012.3927832637755,1012.5276301062061,1019.004007026994,1017.6151466913616,1013.0098473860498
2008-02-01,1009.6734755104299,1013.8363280332046,1019.8789579677415,1005.462774108083,1013.375238830055,1013.6362327186304,1021.6189172249095,1017.9898593456732,1012.2337012745487
2008-03-01,1010.1867634912944,1017.2646691838463,1021.9631805922207,1010.5403480689118,1012.7159185543924,1013.488336181771,1020.5531921798942,1017.6692097111379,1019.2041023415684
2008-04-01,1009.4802157500801,1018.2465033361055,1015.8397668350298,1012.5698862595943,1011.8347534734407,1014.1874269547403,1017.4790570208902,1014.7585064395037,1019.0437775243007
2008-05-01,1010.4844208070743,1011.5190751510689,1013.3708889319122,1015.3730849056963,1012.7469892554134,1016.3070701783835,1015.5582662837807,1015.2345095791434,1020.3717392859322
2008-06-01,1010.7255294469962,1018.1682051695329,1021.4971200769078,1016.7955015984313,1012.8917787221706,1016.753245445043,1016.4580737853447,1018.9766648100957,1021.8040986029939
2008-07-01,1011.0840853367769,1016.602863252102,1018.5180612630278,1016.09330375536,1013.8033930901225,1017.7033874822608,1014.0382875898401,1019.5030024853891,1018.8032902983992
2008-08-01,1011.4985684883951,1014.5509541566845,1020.9937747203699,1017.8537696752018,1013.902197919369,1017.0359888243328,1022.4690116048404,1019.1935383032213,1019.6614630605955
2008-09-01,1010.869697499733,1020.0734605561321,1023.6223560267347,1015.2363738212047,1013.5865195969969,1017.2584550436421,1021.9600735221186,1020.3015195016252,1018.4664838993331
2008-10-01,1011.2419244979629,1019.7142832523309,1025.2367896517785,1015.3954558104315,1013.8195498546534,1017.1503290040896,1020.4817295675462,1020.8607921200005,1019.4769030965315
2008-11-01,1009.7977583145133,1017.1310651694565,1023.9697264641478,1009.9363336410663,1012.9675912326613,1015.4414404479423,1024.9764171772235,1019.6173426651459,1011.2537313643509
2008-12-01,1008.6096147074755,1013.4094166011781,1021.7121293279722,1008.5779225924343,1012.6581270504936,1014.7541565413609,1017.7071159663833,1018.4291990581081,1009.3807895068134
2009-01-01,1008.6239949719987,1013.52361666069,1021.521316588589,1007.0726498767796,1012.853730744434,1013.9623285215082,1019.575073169243,1017.5827102375902,1014.468490169075
2009-02-01,1009.1255446683349,1016.376684990768,1022.5030857068194,1005.9680875570323,1011.5370186680756,1012.5516479388247,1017.5533090484946,1016.9018709371614,1012.8416243724536
2009-03-01,1009.1411100037386,1016.9174362725649,1019.1277138998672,1009.2414199430058,1011.1749804964674,1012.7724451039934,1020.655999238933,1015.7125640135505,1016.7975255405673
2009-04-01,1009.2183601868524,1020.7505442391619,1018.1217320376757,1011.8408309553965,1011.4453561373659,1013.9456101982969,1016.0717197156393,1016.3080822162116,1017.7268337135488
2009-05-01,1009.4137916202523,1008.7727303991882,1016.0163763008712,1013.7939923015884,1011.357729063983,1015.2911469698472,1017.4674114568231,1016.1374400206765,1021.8424236930249
2009-06-01,1010.604251531671,1015.950655995834,1014.5941658401111,1014.6881343464361,1012.2979906211374,1016.3317184662687,1012.5620248290937,1015.7091050501274,1017.0471474009278
2009-07-01,1009.6386242427479,1009.1901119855644,1022.180249120672,1015.6935397147239,1012.3637109261746,1016.8200088028169,1005.3149199639874,1019.4672688092257,1017.7377870977217
2009-08-01,1010.5022121106923,1020.948858142081,1018.4261208189004,1016.2273730696747,1012.7724451039934,1016.2636921856164,1015.0847621522744,1018.6515299352998,1016.5588570643797
2009-09-01,1009.8559624444937,1017.9724201165824,1023.1810425377291,1014.852435109029,1012.7539972990706,1017.2725565173271,1021.6100966497794,1019.6725006389911,1014.4413949555949
2009-10-01,1009.7850536943218,1012.5199407741138,1018.5788917034166,1014.852435109029,1011.3761768689058,1015.0501725180443,1022.6725749145469,1016.7698538331833,1018.186299354905
2009-11-01,1008.2821340870247,1014.2955419979246,1019.020486033754,1012.2668599503303,1010.0980898841041,1013.9306213567974,1020.7718745136038,1016.3178826125768,1015.1868015732532
2009-12-01,1008.0146409156455,1016.9330016079684,1020.593161403415,1010.9420769593182,1010.604251531671,1013.9017966616057,1021.5045982653777,1016.8955295042192,1015.2254266648101
2010-01-01,1006.196033830284,1013.2836873788779,1023.2386299269072,1006.6414262280073,1009.8261629255489,1012.4502362931654,1018.1938669830467,1016.6923273007493,1012.6198233714313
2010-02-01,1007.1411347717944,1020.4437624555569,1022.9362700471519,1008.9335675919003,1010.6288348618255,1011.8201689988251,1018.1160138403553,1016.9264902415578,1016.2547805685685
2010-03-01,1007.8581078998368,1016.1443377382388,1019.4371032151741,1010.6131435307403,1011.0054268078678,1013.1895393923674,1022.8807468756199,1016.2958194344834,1019.9416398608336
2010-04-01,1010.2787974760809,1018.9035979582806,1022.0714362992691,1012.9209762257183,1012.2788386766973,1014.7297038896435,1015.6440256817176,1018.1335157096426,1019.2427721148124
2010-05-01,1009.4743150016022,1015.6084184304092,1023.250700181588,1013.6144123571331,1012.159343155357,1015.8003354798346,1019.8505094379932,1018.6265856133551,1017.0242593044727
2010-06-01,1011.0380164955062,1016.0743302610899,1026.9369559611189,1016.2354681610792,1014.0266115544841,1018.2155934414723,1020.6718902690249,1022.0346220224925,1021.9658215708117
2010-07-01,1011.2534705415592,1015.3664098240582,1026.2398987533,1017.0960773198236,1014.4762285413457,1019.0997395968444,1022.7998761692584,1021.5361205041735,1023.3122584804603
2010-08-01,1011.5618655486549,1016.1841695786856,1023.6091867456092,1015.7605036393879,1014.9892143652817,1017.7708045564831,1022.4178526086093,1021.5632785772054,1015.9856138891856
2010-09-01,1011.747143958006,1018.5433008560573,1021.8342557947905,1014.9391228083562,1014.8769609967499,1017.6205298857064,1021.2271219843439,1020.2554664825356,1018.056869592419
2010-10-01,1010.5618449483467,1021.0569313933438,1024.59170547663,1012.9233902766546,1014.1756791997925,1017.5607821250363,1024.6218811133322,1021.1619426090672,1019.8619761799399
2010-11-01,1009.7259798116979,1019.0110232249401,1024.091393420109,1010.582364381304,1013.4635341736225,1016.0785548502282,1021.6212157996736,1019.7672246806952,1018.1123927639511
2010-12-01,1008.5962039735707,1019.1625049211848,1026.412503395236,1006.6534964826882,1012.9034743564312,1014.7610865518136,1023.563923290556,1020.1727852379717,1011.5739358033358
2011-01-01,1007.351539873041,1015.7077940503258,1024.2878051134542,1005.2151943677231,1012.2036013916653,1012.7889653876673,1021.4076011513283,1018.3076359620344,1011.8200181587902
2011-02-01,1009.3213996002014,1014.298658424,1022.2160560900614,1008.2259231799246,1012.9527873933744,1012.9847526627805,1024.644750621824,1017.9100679237941,1015.1550612668427
2011-03-01,1009.7649177132132,1016.2738456960615,1021.9663274228251,1009.1902088070133,1012.4852953283079,1014.0063093975555,1021.8551149230158,1017.4385802000518,1015.7697267598004
2011-04-01,1010.1491668892008,1017.5884174003936,1021.3769677681473,1011.8366667366059,1012.5179265408267,1015.0258683029923,1019.325862981246,1017.3979576701813,1020.6071375299467
2011-05-01,1009.9740238505791,1020.0277670219584,1020.2988058687989,1014.5137580493797,1012.5565512413592,1015.4540697244136,1018.6439372339125,1017.6809834930493,1017.8801004837256
2011-06-01,1009.9373969793844,1015.9675118642516,1023.7690354287153,1015.4274319999084,1013.0386940549037,1016.4263466688539,1018.4628007072772,1019.706116498558,1019.7161056452475
2011-07-01,1010.500118909557,1012.8875249683365,1023.1663569117849,1017.1715370118872,1013.4975288595058,1017.2334697213618,1016.3637480162666,1019.938530644866,1019.7613897769063
2011-08-01,1010.7578388941449,1015.9082429272274,1022.2353684403278,1016.5621990638303,1013.6653465238887,1017.5178274304549,1014.8893499649031,1021.3103734568842,1020.9407750293744
2011-09-01,1011.6475388926189,1014.298658424,1021.3097075137717,1016.3138022828193,1014.9972327491492,1017.4086127599835,1012.9674381418522,1020.912805418644,1018.0013021302245
2011-10-01,1010.8091165138175,1019.6408540735201,1026.6359205285887,1013.2557915096211,1013.9070838737736,1017.0356846169105,1024.491583705919,1020.9194648497703,1017.7682220408038
2011-11-01,1009.340046007355,1014.4211919567241,1023.5672546655883,1011.8599747455479,1013.1685529618666,1015.6125641852196,1022.9972073611768,1019.3624898524408,1015.3302043054645
2011-12-01,1008.4103894221231,1018.6659133566295,1021.7046117795613,1007.0305552927533,1012.7996204774693,1014.1321726458425,1019.6481794477592,1018.6459350632505,1014.2120858193582
2012-01-01,1008.0696200101474,1015.3780406531824,1019.2633330821876,1007.7182075824394,1012.9103711012009,1013.698205436574,1020.6582069434484,1016.9920234557399,1013.9167157195611
2012-02-01,1009.3717018334273,1015.0308188336411,1018.7107714624693,1007.2680165336548,1012.1632455308776,1012.2470576942151,1015.3193721388461,1016.0353674770726,1013.4246185891077
2012-03-01,1008.3007021176354,1017.1979619142263,1020.0469768093936,1007.9528816397844,1010.293036971831,1012.0081930287031,1018.6281566157508,1015.3091949475836,1015.7420249053912
2012-04-01,1010.2337697991851,1018.1210930275587,1023.7987684353684,1013.1336706506646,1011.6226570773503,1014.237596573482,1019.9547834297224,1017.7074201356569,1019.4447265499824
2012-05-01,1009.6363088062503,1015.6073267857414,1015.3672648036103,1014.6949715219812,1011.6184664691834,1014.7386735785788,1016.6489922443653,1016.2023931454381,1021.1634745567119
2012-06-01,1010.3618826774297,1014.3106328872476,1019.5806219862512,1014.7344829704118,1011.9591030473197,1015.9683177464026,1018.7407043779469,1016.9854382143347,1018.7706372934247
2012-07-01,1009.7464619352082,1018.3677402510948,1023.7598556452474,1016.0251902858103,1011.8226089527412,1016.54901630667,1017.8798337288083,1018.180958858514,1021.8010456563868
2012-08-01,1011.2287399096639,1016.0347688187629,1025.0338005279782,1017.3673822158302,1013.3162614350784,1017.6649153956786,1012.7810609063372,1021.403536538843,1017.4487997459296
2012-09-01,1010.4271364331711,1019.4878299482704,1025.5893554392444,1015.6354637262905,1013.2396331714557,1017.0854141520302,1019.4620876409595,1020.9557401232966,1017.1794035066301
2012-10-01,1010.161332143729,1013.3689433663193,1024.2537487506295,1014.6512694653838,1012.5386042909679,1016.6711426018188,1017.2099350804175,1020.0362009598217,1017.2272961713945
2012-11-01,1009.051419637816,1014.6009821673813,1021.2137618547144,1012.5386042909679,1012.3799598389361,1015.7599846546779,1016.4975316920483,1018.8311017826896,1015.9347928810676
2012-12-01,1007.4464167099018,1019.5662541868219,1023.4102391924679,1010.2002449338501,1011.1137975142294,1013.9735882589687,1018.2186743320159,1018.0486553721025,1014.3399671444157
2013-01-01,1006.5147358582699,1014.8926677780661,1018.8522201791463,1005.8327763874689,1011.0288289869226,1013.1488854470267,1017.3351594616454,1016.7877972548183,1011.4362100392169
2013-02-01,1008.0742694901805,1016.8278773289794,1018.8205150458548,1008.1430636473227,1011.448174240459,1012.3730069964752,1019.588018555537,1016.2703455510964,1016.23445294737
2013-03-01,1009.5171521599805,1014.7269635908627,1019.5078584072147,1008.8244249080616,1011.3943353348695,1013.7279527871455,1019.6131433781454,1016.250604619047,1017.2855080264906
2013-04-01,1009.6218389208491,1016.9630728030154,1019.3529220011292,1012.0278397906399,1011.5953339157371,1015.1570766255169,1018.6093468939314,1017.0695541940702,1018.7182211252347
2013-05-01,1010.5544484076725,1014.5104115483803,1022.2757763645797,1015.1020412998032,1012.3383108128729,1016.7028514259991,1015.6996531518472,1019.4396624601345,1021.0356869058337
2013-06-01,1009.7354988326492,1012.5871661987092,1021.6841466131568,1014.9255693314819,1012.3179716707614,1016.5281740878642,1014.9770153968229,1019.0669775914425,1018.4119375734363
2013-07-01,1009.9699971769948,1022.0927240855754,1022.8010047991089,1016.808734606992,1012.5710145270323,1017.0390454809028,1018.3963841118216,1019.8075616483299,1023.5374013855616
2013-08-01,1010.6752868402178,1012.7839773091421,1021.815154616758,1016.622691277677,1013.201527932492,1017.0187063387913,1012.5775948377154,1020.067783025346,1016.0436239375581
2013-09-01,1010.3564408771153,1016.5461203897273,1019.3547166313156,1015.4765207986816,1013.3139914241681,1016.5485132299758,1018.6889088321915,1018.7660779302032,1015.4549852364457
2013-10-01,1010.342682045687,1015.7164030335863,1022.2925262463187,1014.2914666656493,1013.0585557276488,1016.4551924602872,1020.2849332778906,1019.373859353303,1015.15229094502
2013-11-01,1009.0613160926556,1014.2777078342209,1025.7172788518762,1010.5012077121451,1011.5672180428181,1015.3748250881237,1020.2586120351579,1018.8934966734319,1013.1901619413121
2013-12-01,1007.331890803107,1015.2593705461371,1021.3946129430974,1010.5532519875483,1011.7179669784689,1014.0581647414281,1017.0306705400333,1018.0404491248685,1013.5167846352219
2014-01-01,1007.3088988181527,1012.672797140372,1021.3261083538065,1007.3775351635818,1011.7202272996047,1012.965944896083,1020.6814398757115,1017.382405066913,1014.8851967234066
2014-02-01,1006.9811121591412,1013.4322871682969,1022.6885718836312,1007.4397568972885,1011.1352147105275,1013.150044252514,1019.8539549635299,1017.6126896277449,1014.0660508064639
2014-03-01,1008.1370251915065,1018.82312685975,1021.3729350193795,1011.0030737090473,1011.564352234752,1014.1231408507927,1017.9353445973784,1016.8031656283857,1018.8070903304442
2014-04-01,1009.5238642458762,1015.8499543264462,1021.7135509018357,1011.64132757542,1011.0935197343324,1014.7164924351091,1020.6923447156395,1017.9289299856562,1016.8673117456091
2014-05-01,1010.4020245906643,1016.6254808836769,1020.628198598416,1015.3816876707155,1012.6420070041048,1016.2944869188043,1015.0981618325882,1018.6082373670517,1020.7455859929349
2014-06-01,1010.006243047396,1020.345314221461,1020.3549361390444,1015.4913775311675,1012.5336000659973,1016.4875667316467,1022.6860060389423,1018.1162366479484,1019.3484835598096
2014-07-01,1010.6265360009461,1011.5797473028855,1019.7859600792731,1017.4940193108815,1013.1487613301695,1017.3073541097615,1006.4923187458991,1019.8315038225016,1019.0059432938367
2014-08-01,1011.2789020131079,1019.157328130484,1017.7262282552302,1017.4747754757145,1013.78637373537,1016.5876346745151,1015.9250052835976,1019.215059635985,1023.9900966020937
2014-09-01,1010.7144161815422,1013.8915733676164,1027.4732307673235,1016.2778089283263,1013.4733406833199,1017.0090746646728,1018.7795075000381,1021.8533894373827,1018.8205610150611
2014-10-01,1010.437304955137,1015.7049841015214,1023.2639625551249,1015.2501881304077,1013.216114753254,1015.6915134169045,1021.4127056120581,1019.8712744151801,1017.1585351178032
2014-11-01,1009.2647139322937,1015.051335167015,1022.3851607491645,1013.1102736598355,1011.7375467512552,1015.7627156070224,1022.7135888693483,1018.7127955381258,1015.4849629194453
2014-12-01,1007.7329046529993,1019.9020645514474,1024.4628534860299,1009.3108991366945,1011.2756947072468,1014.8884040292677,1015.9904343231653,1019.0655991828545,1011.3616505043261
2015-01-01,1007.418636602933,1014.8614929501168,1018.9662640196542,1006.190091900264,1011.0811777654006,1013.5238340797765,1016.9889305578869,1016.5934638655334,1010.8213821280882
2015-02-01,1008.4387674721132,1017.2625819625226,1021.8725112157233,1008.2898179733876,1011.8051416080448,1013.0677484053836,1020.3610779302031,1017.8087301245174,1017.2850975844232
2015-03-01,1007.7021025094227,1013.6993404658722,1018.5217248180306,1009.9017055720019,1011.5355314688783,1012.9107163757191,1014.4891192033022,1016.7845579898677,1014.9446275540568
2015-04-01,1009.7458281896144,1019.1169454892955,1016.6471549639114,1012.736941960539,1010.9304962957593,1013.5867623563702,1015.7141999641403,1015.4480537668045,1017.089384870981
2015-05-01,1010.2631101696855,1017.2729737880152,1018.7532315970581,1015.7621178261335,1011.9454312521935,1015.1391856202218,1014.7021516258984,1017.1182510529047,1020.038354016297
2015-06-01,1009.8116430844003,1017.1321068202279,1020.1982726641539,1016.7020007095662,1011.8328531426914,1015.2731247043474,1021.4193121595226,1016.8769297720232,1024.7868409427313
2015-07-01,1011.1637350457022,1016.8775070956617,1020.8298647246426,1018.1025878564998,1012.4886927959959,1017.0114461797873,1017.2764377298461,1018.8161598736515,1021.2160942387804
2015-08-01,1010.5500400180063,1018.9535628996077,1018.2411455297332,1017.6938427204614,1012.1977216822058,1015.78232415348,1007.8960832519494,1018.2024648459555,1019.0840380419025
2015-09-01,1010.8548668991195,1014.6623162948439,1019.4748861451484,1017.1136324637969,1012.1988763294829,1015.439971235866,1012.8760769574109,1018.0639071727221,1021.0734953000778
2015-10-01,1010.6533809492928,1019.4870099415562,1021.1283410457327,1017.984236510613,1012.3258875299467,1016.249378977004,1020.8240914882579,1018.7896029862817,1022.9994469580212
2015-11-01,1008.2736529115103,1016.4872363160545,1023.9324019577923,1011.8749977683,1010.4224514939037,1014.877658011994,1022.691156135077,1018.336403930081,1014.0289922634398
2015-12-01,1007.633978320083,1014.4475519013322,1018.4674563960143,1010.9512799467444,1009.4860325523019,1013.102387823692,1016.4260400103765,1015.9174178848824,1016.497628141547
2016-01-01,1008.3752507515298,1018.4951130728031,1018.7047366593931,1010.4225147254057,1010.7987621885156,1013.7997836204661,1015.4439253124381,1016.2364338577511,1013.0747607312347
2016-02-01,1007.1873837608534,1017.5562860696139,1021.4411904307754,1008.2988068225169,1009.7148111638412,1011.9251157050646,1019.3837737475776,1015.6123408435445,1013.7699227106954
2016-03-01,1009.6509088169319,1021.7917575114828,1021.1766227702075,1010.405792615934,1011.4568966398609,1013.7770893290403,1019.3246491462316,1016.9041238002229,1017.2845517907009
2016-04-01,1009.0309963300933,1021.20230315261,1019.0726230677674,1013.6212153800376,1010.6685686219157,1014.4722513085012,1015.1339690690187,1016.4687517357667,1021.2614277539561
2016-05-01,1010.6046662750065,1014.9153872094976,1014.7129302412525,1014.2745720858194,1011.9866291791923,1015.6995347000749,1011.2956477270994,1015.5078276593472,1016.508168136664
2016-06-01,1010.6870823859734,1021.0541930401478,1024.011617543833,1015.1291913234554,1012.6555135580548,1016.8694851448889,1018.8391107533608,1017.9994219706102,1016.6646393038623
2016-07-01,1010.9689693742084,1012.4148346253033,1018.7125004959333,1015.6786320632355,1013.0299693665787,1017.0522339126852,1012.3389879144859,1018.8038748798316,1018.5799180565517
2016-08-01,1010.5109030183266,1015.0431919033159,1021.1616923153222,1016.1444622556576,1013.1380658599484,1016.7894579067034,1012.616694375353,1019.4393150397509,1020.3829197885035
2016-09-01,1010.9283585369204,1015.3865923656783,1021.0094016754919,1014.3205578868661,1013.7693254925001,1017.2116911708606,1019.5480087513163,1018.831944135016,1014.407154525201
2016-10-01,1009.9441429508797,1013.5346187417027,1021.0930122228497,1014.0231432255506,1012.4082652251537,1015.9670884516198,1012.0481426533198,1018.4067247798819,1015.2832736178719
2016-11-01,1009.3349803915585,1012.9164979094503,1019.445287221705,1011.1075239955443,1011.3410363099507,1015.0336364121894,1015.286259708849,1016.9435402011201,1012.1735584743566
2016-12-01,1007.7851991744617,1015.0473724306837,1020.3739615155723,1009.9047265499825,1011.3099809637893,1014.3647520333268,1019.0075262844674,1017.2248299711596,1012.5324866097997
2017-01-01,1008.4281238746128,1013.3932004486289,1018.6668571273251,1007.7678532094517,1011.8020842838722,1012.6166450013733,1019.4780143877892,1016.4495048677765,1012.0556418331222
2017-02-01,1009.318695132605,1016.1261764492698,1021.4599608689515,1009.0123839992827,1011.5627078056094,1012.8497818084018,1015.4210935997893,1016.9685320659056,1013.2859915519662
2017-03-01,1009.7747583755512,1018.0400537896936,1022.3862684258312,1008.2063319243739,1011.322764084507,1013.3597331210992,1019.856365361726,1017.1925929875024,1014.1311833827995
2017-04-01,1009.1791533940914,1017.1682015454046,1018.6004897151054,1013.3517917213463,1010.5530155513252,1014.3518408473593,1017.5357749053911,1016.0643469797658,1020.5903775960203
2017-05-01,1010.1967870481283,1019.3333674637205,1024.791945308089,1014.9979304415333,1012.1532076015137,1016.2469991740801,1019.5693404849465,1019.5591301138357,1021.478112639815
2017-06-01,1010.6851831329253,1016.8176454706025,1023.2462085704911,1017.3599296251507,1012.7051348843331,1016.737664230235,1015.9764243396456,1019.8977740890086,1023.6875234996108
2017-07-01,1010.9756114667418,1013.0641996017273,1024.8566109917904,1017.5408800909464,1013.8316791635511,1017.387157281446,1021.4956971678391,1020.6516398226846,1019.3242915782887
2017-08-01,1010.9030043832878,1018.3333183377076,1024.654105298094,1016.3717925987669,1013.8033170215768,1018.0706849030258,1017.1880550447866,1021.3833830856208,1017.1245238467642
2017-09-01,1011.3522607121602,1011.7175651007889,1024.6813329543893,1016.3785995128408,1013.9587415595958,1017.582288818229,1018.4087616353593,1021.4463470408039,1015.1125134951093
2017-10-01,1009.8008515461676,1017.890868922909,1022.175821332382,1012.6818779279142,1012.4232151931087,1016.1993507755634,1021.284115588711,1019.1495807837273,1016.6168415054246
2017-11-01,1008.2244836952374,1019.5018385870477,1023.3755399378938,1011.0243943509377,1012.0505366475668,1015.1130807379487,1018.1154970873453,1018.8631231497872,1018.7354935109029
2017-12-01,1007.7525376527856,1013.5123214449209,1022.4186012676818,1009.2540294489036,1011.8037860123907,1014.4460031587139,1015.8573033433537,1018.3684873937558,1011.5337784207956
2018-01-01,1007.7330721830986,1018.4317027871455,1022.3930788781988,1007.5108723467566,1011.3368555346162,1013.4519647639357,1017.9678687264432,1017.5331862477683,1012.0092853600477
2018-02-01,1007.0139998264234,1014.5234473566753,1020.6627705316406,1007.9798889109304,1012.0397325679428,1013.4189263043048,1016.6839034913708,1017.8389539525888,1013.248551502678
2018-03-01,1008.3931935627852,1017.5441990676454,1022.4870117536203,1008.1541505901607,1010.9455765225154,1013.1779398928784,1020.0758520134893,1017.2390791757588,1016.8944426949018
2018-04-01,1009.2910622892283,1015.2114246925214,1021.9337795080341,1011.0874475550486,1012.2463848938703,1014.9911682949812,1020.4062366097996,1018.0585625371949,1017.8739358510217
2018-05-01,1010.661834457449,1015.859237626463,1015.4433417228724,1015.7555875570324,1013.1254670452291,1016.448099583416,1013.494072604642,1017.4891349682604,1020.9704816752628
2018-06-01,1011.3167733336641,1015.0455845814323,1023.9141436470939,1017.5629856427296,1013.1384233039079,1017.1432028615354,1017.0181749652847,1019.935924419758,1021.8968541707995
2018-07-01,1010.282863891093,1017.2805392035311,1021.9771829746082,1016.1682443959533,1013.2330039922634,1016.9844886927198,1014.7754465879786,1019.8432871702042,1018.5334094177742
2018-08-01,1010.7149551180322,1014.6186758579647,1020.8998700654632,1016.1663009571514,1013.6340001983734,1017.1788325729021,1013.7188636927198,1020.1775586441182,1016.5562843433843
2018-09-01,1010.0962937661179,1015.7290272267408,1021.413585722079,1016.1086456060307,1012.5689957349733,1015.9674223864313,1022.4747033078754,1018.6435376165443,1020.2825043394167
2018-10-01,1010.6780297807975,1020.0279138563777,1022.8005532136481,1014.0958908202738,1013.1870092739535,1016.4383823894069,1017.059634993057,1019.8394002926008,1018.3857080688355
2018-11-01,1009.2994838573696,1013.6696299097401,1021.5444439347352,1011.315477707796,1012.2334286351916,1015.1518259025986,1016.6081093780996,1018.9208015522714,1011.7184173527078
2018-12-01,1007.6274786748661,1015.4452851616743,1023.8713879934537,1006.9310797708789,1011.8298411773458,1014.5985936570125,1019.2764508530054,1018.5949516464987,1013.049025119024
2019-01-01,1006.8119679207423,1015.2442080135199,1023.1979923282928,1008.3366966452018,1011.7746279164696,1013.4141612050418,1019.7730929264646,1017.9405638571408,1013.331626031923
2019-02-01,1006.499823619398,1013.8584858964188,1017.0848044305924,1006.4787244022097,1011.5797704400836,1012.5149622136939,1014.232686718905,1015.3577714472099,1014.2122080669282
2019-03-01,1009.505220938306,1022.6338985511118,1020.138605835991,1010.6402347099935,1010.8952870118873,1013.5612351601484,1018.7051001976105,1016.4052855240873,1015.0915489715106
2019-04-01,1009.6355396327042,1017.7531531632918,1019.5416221026048,1013.6220505508676,1011.5003380930218,1015.1405736232128,1020.0566912280837,1017.1629956472312,1022.398083770772
2019-05-01,1010.0773820632354,1020.9050038720951,1019.8301849259152,1015.4086577945463,1012.3014877809654,1015.9249680504479,1017.7637027718861,1017.8574081188104,1020.8510146987014
2019-06-01,1009.9725065425055,1016.2023606999527,1023.6789303671434,1016.9774466490167,1012.6123909518869,1016.7124653037401,1020.578586570888,1019.5589979285246,1023.4139490218669
2019-07-01,1010.0227723246303,1016.6497882173867,1023.6299057154412,1017.397569297148,1012.7960782544673,1017.413703992645,1018.7100647193017,1020.5202534410145,1021.4610303015274
2019-08-01,1010.68677710085,1011.4494517456856,1018.8633443265227,1017.3106901675492,1013.9943896777197,1017.0457088222729,1018.1906516373431,1019.5316930592221,1018.852174152717
2019-09-01,1011.8199291769032,1015.4198279683519,1026.0947907352022,1018.4140551134544,1013.8938581134696,1017.7121958593381,1013.7523692452659,1021.1823965215999,1019.4764627554058
2019-10-01,1010.2176298010163,1014.8638015389193,1021.4964025185785,1015.0164605809289,1012.8084895586958,1016.4915440884746,1020.6549160918927,1019.3337327567791,1017.7264688592008
2019-11-01,1009.0162155517069,1016.0037798322983,1020.0002197938444,1012.5373025613051,1011.7690428295668,1014.5001503250272,1015.1076836670076,1018.1577616811378,1012.2263993903836
2019-12-01,1007.6987556078618,1014.8638015389193,1019.9940141417302,1010.5347386240521,1011.7851775250638,1013.9186807219263,1019.8624543169092,1017.6023558169167,1013.1051197297545
2020-01-01,1006.9448898837227,1014.059699884028,1022.1785225573376,1008.6023657928067,1011.9777782281446,1013.3665402831398,1019.4449698052889,1017.6238227305327,1011.8250999019577
2020-02-01,1006.6688474699769,1017.0112772858712,1022.1950118165656,1007.2875000476859,1011.6876894083897,1013.2785975672563,1022.2310439015458,1017.4986265030595,1012.3326026582026
2020-03-01,1009.6167605919918,1014.4255171535714,1019.3753484885477,1010.3856486426686,1011.9368604367265,1014.0517606110661,1024.4503760509972,1016.7358455854302,1018.7542530576197
2020-04-01,1010.3935879156303,1014.8585128866372,1019.0663275563456,1013.0813371698227,1012.5274202024171,1015.4038798677766,1018.7047852799353,1017.1865520043336,1016.1422322532159
2020-05-01,1010.9542227293882,1018.9594527280149,1019.8254441941464,1015.8167220617856,1013.373258129492,1015.893061224879,1009.4280501808249,1018.5716497795005,1020.5192145083394
2020-06-01,1010.7001659946134,1020.3787504482475,1023.5214811144766,1016.6314136103184,1012.9750730547968,1017.3490017433965,1017.1847198644194,1020.3176791177726,1022.791068001999
2020-07-01,1010.307477339661,1018.4238571597515,1023.184978083561,1016.443924625761,1013.2602761681138,1017.374040988891,1019.5988695580853,1020.2963041521066,1019.8187263477943
2020-08-01,1010.8937621122183,1016.098871608579,1024.8711575179682,1015.620072377657,1013.8264074016145,1017.891315158012,1022.8112215410556,1020.8202961675796,1015.3727334892344
2020-09-01,1011.0214011929104,1020.1350758396533,1028.35771977477,1016.44636747898,1014.3986457681625,1017.598783485038,1019.6239088035799,1022.1211155066912,1021.1812277306854
2020-10-01,1009.8097459962919,1024.9499395342805,1026.5726047849937,1013.573572093449,1013.6535755363709,1016.44636747898,1020.2773720396594,1021.5036843555919,1016.3712497424962
2020-11-01,1010.1786168323592,1016.5385851879969,1024.3465547891901,1012.5274202024171,1013.7610610780065,1016.6002672317763,1021.9085872766393,1019.9115547701158,1015.9785610875437
2020-12-01,1008.8716903602002,1015.5406796480399,1023.3767420612515,1009.0066580005494,1013.4044045080341,1015.066766123556,1020.1778257709857,1019.1554916988388,1013.8428966608427
2021-01-01,1008.3667121145072,1012.453099583416,1021.6682953054186,1006.4104888567592,1012.6631761574322,1013.8280905707811,1019.985845308852,1017.8030088371507,1013.2419585552317
2021-02-01,1008.0690525956388,1016.2326405112691,1018.3652545950132,1006.733872037752,1011.9802741748432,1013.4575473425602,1019.140026799475,1017.1323562174782,1012.4922975447485
2021-03-01,1009.8795084346817,1015.6893812659271,1019.7053348980667,1009.1555710863229,1011.7407991298277,1013.8715758091344,1020.7667421947721,1016.9094178124,1015.356811062747
2021-04-01,1009.8942076701813,1014.765779302031,1019.520369518029,1011.6066686058932,1011.7616230467855,1014.7167818503655,1018.5771685734668,1017.1317437493324,1018.4393632406574
2021-05-01,1009.8862455842858,1015.6024107892207,1018.7112990974014,1014.5998004345139,1012.7721954873881,1016.4310801905146,1010.7234895396213,1017.9751123861262,1020.196534351014
2021-06-01,1011.7493736838692,1020.0881274892039,1023.1743544759893,1016.0017400202951,1013.8091040582607,1017.516986213053,1017.4091918193886,1020.3245401934903,1018.2917584175148
2021-07-01,1010.8110724844734,1017.1047951509163,1023.8688933533487,1015.0126039647963,1014.2310946107305,1017.6603037591747,1019.0322324058108,1020.9860057909755,1014.7026950830117
2021-08-01,1011.9765993659682,1017.6743905265286,1021.7344418651671,1017.1544050707276,1014.6696218031373,1018.5808433823418,1018.2243869214747,1020.954157447393,1019.819253973189
2021-09-01,1011.4406897383761,1019.7543323497322,1027.3783358288954,1016.7269023049455,1014.5183421711199,1018.124554613706,1024.5395459730212,1022.4430675098805,1019.7341209009201
2021-10-01,1010.8184221022233,1020.3104534261364,1028.1328965845453,1012.1266540616941,1013.9493592636535,1017.2983350849953,1021.765677740604,1021.5433518036714,1012.5431324008515
2021-11-01,1009.9775033380129,1017.8464940755039,1024.9939973372193,1010.7063404315383,1013.3185170734592,1016.46109112966,1020.4262099056963,1020.6124002220255,1013.8336027840935
2021-12-01,1008.8432123319549,1017.3179340656616,1023.5203989783773,1008.1119253658462,1012.8254802160743,1014.8006899863427,1022.1607196946576,1019.3782769081989,1013.610664379015
2022-01-01,1008.1728823932217,1015.4267119714494,1023.6120846272107,1006.9670159404423,1013.2481860570247,1014.7296607720538,1022.1730111832969,1019.5409201566385,1013.5591287118702
2022-02-01,1008.3713974352617,1017.1799402877176,1022.8752019307067,1006.5776951783832,1012.74643768216,1014.4765380323654,1017.8635001735767,1018.2374022915934,1014.1713773690353
2022-03-01,1009.7327352154639,1013.1685230628079,1023.8947597679794,1007.9486696111119,1013.0284703794272,1014.3673226370682,1020.2360440255292,1018.1101984782475,1013.2102818904216
2022-04-01,1010.0590965143515,1020.0767180370957,1024.0630799654373,1010.8717875440617,1012.5883965807303,1015.4607614770421,1020.5245011578135,1018.8721364713197,1019.7554962862222
2022-05-01,1010.8570113435215,1019.3353382360795,1020.3844484744327,1012.1155581634443,1013.7859112679871,1016.6891134523827,1016.2143477045915,1019.3642481936581,1018.8278078696992
2022-06-01,1011.3343468653197,1015.8616462221322,1022.29186323112,1015.4215724234355,1014.1533889509864,1017.9206776452321,1017.5731157107869,1020.6144432480583,1019.0918521489173
2022-07-01,1011.3047944642394,1020.8309467081469,1028.3597421051227,1015.3862380308393,1014.3075753914059,1017.8435844250224,1021.4097883032213,1022.5135062392229,1019.5261439560984
2022-08-01,1011.4589809046587,1022.7152334987716,1024.3290515751605,1015.7337999652846,1014.6011720717044,1017.9611515858421,1023.5786775651198,1021.1084823009019,1018.2110621080219
2022-09-01,1011.9806450280774,1022.2044909148825,1026.508219933087,1014.431566987243,1014.9416671276304,1018.8091770081486,1023.0178243880945,1022.3194883016953,1017.1433210081179
2022-10-01,1010.7985489848626,1019.8563599159964,1023.3576770005187,1011.559844534433,1014.3313458009704,1017.5936739028429,1019.847365706972,1020.5110098442768,1014.9326729186058
2022-11-01,1010.3571902991622,1015.9278179028122,1020.0439534185067,1010.5364320361497,1013.3265641642378,1015.9323150073245,1017.2512515164116,1018.6498510197151,1013.2212034299513
2022-12-01,1008.4504179859765,1014.8530099243892,1022.7531376653747,1008.0456785798757,1012.5504924141272,1014.1681651515266,1019.8158859753863,1018.3703880964551,1013.6728412116796
