,vws_u850-250_cluster1,vws_u850-250_cluster2,vws_u850-250_cluster3,vws_u850-250_cluster4,vws_u850-250_cluster5
1965-01-01,24.29838386381046,3.0360876224828477,3.498310601199146,46.63053554380668,15.843162549108294
1965-02-01,25.088432775994363,2.8867080562404737,-2.1710869724961355,48.7895668148293,17.051391827458666
1965-03-01,24.92819244934607,5.094329673059809,0.536075138603276,43.54539066139148,17.319312637109096
1965-04-01,20.066102751943095,8.004906188017296,1.5962222272617081,36.920120033599716,22.461591536155975
1965-05-01,15.162391545301153,12.702514786088637,-2.2652734027309465,25.832390990717492,26.831247692222522
1965-06-01,7.753494483363415,12.32209267208394,-10.220836015620442,15.957115242998503,27.52205452401896
1965-07-01,5.541168541506245,10.594746257302146,-12.270964180924649,4.2981555117674555,29.19063773314528
1965-08-01,3.614978654823708,10.324445256455387,-9.89081523946174,4.654275104915487,27.784673410555037
1965-09-01,6.640362216491748,9.761415352210417,-9.3785888368096,15.66852669906422,26.670210367013343
1965-10-01,12.399122231090677,9.165676705319918,-2.6008854718523198,25.46178589174785,24.897282724938062
1965-11-01,18.832002230019214,9.443474845637683,1.4451653713399832,34.33055968217896,21.41522904025584
1965-12-01,21.078575772931206,7.1414720783059,-0.4386693238529235,42.33470388452455,19.096641618371894
1966-01-01,26.441740318963337,4.9448184503546635,3.747000380340824,42.84098207724675,16.485942363815035
1966-02-01,25.522669803973663,5.239968936365596,0.8950438402211695,38.72925540558351,16.424719082088775
1966-03-01,23.858466986640092,6.725685624049244,0.2907235441718802,41.81225891861488,18.360046715873068
1966-04-01,21.606060303326284,10.923055064514662,2.3267661664162316,32.07986079840463,22.803871189673995
1966-05-01,14.000863550325558,14.403191487955207,-1.3397037029033128,27.14322557693276,26.175980809946807
1966-06-01,8.009312187645055,10.895043162662377,-8.379561892246175,15.867931471269241,28.93909041410771
1966-07-01,5.522836861350001,10.867840188912252,-10.012906655326315,3.7122560684149275,30.051078873946352
1966-08-01,3.7369264163123224,9.797204503970452,-11.038024552804847,1.8640328294095692,29.37738671018355
1966-09-01,4.954107687199746,8.081200015916101,-9.956129973606991,13.892868949033252,28.19070938088686
1966-10-01,11.173806935130788,9.437435510913966,-4.029760966627998,26.817108418753037,24.99322916365298
1966-11-01,17.91046274899186,10.923358971095263,1.0548004343730084,33.998713654019426,21.81348961611194
1966-12-01,21.73014437554521,5.459877213974473,-0.28167320302592247,47.06599122648321,19.581855526885384
1967-01-01,23.90257768073792,2.3171609366785986,-1.4709999774375626,52.17128132971619,15.418570955442734
1967-02-01,24.274645572681024,1.5457741772452795,-0.7310875097503482,51.45231112476885,14.494815735183659
1967-03-01,24.050476389323382,3.053762807709414,1.7662439412546918,43.289437221446924,16.676321759984592
1967-04-01,21.259703972785466,7.741035734770955,2.2782839490972515,34.58212186100388,20.202513743758416
1967-05-01,16.575222619798236,13.366258857278092,-1.4374124631346932,26.03403605292702,24.869407387881985
1967-06-01,8.415522687552233,10.719209367558225,-8.722917382240356,17.487879414976735,27.965490704850662
1967-07-01,5.44103780342068,11.762867596904451,-12.456026062339282,2.5303569289773895,28.992505799018584
1967-08-01,4.9735270698910545,10.106662579621752,-13.612591401843014,1.282473482937522,27.747227646980416
1967-09-01,5.222113121708317,7.515239555341264,-10.950922755040958,11.639305212338884,26.42883426241878
1967-10-01,10.950442495586087,10.621992317808695,-2.6652758353822588,27.040673025435783,23.283226512759082
1967-11-01,18.875129539730505,9.591791383443047,2.6068802518198653,38.56490987787336,21.16375870770551
1967-12-01,23.06989035296998,6.874133361589055,4.3653643837271385,46.122443126196096,18.932415748637496
1968-01-01,26.845438084333875,3.9588966534569603,1.6634980230954182,50.34209787965054,15.089892569478604
1968-02-01,27.054145960882526,1.5339434156509748,0.7135085291913461,47.22923103524837,13.571423840501947
1968-03-01,23.54276119079432,4.43812761822375,-1.0196012739080598,37.657069102862835,16.78489046180143
1968-04-01,21.563810377965797,11.16797401380609,4.875323640392132,31.169083580567882,20.464112330550957
1968-05-01,15.51516125689632,13.974712751665455,-0.23941440271606043,26.47787139583584,23.546526099391233
1968-06-01,7.840087106920535,10.20693032337684,-7.739025085452546,17.08547990703946,28.016430020113468
1968-07-01,5.326577803297459,12.171848678688544,-11.074605579059876,4.369970465948788,29.001977320121295
1968-08-01,5.167335655331909,12.171691457722355,-10.953619632784896,5.531564615800222,29.846891344371418
1968-09-01,5.770906771163963,10.605254785080401,-8.265764640684937,15.307692550943365,28.109461521383018
1968-10-01,11.48750509525663,9.464639394777512,-2.98105369337755,27.443213699230984,25.74738909674663
1968-11-01,19.67429685837755,9.380558495945843,1.6342662578341283,35.9423307647755,21.919313385608593
1968-12-01,23.713954494008533,7.410857269186684,1.358955584996305,42.519425505672224,19.992629736539797
1969-01-01,26.76673771652772,3.9023286796251546,4.06692144023454,45.135910374842894,17.00319820784989
1969-02-01,28.140426085447473,3.688259091088324,2.1902343441175307,44.39919211326733,16.505559090072452
1969-03-01,26.098871957662713,8.084701418609866,4.3336263073631995,36.063262746040586,18.904303011381906
1969-04-01,21.662914284086746,10.73227702501874,2.2016656535608137,34.332862997308325,22.57296897904737
1969-05-01,15.243438576833036,13.205883304649085,-1.1275949425018432,25.445346975664307,26.343093497308406
1969-06-01,9.045957926715769,12.212458620549286,-9.870926630228723,17.348360869629502,28.753320075422085
1969-07-01,4.795987168040753,10.975584398546735,-11.923724834537138,4.019775502863744,29.43768034941158
1969-08-01,2.6413317123545967,9.10214974416725,-9.688455147173709,3.8960978910728543,28.759619400597618
1969-09-01,6.722653273136832,11.603207883835802,-7.983819924633997,16.121911845688917,27.82596161899006
1969-10-01,11.111580564840848,8.707016124716137,-3.396454145053047,27.452249435213297,25.565447520845815
1969-11-01,17.91566240730439,7.970508598659543,-1.4287200237101867,36.09716873395172,21.092699464934153
1969-12-01,23.045364303986258,6.262850751388793,1.4094182552119874,46.34242208122901,19.002502107927665
1970-01-01,27.56171555215461,4.60878210547282,2.866319974883995,44.54185043779419,16.189767894565506
1970-02-01,27.043487805103155,3.716115996800542,1.5099603391899805,49.47050483004466,15.499943787701714
1970-03-01,24.917903554270538,6.682584689355665,-0.48599011399905745,47.541907628731735,18.61717377361181
1970-04-01,21.632796824061334,12.323791219794867,1.7821559825881066,34.710334247429394,21.98656549385996
1970-05-01,14.508086320583043,11.997813855145141,-2.8483718895433516,25.378618732166707,26.33572201067861
1970-06-01,8.995785515154573,12.103778906492485,-9.068140696717878,16.48808252652439,28.51831548494853
1970-07-01,4.446940069616005,8.89551954711308,-12.636894597608578,3.8271421650618818,29.12094282851528
1970-08-01,4.241058280835723,9.858747532058493,-12.994479355681863,1.6442441294229329,29.237915007241114
1970-09-01,5.624156743929961,10.809164468817041,-8.923490340900244,10.698287207008446,27.6667427656262
1970-10-01,13.868633497722351,10.74262678261487,-4.7737913725665555,26.50339254432558,25.128113931557735
1970-11-01,18.48481476231471,9.517206471094285,-0.49747355316988406,37.041373809533695,21.9995581751027
1970-12-01,24.296406503103626,5.983631766498221,0.4302189487648769,47.02682854996366,18.018347219215777
1971-01-01,25.10365440156914,3.1776258095546743,0.20634189530113778,46.21830551641209,14.50554989892212
1971-02-01,23.831378342263786,0.5099564282548253,-4.246134186034113,50.85109890132824,13.447069921074764
1971-03-01,23.70525640428479,4.610636926309388,-0.9929951495397512,44.00694107993529,16.11120653495335
1971-04-01,20.001891517643664,8.68169185627201,0.3862522026691697,32.15937130792775,20.8743301121042
1971-05-01,15.276304524723594,14.407805798324297,-2.4144391833760626,28.082368371950036,25.15033081558479
1971-06-01,8.028768980832567,12.552211346886553,-8.727797394253876,12.371870856420651,27.816645540312223
1971-07-01,5.244220592685849,12.438670753749337,-10.543126877174561,2.2456935476664883,28.451287372043797
1971-08-01,2.4882588163619945,11.108272786124317,-11.048672989415854,2.6147128872115215,28.115995854908444
1971-09-01,5.853210582912058,10.590803332322398,-9.390308034053549,13.962176816447204,27.34999172222774
1971-10-01,11.066923217134248,13.277078636994778,-4.101789457967201,27.328722200158705,24.10476450789955
1971-11-01,18.396054120461642,8.816064655394076,1.0916279799124773,37.1233961203074,20.71519613187301
1971-12-01,22.189207969290187,3.7801758423385334,0.35134660963706804,43.89930499430039,17.861739926481853
1972-01-01,24.93012765463942,4.615233011425217,3.626578882149884,47.58018251429273,15.816296220682574
1972-02-01,25.133475056264533,4.058321704478348,-0.4995447761092826,48.09529818683144,15.111672218876452
1972-03-01,24.000861212872174,3.873514571842065,0.9263922927952553,42.389796989627385,16.21901152741649
1972-04-01,20.877979185837972,9.263113883656484,2.464879926597761,33.16776778530002,20.630435119311418
1972-05-01,15.958743130183034,13.38596878898017,-1.7568770291069442,27.01571439621739,25.46472162722668
1972-06-01,8.97512471602728,13.595133529104894,-6.3486277616682,17.000400564595292,27.948558983865023
1972-07-01,7.945783692489813,12.08106866738601,-11.334462984750283,5.506028175280299,29.23707543853628
1972-08-01,5.8437947473659255,12.33019993978923,-9.462224627026119,5.273954155498934,29.04558600193927
1972-09-01,10.26506850640502,10.895942866036718,-5.68700509982666,16.356543730200077,26.40412304310688
1972-10-01,13.018844335274654,8.794777983179056,-1.9809962811340014,27.282629827303303,24.258736889903428
1972-11-01,17.376547481297056,7.810060278118183,0.16617035911229516,40.43463599930515,22.467160200982445
1972-12-01,23.717927364725803,5.938292985776686,2.7770546898340633,47.479638286510365,20.28273179454277
1973-01-01,26.112051412939184,3.342970410131917,0.5996427979483532,50.05697544511606,17.867419780620025
1973-02-01,26.615296781078964,1.904061681454492,0.5511025018794123,49.519796797174074,16.05138921578539
1973-03-01,24.274525519406794,3.5130753431263555,-0.66956300975803,46.52756874188667,18.92654500666011
1973-04-01,19.9618724224819,9.509807676700602,-0.07665678335256831,33.86429015526736,22.251560331003084
1973-05-01,14.37215132113975,11.555781707815264,-2.69211191969398,27.07831478698709,25.84711476619393
1973-06-01,8.912653103931552,12.63218713183914,-7.234961481161911,18.85495524776494,27.248987396465207
1973-07-01,5.201968627836495,12.605749131918389,-10.322406915853747,2.7954263557026198,28.488994643806706
1973-08-01,6.097524006746841,11.800522051968047,-10.458930408451602,2.5226956317694236,28.55384252535472
1973-09-01,6.494010462467157,11.430202717099103,-8.332086644877759,13.518642904817215,27.48823209481711
1973-10-01,12.634326602994017,10.163850009630478,-3.7560476261115627,26.715682597309254,23.908182260336076
1973-11-01,19.885670573692103,8.157356417836985,-0.8723396659068665,40.41282291669911,20.518545734002746
1973-12-01,21.105843325307323,3.0763778448048806,-1.1837636579621416,46.16864464191278,16.73666295255247
1974-01-01,23.61951147758518,-0.3022405782948554,-2.279214264061483,51.72020503581524,10.807048681213377
1974-02-01,25.264203602349422,2.3924948947594458,-0.9018288103017281,49.00684563914998,12.86428652660312
1974-03-01,22.967981497098975,2.4195295401405934,2.1045314874748513,44.018463452081036,14.790752727633446
1974-04-01,21.43889304199291,10.750669474839121,0.3188951825007645,33.04320651906431,21.437447919152913
1974-05-01,13.583904908565342,13.764329672677475,-1.6863824640542453,25.451609456703203,25.213447079114793
1974-06-01,7.354499152460366,11.983072330541296,-8.25045225158181,17.241810895584457,27.88823268795886
1974-07-01,4.520924174925408,10.397870269337266,-11.346230164238976,4.574356211214917,28.405102969250066
1974-08-01,5.490598443268458,11.936816451574858,-10.835926469455552,5.188657252215268,29.3698699380849
1974-09-01,5.508862399960077,10.063235245035138,-7.331067884812364,15.259767267719566,27.429367155123618
1974-10-01,12.719326830906358,11.969477402810467,-4.881809205470586,26.908370322454278,24.253728451717848
1974-11-01,18.747252746845717,10.472107300572967,1.638572131383704,38.515874172640046,21.988097917078036
1974-12-01,23.314646294219585,4.924819291837238,1.930984317979235,50.8440116310046,17.894979233142987
1975-01-01,24.922359520373288,3.9881789962824876,2.6417982213569076,51.62762590098195,15.08376482281732
1975-02-01,26.014896746976206,3.2694250528787943,0.3629540495471198,50.41242492726795,14.128777036624456
1975-03-01,24.256620973424745,6.287872039448159,-2.051063597691481,44.31331792551162,17.33737157592006
1975-04-01,21.437900238444758,10.7608646591671,1.3363909146828932,33.490217956835956,20.699298006203126
1975-05-01,14.441368044497125,12.857283766347118,-2.376560305989236,29.048553347747465,25.483439473919056
1975-06-01,8.736157133079992,14.131918798057933,-8.433304522023585,16.41978192900718,27.13870093164951
1975-07-01,3.2472613181946848,10.990270369716686,-10.452258498926348,1.155185315241797,28.006020719909
1975-08-01,5.091802430840638,10.089442939878051,-12.12159771320137,2.1257672752404897,27.182684317452978
1975-09-01,6.49792806040274,10.681872394031922,-9.193708081073174,10.274121832495746,26.531804800880558
1975-10-01,11.409806853464271,12.59804099642343,-6.541050889387373,26.212626297855273,24.154210670796775
1975-11-01,17.50575692895516,8.390661955023972,-1.3879272144746855,37.95692681591879,20.557511481515977
1975-12-01,22.845297980577328,5.822485252383431,1.5768864854296853,45.09277238716356,14.875612787832752
1976-01-01,25.536390249900364,3.6989023632612956,2.7416388395439184,50.51777999010202,12.81724476209148
1976-02-01,25.47977168042155,2.043706413053381,0.968030373260979,46.89548625436258,12.898678318876527
1976-03-01,25.20001230561942,6.177597183483377,2.1245759063486145,46.07412909700232,16.139270154937662
1976-04-01,21.150834496184245,9.430733880597732,1.8740137732177193,36.62652765267466,20.39774127654071
1976-05-01,15.072405013558784,13.828831654911383,-1.6204985527700881,27.592913242428228,24.95174143588719
1976-06-01,7.907378051803124,12.529937521567511,-7.9660824287003225,16.469665772893332,27.570894136786556
1976-07-01,5.450398306648144,11.590990515545966,-11.238611291304302,5.214184385492002,28.397599213167968
1976-08-01,4.964397045131356,11.09093432738931,-11.189359234829894,3.863360333640028,27.867695078265353
1976-09-01,6.9948996702491995,12.968162878792606,-5.865729166056785,15.53019020256702,27.796243600283642
1976-10-01,11.783281102304343,13.809834559746088,-0.9283414760312865,27.159664130278333,26.14773052911105
1976-11-01,16.397340711478087,8.669454178700018,-1.6767750933521963,36.63422965787027,23.01605642507541
1976-12-01,23.566558145041434,6.209988525137451,2.7648598089040672,46.30654758024785,19.85009987426617
1977-01-01,26.615217774493868,3.8561721396464295,1.6290222271407986,49.67828820167692,16.174835987521785
1977-02-01,24.416929507113412,2.3083746535833747,-1.9930672217689682,45.949921381792834,14.353469687567975
1977-03-01,23.991829481367482,5.310880371937629,4.277979320013646,40.278501836573945,15.99352605005369
1977-04-01,20.621972858449404,10.985136084378986,3.4395653940275555,31.07705432627835,20.848199416126434
1977-05-01,15.579457736375572,13.559473373093203,-1.5239507866979831,28.860082946655595,24.13927183158707
1977-06-01,7.50670796945201,11.939534280356515,-8.550406696151116,16.280116051460578,27.06600607828193
1977-07-01,6.118440250224689,11.389310616958586,-10.89959601079205,2.4961268170473954,29.062828936431526
1977-08-01,4.164777121039132,8.145525151363199,-12.625949396835479,4.501534831739133,28.838272850694654
1977-09-01,7.270858278357682,10.986562635843523,-7.902759334700635,12.497520849713164,27.126953992229346
1977-10-01,12.28109026886708,11.24436205429467,-1.2428718943883927,27.078704186569126,25.075367857091063
1977-11-01,17.330805404699888,9.193953250309741,0.59499619307789,35.66788746910862,21.93421412356297
1977-12-01,24.00023092375745,6.773351874369439,5.063854885499755,43.60057757519911,17.857741005371963
1978-01-01,25.884028344186003,3.0749623907165096,1.7048633393438255,51.92009036289939,14.839140817222226
1978-02-01,28.422435228823794,5.199318211936888,5.336461426763023,42.89424523747509,15.380743275455194
1978-03-01,24.500173053185545,7.970450865485396,2.177787518217095,43.28149777124048,16.50558185649217
1978-04-01,21.791329469670867,10.744535190877253,2.7155414749426634,33.08700212428516,20.764590573551907
1978-05-01,15.720302806890492,16.210717701980453,-0.8385542852135052,25.943838224212342,25.261461930722675
1978-06-01,7.02857896644301,11.596965299171101,-9.99448332609427,12.349943423513116,27.368603881034907
1978-07-01,4.25463033431552,12.03508670573091,-11.448354599119707,1.000188576034284,27.385183452093056
1978-08-01,5.479172128370384,10.890722847094564,-11.835536315477748,2.7657460896568677,28.203622775982126
1978-09-01,6.426033405753064,10.881306042539856,-8.739885124307284,13.407035518309776,27.151398166952504
1978-10-01,11.626309367446128,11.868195935044005,-2.123802796036899,27.488309022122227,25.153361592086775
1978-11-01,17.63002121504627,10.810159933320197,1.6672052034730536,41.11255110607839,21.536929951739864
1978-12-01,22.93151889297752,8.432335033782685,4.531961262726631,40.70624795985943,19.67984945035649
1979-01-01,28.985949769322687,5.23492070729013,7.884254729959074,44.281153853520124,15.349258300904292
1979-02-01,27.006279741999528,5.388372967183972,1.0857845205435632,40.4585332026361,15.571468508564745
1979-03-01,25.644413102337506,6.44755361204984,0.6113585434950362,45.459822632635685,17.851105620982924
1979-04-01,20.700464122230642,12.478212469570956,1.3165428151244178,33.21435661742272,22.100649600799834
1979-05-01,14.912009788746111,14.19703341306268,-1.6763035392635324,30.106702024625843,25.36676401601469
1979-06-01,10.403414412561506,11.774482955487105,-6.5964835601694185,17.42768251700224,28.116256372099258
1979-07-01,3.856726084843499,12.123757749008078,-10.400994747712328,5.300173319609642,28.51485878462268
1979-08-01,4.552514079766677,11.433078749236014,-9.435539622705475,4.782600686228089,29.10616868524326
1979-09-01,6.418918511499609,10.883026784862855,-7.194327799841505,16.642928811632284,27.79526677244558
1979-10-01,13.136319279397593,12.885961728835026,0.37328999774518556,26.11256976179245,24.32615497935977
1979-11-01,18.15170324287698,9.090054879006015,-0.4949720913503273,34.12596572750976,23.361238099539243
1979-12-01,23.034738745483,6.165317878934014,2.912152552698496,42.6022123501113,18.710459373143763
1980-01-01,27.906742501269658,4.921232168901647,1.7500908150189907,49.221359547114545,15.845852810944281
1980-02-01,27.566666395108303,2.6209790906112675,2.646805550137689,49.8643485366461,15.036854627032039
1980-03-01,25.18520926807235,4.362048826806649,0.5563316555229906,45.69161157954085,17.334989329743053
1980-04-01,22.028945163264467,10.459061101887965,2.570791005071593,32.9499058249707,21.17093249113041
1980-05-01,16.027497852006558,13.152503941615192,-2.1099048404634644,25.586814108450284,25.394138008816356
1980-06-01,9.347305637759295,13.226197252724944,-7.803621297778442,13.892644372868482,28.92137861795924
1980-07-01,4.208782928030897,11.445876841177663,-11.110692791846938,3.92257629277544,29.308372364760594
1980-08-01,4.591159555348192,9.872298272171939,-12.614317221775144,5.847803198069795,28.28558256939763
1980-09-01,7.100915246214589,10.06647042623102,-8.101515945450213,15.356927732996374,26.927232611732283
1980-10-01,12.076982586635257,10.764020014703002,-4.388825494700216,27.924835956299923,24.82221406166843
1980-11-01,17.78688706804713,9.128521634146608,0.35585572383747516,34.58660567497855,20.829793511279064
1980-12-01,22.672326533692612,5.517306614204192,2.137218092101037,44.75869016734326,18.250663929248102
1981-01-01,25.84834534341889,1.3900622576050958,-0.09780722393620606,52.56132709704539,15.260572436011431
1981-02-01,27.15365928644824,2.7434331155078766,1.632262468791056,50.75411796264021,13.422187788282411
1981-03-01,24.706325260750475,5.7117008218926095,6.190597312788588,36.35000265967912,16.79968844122198
1981-04-01,22.06132982299089,14.024589302298356,2.9271043144935187,35.10038133753636,20.975298650303095
1981-05-01,15.0620241874581,16.692036375952863,0.41095739534806364,27.24722829526732,25.53366943032589
1981-06-01,7.7025253751970535,13.962216421074094,-8.79785271366043,18.990551876234257,28.079359691170954
1981-07-01,4.623765903474455,9.903643368086337,-12.945093034958452,1.392114912350863,28.6045513889813
1981-08-01,3.5390064176497376,8.282114630082932,-12.658668098517952,5.345002410044616,29.36304551008404
1981-09-01,7.007858963277047,12.041060646578556,-7.77021924063657,14.163866873024535,27.565099177826994
1981-10-01,11.623518324863282,10.378635866047322,-3.926638673984267,29.123130959937026,25.225407089516793
1981-11-01,17.71854439115215,7.939980696649505,-2.5834130527816095,39.9145299679975,22.214901882024648
1981-12-01,24.016263411687937,8.047182584461016,3.717202729104589,42.413120727025365,18.172635263788514
1982-01-01,26.212783980541925,2.327177692734487,0.8189279691623675,48.17820965727804,15.416859271277334
1982-02-01,27.19213798314442,3.322288910893705,1.568614783650099,51.448096930771065,13.851587633439163
1982-03-01,25.45222195773781,4.254658545741841,-0.03671778796512829,45.9326226601289,17.392691196694138
1982-04-01,22.089039755708853,11.154844728045049,3.7760432659406606,34.17498824663093,21.609790040802473
1982-05-01,15.296086938494557,14.591545133004418,0.04438482289190161,25.13579482524023,25.800712473523106
1982-06-01,9.28850565187022,14.23027774437257,-7.219105788996425,19.57612633806459,28.290412955535658
1982-07-01,4.3253954768180005,11.145016643524253,-11.490631275631024,8.992422263371916,29.399055889328167
1982-08-01,5.6348545194479485,10.0197853186969,-11.986787732546476,3.2425085789828665,27.794317122849968
1982-09-01,5.817633056082445,10.530717489836528,-7.640916844250026,16.96443257859479,26.712318067774884
1982-10-01,11.470430105027626,7.011181364646171,-1.208285685485316,27.224529767721226,24.624286848622443
1982-11-01,19.135908478134652,7.570270730169319,2.73133069427127,37.86508358312313,22.081842478327097
1982-12-01,22.055989080030557,8.368416436488188,3.8123093256816003,47.54023587141189,19.40242037732537
1983-01-01,26.46718057797504,4.950652266620297,7.777459915809521,50.22838950660138,18.15057756121885
1983-02-01,27.975783194616596,4.492897670705812,4.932812238477743,51.442745285604225,17.462788002387086
1983-03-01,25.034961571965805,5.423258519380316,3.6842988401713352,47.03988856714587,17.909313282203858
1983-04-01,21.413555733927094,10.240339405666935,1.7857440661309765,35.97312350887616,21.89158450647682
1983-05-01,16.259316902651566,15.232649149043098,1.2501099394147746,26.45543421272177,25.69227908334835
1983-06-01,9.437637585123705,15.157547548304734,-5.147604269205203,22.523020848692074,29.1717008800417
1983-07-01,5.2484972921990805,12.576139495448334,-9.88913239564999,6.877306931578742,29.469128799963404
1983-08-01,5.19262164475369,11.183599018098432,-10.596991352726304,4.165230503745013,29.863393357032102
1983-09-01,6.504043430114465,10.143462090057017,-8.025323673018137,14.021537937541991,28.61370725726038
1983-10-01,11.400931366502626,11.855722211098723,-4.440643960633137,27.64491004213701,23.844263906029838
1983-11-01,18.24454808266855,10.278750824056932,-0.6514871554749633,36.77545078002751,21.176138128029702
1983-12-01,22.120329965089912,3.9116210230233857,-0.6315457226009419,47.04016216043888,17.90572999147921
1984-01-01,22.45786376019992,-0.08493840910405163,-4.534953791060442,53.30909248276414,15.840844584458774
1984-02-01,23.33775450509236,0.3827356111632789,-4.96276148715592,51.42574156864963,15.127122355803492
1984-03-01,23.515907147640235,1.7815410159388423,-0.8380139487182533,45.98442010687347,17.264200720362652
1984-04-01,18.96406779785026,7.443250678848024,-2.0433240901999965,35.52559070837251,21.682344184621964
1984-05-01,14.678517228991913,10.72350117937404,-2.9769525959627163,27.62789762259894,25.771508090599934
1984-06-01,8.32662462715226,10.74697281278399,-8.22498342248666,11.612122275217773,27.68122619593113
1984-07-01,3.5400336360484417,11.052149645302539,-9.544533191417266,3.1850985776154452,26.901173568620727
1984-08-01,5.141853802303604,12.408151489009564,-10.680982510017886,5.100307969675087,29.09946129470137
1984-09-01,5.418163817791637,11.082214596277364,-6.7315804411857645,14.9811508856244,28.672049326889635
1984-10-01,12.591577623754302,9.858887156705409,-3.9815338705453587,29.396667076698495,23.723664784991463
1984-11-01,17.5402646550289,7.621199876102744,-0.4925735702705951,37.633332087936594,20.98461394391669
1984-12-01,23.002015353016628,5.597038448705131,0.6264601177954098,48.9502957572677,19.17873490980052
1985-01-01,26.364525480122378,2.1829026681751245,2.4917112162236164,49.68587120473716,16.384547761614566
1985-02-01,25.643106396164963,2.664892553780854,-3.6538597653045133,47.40334816357549,16.212876157630642
1985-03-01,25.066194949054605,6.159096994267008,5.458104461670836,42.94090515096872,16.826677948766125
1985-04-01,20.604461688096816,9.192694745500958,0.9044630704874743,32.639874031796836,20.23080069978146
1985-05-01,16.12119551009364,12.184706485190109,-1.6544105431931189,26.12616469782263,25.28214284791051
1985-06-01,8.674712502443183,13.574737280913485,-10.402878771081925,18.288020198535026,26.827027633213582
1985-07-01,3.446358846689437,9.835373134059244,-12.477705240423605,3.1045451770774313,27.056240032097772
1985-08-01,4.087308859692552,8.221874017966494,-13.262796603984805,2.9454750122074196,28.2687035561558
1985-09-01,6.387731793994793,9.756550491741805,-8.596564506577833,13.508986184901934,27.311794769145536
1985-10-01,11.25075478712962,12.62268762812747,-1.7881991085170401,27.979423503272045,25.728774868224804
1985-11-01,18.839022258908294,10.276390625054292,1.2168493229316688,35.923923125770266,20.681527558436056
1985-12-01,22.461395459049022,6.205764257842328,2.62802793038856,45.9411758478157,18.49655159860985
1986-01-01,25.11260558546227,3.824252929649935,-0.5261894896490863,52.62879604594226,16.228819363491535
1986-02-01,25.401210824951487,0.5888037622732895,-1.1898441553775199,49.24506922390477,14.74436982443054
1986-03-01,22.5369592092702,3.914917748110948,-2.8784780810815,43.518323554852685,16.694083904024904
1986-04-01,22.502508470984715,10.398176360822989,3.6337649654353994,34.33096233496272,20.71420001695678
1986-05-01,15.372334474590238,14.030002857765588,-1.6941232435619125,27.739152326254914,24.168681939954347
1986-06-01,7.769682709763383,12.506322492789135,-9.016362189570826,16.153140014723995,28.76227586336403
1986-07-01,4.531459959025761,12.164509306120783,-10.749371278709456,4.11707443813893,27.651907386859804
1986-08-01,5.226298255394719,12.386463245633536,-10.501443428584512,6.822267779871718,28.396511387622947
1986-09-01,7.954251254629053,12.248292661432565,-6.647023840439567,15.13900685997271,27.136932386122037
1986-10-01,11.119789638499592,11.32182134037843,-2.8519825072276412,29.805470222174126,25.865012899736413
1986-11-01,17.19733440978349,9.819020201793032,-0.733281715798756,41.55159715659883,21.25643405351818
1986-12-01,22.70670904534916,4.671652969226601,2.8924245688680585,46.886157909168475,18.47937080639363
1987-01-01,26.464386518407036,4.220657140764199,1.6540019129354384,44.095794390278236,16.054850796065733
1987-02-01,27.655346209096926,3.5773892238910103,2.977589617987065,44.34171305401952,15.371259378295171
1987-03-01,23.874641182749464,7.010929703414173,4.043321462897499,41.491998169790946,18.939242305862656
1987-04-01,21.154399413683546,9.666623724295725,1.844799985809584,34.9817581687252,20.544465092918927
1987-05-01,16.589080411919504,14.16138474189782,2.689363310044437,24.894052160646453,24.697707639547065
1987-06-01,9.574195155401215,15.211516237355877,-6.2887396949449705,16.545930008942037,27.516446123435983
1987-07-01,4.5462239855192506,12.152519398098898,-10.184515761503487,8.606371599660317,30.05746685255588
1987-08-01,4.116342646237895,11.558437427991286,-8.602714921953558,7.3613294905190445,29.468629052697022
1987-09-01,6.421430880667345,9.9661421520819,-6.9333589149325165,15.485075909190638,28.874834005555368
1987-10-01,11.863262202704643,11.411946432464518,-1.7738549660687069,26.936271609388275,26.395540217346213
1987-11-01,18.266610604752362,8.769167985258798,-2.956889680681439,36.610821187123605,23.940330687999747
1987-12-01,23.5544015494057,6.802355630844984,0.11797472277059752,42.094085498412916,20.075508447813277
1988-01-01,25.48180702666883,3.4689797263955446,1.078353334254094,49.304175107739596,16.7583199692123
1988-02-01,27.303537111837418,4.674547359256438,4.692527709957118,50.02101617082557,15.573171671152092
1988-03-01,23.629856033030705,4.644139631484084,-1.4958572450112575,44.56669097861403,19.526750027393433
1988-04-01,21.262730924692402,8.966984905268276,3.7177612346943567,34.62509222306466,20.775917687537184
1988-05-01,15.530904639559731,14.33180054314067,-3.1077217577335126,29.20096664517784,25.86147815632059
1988-06-01,7.623484240303505,10.563519014369195,-9.692454230256663,15.524370983069565,27.57662254655182
1988-07-01,3.8029904233590335,9.403140398102169,-12.31025008927756,2.139326045094982,28.275714088333732
1988-08-01,2.1091443373997834,7.760241371504907,-11.53502181921104,2.4221029330987256,30.417099528011214
1988-09-01,6.682794457202334,10.24256526609837,-9.570172485388184,13.545152411119595,27.17367355981176
1988-10-01,13.837532927763728,12.747492577865666,-4.03252164217952,27.669404581233753,24.42976747939081
1988-11-01,17.936070315585564,12.220926450002796,0.09896330957586166,37.51276003527943,19.366274724960732
1988-12-01,22.058710843741455,3.9850960509218667,1.039638960801038,46.202702050845524,16.593221905933046
1989-01-01,23.905507246413645,4.376251253710708,-1.12533239098055,52.69033575501591,15.03108559705513
1989-02-01,24.11324285600232,1.404540208185947,-1.8680716880422599,50.97899821624491,13.765921106351955
1989-03-01,23.118594897519966,3.150316927747444,0.023821387490256463,42.65566189782945,16.230235945631346
1989-04-01,21.568080797398483,9.21133737055329,-0.9649919357843363,35.885691457476575,19.507900897348144
1989-05-01,15.786825171409177,13.378546718028812,-1.8979480638492237,29.07453177414819,24.65601739638936
1989-06-01,8.180292864028027,13.284933637329113,-8.953604706424393,16.243246595324877,26.756043976413892
1989-07-01,4.975897926638049,12.855017290117612,-11.309970757998103,4.822682627657819,27.931408490828677
1989-08-01,4.2503411221369785,9.334886584457104,-12.144289151047534,3.6692281605381805,28.471039185008227
1989-09-01,5.163202449530269,9.05704760541219,-10.318530848564206,12.816379551014974,27.687931834597215
1989-10-01,13.006474860373647,11.105735750753825,-3.707415797235083,26.44570944295276,25.181621533860532
1989-11-01,19.751552844727623,13.74231162209979,4.767326816262958,37.876836000386106,20.927018156057496
1989-12-01,24.325936710338656,6.930124320548615,3.627557237244584,39.7238977956743,16.745835938088597
1990-01-01,26.316506877795952,5.537866792513165,1.6324739224784972,51.95756002835688,15.11872563341972
1990-02-01,26.38495146257551,6.402808896531605,6.9669285664637455,43.58803848712664,14.70635685139026
1990-03-01,25.486392139445197,7.9573885194914,3.0901983830016078,43.43791794520449,16.132845326419805
1990-04-01,22.669363466484494,11.686782644324444,1.2415752606440802,37.56664681281832,21.59157222567695
1990-05-01,15.119037646477729,13.842276111456583,-3.997367083712188,27.100020561204943,25.114635975972195
1990-06-01,8.680066607536322,13.410953112298214,-9.043452944773893,16.139229290297717,27.472927166964922
1990-07-01,4.001806350188982,10.221100588085237,-12.873919030596428,3.109748873324754,29.3008241857302
1990-08-01,5.1423653029099805,11.560735883727961,-13.032226403888005,4.5192135494206545,28.368319044715065
1990-09-01,6.1148991115080715,9.78820650880777,-10.031622152028067,11.312030382609265,27.741297655681354
1990-10-01,10.749979059561051,9.293735523663798,-4.796326106521501,25.896002769920987,24.913357991252457
1990-11-01,17.698291949583815,8.28471061523137,-2.361241059760964,33.88070367989822,21.30993221933169
1990-12-01,21.65539452408746,5.253409909971815,0.7421984367862922,43.64097771994546,18.849783575088807
1991-01-01,26.411321969120298,2.6440980964648126,0.310091242368187,51.75694879033686,16.31998295499545
1991-02-01,27.42937279036509,1.454222188329278,0.32470057836260063,51.48153936528233,15.667670764179103
1991-03-01,24.18501660989594,5.247902898024162,1.5982193402050329,39.996697160343714,17.275660852098447
1991-04-01,20.653689978539994,8.993903098810858,-0.8142098593196281,35.64050955291493,21.84021356552565
1991-05-01,14.118793734707578,12.817666313801581,-0.014008476817356303,25.9184918440573,26.5236174770898
1991-06-01,9.170784812822703,13.584959676816261,-6.936841589058897,17.90927408094621,28.509051851323363
1991-07-01,4.751810229443293,9.992374080966284,-11.775871162469771,5.2877732682069345,29.836106150352673
1991-08-01,4.542282221333065,8.946471331443545,-14.208171306749511,3.8231368488990554,28.365601616276155
1991-09-01,6.305230722563303,12.386322667857556,-7.5818115726805715,15.637289713534127,27.29717321436011
1991-10-01,10.250148719104333,7.4692741123560955,-6.078004171122167,24.98300292685936,24.765978836415286
1991-11-01,17.393430864008693,7.988385768531343,0.3821532624537436,39.11098122953523,21.928168614202672
1991-12-01,22.474676622974982,8.225576822342886,5.5035521299536505,44.80869021119866,19.571721012360094
1992-01-01,25.994482930646612,5.198391748508736,8.88155739805262,47.28794324411739,15.666260335943676
1992-02-01,25.788701392843944,3.964474781062049,-1.5182039524131743,50.847638181534414,15.942169167482225
1992-03-01,24.965191324456892,8.372831240233872,6.0339341453021005,46.71434705101936,17.25981560569002
1992-04-01,22.358441113175108,11.032699939492991,2.6061861348193216,37.491052833209274,22.801830291119852
1992-05-01,16.30124499123002,11.943296082812868,-1.5544795421052942,28.79388898886894,26.118970034091475
1992-06-01,10.08009881455386,13.0040631463766,-7.837236864462998,20.98863193589936,28.680642320035016
1992-07-01,4.669165948469838,9.112170087154158,-11.628707973034539,5.503368695774817,28.258400111811447
1992-08-01,4.994504189766971,11.846601122058578,-12.961200717887522,5.308757511484624,28.646792592888872
1992-09-01,5.528138568370834,9.111309009684328,-9.589058789191345,14.150971541280251,27.255959546622005
1992-10-01,13.078702596354589,9.434508122340985,-5.154853705200847,25.697130288746855,24.38313754336859
1992-11-01,16.095480032832214,8.430591439057096,1.234160471524234,36.41880823538953,21.29105527993714
1992-12-01,24.27778552033764,7.596294812383519,4.146563174521248,44.18297896343216,18.920466661120937
1993-01-01,24.38703778133753,4.298870313646686,2.5661473418723597,50.65873338289985,15.528829259734422
1993-02-01,26.368076664917137,2.0667340267646406,2.4407018644421963,47.5481729511727,14.85095463417184
1993-03-01,23.059581522841153,2.92611935848137,-2.4238671216474033,44.74310513263421,17.624160816276476
1993-04-01,22.118576107783426,9.315509544671153,1.5190429448782297,37.717272808752575,21.506646603558973
1993-05-01,15.44386005567302,13.485781849488506,-1.1112922766788431,27.82271407041693,25.64922271219001
1993-06-01,8.630910640352647,12.595604322244856,-8.218200423321658,17.898244288893824,28.67824389962445
1993-07-01,5.370007143455384,11.051260090083069,-10.917747320698387,6.007085023462097,28.991760087265828
1993-08-01,4.161831800809524,9.981540847963682,-12.548711450500234,5.57727709080471,28.893547403381874
1993-09-01,5.419311474402781,9.09452179566158,-9.939864216779108,14.345703866962529,27.802136613778035
1993-10-01,12.26142989801375,10.181600228631911,-3.9060345809918076,27.906877824346985,25.035357550947253
1993-11-01,17.892639448571448,8.588206052886305,-1.128103390375584,37.382514875013726,22.600444365179765
1993-12-01,22.813752408102086,5.233599031733106,-0.5675470501032654,45.23857308538056,19.336859073963392
1994-01-01,25.276305228433742,1.5806093709713926,-0.007359363769617978,49.1011804083457,16.214709863672685
1994-02-01,25.14824227467714,2.6102426465254633,-2.3823894256226383,49.9316025257924,15.561768320746959
1994-03-01,22.81374068830928,2.6536761980446757,-1.139469427402066,45.02643025460128,17.769413387301135
1994-04-01,20.65797438617142,8.648996881986806,-0.40955925499457546,36.005795569163254,21.307737203996204
1994-05-01,13.903200149737504,12.065351962482591,-3.1528266331359216,27.82200521175407,25.79772185468189
1994-06-01,7.642751035619244,11.88192703275101,-9.876561277082688,14.470362263630225,27.544193769794163
1994-07-01,5.886048852797039,10.803401808266273,-13.177313806787016,1.409198941182457,27.720279469422213
1994-08-01,4.238415235412029,7.6920488308810615,-13.795010133250544,1.4426080884032417,28.264137858169978
1994-09-01,7.361356981869488,10.246275250555016,-9.12500127362608,13.622261606145237,27.91166971869225
1994-10-01,10.098906902894218,8.49658281869532,-3.253866289903562,25.805919811735002,25.954271883421438
1994-11-01,16.9457032365845,8.559741574566878,1.4864458285865654,34.16028417965226,21.43639222979093
1994-12-01,23.74595845088748,6.087700499370568,3.115440339328386,47.60710305543372,18.645524894030668
1995-01-01,25.955507980970243,2.9761629249243464,1.4638692261896196,50.63068248133811,16.84652378723858
1995-02-01,25.576385861094295,0.029679302811727305,-1.5807890878253634,49.35170985030458,15.95293190843662
1995-03-01,24.929113930858573,3.998152298573813,-0.5072125663368668,45.228331909865574,17.62699628012536
1995-04-01,22.173610904010907,10.906109964179052,1.2002133879765249,37.53304870821644,22.390391357274748
1995-05-01,15.118553739325405,12.166839617810872,-2.600162369417636,26.297052402546715,26.089620016555635
1995-06-01,8.213859558928434,12.519355232634817,-8.44113291177706,19.443680919261894,29.634785534115267
1995-07-01,4.158282173529933,9.00644093675691,-13.828203386242514,3.5262874580669665,30.32541315715055
1995-08-01,4.228769448349728,8.329061935419418,-11.941571037588677,3.0950673552926924,29.541704139183246
1995-09-01,6.542538493780984,10.954624834447591,-9.732846438507952,13.855857321985367,27.36768173469228
1995-10-01,11.182104246974266,9.569758666136657,-5.309965197477426,28.02023218889158,25.58226614090708
1995-11-01,18.989676373892785,12.022449489944732,-0.9959229916440065,38.01043148734626,21.612246468108367
1995-12-01,23.659873769416983,5.144720606843507,2.0773645209623957,44.821787966494966,17.71708013138061
1996-01-01,25.1837576988882,1.6470331453448932,-2.8390651660680466,45.825840201808056,15.613698430267052
1996-02-01,25.71613717210911,2.0363530477103513,-2.4438044872487286,49.050863494351134,15.522313474625731
1996-03-01,24.366410968668664,4.223137483531187,0.3470141805742686,42.05669453944166,18.416867465569624
1996-04-01,21.875132269081952,10.049905006550482,-1.8305871744093505,37.524863805567335,21.219086559165493
1996-05-01,15.37165717891498,12.559201373331698,-3.87984991272956,29.761176196122406,25.101440015249963
1996-06-01,8.866532563939487,13.40359636821523,-6.708706619916637,16.446567950491577,29.417378796568567
1996-07-01,5.530107129700715,12.609122871436472,-11.69171216324355,4.743854376885738,29.168349650750017
1996-08-01,4.488081475444027,9.43918378698452,-11.717200705476195,3.1770136396490707,28.72033410483468
1996-09-01,7.442906985558385,11.784220621711189,-10.843814569896388,16.260057370203715,27.667377512475834
1996-10-01,11.958409420735268,11.329145324670279,-5.101171268410627,27.660199144591594,24.90519991380626
1996-11-01,18.527829196569908,9.282295340267174,-0.09396352685968228,40.0204151007634,22.0866529396627
1996-12-01,23.659614540160153,5.458953710805332,0.6902321265241754,44.38003360456283,18.79517859061905
1997-01-01,26.96804478872354,1.02647722061261,-0.1690698502419223,48.576170409512294,14.48043856630835
1997-02-01,25.688158748248384,2.777493897470113,-4.507500734622265,54.495010582529346,13.191217434715208
1997-03-01,25.016475161431266,6.439877286606701,6.406077351444104,46.693790368798524,16.971052071552055
1997-04-01,22.01138818995099,10.585057026069563,3.176854476089971,35.54522962880388,20.868613237297517
1997-05-01,17.42622158604506,16.000309255284513,-0.26213918773800815,27.72644997792571,24.28669538807526
1997-06-01,7.995755556065579,12.400897413703104,-6.224634339080499,17.732893316785624,28.392583829617447
1997-07-01,6.070399295280487,12.454663972054306,-10.28358433885252,4.938302597724827,30.49265586744044
1997-08-01,4.543508897105567,10.850505520758942,-11.49628352355446,5.540749907150281,29.81739403575126
1997-09-01,6.282914288953238,9.423380456229008,-5.130471031092089,16.65920453845167,29.77331743309308
1997-10-01,12.717631994702108,9.382277076507421,0.7329429849018505,28.283421939341,25.705492225551776
1997-11-01,18.106318215692404,8.710651293929072,2.389910912363081,35.33048824431463,22.78866251447038
1997-12-01,23.29276661507025,5.962793733851464,0.5314448958923076,42.807258469616805,19.95773119666698
1998-01-01,26.380312675889908,3.005353684784703,3.701394952735899,51.88536618840483,17.91054006942235
1998-02-01,26.765623563000478,3.0238826952613875,2.011918317143539,47.116821824548204,17.521641996064332
1998-03-01,23.789435535858175,3.9134708714683524,0.061007346894721814,46.70958948554391,20.092092369175305
1998-04-01,20.143808233771132,11.09228011326396,2.2805307523631506,31.760862474479584,23.549322683093116
1998-05-01,18.17478792896135,15.598868171601628,1.6566759438837309,25.2464147230154,27.27216037447258
1998-06-01,8.56054637109034,12.850360540492634,-8.765450440110559,18.106171512639555,28.74764789991342
1998-07-01,3.776770753604004,10.608376202061462,-12.075894451706834,1.9980338996446256,28.566602951300126
1998-08-01,4.220377349053643,10.330757707001359,-11.552318370761764,3.4227541164345463,28.778800990707637
1998-09-01,4.876274864931135,11.125831050725195,-11.459714264790765,11.172305096889245,27.16947798280239
1998-10-01,11.61637753933453,11.920950014951528,-6.828606691945039,25.910512084854325,24.06052709744175
1998-11-01,18.66160568591518,10.313392609923767,-1.4328437882976337,38.49561146202793,21.912885213916486
1998-12-01,21.304864818317963,4.144296321601308,-1.8373006930318367,45.552693210890546,17.65354527378452
1999-01-01,25.619916552486984,3.190812258518232,-0.6391192402900565,51.07731939748644,14.537849927698916
1999-02-01,25.1634211961089,0.7780688852837931,-0.7333729043516661,50.995843365092895,13.796540670353497
1999-03-01,22.94640343558615,3.2309879016803937,-3.9453519947771802,44.28983113217974,18.108121043743818
1999-04-01,19.42859526671031,9.347447026053201,-3.194056427991734,36.479183852056025,21.952742783897175
1999-05-01,14.676494358211194,11.761680541573067,-4.174625948824797,26.08257008414001,24.18862694410483
1999-06-01,6.771889772004072,12.913207290467794,-8.400296793430439,14.67394979565816,29.164668741834753
1999-07-01,4.840869219667962,10.017955643236405,-13.360361578689151,2.7568884825207896,28.0042771289715
1999-08-01,2.720047022691066,9.820659804740064,-12.335067913383675,1.8291088397774518,28.3373779307515
1999-09-01,3.7266668255937905,9.204871004191753,-11.179494964991477,10.475570360359153,26.794140951778537
1999-10-01,10.765731946281619,11.313955963991196,-6.449591539756409,23.468026290023914,23.91799191111539
1999-11-01,17.68549375177773,10.84493066439857,-0.8834315688910302,34.2831392391677,21.77001241303583
1999-12-01,21.81583723673907,6.166341933360597,1.6825774375768852,44.177018549009794,18.104258024458538
2000-01-01,25.566094850477178,0.6370846055022868,-2.7517917719686404,50.2958969704013,16.981670574387977
2000-02-01,24.143317984056235,-0.6062030823133303,-5.271733772043166,53.11121014469129,13.763086670319288
2000-03-01,22.02453409902583,1.052864120085062,-5.8484409920648215,48.34149455806381,15.323935292825993
2000-04-01,19.486768243221714,8.48520759894646,-3.195763010186065,35.61940576234533,20.666032903503655
2000-05-01,13.902932397097176,12.161327745056075,-6.087271533547123,27.846168760302245,24.549581931588097
2000-06-01,7.328091173379968,11.700763745896165,-8.915983261137377,13.467996796643549,27.848621522960666
2000-07-01,5.593389591788912,12.765028044512798,-11.316706322300446,1.883172290553915,27.463009559051994
2000-08-01,5.311445737762594,12.08426629685562,-13.395478299931364,4.524059815978925,28.948390523938237
2000-09-01,5.380965157980994,8.878609126071822,-10.156202215517444,13.124723069452708,26.564787018514956
2000-10-01,12.861353333961022,13.266454056910721,-4.04852723252704,27.376792608039246,24.441322360149424
2000-11-01,18.808402448838514,10.78221907535029,0.29150628044586224,40.32941985392979,22.327349661822296
2000-12-01,23.187361123661855,5.616032140082806,-0.5345924718834036,44.687048375228215,17.78802155419502
2001-01-01,24.06156393200227,2.5584185424643855,-5.403800465935643,49.53277343738106,14.584043819803227
2001-02-01,27.029459269170815,4.184698729508681,0.4303161576375514,52.117139916955736,12.832340247458001
2001-03-01,24.198527746062172,4.215652220203836,-1.4148036546025033,39.9641642885347,16.14875665060526
2001-04-01,20.333553214920403,8.779763361882056,-1.6515922837721195,34.920501598800605,20.92497801611225
2001-05-01,15.095521814329228,13.567219234072413,-3.5405445152548665,27.261739507215584,25.111351733247094
2001-06-01,8.361771275865651,11.378954656470876,-10.220386812992414,14.340811649437809,27.69247769300665
2001-07-01,4.60007617803245,10.88718429512897,-12.108758248065543,2.9713374432027697,28.884433622491553
2001-08-01,5.831961932395911,12.487666759967267,-13.54512705632468,5.215986556862255,28.027178522781853
2001-09-01,5.733180261116178,9.104355347779485,-9.90446982867387,12.171140274396313,26.75174233087428
2001-10-01,11.15772954184885,11.869182817637446,-4.6998122254597625,27.278764388207772,24.76008476636978
2001-11-01,19.141596477003027,9.995991597127734,-2.017284274801633,35.66754530678207,22.247091085988057
2001-12-01,24.707739333922607,8.02844151719735,5.318026094499596,45.215849572316316,19.046850380585788
2002-01-01,26.146107216601543,3.899011499709296,1.8110646127163066,48.41079558038807,16.37994253092152
2002-02-01,25.974426355454625,2.8811840335540086,-0.6758718347621314,49.16919712177107,15.695621670986181
2002-03-01,25.47828693177218,5.514921837599842,-0.6222111077357617,42.18561887921573,17.739762457767785
2002-04-01,20.32188982261366,8.232292460442277,0.37873352150129797,32.53576205392491,21.78575102468192
2002-05-01,15.742956175724137,12.824030157572858,-3.975665624041895,29.58270560716593,26.056783665948494
2002-06-01,9.06983017839499,11.544832008013989,-9.92751556735849,16.31839078771947,27.422867992072675
2002-07-01,5.482588681423255,12.954325278041201,-11.537825230376576,6.6451671480183085,28.754388252535712
2002-08-01,6.304342815904486,12.160518538920824,-12.122884534418402,5.733677862022487,27.472677728403458
2002-09-01,6.875320815302548,9.808217932739696,-9.909376629394291,15.22623934645264,27.093853485909243
2002-10-01,13.477309735915485,8.994724528474874,-3.4422530018325377,28.409990518900365,25.0903301157281
2002-11-01,17.936171271885105,7.987768427894919,-2.5631856107657396,40.259075831438636,21.999528504699562
2002-12-01,25.0253749874222,6.3653454282363855,2.646050942726663,43.873542187084546,19.967414053509458
2003-01-01,26.689976385128375,1.8004439478433356,0.8529248247684769,47.41146824210756,17.351802099335103
2003-02-01,27.14432223578718,2.9800565793234286,-0.3605800809969746,50.98306470194195,16.091841094857852
2003-03-01,24.08572187857973,4.918214802423693,-0.26531172586389,45.73208495370082,17.652663206447844
2003-04-01,20.72188118244922,9.786271340279189,0.2598866038473471,32.25843050154546,22.506725404209316
2003-05-01,16.023818550567746,14.016044349790576,-3.8036996568024035,30.20915220878184,24.8495637323773
2003-06-01,6.589574220058107,10.612719789456147,-9.156439980567693,16.974608726154866,28.454517529359418
2003-07-01,5.480769760437947,11.56718532645839,-11.764969740458728,4.516401171255516,29.25293910629544
2003-08-01,3.9755086108963518,11.065388018630173,-13.01329580122378,3.3826859927181094,29.92193886704893
2003-09-01,5.785242165735324,11.776353747578822,-10.028850072782847,11.756281092660123,28.130487452040253
2003-10-01,11.58479695639895,11.71233237883477,-5.62653102251543,26.045811444516513,24.891444975955825
2003-11-01,17.78365727831613,9.953056951541654,-1.3921314629254866,35.92623767775333,22.091605063540833
2003-12-01,23.48474611936799,5.502572168171887,-0.02293876663994351,43.54007162812672,18.732530642344116
2004-01-01,27.711516209970476,3.0527451622359596,4.866416785241962,50.08914405042799,16.551725617551238
2004-02-01,27.018346468571394,3.798102268147085,-2.3420500911368936,49.899069072404394,15.12069858735388
2004-03-01,24.51740466560502,6.386232571616052,-0.654654726767968,42.247452218891546,18.117166232624186
2004-04-01,21.63626844474241,9.41863067524751,0.5179421642606806,35.360932755937405,20.38953901373399
2004-05-01,15.672445147948375,14.00813759129187,-6.1736667868586075,26.23843658348726,25.824025028698756
2004-06-01,10.624347787387642,12.376791148396979,-11.886012371222272,14.764834966250955,26.651664500782744
2004-07-01,4.180874742756446,10.455164505603626,-11.434136226322856,5.035275422807199,27.636261961279754
2004-08-01,4.424252035887248,10.23738222007875,-13.715920698863583,6.5039138773318,29.537821721541533
2004-09-01,5.337951154000862,9.009398412755019,-9.06456217731461,12.065242558635875,27.316307573793114
2004-10-01,11.830354454088539,9.578224252158625,-4.1298225065103376,24.880030604536678,24.519357151667666
2004-11-01,18.475397862232924,9.261060879328106,-0.7685188122775158,36.04982198796733,22.69745112233031
2004-12-01,22.39064014884885,4.7263810002866595,0.16449870377873332,44.62957291430147,19.56350825246012
2005-01-01,26.777254395860897,2.753614235888496,0.6524001185120296,51.132256927933646,16.688165230064158
2005-02-01,29.086944880635166,5.178086471108978,4.293893605142539,52.29385373991474,16.56169797751688
2005-03-01,24.57457664931667,5.070768136924529,-1.147017608359352,40.20389846829368,19.260655116075533
2005-04-01,22.28942809384157,10.661212263969103,-0.13461024753481096,35.653560375208095,21.453826075576014
2005-05-01,16.798937503837884,15.26090384371181,-0.8782750335548878,28.762229423531792,24.205690875438048
2005-06-01,7.29224480143204,13.981909972832623,-9.683735665248737,17.31340688861752,29.03978825788542
2005-07-01,4.594826012963227,10.350943955056046,-12.71430133296148,2.9406832867165438,29.044863236719017
2005-08-01,3.600527249356364,10.782836620501888,-12.411845987350887,3.852522595614237,29.715842245858212
2005-09-01,6.838309378502164,11.419897506773378,-11.851289918656928,11.92703372522714,27.299683977922218
2005-10-01,10.806746630359386,10.524304614949479,-6.4425625531007835,24.309789630203166,25.168609214159623
2005-11-01,18.827277771626072,9.274908505725293,-1.746345712082542,39.33803188900434,21.870408507216087
2005-12-01,23.44549580480812,4.533546398702279,-1.3580909620275128,47.73441453485709,19.470693440645572
2006-01-01,26.39496321727318,3.978315435081104,0.40764731837228163,51.53546997522235,14.214424462933863
2006-02-01,27.41345903069573,3.706310928918557,2.555265841617324,45.7935141416828,15.713118173421654
2006-03-01,25.227580817236266,3.5450751513774788,-1.7619642995065616,40.95690203962921,16.86737568674836
2006-04-01,20.967260680259884,10.306710247552045,-1.0831140153894283,33.25312087837489,20.246922609332103
2006-05-01,14.37133717324626,13.217478370681723,-2.3004590996753636,23.245528707161977,25.18441952605659
2006-06-01,8.237110636783948,10.61729176076979,-8.257964521045567,16.39490113268274,28.496920674839348
2006-07-01,4.069342533570067,12.16556510771779,-11.808201812201045,3.670136580535044,29.38428626162171
2006-08-01,5.261153234742722,9.050486117590962,-12.95560332040312,3.1071997698946707,29.02455331423448
2006-09-01,6.1736263366239745,8.869547255007928,-10.291251711834652,12.69626782023123,27.84019992629536
2006-10-01,11.868462242545592,9.710886320950298,-3.34056099284648,27.173090310382758,24.4605871661976
2006-11-01,17.453929184222513,7.089404657302409,-0.7033878425835698,37.378670640131666,21.978842184557063
2006-12-01,21.727110852528185,4.364458665695544,-1.4641890352511011,47.82917878356338,20.115877167277258
2007-01-01,26.462489840636024,3.592879447499583,1.2288184929952235,50.46810786068346,16.701083170107445
2007-02-01,26.196282051629638,0.9544617079137848,-2.950671241850253,44.846269495571384,16.862178294707213
2007-03-01,23.805589287971554,3.017252281465521,-3.548147330286559,44.40651272261687,17.153020197702627
2007-04-01,21.006778982781704,9.370177155754723,-0.5801366066805689,35.12727393216731,21.751585171890028
2007-05-01,15.7295197061802,12.941093898178682,-3.5200335474605384,27.843020133936616,24.898327520758194
2007-06-01,8.785238294262536,14.114485128208505,-8.29652943926297,14.24113927972494,29.409609746319262
2007-07-01,3.9837526176396922,11.461006887675985,-10.282169263724967,5.093716473379599,28.80977640230442
2007-08-01,3.9741001190137903,7.677726533434644,-14.691263334982573,2.2401098197121954,28.525554792541886
2007-09-01,7.520432191348097,10.485150997556767,-10.705576802326148,10.857922648846614,27.045087036358762
2007-10-01,10.729461389144902,9.359312367117695,-5.7926447815078985,25.757956400312974,24.35457340558951
2007-11-01,18.49675928263231,9.268816583335655,-1.2850563637014745,38.32765021622317,21.437621865012957
2007-12-01,22.34159113276361,5.005386923897593,-1.5472422206890433,47.87268805094258,18.387234311369614
2008-01-01,26.57223354331011,3.2817795844120234,0.9328394608987267,51.710969710716306,15.364305552273082
2008-02-01,23.643765117659377,3.006818946757222,-3.5799034366792837,52.61254207981446,14.95690337063027
2008-03-01,22.227821054019586,4.033884670426859,-3.977170595383572,40.95781578781636,16.689008854995993
2008-04-01,19.74506534286447,11.787242984433597,0.5658754509782831,32.552449637007044,21.308526848033836
2008-05-01,14.162779233441087,13.651146631262822,-3.2099072696766644,27.75919097443255,24.97052920185426
2008-06-01,8.393999707891327,12.13626682562389,-6.772001889917209,15.354982173181394,27.94114986434934
2008-07-01,3.7460762902177067,10.517628178060022,-11.1295939130113,2.568303410507438,29.990162806261917
2008-08-01,2.2448783046890637,8.93091310518445,-12.70918970985017,4.232251280412518,29.705960160191022
2008-09-01,6.509200700648891,11.352810690560357,-11.49808808713237,13.464973394919305,27.85148587172497
2008-10-01,10.734973443904718,10.489553433564591,-5.251623347934306,26.821807441228003,25.38053223513232
2008-11-01,18.902345802552578,11.050222004243793,0.06847235082692471,39.28823702736286,21.522540726538214
2008-12-01,23.080099858164274,5.837287586659543,0.36213701254931396,44.06340054060581,19.134027381599257
2009-01-01,24.40345363613995,1.3550866259084824,-1.6953983065902323,48.34199527991723,15.968107864584837
2009-02-01,26.55163252642022,4.098027881296699,-2.848423397655137,47.427222233949486,15.122553924644901
2009-03-01,24.096167519817115,3.5182864539125043,0.2892112060719343,41.402859490366744,17.312542835104402
2009-04-01,20.789102146003184,8.699283518597182,-2.171641485073011,37.33066330489649,21.097549486404496
2009-05-01,15.320337830293003,13.772420004331684,-0.8850676828076246,28.265960143788455,25.472464174717725
2009-06-01,8.716253112877084,12.114835773109878,-7.625273998908515,21.081135539616678,28.583497357056654
2009-07-01,6.436511768586868,10.933423137183327,-12.758759379986664,5.992419567123546,29.536001570885873
2009-08-01,4.7759985418043,11.907142961099039,-11.699529680140923,5.81366244492948,29.723649372512888
2009-09-01,8.079568290633953,10.60871919516176,-12.149939067251125,15.161175806123593,28.449748155561934
2009-10-01,10.359344072748975,9.391442544996956,-3.915040723373984,30.576810714735966,25.56750572514339
2009-11-01,18.51767468034891,9.467974160922694,-0.19474011055224832,35.762836659101424,22.99754389932166
2009-12-01,24.884446050039536,5.483141657897026,1.4667104584142712,43.38772737593971,20.404658942415775
2010-01-01,26.744850258911956,2.8815335062554572,-0.5126870556745245,44.31126197799309,16.744326573070914
2010-02-01,30.480926793505557,7.038732748983243,5.794705418828295,39.79054094855559,16.126262540829764
2010-03-01,24.138478693728363,6.754651644571153,-0.4042435863598882,35.87964060176236,18.96634736387218
2010-04-01,22.12696772688961,11.739502594530652,1.9871958258073599,33.928071651367745,22.455795932768613
2010-05-01,17.20483600555706,15.107442692876534,-1.8034271141121436,28.79362488923769,26.762672824986975
2010-06-01,7.642557540043321,9.627226708845356,-10.006166132455547,16.08761597772207,28.777612203119187
2010-07-01,3.5474048495209463,9.351494353644659,-12.38723302792922,1.3869974238926246,28.767786765381388
2010-08-01,3.7900258218033023,10.42041516686528,-12.367958843316474,1.3181095984121904,28.888084783597282
2010-09-01,4.147380278686622,8.933689842227608,-11.015851123021848,8.195034648957419,26.9557415285735
2010-10-01,12.014289688748764,10.886699758441187,-6.380429646055506,24.94292950057386,24.46763055595058
2010-11-01,17.654919232080186,8.64050995190262,-2.9127480921352134,35.238017979453566,20.577487464486058
2010-12-01,24.4951148215358,5.239025517579175,-3.129205101754967,38.29481239723254,17.103409813940036
2011-01-01,26.671058130358993,1.8404933076021024,-1.9641566917709914,53.01650473967704,12.827188752292553
2011-02-01,26.025204787771163,3.2655214050458063,-4.373541714736941,47.47137663416545,12.90340435712932
2011-03-01,24.070942553342455,4.146449468000036,-3.044824706245858,45.3379103401144,16.407397775749295
2011-04-01,20.510685963395257,8.948294265996246,-1.6664608388613371,37.14482787515204,20.054234947494226
2011-05-01,16.547804544979467,15.370396064514203,-1.644294167296432,27.32375250490774,25.04169732030216
2011-06-01,9.136863843061128,14.218315336060105,-9.918056012605675,15.965677010041627,28.661310457433775
2011-07-01,5.12202684389949,11.936954515821991,-12.232132364936477,3.590690489514189,29.501416698825658
2011-08-01,4.023639046236003,9.124938715084696,-13.376443461394501,3.5445922816323847,29.802490061365933
2011-09-01,6.712124518007012,10.15137116183887,-11.515306941033954,11.77843616086484,28.39655499432285
2011-10-01,10.720180112910118,11.33986685310904,-3.3922013188113835,26.670496172957115,25.155470294479475
2011-11-01,18.559688220642307,10.214452814119111,-1.8175644139442673,35.950092531982534,22.226389645652283
2011-12-01,21.80400979515594,6.893353330246301,-1.6930884869641354,49.049556767495694,19.346992796249122
2012-01-01,25.444944922445423,3.7244584871252564,-0.791493820683171,55.72433541039191,15.661125343688276
2012-02-01,23.942400706967717,1.9442304552960803,-1.3833669023808015,54.07337052472791,16.054928964291676
2012-03-01,23.408372612276256,6.086798129797014,-1.1004795022720384,46.159869007198594,17.17797292405027
2012-04-01,20.729381955814414,8.38625253168902,0.7992837881427169,35.12509951764678,19.91417234066791
2012-05-01,14.615374838506083,13.20409196897302,-4.499407932116401,26.275712482678937,25.33057344362638
2012-06-01,6.977781622639578,11.75227839893226,-10.575037308574606,17.446703706906405,26.83691254503582
2012-07-01,5.303469611769084,12.377077030975713,-12.176717203938011,2.6300824911023937,29.013205281745325
2012-08-01,3.5954927171894187,8.024837522239975,-14.257963696452443,2.6850941632302416,28.891279730312654
2012-09-01,7.812407952170523,10.221513405365705,-10.644992676110425,10.865987994191286,26.98114177549046
2012-10-01,11.804934150823943,9.806498835977226,-3.9597214831591834,26.740651065993777,24.835051451196833
2012-11-01,21.178368903627344,10.491326423182741,-0.5895448262134367,35.27640379996975,22.981799253880382
2012-12-01,23.690289731395076,5.505494731793995,-1.7478280255393246,44.90136020731941,18.954311291546045
2013-01-01,26.77398050385141,5.438385696529511,1.5380123448579384,50.84630035818263,15.737837318048994
2013-02-01,25.441899582597546,4.4731537506736645,-2.057590271898339,50.24027423908921,17.01181745933521
2013-03-01,26.899482070923547,8.614127395451847,1.8843301866622642,34.73051053168066,17.924500386720595
2013-04-01,22.426385754716925,10.823269709518668,-0.9050304071009331,35.88619169884994,21.73735217684729
2013-05-01,15.75021717722694,12.85680490537391,-3.1978963976698207,27.709656740774253,25.646702252331398
2013-06-01,8.401149823929163,12.654476065301761,-10.271028253668302,14.595066225936147,28.138937472495908
2013-07-01,5.203692133827312,11.17779047384956,-11.989904925106755,2.0996365983934853,28.238146323822395
2013-08-01,4.237588954982631,9.491203117680836,-12.321231628419715,3.1553998542975585,28.766400205546265
2013-09-01,6.703550602768049,10.795685453350957,-11.78675492915301,12.487614263896884,28.39107665642015
2013-10-01,11.394979009183048,10.424373479011678,-6.223660255361121,24.7581856179716,24.830812201706667
2013-11-01,18.41787681196778,9.936433165400338,-0.44199212158786344,37.32058716853365,22.17576322532967
2013-12-01,23.381731448956213,5.7786724027659755,0.31719337066551284,46.845115094800825,19.190473025725503
2014-01-01,25.544424248363008,4.029164459559973,0.1735167453453765,49.21481459780108,14.384098332235896
2014-02-01,26.623504620443967,3.9121792840135075,-1.225509042663374,48.0970711857785,14.870611883908744
2014-03-01,24.360012543144123,3.1074408243118916,-0.2934415640277646,45.45051705310743,17.041251125079793
2014-04-01,21.1568910020452,10.266599485708415,-2.233140224780783,36.86500584071657,21.484622725377992
2014-05-01,15.156232795444861,12.819139946453362,-2.0054336775694046,27.34114747509871,25.4781850955127
2014-06-01,9.694496782764872,12.23273622108558,-9.138413858423585,19.283677174594075,28.02295602886598
2014-07-01,5.905247519473594,12.851401002735617,-13.018442061639082,6.209800003720711,29.10446788531687
2014-08-01,2.3066565642720174,9.053769981164827,-11.985825126882899,4.941296857227829,29.06101579526471
2014-09-01,5.818219203570884,9.110109936220235,-10.734196115132121,13.783616803970363,27.949645595124043
2014-10-01,11.017861429851022,11.06496916228819,-4.667056625061917,27.859534742184504,24.415298090860997
2014-11-01,17.219083189783095,8.719075464883735,-1.6328807660447286,37.760788586139434,22.05566480454334
2014-12-01,22.574263837790298,5.358859119521059,-1.2005184993850853,46.940309572803216,19.096331820835193
2015-01-01,24.120921932116126,1.4010653295032456,-2.0840157644245574,49.81166810581358,15.97078242984191
2015-02-01,25.858385142157683,2.3925778199616112,0.2739884561515046,47.343450328770636,14.69802603800438
2015-03-01,24.154585724690186,3.5125421241850834,0.9803663728136783,43.281264453146456,17.476202571661133
2015-04-01,20.217395252088565,7.924341433683764,-2.576423870234269,33.12981145217481,22.200971550393774
2015-05-01,15.089505444749333,13.318440925725689,-3.383404447626681,26.496480345343603,25.77664296349149
2015-06-01,8.720208094753698,11.712349204066529,-8.904252639992238,17.78914132072539,28.3990820863328
2015-07-01,4.742774015928811,10.924314633149875,-9.118591321181269,6.205711346167649,29.447241941516435
2015-08-01,4.5756495195496445,10.070365614482649,-10.162191519065017,7.615047550555706,29.347957381841578
2015-09-01,5.718478960448495,8.60604607954654,-8.349424771826644,16.254783815487762,28.936677998825445
2015-10-01,9.482711090071476,9.501391169693703,-3.4487592002798384,26.422515877711813,25.314893727884485
2015-11-01,17.14656985747252,8.179230821022657,-1.0825528227298185,36.59250125006783,23.429266692073927
2015-12-01,22.463662440211195,6.736287419987117,0.5334413130868756,44.45371378101529,20.066382466779892
2016-01-01,26.303058410726972,4.011893542437757,3.816366848823266,47.65714209553482,17.5149577067125
2016-02-01,25.905026983316166,3.764839268549156,1.8609381233927214,48.513299468602106,16.392140515075397
2016-03-01,25.79457618117024,5.328374177866266,2.266611755936828,44.70641228385051,19.36448135568743
2016-04-01,21.778374896156237,9.717379393767791,1.7633008416810296,35.70038934700734,22.513243455998026
2016-05-01,16.440198301314428,15.453333868840241,-1.2865060626830152,25.2382069470153,26.749498685773602
2016-06-01,7.239177127203384,10.901712024674328,-10.948685352760569,15.90268841277775,28.113812826697988
2016-07-01,4.496199272667719,9.82416581690189,-11.822042349540945,3.017865135295171,29.717429035728077
2016-08-01,4.817911368319296,10.60152612027457,-13.751854678062717,3.622544416354289,29.054735333965663
2016-09-01,5.421943075401352,10.407205040298198,-11.06565398711142,13.292942883570628,27.94184222979024
2016-10-01,11.667779427079855,11.538544084171072,-4.579282964881194,26.80712970260245,26.28783702360526
2016-11-01,18.37134589154585,11.582582016220234,0.9350638165079063,37.54828091086433,21.38808560702785
2016-12-01,22.864519519583748,5.407593617309358,-1.022524531440594,45.62784040812706,19.241326011983524
2017-01-01,26.028091582703826,1.7822842855125427,-2.6271728958716682,51.74767249881872,14.52086977998595
2017-02-01,24.941716973894124,1.1157043383436651,-0.36805010527419835,49.150393517972056,14.005431556138008
2017-03-01,24.448986933192426,3.04464532381016,-4.075017989099107,45.88085056514693,16.5402671655113
2017-04-01,20.54158456575616,8.8707509576606,0.07944979091602908,37.19824753283831,20.83338161132974
2017-05-01,15.170089694722684,12.441602433281945,-2.8118499837843793,25.974203081323527,25.89997285874817
2017-06-01,6.546925411099992,9.419402370585054,-10.087339699030595,18.27110772237096,28.564713762521126
2017-07-01,5.274328712812505,9.42166108265431,-13.414487863007896,2.623059179216901,29.711588149906422
2017-08-01,3.5376302221708924,9.172760241596219,-12.49680455787571,4.682634958093437,28.6375841825636
2017-09-01,4.9908867570186555,9.41742004539148,-10.371055842499867,14.856614038835392,27.37318253183191
2017-10-01,10.674647259849136,11.868515191881253,-5.957781590729568,26.71073360427481,24.690800347268823
2017-11-01,18.72867772750044,10.349739374582548,-0.40029540001869934,37.12838824592028,22.25528046212794
2017-12-01,21.97502433851546,4.982891547075967,0.16180071856852787,46.965124105492436,19.16375862914696
2018-01-01,23.557238399730053,2.3056126688512797,-3.8143583351433192,47.809596339722795,15.842123896366214
2018-02-01,26.021226914479307,2.97234834784388,3.247600469445501,49.672849337889566,15.16985327794323
2018-03-01,26.11262347609993,5.25103634823253,-1.2674923626633234,35.43721056429297,17.638317738154434
2018-04-01,20.938471203774355,8.555096063039393,0.9134035428024606,33.26893800691244,20.567215751842188
2018-05-01,13.377688692194946,13.217582469531393,-1.4538039510497598,24.71242264695594,25.642373331481238
2018-06-01,6.440508357557146,9.8806710075954,-10.785920789943672,15.842120409234694,28.951832665607185
2018-07-01,6.805116435399122,12.383086844362541,-12.37490774748317,0.8626490229913384,29.41721406163546
2018-08-01,4.2060297393431885,9.510813993294203,-14.162569094382684,1.4515858701825268,29.019656500160266
2018-09-01,5.706268702276526,9.61286105854964,-8.53366007868395,12.490994051161987,28.115719846267865
2018-10-01,11.333042664490048,8.989838626910952,-2.0338737250434153,28.943402550872204,25.139989882104302
2018-11-01,19.62280520140738,11.05795617250847,1.3969238486583566,37.911933072515325,22.333475776659792
2018-12-01,23.035409797692527,5.972032868248735,-1.1477286542843377,46.42517763505909,19.73981683724497
2019-01-01,25.6009597317394,1.8344329537981492,2.0877754773150836,51.92004024884244,15.241107365079896
2019-02-01,27.22201544302656,3.1336483487024673,3.3643917620388484,49.67945444309292,16.07145663465482
2019-03-01,24.555688625286795,4.958025126479182,-2.6683987903528705,47.87341084385901,17.71479574410158
2019-04-01,21.75063923312858,8.22343641540198,0.34799085158724713,37.933404915024475,21.873850756130942
2019-05-01,15.585848305599566,11.653430162566428,-2.5662735937388246,30.713536316011552,25.14974789277755
2019-06-01,9.99882166623234,13.424767019921383,-7.745346578384028,19.39008778060251,28.52171154201344
2019-07-01,3.9872438942856854,9.035294222875656,-12.387364522560727,4.881718608718366,28.29619168648654
2019-08-01,3.4094285457168536,7.6817461043829445,-14.891032425357391,3.742635646224216,29.404523977456993
2019-09-01,4.4769109788045345,6.101337323260179,-11.991697793666065,12.184998397900124,27.96757441259177
2019-10-01,9.26851091006568,8.588481583644642,-4.077329669570982,25.088535655757518,26.01316482334427
2019-11-01,17.32556879851786,8.94547612598695,-0.48165845885468644,38.23024493976523,22.58310729261108
2019-12-01,23.065154606752092,6.206560382793477,0.2931344787549815,45.27351249796648,19.369078563772234
2020-01-01,27.56651651568986,3.3510487150189197,2.34774982177278,51.6685769728354,16.004548132887486
2020-02-01,25.72422616404976,2.9217845305415318,0.9683668156424948,48.50793849086038,16.292135773264544
2020-03-01,24.686175675349055,6.060272165754618,-0.04528152200594278,41.99983315499873,18.80440111697858
2020-04-01,21.668237909691744,9.969519261888529,0.9171711094167462,37.97176984764973,22.14714844323111
2020-05-01,16.581699132243898,15.764128896012425,-1.141689957322172,28.590452287478772,25.056892143083605
2020-06-01,7.506964179135699,10.411148672037173,-8.141220548213694,15.997099482547691,28.815929028211315
2020-07-01,3.5155676464329497,9.217974925466157,-10.793990076331557,3.330798311134041,29.43107557310996
2020-08-01,2.8320608051893985,8.704753443165538,-13.361139466532054,2.3970632730088974,30.253242377597672
2020-09-01,5.188058876827808,8.563014738790846,-10.895236841811805,11.224679454407195,27.762407437936318
2020-10-01,10.247804492272591,10.133057174175493,-7.545955106292316,25.987928213647308,25.019147272833006
2020-11-01,16.503964654103623,9.663322061173835,-1.8100273509966944,39.03748269520035,21.897781287446772
2020-12-01,22.44426873902366,4.995104113106316,-3.391958024607213,48.550494406994936,17.802100801692205
2021-01-01,23.492532226013424,3.1185738609213005,-4.444054680684071,48.69653230812195,15.694231151771051
2021-02-01,25.91455377993324,4.354109628153143,0.0912211809622808,47.093140451602586,14.373826269339952
2021-03-01,21.963939425039115,5.471288234281484,-3.0366025942781913,40.443413775756504,18.258455004268562
2021-04-01,21.229253008419604,11.991591703998534,-0.23550152970426977,34.691417454537756,20.551682236202605
2021-05-01,15.869737728368742,15.128384754349016,-1.4803157476516122,24.246749645786565,25.725030997082325
2021-06-01,5.834737711010305,11.83360869622781,-10.341394568409688,15.031090035886104,27.818813569250334
2021-07-01,5.514488636975641,12.20444764424686,-12.70541108870979,3.132900434712399,29.047661539351587
2021-08-01,2.218568189129633,8.893976715526492,-11.490936182773979,4.28756077222344,29.02870048620904
2021-09-01,6.079175193797202,10.095546291564043,-10.394975232980862,11.246278218668401,27.14145847922983
2021-10-01,10.641782121471467,9.878000274334006,-7.628456528167969,25.11104518205416,25.458381352440266
2021-11-01,18.228871243747754,9.592000050410038,-3.3804210360068603,39.118330737962566,22.123117467969863
2021-12-01,23.822460920621488,8.467744297192523,3.660210062142871,44.88490251187599,18.507561603141728
2022-01-01,26.003740181590288,2.371616198952779,1.1604063058391614,51.79616533164255,14.858584743130363
2022-02-01,24.55348193985988,3.0248436371593046,-3.543006204634826,52.99636918629539,14.062029506964983
2022-03-01,22.3490378698628,4.556139583339729,-4.610893277398442,42.92122532877261,17.586935490557185
2022-04-01,19.52576331550984,10.04162510759886,-1.2959162840605416,31.544673553071593,20.822573055061603
2022-05-01,14.458658144365122,13.886924295937407,-2.8844572489988654,27.122332005816865,25.101817215033474
2022-06-01,6.730322337313833,10.971053614475643,-8.804234102370726,15.095316947242193,27.147604652009004
2022-07-01,5.504066610944624,12.321492237108862,-11.22578427326591,2.057849512512637,27.85213789827324
2022-08-01,3.0111735688994115,11.427473691981067,-11.489036269122124,-0.20226036056950022,27.590736794232768
2022-09-01,4.588556116669359,9.859993656298041,-11.98764218695078,9.566786185167384,28.050577298916178
2022-10-01,11.494075557817624,13.619616656457506,-3.6340392304289604,25.994465769393305,23.970229382768615
2022-11-01,16.74843835950407,10.560879984605164,0.009134780779798712,39.51138332951057,20.877366241002893
2022-12-01,21.951086341397993,6.407159102736084,-1.4552736606607914,45.195815015509034,17.46783577457721
