,r100_cluster1,r100_cluster2,r100_cluster3,r100_cluster4,r100_cluster5,r100_cluster6,r100_cluster7,r100_cluster8,r100_cluster9,r100_cluster10,r100_cluster11
1965-01-01,74.09122,2.4553413,66.374466,65.60295,63.706116,95.292206,12.057461,71.72754,26.123207,68.60054,95.067795
1965-02-01,78.24853,2.3079185,72.974075,65.753654,78.88899,85.66552,16.231155,64.83636,19.7005,80.48608,102.28659
1965-03-01,74.484344,2.2211037,75.765274,70.86594,86.42557,84.44846,14.104996,73.0396,18.082127,76.57774,97.6526
1965-04-01,61.14424,3.5364418,64.97395,87.68193,70.18616,77.44426,17.256561,90.6959,17.765987,63.20488,97.134995
1965-05-01,55.653572,3.806713,90.12259,92.879395,76.31402,89.31177,25.469633,87.60494,36.42968,61.864975,92.15375
1965-06-01,65.44243,4.589691,91.15782,80.196144,73.149345,72.67432,33.987377,78.80546,36.41166,68.93634,82.49266
1965-07-01,39.156994,8.584843,81.52458,59.720795,74.4008,57.93371,59.802696,63.25402,30.97996,56.556126,63.624214
1965-08-01,35.361683,8.745369,84.52381,67.00838,63.27859,63.43748,50.577324,65.37691,41.076763,48.924553,64.593925
1965-09-01,68.0731,4.9451447,94.31595,79.22151,82.14048,72.181274,47.492916,69.73242,48.27098,75.247665,80.65479
1965-10-01,72.76441,3.8771515,89.228226,79.5868,79.81284,82.738365,27.184649,87.12337,47.237385,77.70962,87.419846
1965-11-01,63.76181,4.399681,75.00523,86.17003,86.594284,87.62952,24.71778,85.95381,28.688358,77.960236,88.19955
1965-12-01,66.59396,5.6314774,72.84303,93.00388,82.31903,94.80408,25.174788,74.33528,22.111675,75.830795,100.98271
1966-01-01,59.924866,3.2700844,57.07998,48.780067,55.686264,64.44911,13.306805,63.561005,17.737476,58.442505,101.38667
1966-02-01,54.739063,3.140396,70.411385,70.53451,77.34057,89.07962,14.206402,60.26632,17.277828,68.17553,96.94287
1966-03-01,54.116898,3.3045578,63.84664,73.835754,64.90054,82.84976,15.406406,73.5452,16.50956,62.13938,96.644104
1966-04-01,49.425217,3.8183746,62.226387,83.28643,54.96068,80.35126,14.482189,84.52748,16.025288,51.895817,88.80383
1966-05-01,48.54532,3.6739159,86.52366,95.27337,62.503815,81.912415,19.748432,88.1275,17.510933,58.7856,90.491394
1966-06-01,39.393417,3.496624,91.76363,71.481705,70.22753,72.39772,22.092632,91.65694,25.95695,46.250366,75.505264
1966-07-01,42.555134,11.373005,81.20489,66.87375,52.233986,72.71455,51.759567,75.96983,21.409725,42.83256,79.980255
1966-08-01,33.797215,12.658375,78.946045,68.8174,74.1214,77.81663,39.207916,78.03989,27.5099,41.61614,71.493195
1966-09-01,55.87669,6.6846046,88.67087,64.34405,81.037445,73.758606,41.663746,70.6527,50.19348,68.1624,79.573135
1966-10-01,83.12391,3.598404,96.658875,75.75807,93.255844,89.89057,30.384335,82.120895,46.444077,93.431496,100.62826
1966-11-01,80.957,4.3486137,92.141205,90.56363,93.73191,92.571304,44.564445,81.04729,36.3302,86.32831,97.067635
1966-12-01,78.63907,3.6755562,82.43936,79.67656,85.359764,93.894424,31.636873,60.579865,31.42839,84.8558,100.465744
1967-01-01,73.9077,3.3143883,65.84405,71.11228,76.38558,96.59202,25.784191,53.794167,28.777237,83.83104,107.19436
1967-02-01,66.065315,2.623558,61.47609,71.86899,65.04849,96.07178,13.663368,68.195244,21.857086,63.521564,100.1357
1967-03-01,64.533325,3.0627174,68.261116,57.775322,78.817856,90.83564,15.808498,69.01276,18.4063,78.19627,101.90585
1967-04-01,44.7576,4.4477615,63.871204,82.34972,64.156654,83.85468,20.488934,81.42579,14.247791,57.204414,92.42675
1967-05-01,60.116383,5.4595184,82.45782,92.886185,65.56197,83.874954,32.94081,88.497955,20.524403,63.896538,94.64451
1967-06-01,67.87094,4.6926765,92.648026,86.10115,85.82752,74.22694,42.181755,72.34193,39.00798,65.44035,78.61347
1967-07-01,39.676857,9.173801,85.98461,61.006527,75.758934,71.254166,53.34825,75.07148,24.745407,54.00699,77.7892
1967-08-01,40.14473,28.834665,85.81739,62.008152,68.093895,64.180305,60.324142,63.938766,37.435448,53.849907,70.3978
1967-09-01,77.45983,10.5960045,84.58943,64.95221,86.560585,70.98729,45.6697,75.05121,51.767273,86.77003,90.92009
1967-10-01,77.47841,5.6993675,91.1515,82.071014,89.26987,90.3779,45.05657,82.70611,56.451084,81.46464,93.59053
1967-11-01,71.831825,5.569309,76.94635,84.22966,86.417015,88.302025,28.841421,83.22635,34.62651,75.83832,97.78789
1967-12-01,66.46563,1.9563713,65.1549,80.03737,72.873985,87.22946,10.060566,78.87697,25.402458,76.98013,94.98064
1968-01-01,63.904472,2.6728516,68.79598,68.46119,73.32534,99.26854,17.98317,57.66896,23.005058,73.639206,106.13501
1968-02-01,74.43595,2.2157326,53.636963,51.0552,59.24474,63.79502,9.755001,62.665096,18.709091,67.128456,98.36557
1968-03-01,52.16742,3.271614,75.6206,79.37414,62.61359,82.58364,13.437717,87.86306,14.942677,57.44845,94.25953
1968-04-01,44.412464,3.3569221,45.27681,80.16605,59.70508,89.65291,10.896194,90.032776,14.984524,64.02519,97.34509
1968-05-01,48.63439,4.372566,81.667786,89.00426,76.65878,84.64551,29.77656,94.927505,17.851185,56.59698,88.162445
1968-06-01,66.80493,4.0265083,88.9962,82.75265,86.75084,79.72503,26.851954,88.02885,36.958504,75.23752,81.9543
1968-07-01,35.226593,8.414223,99.75464,84.783936,88.656586,82.00258,41.576385,82.37118,28.197561,54.393467,77.46357
1968-08-01,36.098988,9.389626,95.059494,72.66058,64.5306,77.9561,55.957977,66.73894,31.701616,56.98328,81.532585
1968-09-01,52.08533,7.5402184,84.542496,78.68524,81.4521,82.9635,57.06215,68.021774,40.420708,62.48804,81.38129
1968-10-01,80.917725,6.8255653,77.58751,81.09478,86.84741,92.14455,36.849052,78.17339,44.423733,82.272995,99.75946
1968-11-01,87.169334,3.968563,75.504715,81.032005,80.5604,92.36345,20.413635,81.13502,33.959854,86.691284,99.42145
1968-12-01,51.441498,3.978222,56.835197,87.73268,59.302685,101.78754,16.41866,69.760124,14.741478,53.74481,98.91765
1969-01-01,47.91127,3.1261215,53.603207,67.699356,58.828896,80.97999,10.728184,80.8864,16.007347,57.740974,86.367775
1969-02-01,63.67523,2.706665,58.74701,71.310715,62.54052,84.5245,12.038364,75.3198,16.336563,64.06962,99.87067
1969-03-01,43.626442,3.0041275,43.05491,79.88037,51.810066,77.63769,9.677032,77.12799,11.5788,50.87422,94.91905
1969-04-01,45.227406,4.1121025,51.72818,79.47762,49.85649,80.612335,13.5307045,79.957245,13.834854,50.165653,99.34425
1969-05-01,49.59078,3.7344208,83.73738,94.86056,67.82636,85.62077,25.106758,94.790375,27.20071,54.908375,83.6672
1969-06-01,60.137405,3.3433723,95.92341,78.5117,64.73808,70.38991,38.989002,77.4806,28.291971,44.970047,87.21505
1969-07-01,29.488514,7.4427032,92.78165,66.33236,67.51553,70.30969,58.482967,66.9323,23.621107,43.25712,71.24721
1969-08-01,36.141365,11.50861,84.57129,62.68758,63.061916,57.869656,51.891953,62.07928,29.796005,39.707596,62.553886
1969-09-01,51.382248,12.74025,80.792816,67.90825,93.9949,75.69916,52.714157,61.315567,44.804604,74.12326,82.02278
1969-10-01,84.86708,4.2859,90.55734,75.23123,84.79857,74.95716,31.56074,78.74232,53.843853,91.44139,86.730415
1969-11-01,79.9539,3.1344795,91.33945,79.63638,90.46544,93.12424,22.50478,82.189896,48.644905,88.65892,97.048096
1969-12-01,77.98863,3.4553413,82.31858,85.47538,77.605934,91.09546,21.41853,74.671394,34.313126,84.308914,101.46327
1970-01-01,64.45367,4.0383415,63.72384,76.255066,67.60799,82.09535,14.345322,82.59018,19.826492,66.16157,93.593895
1970-02-01,74.65639,3.219143,64.99152,69.13384,64.9667,92.258354,15.336632,65.97456,25.754496,65.67998,95.573204
1970-03-01,71.00227,3.002346,75.97868,77.25465,75.401115,88.82269,15.187687,71.30844,18.61673,75.32002,103.02045
1970-04-01,51.89431,3.5799217,67.412704,83.56825,66.562065,82.09701,11.296917,79.26706,15.712303,63.603027,93.34068
1970-05-01,43.664284,3.900982,91.86779,98.17312,69.78424,82.4131,24.260082,91.66092,21.605556,40.50003,85.78256
1970-06-01,40.44211,5.0048294,95.647675,91.41268,67.31506,85.74451,35.584854,79.04695,31.174433,69.8372,87.51033
1970-07-01,30.386679,6.3271255,91.94723,78.67955,90.482605,69.95635,34.982452,70.69942,29.559208,58.755703,71.91084
1970-08-01,26.386684,14.441311,94.980736,79.81154,73.83223,74.97248,55.54677,79.97537,16.649002,31.3813,79.69734
1970-09-01,34.189735,10.520752,98.8351,84.519844,62.727562,85.66341,60.19881,91.93233,31.591476,49.33908,84.061424
1970-10-01,71.40443,6.409874,88.77305,92.645615,94.68947,92.62079,42.838467,84.758156,42.433006,80.695274,92.66216
1970-11-01,61.327484,4.134327,80.13259,101.40523,87.33325,99.53183,28.228634,79.70892,29.370544,80.322914,96.86406
1970-12-01,57.59559,3.3531952,65.16695,97.76601,69.41353,105.01465,19.639484,58.18309,21.709816,77.89677,100.65388
1971-01-01,63.963913,2.3358116,66.153145,79.097496,59.28623,105.79258,11.30743,58.398705,17.785522,60.60653,100.754814
1971-02-01,61.514343,2.954544,71.522255,84.60861,72.69717,104.38437,19.24952,49.34256,17.176933,70.088684,101.209564
1971-03-01,71.75047,3.794735,71.013405,83.02458,70.94409,102.022705,22.858791,68.592575,25.952452,80.71702,101.890854
1971-04-01,39.527367,4.0398636,61.144115,75.27015,70.76489,99.35506,17.77538,85.93229,21.009354,66.102425,104.98789
1971-05-01,50.56988,3.5715866,92.27852,88.59149,75.1349,88.70982,21.594276,94.01976,26.17391,74.64127,87.71748
1971-06-01,33.258904,4.776932,86.14699,88.04545,69.76918,72.94568,35.3112,89.18824,28.799295,45.002983,64.56912
1971-07-01,23.176609,15.361309,89.28798,88.17223,69.88075,68.4269,54.87734,86.26363,23.306778,36.252823,65.368744
1971-08-01,29.144163,13.674164,80.79309,70.55696,70.85111,67.535995,42.568626,76.70202,30.608158,41.71322,70.120804
1971-09-01,47.388313,7.8215675,101.98213,86.070915,79.07383,79.667206,61.597176,82.8606,57.3472,77.99696,79.65199
1971-10-01,59.298065,5.556263,97.02214,95.95372,82.571526,94.46099,39.88914,81.78543,47.25645,70.945786,91.16954
1971-11-01,68.480995,4.660286,79.15666,92.939514,86.593285,103.456276,27.002268,79.821045,39.478344,94.94448,101.45807
1971-12-01,57.413128,2.9917374,65.06613,87.879776,66.489555,99.41761,13.489899,65.08304,28.016582,67.07279,103.792694
1972-01-01,56.258713,3.043251,58.53575,82.968834,58.53575,86.182045,15.073696,55.348545,16.191902,61.5263,99.97431
1972-02-01,58.78605,2.2874908,75.06502,81.90589,75.7964,97.000015,16.829018,68.36717,16.019619,68.04049,104.2716
1972-03-01,74.8326,3.2041588,73.22681,71.05054,81.02498,81.57433,16.003368,71.18544,16.542965,76.2011,99.43309
1972-04-01,46.0421,5.0976257,72.61569,74.30601,66.754875,79.22253,17.500267,83.13461,15.970863,57.146126,89.21485
1972-05-01,62.51773,4.6636734,88.186035,80.10019,81.16801,80.513016,29.829765,80.83807,26.910732,76.82196,93.11881
1972-06-01,73.04478,4.749813,97.33158,82.245575,87.93086,80.578026,46.120113,75.75902,39.622177,83.92288,84.06916
1972-07-01,68.26478,10.934067,95.5275,83.52469,85.28813,80.075806,45.87144,75.03088,34.00515,94.26952,90.71175
1972-08-01,45.006783,15.865215,94.41092,66.99705,65.02393,61.635193,56.403362,78.143326,34.59676,54.02068,70.38579
1972-09-01,76.23848,5.6469765,87.09709,83.4613,79.2014,78.90234,37.428024,85.58556,50.347507,79.4842,93.94609
1972-10-01,92.057495,3.83152,85.69771,76.8886,77.90279,74.45065,27.700626,81.15013,53.58835,92.60684,87.254745
1972-11-01,74.987,4.3776207,75.73464,83.53119,80.69667,88.67688,23.578875,84.197556,29.455946,77.77438,95.86069
1972-12-01,65.70331,2.8888512,56.648785,76.37338,63.47178,75.57699,10.495239,77.56798,18.286907,69.955086,93.81932
1973-01-01,66.899284,2.2411423,51.592,87.860794,57.07707,83.78476,12.725182,66.35899,15.319916,60.563538,91.28979
1973-02-01,62.324013,3.2938156,46.816372,64.19945,58.04927,79.44105,12.958378,58.51895,12.70219,59.701363,94.71713
1973-03-01,65.06326,3.0343437,54.83706,74.47492,64.086136,90.279816,15.707481,71.77837,13.373863,63.317566,98.564896
1973-04-01,32.284218,3.0474815,50.33733,85.53703,51.0517,88.391235,11.191334,95.46599,15.533405,39.401672,94.92241
1973-05-01,31.911432,3.4366913,93.19478,100.04126,71.81779,83.65667,30.31682,96.78471,25.03703,56.48258,79.1865
1973-06-01,42.56462,3.8144035,99.18566,95.480774,79.150375,78.90075,36.79216,93.76135,36.4243,63.097507,82.919304
1973-07-01,24.83175,11.068165,94.74669,81.70569,54.700752,68.7468,42.971897,86.19228,15.753464,27.428127,66.5577
1973-08-01,23.73802,16.766727,89.54573,84.7077,54.551308,71.31197,46.872208,76.03177,24.301308,30.011364,67.94375
1973-09-01,44.734016,5.970661,94.94705,78.449135,57.609154,76.10895,45.18399,84.06887,39.326134,44.366158,79.94521
1973-10-01,55.267323,8.259941,86.729294,95.34283,86.76214,87.81645,47.172737,82.787926,46.195606,70.12956,81.67613
1973-11-01,72.17744,3.5532875,85.49762,94.286865,92.03372,101.304146,27.212994,65.58057,36.181248,86.57492,99.39258
1973-12-01,70.72405,2.6484146,79.8007,92.674194,78.93688,101.08244,21.437248,68.10961,34.17936,85.44178,103.6509
1974-01-01,77.06554,2.4109306,66.04293,77.326645,73.889305,96.98555,18.820896,40.281097,17.203033,81.61504,93.01113
1974-02-01,66.43294,2.600975,71.32618,79.01225,72.74408,102.91991,18.568054,50.64268,19.88845,70.64697,102.455536
1974-03-01,77.24897,2.7381363,73.93062,55.917667,79.812096,97.64493,17.209644,59.0972,18.964668,73.99507,98.46625
1974-04-01,55.393803,3.3578491,75.35182,88.9673,77.94139,85.2953,13.879726,90.83801,27.483639,70.81884,94.83226
1974-05-01,62.16271,4.5691795,81.36881,88.88138,74.054565,88.892944,29.190739,82.67268,28.967642,65.115845,93.48212
1974-06-01,51.30701,4.0833244,97.38051,81.524155,82.64129,79.403915,37.686573,78.536316,47.950653,80.02197,84.971405
1974-07-01,37.627083,8.023037,97.59865,67.4757,82.43141,72.33755,53.288437,78.1364,34.56488,78.39089,74.97835
1974-08-01,32.38349,10.546505,91.42302,77.73152,87.840256,77.39109,39.524223,73.41833,36.913174,69.15471,72.59535
1974-09-01,51.50697,7.419853,102.214264,88.36908,73.75875,81.001945,60.999302,96.565796,44.84383,67.13197,80.916016
1974-10-01,74.24626,7.7140083,86.74626,93.58127,96.456726,99.86266,62.909668,66.97002,58.69232,83.23456,93.73331
1974-11-01,66.55688,5.083126,76.890366,95.9527,81.633224,101.66231,30.91767,87.28334,40.77026,82.94867,99.58338
1974-12-01,72.78374,4.1196823,58.04617,80.81355,71.55919,96.69635,18.300339,54.970745,22.565605,75.4642,104.294846
1975-01-01,66.10172,2.8116837,45.013275,73.46046,54.169712,85.98018,14.111538,75.9216,16.41793,56.704933,98.35009
1975-02-01,58.815426,2.2832375,61.54655,61.73587,65.51401,91.98898,11.678383,59.78013,13.627541,61.372047,91.97911
1975-03-01,54.97802,2.5943794,80.28909,65.90582,78.19836,93.86571,12.7402115,56.10076,13.043121,68.68798,108.26051
1975-04-01,43.64195,3.8768082,62.074997,86.62386,55.92955,81.992966,13.558399,85.37271,13.668697,54.23062,91.16092
1975-05-01,35.83873,3.1014252,93.26318,99.30821,61.309494,90.11226,24.077929,94.56702,21.129498,41.498535,89.47187
1975-06-01,35.41564,3.6529198,91.1461,82.223434,61.826416,73.55594,41.490303,71.82079,33.747993,59.992493,72.90402
1975-07-01,26.937462,11.61253,81.800354,73.75184,60.741535,62.40754,63.502296,78.02221,31.602932,38.324566,56.406963
1975-08-01,22.884398,20.43478,94.48799,85.606476,65.92393,70.99108,59.042606,76.08787,23.109934,30.834133,63.212555
1975-09-01,36.885742,14.371643,86.536606,85.24266,86.027916,82.89511,59.07718,78.934235,46.825794,58.818718,71.61007
1975-10-01,49.155235,7.185768,95.253494,100.37334,94.939064,94.010574,52.676563,87.74002,43.450985,70.67829,86.37857
1975-11-01,56.927177,2.7458344,74.86471,94.354645,80.44055,101.45656,19.47831,76.20146,43.577744,78.74162,100.68776
1975-12-01,67.92083,2.7771149,76.423706,90.60943,82.69097,102.139755,18.167896,72.33113,28.583712,79.823204,99.31644
1976-01-01,75.2237,2.0939598,60.12214,80.0356,65.92955,98.05645,12.01133,64.53059,28.02476,74.43484,101.971245
1976-02-01,68.88328,2.582695,63.16279,72.15517,84.04224,84.58345,13.833424,72.527466,16.254135,79.48782,93.979294
1976-03-01,61.85075,2.5662956,73.90018,72.317535,85.36084,99.85066,19.422707,61.899952,20.239452,83.38458,103.85238
1976-04-01,66.884056,3.8340492,70.79229,74.953094,88.494965,89.70041,16.211494,79.013855,23.94924,84.95902,99.44064
1976-05-01,52.64352,3.9603348,92.97066,82.37923,81.5428,83.922516,28.582375,76.63906,33.92729,82.87289,86.069336
1976-06-01,51.764454,4.2539024,94.71895,78.57596,69.37693,72.94895,36.27912,77.89042,35.695263,59.208633,74.96294
1976-07-01,32.611973,11.250347,96.71161,65.96235,73.03096,65.79671,47.15756,74.55784,30.11746,56.837124,72.035446
1976-08-01,35.801865,19.486668,72.20438,60.79292,64.87336,65.33585,77.41316,71.77796,41.934006,47.864418,70.173996
1976-09-01,59.60224,6.774658,94.02849,72.41922,87.73891,69.39989,46.060368,80.56698,53.463543,83.189415,82.09386
1976-10-01,72.78167,4.330986,89.09686,85.27391,83.920876,80.81134,24.946388,90.72379,45.679874,80.5637,87.95703
1976-11-01,80.134,3.5929642,85.10171,86.11854,86.11854,89.82013,18.82409,86.53839,46.957474,85.4494,94.08917
1976-12-01,79.11553,3.3715591,66.838135,75.75343,73.40161,84.163605,16.273815,64.96192,21.533447,76.83915,98.2139
1977-01-01,70.19712,2.7313156,61.04952,64.74203,63.52852,75.59536,11.160889,59.098488,23.510395,70.21661,97.85599
1977-02-01,83.34102,2.5331268,68.712326,67.11218,68.01379,99.33104,14.723434,46.055313,28.270203,77.32709,99.038635
1977-03-01,69.42061,2.8206635,61.465393,52.541973,66.156975,81.123566,15.355366,62.31176,22.030468,73.08387,100.900314
1977-04-01,43.84111,3.814865,60.947174,86.95229,64.29041,94.84903,14.8517685,78.251434,17.098465,54.463764,91.777084
1977-05-01,61.356552,3.647541,89.48815,88.610916,84.21825,84.562645,30.088028,96.74483,17.3064,67.16742,85.07599
1977-06-01,56.676346,3.3729973,102.36237,86.14166,78.74366,72.62739,31.418499,87.179726,43.324516,70.522026,81.51832
1977-07-01,29.430101,11.110527,89.53364,81.32338,63.176003,72.26187,54.816284,80.07575,25.154398,52.923733,78.779396
1977-08-01,30.263474,9.776806,84.88105,69.02585,86.630646,67.690506,53.72624,64.27904,31.59557,53.54267,68.91539
1977-09-01,44.68098,15.618538,92.29855,82.21523,82.2331,78.633194,58.710228,76.37675,42.78193,57.76314,78.32129
1977-10-01,72.38533,5.2054405,76.217545,80.52249,86.9328,84.286476,26.078741,81.27464,53.718117,86.79634,93.40321
1977-11-01,71.49185,3.6296692,70.15976,81.0602,79.09455,81.2454,14.114243,79.46007,39.34447,89.68147,89.36307
1977-12-01,74.30063,3.3258858,47.73018,77.89566,73.818146,82.00729,11.528027,84.5334,17.072472,72.84507,89.78381
1978-01-01,62.219864,2.2246094,51.5118,71.6797,55.791855,83.289085,13.685089,68.92349,20.288925,61.5118,96.27657
1978-02-01,59.45414,2.5144882,42.733086,65.72849,59.78045,62.048786,9.994293,74.10011,14.953899,57.040073,88.31364
1978-03-01,62.04245,2.6031952,65.85205,87.88595,67.89862,76.24489,13.936951,82.10106,12.927921,66.82781,88.899734
1978-04-01,61.301125,3.830822,71.87613,78.23127,76.70584,90.50277,13.916359,76.68367,18.845871,63.938538,93.84508
1978-05-01,45.771263,3.6581612,85.769684,88.77618,75.63029,83.47917,17.95089,92.56993,22.967524,61.600506,80.54237
1978-06-01,35.128143,5.142399,100.938385,86.38904,67.48836,77.114525,45.313477,84.440674,31.762075,45.313477,71.79692
1978-07-01,21.522886,12.166004,78.30413,77.28401,76.485664,73.46016,62.028194,75.033104,23.902103,48.388084,68.23919
1978-08-01,27.12561,20.157448,99.85332,80.382385,57.217484,75.738,62.284805,71.33122,25.964514,36.28132,80.43149
1978-09-01,58.351654,12.712494,96.03105,79.298904,85.15191,81.828606,55.001423,78.495804,55.763344,75.05845,84.692535
1978-10-01,75.009346,5.798191,93.39996,82.21669,94.483444,95.812454,41.437347,79.175354,64.18723,93.82449,91.80485
1978-11-01,76.840485,4.0272408,66.145096,75.88215,80.92888,95.08855,19.647388,74.33296,43.182953,91.22351,94.80975
1978-12-01,64.185646,3.1164207,62.638046,82.13591,64.49453,89.6569,14.619671,78.10138,21.212416,71.221924,93.92111
1979-01-01,74.60575,2.3478317,50.520855,68.425156,58.79994,76.05382,11.089649,68.13878,19.336372,64.79608,102.40709
1979-02-01,56.180466,2.5452232,60.43084,79.02439,66.637314,78.03744,10.7482605,78.77037,15.367523,69.21796,97.28787
1979-03-01,77.920944,2.592144,70.23889,75.53607,82.6567,85.81819,15.856148,77.58118,20.779587,74.85654,101.68063
1979-04-01,47.9208,2.8542519,62.17176,82.94308,68.0773,81.01447,13.963139,87.4054,18.797592,62.713776,93.51965
1979-05-01,57.311417,3.4901085,83.67601,91.38072,83.73588,83.30874,27.20449,84.42836,34.66165,64.05668,84.536766
1979-06-01,45.804516,3.914013,100.73412,95.8754,57.987724,84.61119,27.032988,95.82039,36.250484,63.08752,86.675705
1979-07-01,39.738796,10.211098,97.26361,81.14553,88.35352,69.473595,68.27469,79.75894,31.448391,58.667267,70.16608
1979-08-01,35.423706,17.804165,91.757706,77.126526,70.05444,62.93058,63.76059,86.63687,26.317852,51.082287,69.03351
1979-09-01,37.129036,6.5059776,88.27101,85.54314,70.978294,82.82982,44.692978,94.10213,38.806854,56.182083,80.13916
1979-10-01,69.03674,4.5466347,75.1057,87.908585,85.8732,91.37587,22.350622,87.78886,56.010582,88.34543,87.66266
1979-11-01,61.501923,3.8606224,79.66995,94.99523,79.88029,94.81726,16.62144,89.07837,36.734253,75.5652,98.95114
1979-12-01,69.66451,3.842823,53.94445,78.35455,65.61962,74.09609,13.288452,75.971306,24.211273,71.42323,96.25562
1980-01-01,46.872063,2.040039,53.4396,81.02002,57.427387,96.847305,11.263927,55.506016,13.19997,52.67855,102.72386
1980-02-01,71.07419,1.529953,56.860264,45.033802,63.686924,81.174835,9.590267,61.72155,17.502277,63.869446,102.28223
1980-03-01,67.47915,2.4295273,57.572426,67.431885,61.983925,77.83403,16.599445,72.27362,19.356834,63.88737,98.93164
1980-04-01,47.101845,2.752201,68.62317,89.86909,56.25566,92.111496,13.10545,89.32641,15.830246,49.567524,85.74604
1980-05-01,44.4569,3.5539932,81.58714,89.08848,74.11676,91.22171,18.775043,95.007416,17.459908,52.48625,82.7882
1980-06-01,43.770813,4.820244,79.680435,85.89108,70.12898,81.84137,35.648575,92.799225,22.353785,61.921997,76.15873
1980-07-01,45.112026,6.6487236,89.831604,77.57165,74.54048,71.33656,62.308228,90.84036,32.43488,71.23552,75.69102
1980-08-01,32.690735,6.2592354,93.327225,65.05421,80.76905,66.75069,45.2261,69.1414,35.443237,66.88432,70.54943
1980-09-01,58.252,6.2087135,92.55151,80.0634,86.67821,81.533356,53.944798,88.28995,60.0707,71.49464,78.158325
1980-10-01,77.459206,5.4949226,91.563934,88.65498,89.693085,88.0732,40.70379,91.052216,49.82175,82.98213,88.78862
1980-11-01,82.01574,5.0842476,76.241844,95.30564,88.8424,84.55965,28.440575,85.13492,44.821945,85.3924,92.70144
1980-12-01,72.30295,2.3545609,83.52969,91.33904,78.45167,91.443344,15.360901,69.59934,30.378244,73.90491,97.26123
1981-01-01,73.966675,2.4768639,74.81226,81.72542,80.037575,83.17976,18.783226,60.34552,27.115698,74.33026,99.170906
1981-02-01,73.70983,2.5168915,68.61628,47.618317,74.39197,74.32693,16.73013,60.455597,19.934029,78.24299,107.5434
1981-03-01,68.30607,3.279091,47.690033,75.87467,61.98833,64.9087,11.85173,84.0954,21.271626,65.515785,86.43036
1981-04-01,72.47397,3.1256485,78.80004,89.242325,85.334595,76.97711,16.59837,85.47302,20.48441,77.67092,88.96046
1981-05-01,58.966225,3.2207146,90.21133,96.1438,80.21937,88.47345,19.768913,94.19411,25.87817,60.90591,94.17909
1981-06-01,57.54857,6.296192,91.83579,83.42326,76.25994,77.17058,47.81512,70.54763,36.827465,62.360256,82.41089
1981-07-01,23.044529,14.398502,87.59784,76.45508,55.5822,71.248116,44.612892,81.863846,15.696075,43.894054,66.232956
1981-08-01,45.53353,13.959866,90.08124,69.01156,83.56003,74.8156,85.15614,67.9258,33.728638,80.534584,72.96431
1981-09-01,46.04055,8.969723,91.91251,91.075264,79.33208,88.34003,73.392944,87.64787,34.40411,56.08088,85.259544
1981-10-01,78.66161,5.3722153,94.94296,90.71168,87.979774,88.968796,42.79996,87.87303,52.82194,88.01313,86.69888
1981-11-01,70.11566,3.9061928,83.64008,96.39397,94.21745,94.926285,35.258038,90.258026,40.198147,88.05149,96.40731
1981-12-01,61.282837,4.10133,62.30355,76.83868,71.95861,92.84817,21.558495,77.94445,25.526257,66.58153,94.701126
1982-01-01,66.32545,2.0546188,67.16673,78.83537,70.44341,92.60321,12.886799,64.083084,18.790287,72.217674,95.42627
1982-02-01,59.685226,2.2814255,49.41283,68.55172,64.8922,78.79516,10.681435,78.96889,14.464813,65.6225,89.54369
1982-03-01,56.365116,2.6208382,73.83913,66.43161,80.887924,83.94262,16.535057,68.19462,15.011734,71.788185,103.78285
1982-04-01,38.746334,3.4621239,61.62839,87.126,57.410694,85.01071,11.162399,90.26112,12.064812,51.63589,96.70831
1982-05-01,58.88415,3.8192291,93.54584,92.8815,78.058426,90.967285,26.532385,92.00643,30.214424,66.89488,89.32976
1982-06-01,66.17424,3.6680222,92.23967,77.99731,89.35066,68.64502,32.900757,87.4831,28.02193,47.358673,79.26969
1982-07-01,41.511486,6.6857185,89.63217,75.54583,82.44824,62.90721,56.62892,72.82733,37.50612,68.27826,67.456276
1982-08-01,27.484665,12.750069,86.18176,77.46648,65.92491,65.85574,52.288975,75.51527,15.733986,45.5828,72.99783
1982-09-01,66.35118,8.505024,93.66971,82.055756,82.20535,75.52492,55.041256,79.69918,46.779587,72.9528,72.88363
1982-10-01,84.39784,6.051941,81.779076,84.14047,85.85844,75.151726,35.883064,85.45468,54.027847,91.512596,75.53457
1982-11-01,81.417145,4.2326355,66.0536,72.315796,71.41177,78.4461,15.708248,83.22037,29.990833,85.662186,78.79516
1982-12-01,70.07826,3.2063599,57.925438,90.58444,76.07666,86.046646,12.927013,83.98605,28.05571,72.840195,90.31421
1983-01-01,69.92414,2.5147247,46.59953,75.93287,62.515617,61.68694,9.77927,74.15233,16.725464,67.54689,69.62978
1983-02-01,67.29892,2.0491943,49.909447,75.93927,59.896797,64.6913,8.435467,79.92909,17.214993,68.1292,68.30358
1983-03-01,59.296886,2.6203117,44.99496,82.47912,54.49918,75.62732,8.757019,86.42895,15.624825,60.72068,65.76475
1983-04-01,31.344143,3.6425629,63.584263,90.652336,58.239437,83.79573,14.964119,85.47868,14.53698,35.740303,73.20047
1983-05-01,43.69435,4.8663864,91.44262,94.06944,67.02216,79.40756,23.201324,91.13707,19.173107,45.50049,84.18607
1983-06-01,51.35724,5.1271477,102.83937,89.47011,80.80417,81.30489,54.18403,83.04224,30.9474,56.407703,83.04544
1983-07-01,33.127884,9.086571,93.71589,76.20643,74.024345,67.86524,79.77391,75.788895,30.537859,63.75224,76.243225
1983-08-01,28.205397,11.473427,77.68142,78.921234,78.159744,69.76576,42.57611,78.4957,31.516916,34.969215,61.966896
1983-09-01,43.06724,9.24815,75.97287,81.83282,70.44087,78.938835,51.558807,80.181854,40.625996,57.700317,72.16862
1983-10-01,63.96341,8.681831,99.31508,95.26607,87.67837,87.41121,56.969223,90.12761,50.69813,76.67356,79.562744
1983-11-01,82.44713,4.2296753,73.29805,97.476944,87.43201,94.031044,28.850103,90.72113,49.315933,92.896805,98.524796
1983-12-01,79.08601,3.2682152,75.61612,86.35856,72.89491,95.30606,16.567085,66.7998,28.560547,81.540054,96.89943
1984-01-01,78.340836,2.571186,86.66502,82.66298,80.15144,93.82701,20.176575,55.067253,20.980923,79.40783,100.16167
1984-02-01,73.05019,3.104683,81.14785,91.0594,82.66955,103.5383,30.170197,50.70079,19.186733,77.802414,106.092514
1984-03-01,77.12611,3.1637764,70.54522,72.8253,83.334366,85.87709,15.951279,75.399216,20.211044,78.015816,100.160034
1984-04-01,46.78082,3.7005577,76.80601,93.87955,64.167885,85.699814,19.322979,89.1306,16.378078,56.419872,94.35722
1984-05-01,48.27461,4.115864,94.42125,97.36779,76.28072,92.11818,23.938955,89.84631,23.261005,63.75586,89.46876
1984-06-01,37.059692,6.44191,97.453156,94.0716,68.327515,81.50899,60.35626,81.906235,33.26776,48.246704,72.57579
1984-07-01,24.73838,12.157707,90.159836,81.51884,74.35685,83.27199,73.53281,83.50673,25.990866,68.69358,65.632126
1984-08-01,28.362875,18.592499,91.4944,81.99488,82.137695,80.699715,51.178474,76.65991,28.589405,43.729218,74.01377
1984-09-01,65.91119,7.443241,84.29958,79.527664,74.823044,82.35274,49.87674,86.50087,43.136627,83.58716,83.977844
1984-10-01,77.58902,5.222252,89.80035,81.16427,88.101364,98.083496,44.702644,90.03837,63.028664,97.56642,91.80629
1984-11-01,64.722725,4.619812,75.27939,98.63177,84.59178,93.30008,24.142506,86.0314,33.29895,78.8333,96.7276
1984-12-01,57.30958,3.3656845,53.05802,102.17747,69.90667,100.01558,17.261219,69.88204,19.513397,74.737686,102.835724
1985-01-01,63.04291,2.7931328,50.440083,69.7922,69.40666,79.63724,10.826981,85.29391,21.064114,60.244106,96.42842
1985-02-01,55.12554,2.6536827,63.492424,78.616806,71.9397,87.484055,13.917809,71.50331,15.876644,64.80816,94.29733
1985-03-01,37.158066,2.9030495,43.193703,80.91688,47.173717,87.292114,9.71468,77.50285,12.9744835,51.782066,94.7288
1985-04-01,27.893787,3.0687447,63.142986,93.078384,59.376247,96.02977,13.852184,90.11224,14.472321,49.434418,91.65109
1985-05-01,59.338512,5.345852,79.18443,96.58264,59.701077,84.334175,29.93137,104.09315,23.641441,67.50525,87.423355
1985-06-01,64.178185,4.269642,93.84782,88.62425,79.191,87.75639,38.39177,83.70255,33.17969,62.440823,79.08272
1985-07-01,33.161644,10.009979,84.17012,62.05037,76.38727,64.93941,60.984,59.774902,30.359558,65.192055,68.4453
1985-08-01,28.499157,14.385368,99.79814,74.220085,77.3306,61.91092,50.336727,72.66647,23.78089,38.099747,69.94477
1985-09-01,55.798172,12.136154,84.94775,70.11375,78.62665,65.69571,56.577442,70.591156,52.77953,68.25171,70.6781
1985-10-01,67.04261,6.8092346,86.30614,95.55565,84.50151,83.28913,49.57879,88.168175,52.19713,85.5121,85.749985
1985-11-01,75.033806,3.1212425,79.412476,88.89003,83.22515,93.12761,21.940174,85.90091,38.37208,89.20502,98.58577
1985-12-01,79.49287,2.4190826,72.62053,79.44037,75.837685,96.43826,15.879925,65.41517,40.736137,77.09108,101.245125
1986-01-01,67.57844,2.154396,74.15906,84.15301,67.75066,98.99713,19.285007,65.89392,26.672625,72.094,102.97963
1986-02-01,74.961136,1.9017982,62.78567,56.228012,69.09894,66.97483,9.4436,79.81131,18.376316,64.26025,91.33888
1986-03-01,67.48659,2.47752,80.0393,75.45976,84.384285,86.596954,15.417332,77.45265,18.519016,82.40124,97.737434
1986-04-01,62.544556,3.4846268,74.244354,76.87037,80.43623,88.28312,22.983736,94.4422,18.199173,77.01307,91.63248
1986-05-01,47.46424,4.6311493,89.18525,85.78012,74.6823,82.96548,31.337452,91.45369,29.593882,67.27007,91.06004
1986-06-01,53.392048,5.3413696,92.30662,84.37772,84.754974,84.64016,42.58454,85.92118,33.86505,67.38981,81.89441
1986-07-01,51.366356,7.1882744,96.19725,75.06775,93.20711,72.81242,55.176624,72.98793,36.999542,78.19568,80.39851
1986-08-01,82.24049,10.002918,97.1978,80.969315,95.614975,87.33835,53.00167,75.96332,44.370758,93.17266,92.99059
1986-09-01,74.09509,5.779316,86.54611,94.24866,89.66256,86.190186,42.028503,78.653305,60.376167,87.599144,88.13386
1986-10-01,85.26345,4.093151,88.51276,92.20656,93.51547,83.87089,33.535366,76.765396,50.290363,87.607346,87.63522
1986-11-01,74.92669,4.173523,80.22301,85.98515,88.91625,86.00812,27.430412,86.562515,34.032356,87.732,100.66033
1986-12-01,83.062256,2.766201,60.404053,70.750656,77.56747,60.17442,15.099129,75.30559,33.992992,78.29409,95.17703
1987-01-01,80.27688,2.683735,67.12808,75.549095,68.657425,87.4561,14.621265,57.410667,25.699345,72.41652,89.70834
1987-02-01,72.53058,3.968895,74.270355,50.528637,75.66797,58.74884,19.030972,75.089645,27.432705,71.98438,91.2923
1987-03-01,49.84268,2.770485,49.094074,77.56037,56.936764,77.57322,11.9015465,86.57416,15.177097,52.53509,72.68961
1987-04-01,69.30643,3.1945877,54.894966,71.25505,60.90148,78.90176,12.222836,87.62639,15.734535,64.89993,88.5019
1987-05-01,49.863564,3.7118645,81.96204,92.03609,57.139175,79.65196,27.480898,89.634445,19.747448,43.37672,90.722015
1987-06-01,44.88839,4.8620834,94.966255,83.21347,79.45598,81.45441,47.64827,89.690674,23.141876,53.643543,82.858444
1987-07-01,66.17385,6.0139084,83.84319,74.312126,67.98753,61.8766,47.224167,72.97074,35.765358,60.31031,64.1674
1987-08-01,36.13645,7.419552,92.45859,82.25442,60.31031,68.26545,54.16885,83.19258,26.234293,43.80725,68.85662
1987-09-01,58.133568,6.8476562,84.6432,88.19828,91.14612,77.50093,39.002357,75.66958,41.155,75.56034,76.994896
1987-10-01,71.11851,5.9175186,82.69458,83.372505,81.33392,84.19822,31.876144,93.46101,45.436188,81.10098,89.04006
1987-11-01,70.98999,4.1279335,84.77815,85.82074,81.38533,89.16858,29.283335,82.96768,27.659214,76.24629,92.816826
1987-12-01,68.64618,4.686981,62.589863,79.09132,65.65979,84.62393,18.263088,79.23429,37.606354,74.46956,97.25705
1988-01-01,68.58199,3.0869102,53.066486,81.27843,67.36218,93.50094,12.956123,84.323875,22.007784,70.87666,89.57117
1988-02-01,66.56744,2.2156181,61.577457,60.349506,68.27419,74.80807,16.913578,70.98741,21.685326,65.39323,91.919586
1988-03-01,48.9934,2.601593,61.44066,83.56658,69.26274,86.34983,16.361488,86.75535,17.444496,58.548294,93.00422
1988-04-01,54.69507,3.018509,72.42056,84.80105,69.91906,74.98232,13.317669,89.49136,19.366222,67.24493,90.96523
1988-05-01,32.01217,4.0184593,89.835,91.89841,74.6452,86.7244,34.183067,94.36409,24.536974,60.056362,83.970474
1988-06-01,44.607628,5.029808,92.88208,86.64623,74.8781,72.60133,48.06511,80.631874,37.44512,51.641476,71.46295
1988-07-01,26.989618,14.195473,82.30443,76.83565,78.43003,74.19734,54.781384,76.03276,24.318743,34.8003,68.72694
1988-08-01,42.94973,12.545719,98.943665,82.54709,73.7674,69.026596,45.90235,90.35777,19.03725,39.73979,73.30651
1988-09-01,48.462482,5.414154,98.90457,90.222595,84.836876,85.31406,56.079365,88.79596,55.26996,72.30493,75.26081
1988-10-01,68.79208,7.9856873,92.386986,97.104996,95.91287,90.08417,57.70143,80.11236,44.91543,72.73814,88.03216
1988-11-01,59.297443,3.608059,79.90716,104.71536,79.09938,103.89293,31.499165,92.72899,33.47138,77.60922,96.344444
1988-12-01,71.8929,3.3767967,69.7562,75.91876,73.3456,99.513664,19.875969,54.133205,35.92077,82.76206,102.09009
1989-01-01,62.379,2.6682358,71.43457,97.6508,70.59802,101.29484,20.01606,77.2774,23.972584,68.40737,96.95911
1989-02-01,70.2595,2.7138062,66.2688,88.26647,78.284836,98.41411,18.569187,69.199974,19.5099,72.354126,105.91865
1989-03-01,51.072563,4.648937,70.27902,74.53339,76.18044,86.497345,20.922596,76.57268,13.276466,67.10697,91.280655
1989-04-01,50.6966,3.4201508,83.60361,88.39017,79.850525,95.28112,19.452938,84.91539,19.433407,67.77589,97.76798
1989-05-01,55.41318,3.491764,80.48363,93.84076,81.245316,86.8668,25.224154,96.62221,28.736359,67.816574,89.14208
1989-06-01,42.767284,5.5603523,87.18905,83.7094,73.83029,79.9612,43.810528,78.852844,26.3976,48.91446,82.25113
1989-07-01,26.796345,9.258099,88.87517,87.42504,78.76659,75.88098,65.91562,84.71846,25.96956,46.37877,74.42109
1989-08-01,26.588022,10.17765,90.912834,69.719154,77.08861,73.54548,46.81169,74.99723,27.457123,61.68242,65.67475
1989-09-01,40.540825,8.535477,84.925156,76.91934,63.275772,73.26066,58.866795,78.69823,38.79937,62.26833,68.61569
1989-10-01,59.744034,5.182766,90.852615,93.31506,96.47247,91.81937,51.326454,81.45038,45.241127,77.067444,95.188354
1989-11-01,71.5485,3.7635612,69.593834,89.173004,73.43155,89.90214,19.501762,90.73869,29.008158,66.565,99.53385
1989-12-01,74.92888,2.9091072,53.797043,75.07698,68.84518,85.118835,9.879814,80.85308,26.02327,76.54664,94.44295
1990-01-01,68.90181,2.11026,69.38846,80.52065,64.59738,94.35971,14.394348,64.39256,20.679764,71.07942,105.67215
1990-02-01,35.13327,3.198246,38.131786,86.37514,38.436554,67.51561,8.47924,81.19573,9.318169,34.41887,68.54953
1990-03-01,61.92985,2.5297241,44.91204,73.84854,50.569897,80.78282,9.406651,77.58932,13.375179,62.436157,95.14784
1990-04-01,35.28074,2.4150276,51.60381,75.916374,50.35197,84.666145,10.168568,83.01778,10.134159,42.526333,92.72773
1990-05-01,37.58452,2.8656235,72.72287,96.92238,64.381096,86.85031,17.392864,94.836525,16.750557,54.123875,91.47426
1990-06-01,36.08034,4.4861336,92.6114,90.64024,73.163635,86.7012,35.90174,82.83263,26.917662,55.698505,76.85034
1990-07-01,22.333042,9.472191,85.26913,67.45827,84.69072,72.344376,45.909904,69.93245,20.471668,64.03537,66.04093
1990-08-01,37.30433,14.174782,92.03299,72.53935,85.61649,78.86574,58.035057,72.2608,39.980053,58.883816,82.26405
1990-09-01,50.471584,8.241653,94.56453,82.3001,72.68846,75.82298,46.92416,85.23963,46.78816,68.63965,74.086136
1990-10-01,62.73437,4.4123993,89.19014,82.84573,80.676315,86.95845,32.541107,87.34515,48.82486,81.64305,89.74724
1990-11-01,74.37615,4.150234,86.11625,88.79689,88.325,84.34171,32.649254,82.229645,29.713,86.20964,93.32416
1990-12-01,76.48986,2.8672638,66.855286,85.08397,79.758736,85.95239,20.311092,71.78891,32.195377,79.47691,101.14488
1991-01-01,74.071396,2.6282082,74.03843,79.018234,77.053345,88.93335,14.570847,75.00109,17.809948,79.860565,101.48094
1991-02-01,75.40001,2.5589752,71.32681,51.71748,76.3775,89.12785,15.487354,58.184143,20.541344,77.21489,101.0161
1991-03-01,62.420525,3.1458054,61.86007,67.66737,61.227085,82.73207,15.864838,76.96104,20.727612,62.91834,96.62312
1991-04-01,57.597313,3.8002205,85.04807,88.944885,73.18785,88.04651,25.249165,87.45803,22.04633,68.81466,91.58891
1991-05-01,58.235245,5.5953255,75.487366,85.78491,75.49232,86.12283,33.179604,89.40149,23.2068,69.65699,85.80469
1991-06-01,57.02367,4.314518,87.8487,80.6996,70.517456,78.81054,46.82174,89.82349,40.664978,83.630455,81.17599
1991-07-01,37.618736,6.909096,89.92568,71.34495,77.12258,70.78779,54.429092,75.713196,33.921383,55.803856,74.28899
1991-08-01,29.97512,13.027946,82.178215,71.22791,89.884476,80.491905,46.076664,79.37759,40.193535,84.33432,78.1792
1991-09-01,55.5566,6.538208,96.517624,75.68023,85.333244,77.594025,51.231205,74.884056,58.97702,65.03323,81.89304
1991-10-01,70.842186,4.265068,92.77411,88.34816,90.79274,78.22536,40.95839,79.928154,53.48621,78.67207,79.96112
1991-11-01,91.77023,3.5710907,73.47303,91.69606,85.80304,82.56394,25.160152,85.79315,44.10683,91.783424,99.392426
1991-12-01,68.33498,2.7485428,55.927486,86.22503,68.013535,93.94612,12.680134,77.67149,21.769398,75.50385,92.152664
1992-01-01,72.67494,1.8377495,37.513813,69.03803,56.093475,58.52726,6.63245,84.69813,21.771133,67.53048,72.878975
1992-02-01,58.243885,2.385067,62.994865,68.21381,68.88096,73.61413,10.060474,69.418564,15.598423,65.405975,88.530975
1992-03-01,55.933167,3.1266975,44.920418,71.549545,49.002632,71.03947,9.260548,78.982056,13.849598,50.99435,70.51158
1992-04-01,54.99398,2.598812,52.655735,75.90865,54.560013,78.261475,9.6718445,79.95363,13.077198,56.255405,84.41961
1992-05-01,65.42379,3.7193565,80.44427,94.31667,60.614517,79.93419,19.544617,94.71016,18.963295,67.20014,85.64055
1992-06-01,52.612015,4.2310486,94.96762,89.90413,59.406532,83.979164,37.989883,94.18552,33.44941,60.90275,81.58424
1992-07-01,44.290516,12.155827,81.36402,72.93241,62.658054,62.130165,46.42311,78.10926,31.371868,51.000828,63.446644
1992-08-01,29.58256,10.889545,92.760544,75.680336,86.73357,78.17241,51.410507,71.63536,26.562595,45.759205,76.30862
1992-09-01,64.20447,11.987419,88.169876,73.40524,83.4869,64.32754,62.512318,71.463715,46.457115,77.38382,84.28197
1992-10-01,79.20228,4.033497,87.337555,85.6956,93.6641,90.91942,31.464167,71.17225,46.779354,82.31292,97.74794
1992-11-01,72.84011,4.3298264,72.77048,90.5907,85.77495,83.70874,21.069984,77.30286,56.825394,91.324234,97.26539
1992-12-01,64.41821,3.688591,47.888565,67.9855,51.914104,93.5459,13.090153,63.93567,16.602379,63.249092,95.40483
1993-01-01,51.84315,2.766262,51.050766,73.77691,52.353905,80.47876,11.18972,80.58855,16.271793,53.377003,83.12163
1993-02-01,77.53676,2.5100899,57.488487,82.77317,73.43323,73.434814,11.033787,85.026215,16.71254,70.68216,79.19312
1993-03-01,82.56792,2.9126472,68.74734,78.07933,72.648796,73.72281,14.085579,78.55031,22.090567,74.15242,95.76477
1993-04-01,76.672775,3.717762,76.37841,82.84159,85.0103,87.72955,18.130238,80.44216,23.64351,83.81537,91.00728
1993-05-01,67.5699,5.294571,78.475525,88.25304,71.60501,81.48117,27.384264,90.72724,27.078766,82.05398,87.44633
1993-06-01,50.385674,5.407543,100.02104,81.98397,82.86387,78.60281,51.131912,82.42631,33.696285,79.380875,77.33786
1993-07-01,37.344753,7.0798225,97.2493,82.9116,86.1416,74.306755,61.981846,76.09519,33.32714,50.813686,75.92494
1993-08-01,43.70769,8.4370575,91.061386,69.04329,83.36984,71.632065,62.01526,76.021996,30.954765,60.930107,67.06233
1993-09-01,60.852142,6.892071,93.273056,79.50021,75.20893,68.52776,48.31402,78.08569,61.698624,78.96559,70.86832
1993-10-01,79.92823,5.16251,91.16481,83.94106,85.47333,79.42384,37.139496,87.599075,61.21333,82.81613,84.334076
1993-11-01,74.570885,5.145008,80.46444,90.135345,94.698715,92.00174,26.125677,91.420975,35.44494,86.071594,91.926956
1993-12-01,80.911545,4.303299,83.30939,88.6906,84.26406,89.32704,23.072294,79.252,35.801353,84.61571,98.03054
1994-01-01,71.34709,3.0384216,76.97351,67.52144,75.57094,88.21508,15.722866,73.581535,22.555182,77.56356,95.31502
1994-02-01,71.46155,2.3484154,74.15063,72.870575,77.84408,87.23166,17.143173,70.16699,16.846539,71.547,101.02366
1994-03-01,67.84065,2.6466675,73.1527,70.69739,71.66469,89.754684,12.198692,73.46546,17.405956,70.18795,95.980835
1994-04-01,63.067055,3.620407,87.60246,88.81802,81.68101,79.29824,22.24565,92.88872,17.868645,71.88877,84.757
1994-05-01,60.685898,4.0250587,98.357155,89.390335,85.79523,86.86087,34.86561,87.78302,33.651653,65.17737,88.0974
1994-06-01,66.15917,5.8871,96.532196,83.13034,75.30493,80.06402,39.98904,93.03865,41.140118,85.77266,81.49722
1994-07-01,22.761538,13.943043,98.321686,82.42421,86.058014,78.05205,43.097275,83.12711,23.861029,64.55669,73.826584
1994-08-01,46.29902,20.0644,86.8125,81.389206,72.174126,71.61632,52.85727,82.50966,23.672407,54.932114,76.80585
1994-09-01,77.900505,8.63905,94.95389,73.791115,86.07091,84.16051,58.436943,88.571365,47.646782,77.53132,88.990524
1994-10-01,72.94635,5.2873764,87.75078,87.90716,87.23328,86.42397,33.342117,84.71509,53.998676,88.987305,84.57483
1994-11-01,83.697815,5.076187,72.32889,91.502266,76.66075,88.04097,23.21939,89.63539,30.111359,81.09902,90.343124
1994-12-01,72.45947,3.723587,44.227398,73.25427,66.37681,85.49698,14.662067,70.126686,20.591576,74.102264,90.03198
1995-01-01,64.3514,3.2705421,51.627434,79.8269,58.973946,95.98343,15.915623,66.524925,15.315086,61.23602,99.290405
1995-02-01,69.88181,3.450863,63.348362,71.01688,78.31831,66.76643,11.2079315,73.10829,14.737091,73.83763,92.79237
1995-03-01,54.15194,3.1433525,69.55176,74.06947,70.8269,79.48396,13.088432,80.94264,15.086464,59.920635,94.09648
1995-04-01,56.336735,4.1705437,73.91491,79.69488,67.22046,91.15337,16.889683,90.34514,20.929218,63.475555,97.14425
1995-05-01,47.621708,3.1369095,79.960526,88.8752,73.00042,87.5405,31.66965,97.03316,23.183245,51.38432,86.29112
1995-06-01,52.746395,3.4669647,92.657135,86.031906,82.088974,74.8616,36.699345,88.35999,41.948006,72.87484,76.41688
1995-07-01,52.587,12.883961,88.03316,74.93244,71.685036,71.66089,55.00203,80.99094,37.718487,61.760887,66.32368
1995-08-01,33.806145,14.072151,85.611694,83.80847,64.0616,73.96804,52.860706,85.10132,34.704533,50.29112,70.31974
1995-09-01,57.4074,13.724388,95.92546,79.16035,92.86804,80.23423,59.210617,74.70704,66.763214,68.25731,76.909546
1995-10-01,61.475914,6.867321,92.2659,87.27162,95.09309,84.154625,46.386826,84.62797,54.23566,74.8133,85.54729
1995-11-01,67.75981,3.9483604,84.090225,98.079666,82.29988,96.546936,33.61294,87.59201,36.168037,80.388794,92.842285
1995-12-01,79.13781,3.0902214,77.708115,90.21796,77.08021,100.30794,18.372513,66.215805,27.578594,80.4709,99.46912
1996-01-01,73.63599,2.2606125,77.737526,75.88829,78.05029,95.07391,20.237064,67.048386,22.995602,78.69519,95.35928
1996-02-01,71.93669,2.1751633,80.09139,73.98262,78.57911,96.0864,18.055706,72.39941,25.120531,74.27283,99.865486
1996-03-01,55.064625,2.7023659,64.62035,84.30578,74.31474,78.73389,14.207294,85.290855,14.347557,63.222546,96.371765
1996-04-01,65.3894,3.8825226,85.01517,84.24935,79.60933,86.65642,19.227802,92.013885,23.374477,78.401764,90.31459
1996-05-01,63.51114,3.8825226,96.320175,90.75796,84.78945,89.01674,25.765427,86.23724,32.438477,77.348976,93.99049
1996-06-01,56.336678,5.849453,93.86151,85.543976,78.25344,83.82211,47.142086,93.73898,35.937035,69.42321,80.97167
1996-07-01,31.622686,7.8357315,100.22179,94.80467,98.24519,86.84989,48.946182,82.50008,33.338108,59.80299,72.71701
1996-08-01,42.527863,16.801384,84.75559,84.14778,79.02892,72.65091,64.64454,84.03493,22.552237,60.14801,70.11648
1996-09-01,67.30796,7.0038147,89.22794,93.07313,101.96785,91.39963,56.981575,81.27961,46.606823,82.42268,86.29528
1996-10-01,60.26409,5.0820274,88.5508,96.60232,90.658,89.789,40.223976,89.77449,39.509754,77.80363,87.893005
1996-11-01,67.773895,4.7386208,80.528305,88.03328,86.912766,93.416534,32.353027,71.33372,30.860098,76.84918,90.778915
1996-12-01,58.3681,3.9454002,66.32933,82.32918,75.55455,94.43063,19.19072,81.68267,25.742855,70.2374,95.39636
1997-01-01,65.51442,2.0734406,53.36257,65.93169,67.80856,74.86581,9.026779,62.806313,14.733269,69.55185,100.645615
1997-02-01,67.023506,2.399994,60.06852,78.09014,57.431328,97.40974,17.42818,59.484676,17.403442,67.50015,104.39276
1997-03-01,64.030075,2.870037,43.10903,67.08948,54.098145,75.94608,11.576557,82.88128,15.9834175,66.41823,92.94185
1997-04-01,68.77009,2.426384,47.1547,82.85984,60.436306,87.35246,9.686489,81.49589,17.0439,61.00036,93.76814
1997-05-01,55.326855,4.0690613,83.996185,92.98144,65.24559,86.29033,23.43649,94.56474,24.305656,59.758453,91.998474
1997-06-01,68.456726,4.3395424,97.21182,86.948395,95.0892,78.504105,27.830154,86.05283,46.643425,84.38212,83.57562
1997-07-01,49.941975,12.155453,88.70651,75.82898,73.559586,76.02195,39.79069,72.40344,24.586033,67.01526,84.35573
1997-08-01,61.83819,16.97958,91.718094,82.01871,81.878525,74.47328,53.70562,80.05277,43.889137,79.72787,80.672905
1997-09-01,81.7004,7.2867966,91.30577,81.42168,84.92308,75.10825,45.787453,82.42278,54.22679,89.36623,79.93568
1997-10-01,89.781845,4.0360756,87.69057,72.898224,83.854355,78.88344,30.25294,81.94944,43.7506,95.24754,86.73728
1997-11-01,64.91739,3.628704,81.97088,82.073135,68.49631,77.2754,20.09341,81.12315,33.716415,60.117996,80.841125
1997-12-01,78.10498,2.6770744,64.12903,81.390335,72.94276,87.14465,14.952621,81.25015,23.304546,73.50351,97.44602
1998-01-01,68.460075,2.5565567,53.829903,74.87152,70.75141,64.524994,13.368946,78.42499,20.34372,68.260185,67.71337
1998-02-01,54.176823,2.3566666,40.385868,79.135345,48.48401,76.24929,7.005413,70.73654,11.923439,60.071186,72.05319
1998-03-01,56.744045,2.546646,53.626705,83.03904,57.4478,88.51214,11.670681,75.42164,10.702606,56.81673,80.661804
1998-04-01,34.05868,4.448105,56.910896,85.36176,51.75168,83.91626,11.351845,87.76213,13.459805,35.30099,83.94599
1998-05-01,41.748775,4.7421646,80.20585,98.181335,50.684483,78.89746,23.553568,101.8108,25.066807,44.211918,79.21795
1998-06-01,66.25465,3.8120842,97.59983,92.63225,71.65836,88.13548,37.50807,94.130615,38.49267,66.79816,88.763245
1998-07-01,22.36082,8.667332,88.862366,88.53031,70.46066,70.653946,58.663677,93.03038,17.35524,32.398415,70.315285
1998-08-01,25.575626,7.770294,88.10079,77.873215,68.50138,66.51897,60.74025,86.59251,14.1668625,30.062477,72.654526
1998-09-01,31.063593,11.153603,89.625595,84.80504,85.37498,81.53076,43.508163,80.21906,47.742256,52.037476,68.9276
1998-10-01,53.002247,6.546154,97.43628,96.88121,80.43548,90.95546,45.53187,93.48633,43.351223,64.8521,83.025826
1998-11-01,64.17147,4.5703545,87.71257,100.39833,87.649796,94.162,29.452887,84.09137,39.07583,72.52236,100.48424
1998-12-01,62.030464,5.6491165,61.273846,98.9776,75.15566,104.11865,26.770027,77.922775,27.379618,74.645195,99.3014
1999-01-01,53.643353,3.8190002,49.26004,93.14883,54.100185,100.443436,18.352535,75.84318,17.342258,56.860836,89.36972
1999-02-01,68.957924,3.4260216,60.386154,72.388275,61.448822,103.18443,16.076553,54.301586,22.796429,70.14995,102.49673
1999-03-01,27.970604,3.8975945,67.37784,101.1033,65.90091,100.79875,21.766506,81.75091,17.389744,49.729973,75.825165
1999-04-01,41.708366,3.5701141,81.6543,89.440125,71.734955,95.69498,20.18478,87.58168,23.17958,67.65783,97.90219
1999-05-01,51.604794,3.5832138,78.400795,97.109695,68.227646,86.42404,21.76487,96.62011,29.385315,49.124138,91.80943
1999-06-01,24.333946,6.8792953,86.13913,73.76205,52.125484,65.63074,54.910698,83.12141,29.571978,33.080917,65.13624
1999-07-01,19.42503,8.210499,96.89847,73.69819,77.12199,65.53249,50.116398,79.67796,22.025215,33.796463,59.59529
1999-08-01,32.71087,13.216019,95.04494,62.195477,61.609287,64.212746,37.785164,74.64788,27.58909,40.334587,57.785965
1999-09-01,41.202408,13.594257,95.69006,71.813545,71.35344,61.75174,59.126995,75.81862,48.493736,51.270763,61.971153
1999-10-01,61.181927,7.3770638,94.96471,90.37999,83.20819,88.984924,57.049137,96.80514,55.768692,65.3884,85.01424
1999-11-01,51.154507,4.7457657,86.82029,93.63841,99.547775,101.51756,31.831587,76.15428,45.92466,90.15239,97.21121
1999-12-01,62.53278,3.5652008,68.73524,93.468124,80.55234,100.35338,22.06615,82.2454,31.600714,77.17111,95.557434
2000-01-01,60.22468,2.229889,67.621475,81.08494,71.29227,101.54532,16.034668,63.182728,18.68319,65.74258,100.17003
2000-02-01,77.60321,2.131176,84.21866,88.697556,84.75907,95.46861,16.11163,64.76883,19.882805,82.14736,97.93309
2000-03-01,80.919304,2.7786674,90.471054,78.533455,85.80309,93.83566,21.65295,60.512455,27.639315,87.081345,102.31662
2000-04-01,45.5616,3.3073692,92.67787,90.29036,85.77632,97.304,21.83699,77.67181,22.971355,65.49663,95.209274
2000-05-01,64.54296,4.13723,93.219955,81.9767,87.87272,90.45097,24.192722,79.015305,28.465828,75.771164,99.46231
2000-06-01,27.821684,6.2804756,93.94943,88.94183,66.9355,79.31647,41.761982,83.10605,35.04447,44.6347,63.03382
2000-07-01,32.697105,13.7609215,94.79602,79.58584,73.30166,72.59059,55.094948,81.9767,32.48797,44.09429,71.04799
2000-08-01,35.702003,11.833504,101.535286,73.97257,89.17272,75.19729,56.950417,74.136536,34.771755,59.331245,74.519684
2000-09-01,67.32366,8.918957,91.62382,79.542336,73.013885,70.360344,40.87691,87.5197,39.769318,64.728676,74.46447
2000-10-01,67.8624,7.6005516,96.5578,98.391525,87.78739,91.89988,47.679752,85.98546,48.246933,76.56923,93.30027
2000-11-01,61.0696,4.7964325,75.41312,96.82884,77.042725,92.89538,23.799541,89.09241,35.2603,73.08081,97.32576
2000-12-01,68.56343,3.9280891,77.45263,84.97156,71.613495,93.27182,21.872128,67.16639,29.616924,81.98005,92.54904
2001-01-01,71.38745,2.8869705,79.775055,90.25204,68.23833,97.246735,16.387505,75.557816,22.869904,79.353165,100.97344
2001-02-01,54.695942,4.7185173,47.425007,79.31969,66.1791,95.82201,22.618778,68.9465,23.208088,68.171364,109.3058
2001-03-01,47.597446,2.8769264,70.843346,70.65082,76.69123,95.724915,12.776314,76.46522,14.107281,64.56017,93.26723
2001-04-01,43.078854,2.7530365,73.14031,80.05632,71.30542,94.58145,13.538063,83.70267,14.879074,60.823418,101.27814
2001-05-01,60.341255,3.270359,91.22138,93.56522,89.45346,85.45888,24.214266,80.60545,25.064747,71.81604,91.67006
2001-06-01,50.905613,4.7436295,95.36664,89.12364,88.32339,94.134445,35.796196,85.45051,40.853874,87.78932,89.36472
2001-07-01,37.17237,9.228741,94.214806,82.85387,87.496346,74.2754,45.630295,81.04743,34.299484,61.65883,71.91984
2001-08-01,37.140556,6.9819984,93.73097,69.7702,95.53573,93.09981,35.148293,72.76362,30.144188,74.3725,82.209305
2001-09-01,34.883774,10.889519,97.407455,89.2626,86.96061,81.90796,57.493484,89.91888,40.55755,56.956074,70.53697
2001-10-01,66.75334,5.699581,85.03029,87.64535,89.01482,92.83026,37.495483,94.75891,57.57552,95.37334,93.57695
2001-11-01,72.60123,3.55999,72.50078,100.72901,83.13847,98.7267,17.537663,79.46199,37.59426,77.086334,97.62509
2001-12-01,61.384262,3.56501,54.051384,72.76865,60.6041,96.48331,17.763676,64.9017,20.988132,64.43628,100.782585
2002-01-01,53.650974,2.6328697,51.12941,76.34003,60.431034,90.892685,11.193451,86.773346,16.107483,61.599606,95.989456
2002-02-01,54.85643,3.7310257,53.610737,63.4321,51.00199,98.81952,14.565037,58.38897,16.213108,54.492615,102.22799
2002-03-01,46.855827,2.9195633,54.564705,83.670006,54.913433,92.23561,9.771717,78.19935,13.431675,58.362144,99.65781
2002-04-01,36.908722,3.338707,47.358795,93.29521,45.25302,87.47918,14.234753,89.440765,9.300598,37.815746,90.65293
2002-05-01,65.58817,3.5482788,76.660255,89.0166,72.207275,78.37036,20.02731,88.6293,24.941345,66.26718,82.853516
2002-06-01,53.280453,5.2701187,97.622444,84.53009,84.20651,85.70033,38.40422,84.667564,46.909477,69.55494,86.47156
2002-07-01,41.67857,10.35181,95.1998,86.18654,90.3327,78.23288,40.53179,85.97194,38.357277,80.75445,80.8936
2002-08-01,39.785717,9.516876,95.79833,79.039314,76.31488,79.86083,46.61943,81.19706,38.771393,74.98369,78.85489
2002-09-01,85.177246,11.126385,101.89938,80.7008,88.80702,69.811455,45.108837,76.17237,51.25683,89.47598,81.30772
2002-10-01,93.48299,3.4845695,95.53175,86.59227,95.42445,82.12085,31.025627,91.85838,56.288223,89.118866,87.78432
2002-11-01,86.1111,2.867588,86.62077,85.474,89.47598,94.02787,32.893326,86.458145,44.864056,88.874084,96.8529
2002-12-01,69.420815,2.0494232,48.87274,88.51195,59.227253,90.14157,10.311573,80.990845,20.32071,68.351166,85.891464
2003-01-01,82.10468,1.7986221,59.912643,73.30685,73.32283,66.25962,9.523708,83.374084,21.17689,77.89522,82.07431
2003-02-01,65.669685,2.2206879,63.53058,70.29483,76.2677,74.65458,13.346287,68.250046,14.289539,69.54662,88.70746
2003-03-01,72.83362,2.564415,59.43302,82.496376,76.25172,79.599464,16.02097,76.71695,13.026539,76.11102,83.29414
2003-04-01,59.130863,3.9169464,69.68411,85.282974,73.66496,86.79057,17.29676,93.98329,17.344723,68.80321,91.99766
2003-05-01,33.982758,4.32782,90.97287,93.900154,69.41712,87.887314,28.336025,85.562744,21.432688,61.62489,90.945694
2003-06-01,46.72148,4.310234,100.2903,84.4868,81.15504,73.709724,36.30572,89.42369,37.854897,60.82392,74.939156
2003-07-01,29.308058,9.379826,88.22464,79.516335,86.66108,79.76254,67.96068,79.768936,25.371971,52.641594,77.04469
2003-08-01,45.006035,11.082478,92.20709,84.68344,71.03345,73.4939,78.278915,84.03276,30.404789,50.999695,73.55465
2003-09-01,53.866226,10.72596,92.77464,74.227715,84.37329,70.95031,56.903824,85.86651,48.574413,58.758354,77.720955
2003-10-01,77.18378,6.3166466,87.714645,88.64831,88.23903,83.15985,44.63673,82.72499,67.337166,82.969604,92.23747
2003-11-01,55.77032,4.4109535,73.28926,83.73219,88.40849,93.95131,30.102629,83.02236,30.446356,79.314896,94.091995
2003-12-01,64.777596,3.8513985,59.455406,86.85773,75.59783,100.24873,21.319178,65.29718,30.232126,81.75456,99.574066
2004-01-01,53.97668,2.239788,54.12018,71.96318,63.97361,74.88732,9.755817,73.6118,11.95929,63.47456,90.435974
2004-02-01,69.037445,3.2410736,69.46953,67.553055,69.461555,87.32529,13.883736,73.56556,20.769978,79.75664,103.36023
2004-03-01,53.26398,2.6543312,74.84746,74.84587,69.04542,87.31253,15.891094,72.27887,16.31202,61.900883,99.36305
2004-04-01,55.701828,3.0625,47.85416,84.97832,65.52815,80.93172,10.720436,85.03412,17.683208,75.40391,95.29732
2004-05-01,54.965214,3.4738579,65.11999,90.69586,57.144768,84.11256,17.678425,88.57371,32.488865,56.63934,88.96434
2004-06-01,33.7612,5.088993,93.183136,86.53606,75.934845,83.89731,34.55362,73.51135,32.27362,65.90922,83.4445
2004-07-01,33.21432,9.89772,83.044304,74.815575,70.70838,72.6408,41.2868,86.04657,27.311829,58.099815,70.657364
2004-08-01,65.220436,14.57571,92.35405,68.29764,91.04344,75.4055,63.21786,74.930374,47.22437,87.717514,84.480865
2004-09-01,43.628983,7.439148,90.40887,79.43138,74.96066,65.89646,51.894386,82.947044,42.457096,55.595005,71.93767
2004-10-01,80.86794,5.2994537,86.92828,87.207306,90.75008,85.22864,33.866432,84.4442,58.581326,98.14174,91.1407
2004-11-01,82.837036,3.5360374,72.4989,87.65692,91.127945,90.703835,18.096157,90.68151,43.171387,91.1678,96.73547
2004-12-01,77.40489,3.094387,69.41532,91.222015,82.902405,84.16676,14.073471,73.39496,32.334206,84.26881,93.54028
2005-01-01,74.39119,1.7287369,57.749603,72.547195,70.269516,87.34642,11.747601,80.88674,20.331707,69.96463,103.85106
2005-02-01,64.267975,1.440155,57.236023,67.6038,55.19638,63.504948,8.858517,76.553116,12.381832,55.899086,82.68997
2005-03-01,52.781746,2.2879677,54.087704,82.57911,61.339764,80.48729,10.014477,88.083374,17.264908,58.706654,91.82679
2005-04-01,77.29332,3.1846924,76.398224,78.816124,83.31931,88.24804,19.224659,80.911194,23.853392,86.56546,94.76642
2005-05-01,64.858185,3.9738083,85.9834,93.214264,73.99826,85.99481,28.089195,92.5833,22.514826,57.244175,87.9138
2005-06-01,73.05752,4.5216255,100.87719,85.63612,88.83336,82.657364,37.371117,82.92313,51.992626,73.8075,89.254
2005-07-01,25.178913,9.825348,90.61865,83.88506,86.36329,76.26127,57.81971,78.29276,27.50714,40.263462,74.08467
2005-08-01,30.324486,12.26281,90.94473,74.57217,83.98452,70.83363,44.10634,73.00697,32.546734,50.508953,73.74881
2005-09-01,43.617214,11.791622,89.301285,80.18404,78.83406,77.26886,49.49647,83.18888,45.206863,51.73013,79.75523
2005-10-01,58.250137,6.231926,95.963135,94.8137,85.25461,85.46167,40.19335,91.862656,45.8737,75.78193,87.191536
2005-11-01,79.20253,4.3145638,75.617256,92.29961,77.91614,95.69738,27.691374,82.42585,30.829912,80.60957,98.3256
2005-12-01,71.40102,2.9221954,79.85469,85.4095,73.83522,97.264206,21.728966,70.25158,21.365387,74.43032,97.33268
2006-01-01,62.336243,3.3141937,60.89462,81.883484,65.828964,93.27345,20.41214,63.568203,15.204742,60.70771,101.199936
2006-02-01,48.614002,3.4068336,47.864746,76.68909,59.732544,93.9138,10.673462,73.696945,17.122574,49.899597,100.796875
2006-03-01,42.338795,2.5746918,75.31735,75.69767,79.29767,90.877785,13.667229,81.428406,14.457115,67.555016,96.49313
2006-04-01,38.12607,2.933876,77.267685,81.01396,80.402855,94.72482,17.948215,75.631035,13.056122,53.992054,92.8525
2006-05-01,39.41004,3.4718437,76.6322,83.22272,65.455154,83.14308,18.27327,92.140625,17.714176,52.675575,87.98479
2006-06-01,37.737625,3.772522,87.89052,81.04321,71.57596,75.881325,36.325256,87.40944,26.394796,50.60822,82.766014
2006-07-01,33.695557,10.376034,78.85071,88.38948,67.750046,73.791214,58.85164,78.53216,24.322563,35.974197,68.50093
2006-08-01,43.58051,18.794987,87.61423,71.48332,72.92494,69.74752,53.99368,74.56485,18.603203,53.117653,70.48865
2006-09-01,44.645065,7.959244,92.5957,81.56656,81.09197,75.29948,55.490562,76.71997,41.870712,68.80973,72.82092
2006-10-01,79.260284,4.781822,82.48484,86.93323,91.513275,75.23447,36.47966,82.72213,55.474308,85.50623,83.48601
2006-11-01,71.67673,3.4247131,85.51924,86.87959,88.61702,82.20854,23.500172,84.76836,30.506756,84.85124,90.50397
2006-12-01,87.85152,2.966385,75.37749,93.322205,83.00005,82.961044,21.761124,89.66208,46.085064,93.52862,90.42433
2007-01-01,78.183815,2.4157753,66.91422,75.34943,74.077835,80.87746,14.9132805,80.32255,28.133942,73.48896,92.4884
2007-02-01,69.02869,2.2248764,63.787014,72.02971,85.30861,60.46729,9.857655,73.46469,14.926224,78.606064,92.87506
2007-03-01,75.29281,2.587265,83.34136,70.89563,88.803055,76.326584,21.764664,73.998566,18.00975,81.325584,98.100555
2007-04-01,69.91847,2.904354,70.560745,86.861694,78.8633,82.69586,13.342396,88.01033,23.265982,78.38604,92.20853
2007-05-01,64.053955,4.842476,79.855,83.34136,83.44975,81.608696,32.948513,84.86371,39.963295,74.69746,89.43723
2007-06-01,49.95159,7.0459213,98.807526,90.72338,92.64856,83.622856,44.182518,91.148865,29.599669,75.93346,80.11547
2007-07-01,38.31152,9.129646,85.73732,80.65096,94.06899,83.66168,59.78134,73.57309,51.84927,77.56419,80.540955
2007-08-01,25.448393,15.240078,91.474045,74.16682,62.999146,66.255775,49.522873,79.15611,27.51109,42.74106,61.006016
2007-09-01,40.48746,12.717926,92.89932,86.565636,75.145584,88.935715,45.594856,78.201614,44.58211,52.700233,82.22508
2007-10-01,62.279224,10.2054825,93.44937,97.07324,95.389114,89.689606,48.623375,95.816216,52.32005,77.99454,87.03318
2007-11-01,78.942566,5.151478,83.64389,91.626114,86.908615,97.963036,29.433035,80.439026,53.67415,89.20912,100.24413
2007-12-01,54.64968,3.3864555,67.14395,99.36729,63.29035,91.45786,19.310463,86.523575,21.661125,58.33988,88.51347
2008-01-01,60.862316,3.2821121,61.713722,70.27756,81.772354,90.78928,17.141922,82.069435,16.778458,76.79338,104.406784
2008-02-01,65.56247,2.4323654,68.594666,90.809204,70.98457,97.33331,18.65387,71.46422,18.17257,67.47273,92.11037
2008-03-01,48.8746,3.6721306,71.97705,84.98048,62.244812,94.2115,13.080738,76.7967,14.07653,57.997746,98.589676
2008-04-01,38.196354,4.316078,74.84494,89.38023,59.446625,92.97008,19.92849,92.35932,17.171795,57.808544,98.19302
2008-05-01,50.751675,3.3070068,90.26151,91.80002,75.809204,80.45791,25.554733,91.14611,29.986021,54.79958,85.76384
2008-06-01,31.494652,4.394081,87.14633,86.762955,65.67699,74.51633,31.69049,98.639465,29.786863,52.877697,71.52231
2008-07-01,20.979053,10.017006,85.22943,80.34671,60.150322,66.354126,39.87593,77.12033,20.680313,38.84362,56.917305
2008-08-01,25.838535,11.947189,90.517105,70.68252,57.936337,63.921066,52.71671,80.94585,26.78288,32.67135,60.759415
2008-09-01,32.110386,11.764626,94.79404,73.259964,68.40713,61.09799,57.992764,71.6418,37.617134,40.20122,62.40912
2008-10-01,49.951717,6.143364,97.366516,91.23905,87.48158,83.72743,55.956364,86.76129,48.252228,60.94032,80.19402
2008-11-01,77.4755,4.643032,84.97052,97.711716,84.36972,92.19336,32.48713,89.48479,52.4578,77.3809,97.30676
2008-12-01,52.442867,2.8091087,61.95935,94.870384,71.812744,100.09333,16.824928,78.74182,25.187948,63.8497,99.132385
2009-01-01,65.041145,2.6451073,68.57736,90.35869,63.052624,97.55269,13.099819,76.18462,21.525497,71.77488,102.28818
2009-02-01,49.63053,5.4342194,68.92742,75.8054,81.24262,99.25922,36.388332,65.914665,19.92107,64.70567,92.588684
2009-03-01,42.25827,3.072956,71.44427,75.12797,81.195625,88.426895,16.182266,80.63489,14.585941,63.35244,91.96798
2009-04-01,47.204445,2.8233795,70.330894,86.422165,67.015076,95.60468,13.944168,85.82739,20.329468,60.419094,92.04901
2009-05-01,54.413025,5.591423,85.50489,94.70036,76.333725,88.7883,31.989931,93.22073,26.283678,69.49789,90.269554
2009-06-01,62.4303,4.217125,91.69571,79.049904,80.427444,80.81153,44.59198,79.01749,36.469364,74.84922,85.161316
2009-07-01,32.004517,7.6885223,88.03308,68.044174,65.00873,72.964424,61.820942,72.46203,26.57377,61.63781,75.94963
2009-08-01,36.294334,11.582905,83.19386,72.758606,81.218315,79.60416,49.105446,81.97839,31.318989,49.83311,75.84429
2009-09-01,49.10383,10.72559,95.09256,85.06894,99.32728,77.89277,62.012177,71.72464,48.26596,72.12169,83.77567
2009-10-01,77.23155,4.275467,95.61116,86.28117,96.96277,72.32103,42.31499,86.93591,54.366024,80.160034,86.70578
2009-11-01,72.987114,4.5850067,88.25835,91.03287,87.399414,95.144424,31.098581,96.65161,36.399673,82.074005,94.15907
2009-12-01,81.58134,2.2885704,65.06059,82.89891,72.559265,76.620575,11.52132,85.47734,29.682148,79.609024,86.76575
2010-01-01,77.26601,2.9329834,75.22879,57.8164,78.49228,75.42906,18.258907,73.55437,20.150024,75.64739,87.0614
2010-02-01,60.16224,4.0985146,55.306404,83.04606,58.31216,87.02364,13.171608,81.47834,12.547802,58.86702,80.936615
2010-03-01,50.882305,2.732708,62.931606,77.326744,67.90564,85.15879,11.7992325,84.388885,19.345642,64.136536,91.953354
2010-04-01,50.250294,2.516018,77.36614,85.273705,74.22906,85.42637,13.179813,87.47015,18.283531,64.39919,93.41109
2010-05-01,58.33843,3.5748482,83.49257,93.53584,66.99291,86.344025,23.403662,94.56677,19.9202,62.352123,81.00227
2010-06-01,41.84041,3.6388702,98.11917,88.952515,85.6053,78.800896,24.006128,92.629684,25.866055,43.838226,78.60719
2010-07-01,20.13853,12.437813,95.58456,77.23318,40.264477,77.934135,58.07413,86.3194,13.900475,21.235115,76.008545
2010-08-01,19.452347,18.973,79.7957,82.057816,47.14768,71.83069,55.41475,84.426636,19.452347,20.34209,74.61647
2010-09-01,26.52105,13.691994,93.34542,90.443085,50.512947,75.03836,59.492466,93.89043,28.008333,28.543493,70.18417
2010-10-01,41.92741,5.8665123,100.70961,100.01358,73.802246,96.16732,39.11536,98.675674,48.46588,53.128006,83.20037
2010-11-01,60.529953,4.045986,87.74922,97.26883,81.32074,97.67267,23.172197,90.42667,39.583214,79.3771,95.98675
2010-12-01,52.31542,2.821354,91.79904,96.65652,75.814835,97.73833,23.712282,67.54777,27.335281,68.09114,91.80232
2011-01-01,72.131805,3.348343,80.93509,82.685326,76.92175,94.391556,23.314058,66.24124,31.475857,77.2197,96.102715
2011-02-01,71.70524,2.9722443,82.942566,77.95887,85.66968,97.22612,20.966301,71.719894,17.824017,80.21383,96.45764
2011-03-01,71.58638,3.05365,96.39252,79.91751,90.01515,96.56999,23.105658,77.76838,29.087395,85.50198,84.324844
2011-04-01,65.49556,4.88855,80.290344,84.38997,84.55604,96.37461,23.846457,90.19261,21.037937,76.653114,102.82687
2011-05-01,59.114933,4.9097137,80.7332,94.84906,80.640396,89.08549,24.689825,89.97444,30.118,65.6714,89.11154
2011-06-01,57.67404,6.3164177,95.912224,85.482445,74.24837,80.33268,38.906628,89.34273,39.580673,62.901955,86.80122
2011-07-01,23.318943,9.175407,82.86279,71.28192,72.38742,78.396835,60.912384,80.56387,29.505823,46.140392,69.89802
2011-08-01,27.272034,14.229111,84.083885,78.86737,77.15132,69.43237,50.650303,74.61307,20.176659,49.406414,62.87102
2011-09-01,30.632488,9.279606,97.763405,82.83348,92.74389,71.94457,68.56784,78.66385,29.328358,47.693626,65.02015
2011-10-01,44.49924,6.070568,95.251205,92.57456,83.390305,81.72798,42.942753,93.24861,43.351414,60.87494,72.25555
2011-11-01,69.60658,4.8983192,77.55998,93.10045,92.32709,89.702545,24.403275,90.412415,28.628263,76.46913,94.19129
2011-12-01,62.802643,3.8384094,82.23433,92.05682,80.50689,98.017395,31.286995,79.9517,33.250515,75.199196,98.39838
2012-01-01,64.44516,2.9411278,71.3979,81.29332,70.96965,101.3226,21.005932,83.475174,16.518932,70.59654,103.175156
2012-02-01,59.862453,2.9054413,65.095665,80.40111,64.89289,100.0508,18.900318,75.22792,25.400467,64.70634,97.374176
2012-03-01,38.945824,3.2347488,68.59799,96.08452,80.490326,97.81055,24.842432,88.06275,17.664204,58.204567,92.90015
2012-04-01,47.94578,3.9371605,67.78851,86.899635,65.428215,82.54727,14.413319,88.51048,13.970459,53.328236,93.18565
2012-05-01,43.736176,3.7262726,94.20764,91.866806,74.53848,92.61951,31.344204,94.45746,24.931652,63.22689,101.09387
2012-06-01,51.590862,4.0344925,99.62903,88.979294,84.592865,83.53844,30.127554,79.67436,42.1448,76.19799,84.584755
2012-07-01,19.122559,9.796539,96.95889,86.354576,70.484604,77.521706,53.90087,83.927765,19.10147,37.506935,73.4143
2012-08-01,35.88636,14.069412,97.59804,72.213875,79.81062,73.24397,59.148685,84.928665,17.1013,40.32956,73.07526
2012-09-01,43.8108,6.779251,95.58002,88.145485,80.58604,83.09071,41.031975,76.28559,31.040852,51.394577,84.416046
2012-10-01,74.13455,4.694725,95.969345,88.995514,85.68298,87.24678,38.434834,91.537506,47.746254,76.56299,87.77238
2012-11-01,55.8978,3.2087936,80.80504,89.287506,72.01109,93.341385,20.055325,89.996414,18.184929,71.67043,95.688705
2012-12-01,61.435986,3.06604,73.83121,88.28499,68.705055,95.96448,15.814896,82.05089,21.646702,64.92047,100.50501
2013-01-01,61.880844,3.082241,63.001213,78.22895,59.7653,86.99127,15.60696,71.40239,22.18954,60.667377,103.6283
2013-02-01,62.1489,3.8141747,68.49873,80.91912,79.48094,81.026665,23.28423,78.6222,17.988953,74.31728,96.93657
2013-03-01,44.377056,2.9425964,48.79594,70.911224,69.81012,91.68624,10.155987,81.5098,16.281109,62.630432,99.31054
2013-04-01,45.296787,2.059784,75.082924,84.07317,68.26599,88.85642,12.676018,91.93985,14.261871,57.21959,94.99117
2013-05-01,45.075283,4.141617,78.525894,94.42296,65.98512,91.08432,20.96323,92.15494,14.711304,53.739697,84.96562
2013-06-01,36.72547,6.626335,82.64944,91.85478,71.21459,78.88223,44.69487,92.83389,24.24409,42.266327,81.73292
2013-07-01,21.62775,12.127068,77.79557,88.564285,55.5294,78.822845,49.91631,84.30913,12.682438,29.176609,73.47139
2013-08-01,48.57283,16.886238,89.78097,72.29644,70.95938,66.509995,58.811863,80.76985,25.582754,43.431644,69.92729
2013-09-01,39.54084,7.904011,89.07793,82.39904,89.67342,90.97036,47.253426,79.65108,45.38828,74.81969,83.02664
2013-10-01,70.39438,5.9441643,85.70558,86.78743,94.853134,93.46953,36.500755,87.92545,59.627262,85.41666,90.56105
2013-11-01,66.28849,4.489929,88.971985,92.954285,83.62053,101.35706,30.605162,92.803406,31.2761,83.51138,96.76483
2013-12-01,79.43118,2.6889877,83.66387,87.27538,78.21771,99.9863,18.533085,75.38789,29.590729,87.54825,101.59302
2014-01-01,78.52342,2.083683,76.45263,75.28634,74.95407,93.388145,18.361382,67.48143,29.233877,81.941734,106.74257
2014-02-01,62.838093,1.9981003,82.767365,73.39846,82.34784,89.47143,15.926437,69.88281,17.461914,66.09196,96.64872
2014-03-01,71.76062,2.9344864,60.36959,75.422264,70.91821,76.98459,13.325363,82.32434,22.306625,71.12462,90.62933
2014-04-01,72.0996,4.29208,84.73747,84.12496,91.030396,82.27904,24.337143,83.87157,18.435219,84.319626,93.7523
2014-05-01,59.13114,4.448143,94.25237,89.0368,80.92144,81.2621,34.530003,91.4751,26.567354,69.97679,87.07676
2014-06-01,66.07685,4.545475,104.4788,90.75183,95.51767,85.631905,42.148636,82.270645,34.67264,98.54163,90.9079
2014-07-01,50.517387,10.929016,95.28609,87.65907,91.137794,84.109856,45.62233,79.25507,37.26365,72.84804,85.05128
2014-08-01,48.374435,10.160442,94.75078,81.95684,68.96321,71.19342,61.567764,85.30635,33.99636,51.764225,71.55589
2014-09-01,62.65518,11.499577,96.29632,80.842575,95.64353,79.63769,68.16107,80.05721,55.75646,75.46422,82.58446
2014-10-01,73.49243,7.329464,85.11505,92.126205,91.00858,92.93338,37.020325,90.50346,49.636375,83.37317,92.198364
2014-11-01,70.81416,3.6527176,84.3515,97.54147,86.219246,90.9532,23.628979,91.94329,39.535812,78.640884,88.54679
2014-12-01,65.19585,2.9445534,80.194824,96.37854,74.0932,93.30592,17.797535,81.03555,26.708317,80.50024,99.472984
2015-01-01,72.14235,3.2641106,62.833454,61.856155,74.09378,78.92009,15.671223,76.598015,20.210835,67.57106,91.705765
2015-02-01,54.39098,2.616272,55.463318,76.91798,67.39049,75.60487,10.197075,85.263824,12.809017,55.53618,90.69362
2015-03-01,70.37149,3.3385544,62.86355,70.83242,70.05154,82.3842,15.02972,75.76169,16.911457,67.41267,86.67513
2015-04-01,56.41686,4.336445,64.2796,91.705765,58.422142,88.97186,12.848618,92.03207,16.688122,60.394165,88.90692
2015-05-01,62.871468,4.128948,87.46077,86.55475,86.67038,84.87259,30.349724,90.0838,33.845512,79.77384,86.48822
2015-06-01,41.827057,4.534439,88.707344,81.79972,70.50771,79.36043,46.170258,87.56373,31.684998,57.83925,81.372055
2015-07-01,51.489174,7.195484,86.53574,81.871,70.9734,75.50667,43.016605,82.55527,28.339687,54.05518,71.589554
2015-08-01,50.407333,7.6991806,85.87524,78.28809,82.5331,64.9021,38.842888,71.697266,45.592113,80.62601,67.98923
2015-09-01,83.054214,7.2540894,88.22582,78.470245,82.91799,68.92217,51.12645,77.08429,42.223045,94.76597,72.50508
2015-10-01,80.494545,5.628952,90.3103,83.4106,88.362045,74.602234,40.262108,82.39845,61.791214,87.34198,81.96762
2015-11-01,64.55679,4.811634,90.79341,92.7686,78.652405,82.35886,26.687622,93.02995,34.471172,75.4053,89.71791
2015-12-01,77.18725,3.3718185,70.18617,86.35042,87.79498,77.51354,19.561413,77.45018,34.932106,85.5822,90.56691
2016-01-01,69.662636,2.806408,51.655388,74.68927,65.04352,74.096664,10.999046,83.24397,22.356066,68.587814,85.98622
2016-02-01,77.27565,2.4687004,67.85396,78.11343,68.4076,65.68159,11.877411,75.52542,26.686182,74.484695,77.023994
2016-03-01,63.557934,3.1311264,47.520103,75.60173,57.391533,80.72092,9.573532,84.8903,15.030422,57.631824,87.08701
2016-04-01,65.55008,4.423504,56.3362,88.51253,65.46403,88.20242,14.606667,86.90842,21.274754,65.054886,96.77498
2016-05-01,45.029514,5.084305,88.332306,96.88051,59.50545,87.608185,25.83542,104.0649,20.505173,43.412415,85.6274
2016-06-01,45.355854,4.5014343,94.91759,93.03909,88.7106,89.73509,44.131668,87.42796,44.604134,88.63104,89.429855
2016-07-01,29.84569,11.3562355,93.10079,86.47979,84.30418,79.72565,43.641342,90.95441,38.346813,70.59133,72.67927
2016-08-01,33.84297,19.10239,98.16315,83.64662,100.1001,88.626175,71.589836,83.3073,32.154434,86.08526,78.986916
2016-09-01,49.185905,6.77771,98.17938,96.15639,83.11571,91.81491,40.49807,82.42244,44.79734,66.28881,92.131516
2016-10-01,64.774,9.03775,93.63008,96.79608,81.399574,95.261795,49.99608,89.04019,44.659332,72.82214,87.770546
2016-11-01,58.969666,4.8456383,75.41177,96.56879,79.11843,99.890656,27.999668,90.06955,35.557484,71.84474,98.81096
2016-12-01,54.022583,3.8406334,68.85246,94.32498,67.98709,94.273026,18.30196,81.667465,22.908087,66.49825,99.12594
2017-01-01,64.64554,3.519329,68.891235,91.830795,74.0179,94.977325,20.172367,63.521774,16.428673,68.74851,100.88161
2017-02-01,78.6606,2.5563354,75.50422,78.68849,75.8799,93.01198,16.153065,69.37191,23.123682,82.74225,101.52962
2017-03-01,81.90721,2.894287,81.72511,68.34494,87.24551,88.9615,17.081604,76.43604,19.655598,79.20362,92.12773
2017-04-01,76.782196,3.9950829,78.99691,79.90741,84.51894,92.23108,24.56899,82.05814,28.67196,84.382774,97.65304
2017-05-01,54.085438,4.4019356,91.58635,87.87547,81.78089,84.24661,21.143562,88.73019,29.733385,70.32998,88.95494
2017-06-01,56.96621,4.1771812,100.09743,86.449844,91.044975,82.67827,46.102608,81.26904,46.427437,69.36863,82.209076
2017-07-01,41.154766,17.705006,99.889084,84.069435,79.77452,80.707985,52.018368,81.37897,26.486773,59.481148,79.810616
2017-08-01,49.821693,15.560833,93.315475,86.189,89.87692,76.08333,61.699146,79.73515,34.221878,74.575676,75.90123
2017-09-01,53.612965,9.274315,99.85463,88.23474,90.28377,79.282364,73.72424,85.16531,52.502323,66.64535,80.72111
2017-10-01,61.400566,9.920685,94.724686,92.396774,85.229294,91.49284,55.844086,85.631226,51.31458,65.88578,86.43344
2017-11-01,51.611515,3.9671936,83.11465,100.3107,89.89661,95.67456,33.800262,97.40367,28.340574,66.72737,92.60512
2017-12-01,70.051094,3.8179054,84.05631,84.451675,75.68632,100.31234,24.378689,74.82832,31.339466,75.58789,101.38525
2018-01-01,71.873795,3.4609528,81.37503,99.01292,82.52147,101.715836,23.06043,67.396255,20.67569,78.47201,96.00657
2018-02-01,50.92449,2.0832481,66.77464,79.269104,68.96093,84.29937,11.851826,80.25646,17.987526,65.22473,92.9707
2018-03-01,61.43112,3.3035011,72.23134,69.718666,71.72946,90.93202,12.293018,82.88886,21.292377,70.86183,102.580185
2018-04-01,60.361763,4.6402016,67.517624,96.62654,68.117905,84.37645,18.28767,94.697754,21.822136,66.444984,93.61363
2018-05-01,49.115433,6.22456,76.74824,95.55061,62.826866,88.69162,33.94265,98.93747,24.728436,66.72052,88.43576
2018-06-01,49.55827,5.1125565,87.643585,89.77246,74.60624,82.209854,37.501717,85.824684,46.54536,57.98194,82.48539
2018-07-01,32.48786,15.461739,93.31021,84.961975,83.21361,89.5986,49.60911,82.6002,19.872028,54.518,84.86029
2018-08-01,37.158936,21.679447,83.48915,74.452065,75.54275,76.53994,49.36965,76.80236,29.01244,51.268917,76.55962
2018-09-01,46.12713,9.317833,96.467445,75.27705,72.11817,69.33652,64.19309,70.17626,39.993065,54.654133,81.83426
2018-10-01,80.230225,4.2810135,89.97092,90.00372,87.12694,89.706856,27.513367,94.90277,55.03792,83.890976,91.39946
2018-11-01,70.28287,3.905426,63.90443,88.11758,71.42604,90.76309,17.561096,88.64406,23.916574,69.379166,94.66495
2018-12-01,61.691902,3.7200928,75.76416,94.2336,69.3562,91.83737,22.696323,77.340324,24.25444,66.131714,93.923615
2019-01-01,59.17811,4.7518883,55.31207,84.55901,54.807182,87.901115,17.859905,59.654415,18.545792,57.677734,94.78378
2019-02-01,55.58515,3.5531769,53.348087,54.005394,59.478184,80.40878,12.431572,72.457596,15.132244,62.199493,88.04877
2019-03-01,71.92255,2.3322372,68.566154,76.0315,73.935745,90.27313,12.107685,77.23974,17.886898,77.33817,95.609375
2019-04-01,64.40163,2.9943085,65.11926,85.2576,73.1673,81.739265,14.941719,94.04074,13.088879,68.23433,96.70331
2019-05-01,52.338314,3.807209,83.422226,87.85031,68.69317,88.693375,27.978292,99.35952,23.129469,71.34621,91.99261
2019-06-01,47.918167,4.6089935,94.92826,93.33421,89.522156,87.63756,46.851234,89.29194,38.685715,58.870094,89.4523
2019-07-01,37.391743,10.215149,95.861824,77.6573,79.71019,71.595474,60.934097,81.83135,29.356413,53.899017,75.15985
2019-08-01,40.802113,10.559681,93.83592,87.529594,85.33223,77.23338,57.62058,87.104095,43.32655,65.87501,74.394585
2019-09-01,67.697685,11.467842,92.34984,84.22084,82.95703,76.89044,39.733593,85.316345,52.855904,78.86078,81.97107
2019-10-01,72.06385,6.5396347,88.22183,88.33138,93.0389,82.4188,39.277924,83.933464,59.333702,89.2713,86.934204
2019-11-01,84.233536,3.9135857,83.22853,86.17212,86.77385,85.88792,34.18936,90.31759,46.205044,92.31015,94.258255
2019-12-01,72.624306,4.0802917,74.00401,85.25601,80.59136,81.74721,20.749514,82.51883,33.28437,82.48549,86.56745
2020-01-01,66.2278,2.4668388,61.241962,76.62344,73.68235,83.16996,11.891022,81.11353,17.681404,74.31163,91.46912
2020-02-01,70.851425,2.85075,57.694958,69.948395,66.62173,79.31249,12.495266,83.71411,20.058315,73.01301,100.90999
2020-03-01,43.790695,2.4451408,63.492012,86.29133,64.03116,89.901764,12.685551,83.78255,11.386932,59.632874,96.515045
2020-04-01,60.59432,2.501892,70.28724,91.04014,70.12032,87.03077,9.216999,86.91226,16.594769,67.234314,90.99173
2020-05-01,56.534878,4.845421,83.98619,91.10357,76.49825,87.74017,26.291027,94.086395,31.575647,70.68451,90.63954
2020-06-01,39.704548,6.185772,91.45076,97.4381,57.092384,85.39999,52.24175,95.82234,32.38854,48.998535,82.03826
2020-07-01,27.739876,6.6214256,95.847374,84.03293,52.677406,73.12818,51.62916,96.578476,39.63444,44.646988,69.77981
2020-08-01,26.8936,14.129391,86.58677,80.22887,51.662544,72.2769,49.093678,84.323364,30.89796,31.472158,71.87296
2020-09-01,38.03203,5.8736343,97.35799,87.64002,78.080635,84.016235,42.869312,93.92114,54.062824,63.84755,81.08349
2020-10-01,63.320087,5.9537544,103.30527,100.49103,89.13394,91.63937,58.70147,91.17702,55.947327,72.72257,84.21654
2020-11-01,58.482807,5.7100525,85.51683,103.276886,80.17378,95.35831,34.466667,88.93364,40.77616,67.235985,94.492004
2020-12-01,81.69107,2.9675941,81.46907,97.23947,81.92976,100.87494,29.849716,84.483604,38.068752,81.25875,98.2393
2021-01-01,59.64117,4.4275436,75.779564,104.258675,74.297165,102.25188,28.281244,62.799614,31.993229,71.91163,97.641884
2021-02-01,64.50651,3.9922523,66.821785,73.14724,67.776344,102.38212,22.187145,68.80974,25.818584,74.89184,101.99652
2021-03-01,49.413506,3.8928566,75.6973,84.161514,71.96133,91.079926,20.038101,73.65451,19.056122,58.422695,89.50842
2021-04-01,48.20874,3.9699745,79.06996,94.18011,65.13374,92.64287,21.940365,89.21709,15.81028,63.80216,97.06949
2021-05-01,56.722652,3.8260193,86.86239,92.850235,73.43344,92.10647,30.486841,94.49886,21.751854,48.961075,88.33621
2021-06-01,50.191547,5.1987343,93.590576,89.69522,72.957016,75.10777,58.186195,85.93182,42.16434,69.13021,80.4204
2021-07-01,24.72007,9.215767,96.20918,78.271355,90.02597,79.79659,45.763218,75.48823,28.719965,39.47204,69.64605
2021-08-01,31.237465,7.2089615,84.146095,73.87559,56.89574,62.487713,57.2145,81.46579,33.635002,37.415535,62.33176
2021-09-01,35.233932,12.979164,83.17954,80.7186,67.89117,76.49934,48.350983,81.839386,33.252834,51.23351,71.65114
2021-10-01,51.68251,9.690475,96.60678,91.402115,88.59328,86.47337,48.49665,85.45197,54.91979,69.471245,80.94309
2021-11-01,56.527287,3.4267159,86.08949,101.23562,80.90196,96.66505,20.468254,91.54779,29.095276,77.92175,88.74751
2021-12-01,58.299305,3.3890114,73.05813,85.966095,76.71013,99.94002,20.903545,67.267365,29.374617,65.27255,103.09504
2022-01-01,63.958145,2.6504364,78.63933,75.440475,77.96536,90.39556,14.224068,72.832596,17.889381,68.21277,106.90442
2022-02-01,69.37478,2.484436,86.009796,76.95275,81.29701,101.215546,16.818672,70.62145,23.905281,78.89331,109.39445
2022-03-01,55.405746,3.800827,83.76546,81.90458,73.863464,89.61369,23.878721,74.30669,20.039104,64.54247,91.954315
2022-04-01,47.52897,6.4651527,86.89791,86.93941,79.685135,93.76373,19.101196,88.68741,29.917858,73.14136,96.25542
2022-05-01,43.332447,3.5700836,75.9003,89.590454,69.569,90.93341,21.75224,92.68805,26.611107,49.40645,89.11569
2022-06-01,42.211937,6.0800285,96.6007,96.0114,73.400314,82.0324,43.528328,101.38321,42.56386,60.22975,69.15898
2022-07-01,21.385376,11.413662,93.713936,94.246796,71.37842,80.701065,64.79314,86.47958,27.163893,36.235878,69.57232
2022-08-01,22.155624,24.526127,84.59215,84.077545,44.46624,81.07955,85.603096,88.02008,18.402328,25.502216,71.5743
2022-09-01,33.15821,9.1112175,99.28827,82.00252,88.28568,85.18477,51.438305,69.827965,43.72753,53.300846,71.09953
2022-10-01,52.689957,8.269588,101.081085,100.085075,89.09079,94.3049,58.06509,97.58011,43.69599,65.31438,85.66452
2022-11-01,58.32239,5.414364,75.20641,104.37788,81.79668,100.54822,34.0015,94.51738,27.361435,68.24597,98.44498
2022-12-01,59.12584,3.4090614,84.15723,100.98148,82.37935,105.04022,27.87604,83.11307,33.732574,73.986305,90.286
