,vws_v500-200_cluster1,vws_v500-200_cluster2,vws_v500-200_cluster3,vws_v500-200_cluster4,vws_v500-200_cluster5,vws_v500-200_cluster6
1965-01-01,-1.130645442718177,-5.014082442097708,-0.2476792755908366,7.558168584076337,0.31621706970398483,6.3134227166223305
1965-02-01,-1.463595714393392,-5.19942570181361,1.2219452276740128,6.625636139278148,0.741467282756543,4.968894850211569
1965-03-01,-0.8999687822178245,-4.442735940200967,0.9278137447825069,4.91170505020305,-0.3587418782747902,4.273164730644254
1965-04-01,-1.2180297149538892,-3.1298814570084605,0.9307163342630431,4.6000234947824055,-2.3083645305304543,2.0731085161288174
1965-05-01,-0.46469593201977466,-1.8377118918362207,1.7063678839076653,2.4770992653012294,-4.848912424954113,-1.0880453166165733
1965-06-01,-0.41722360609436315,-1.6915812727928021,2.9045381355969018,1.075034943011171,-7.11080435825712,-4.384098912192671
1965-07-01,-0.877824196017105,-0.9542544116848363,2.858326922528555,1.9366439532220663,-7.966798681956566,-4.3116901179928195
1965-08-01,-0.7232183450394739,-0.9236775985940865,2.484407740897786,1.4639292131865405,-6.746516231564496,-3.2141957261655367
1965-09-01,-0.8131560213628786,-2.904551608064316,2.608797049940293,3.7260163367389816,-6.762562319108383,-3.076213789623704
1965-10-01,-0.641208215249557,-3.725342547923109,0.7493119899301598,5.140858661808862,-3.2969713553781785,-0.1679252099342286
1965-11-01,-0.8413854796394482,-2.549446484503474,0.46488220311195955,4.3299579605061655,-4.039226503241441,2.0256709661272954
1965-12-01,-0.2738423230273677,-4.279067510913334,0.8358326642939387,5.70513739310784,-2.8960652866132235,1.9749810527530547
1966-01-01,-0.6725635590477612,-5.548606030509502,-0.006981455311672576,5.7254075236147814,0.1075720633969234,4.237339624084665
1966-02-01,-1.1222086295913771,-4.530397398336554,0.40461090804714933,4.780692080051475,0.10226397914816551,4.291833392286382
1966-03-01,-0.7432674965835915,-3.5014995874726083,0.9354240973549353,3.844365694838072,-1.472568719200036,2.7488968542476564
1966-04-01,-0.6508787939854734,-2.296067574610751,0.9126563224871737,2.7634958388948907,-2.7648243551656835,1.788052610755263
1966-05-01,-0.23149707813319859,-1.755194168052611,1.5861220565940106,1.7048370426871808,-5.358873726431169,-1.5665859892667953
1966-06-01,-1.0350768070791905,-3.070652379780886,2.462654273512183,2.371511128754531,-6.074789248210625,-3.4165941471934604
1966-07-01,-1.1189451566446569,-1.6254670667495958,2.9984597204995205,2.0534136403801315,-5.698065168385346,-3.8749389408762895
1966-08-01,-0.596301072006086,-1.7452067327779792,2.728348332509589,2.375133442477914,-6.668763112251811,-3.272917170576601
1966-09-01,-0.45138802186807014,-2.4201728808345293,1.9481014365421523,3.0500076911958693,-6.595287538451125,-2.6895752477142194
1966-10-01,-0.44898572738633064,-3.3488136574566747,1.7564175898277203,4.396654905487825,-4.384798688547728,-0.23461364224754241
1966-11-01,-0.11565628452149077,-3.8322585494525256,0.9159034029466027,5.204453553874565,-4.067061575174703,1.6427241305272895
1966-12-01,-0.3659943892540559,-6.009089132431139,0.47733394339383023,6.725602839561395,-2.1806454998107547,3.7879546654862786
1967-01-01,-1.1579998083117402,-6.466068682427556,0.7567550583317646,6.177817492344368,-0.06487442996048957,5.32680316636694
1967-02-01,-0.861623554267658,-7.326385742138034,1.5496973996923862,5.500258042517542,0.5254673552073541,5.5884605726824335
1967-03-01,-1.0231383518287023,-3.870546948600459,0.6560998131954037,4.240572647375768,0.5721915349610596,3.9190671496578213
1967-04-01,-0.7895464373751524,-2.9731686077390402,1.6051631206587516,2.7849559414517513,-1.8556946976733018,1.6444024550864378
1967-05-01,-0.9341820294563615,-3.0596555600869353,2.2646290147649815,2.1144569222504215,-4.322647037273744,-0.9931746770143536
1967-06-01,-1.3070759960019047,-3.850467865045978,3.8876111964297544,1.9835209476441005,-5.687805571949195,-3.1127660506236383
1967-07-01,-0.6398876993210818,-1.5136236321994943,2.8532399710296836,1.7748820034571078,-6.895705045494055,-4.36040721842735
1967-08-01,-0.5060449469202236,-2.0064151226932188,3.2103571254470276,1.0927416739079023,-7.079556055006353,-3.8631878923558363
1967-09-01,-1.3946397325097366,-2.81576795112843,2.468461958053012,3.0076512650402405,-5.224234206368584,-3.2107172179962205
1967-10-01,-0.7207272395792389,-2.756242292625225,1.512422913640933,4.74795933055872,-5.355530673330743,-0.3087592439900391
1967-11-01,-0.5998758016967551,-4.301120267665886,1.2182641546200945,4.5217922569826365,-3.1131077547651134,2.9152290071517806
1967-12-01,-0.5440787466234319,-4.799133728009723,0.6284553385056517,6.006992199165527,-1.2445339553797432,4.475705865885911
1968-01-01,-0.6538267003483963,-5.377593805496053,0.007761075931630297,6.487703777829487,0.6521794567476766,5.92233639944374
1968-02-01,-0.715457536574489,-5.423345959622673,0.3633522746774198,6.019425193240112,2.3934734773611535,7.154474784923385
1968-03-01,-0.7746514516730874,-3.4539282953536494,0.9168217309076321,5.084059854868654,-0.30012254979768804,3.054683223007298
1968-04-01,-0.5388317871823166,-2.808478811004133,0.4488759500147623,2.9281536299640503,-1.976255489101868,2.338033731869307
1968-05-01,0.24292221539928965,-2.1024431934611245,1.080748749157973,0.7592263878284595,-3.850545069253661,-0.5110876356494198
1968-06-01,-0.6456616581180185,-3.119124809114712,2.737287762673678,2.2530598948572806,-6.239862144662994,-3.523265107441226
1968-07-01,-0.8847033856774479,-1.860150499642243,3.134963951313188,2.309026216237508,-7.376699179450371,-3.9416342173301206
1968-08-01,-0.4081776704326095,-1.5540560300758373,2.329354056015646,2.1595572585477294,-7.740883094892479,-3.522750810006306
1968-09-01,-0.39925252104999,-0.9773827010534739,1.7570966001962354,2.578110625437075,-5.950829129455696,-2.99967386256403
1968-10-01,-0.8204768584605128,-3.110265016143631,1.4947151768109685,3.9817418297205456,-3.903792645553885,-0.009066954764714197
1968-11-01,-0.7497373234110787,-4.3746122449269285,0.47965230053305,5.303159754137419,-2.8423169879446184,3.067470956437776
1968-12-01,-1.065307928586464,-4.046954302722882,0.9008685170768147,5.209778362326554,-1.6428253309617376,3.952311667851015
1969-01-01,-0.7385968401742982,-3.8353010974910946,0.6591054753046526,4.797512387602924,0.38639722994015085,4.484634620860814
1969-02-01,-1.0490545948058165,-4.8349558390732605,1.373696069565598,5.190307406833659,0.6497410416749619,4.805966625164843
1969-03-01,-0.7219928809479627,-5.08360716020364,0.8872066316783362,4.237305619115669,-0.7175993933064244,3.530687404885332
1969-04-01,-0.511907804235667,-3.108977621012679,0.5913638493593594,2.1876994293457637,-2.3978272996155376,2.067535226357375
1969-05-01,-0.6996625986619949,-2.970295261986416,1.8942338891639392,2.31798778495288,-4.907001523838606,-1.1270429474063697
1969-06-01,-1.0443477102561736,-2.6692389426709484,2.8482388064489044,3.1886996670676786,-7.209809745675891,-3.3356544562616404
1969-07-01,-1.1445409675552376,-1.1774035352272898,3.0184677250966483,2.0104894286028845,-6.369186440341217,-4.321776745041792
1969-08-01,-0.6593610149552248,-1.3652316124340635,2.5630226053205147,0.884073192138509,-5.113548285396565,-3.642417074408318
1969-09-01,-0.5614391126752867,-1.607729602095049,2.1771190226344515,1.7944645065444689,-4.876379193759538,-2.730601860147728
1969-10-01,-0.5898767120390037,-2.6284195823562135,1.3203065707440924,2.7000033410851723,-3.7865765046614808,0.4864875182228746
1969-11-01,-0.9712863076409606,-4.359095368252338,0.9999770520073522,5.705818892920527,-3.5616486661980646,1.9087094521137118
1969-12-01,-0.2389387310363948,-5.785930233274839,-0.13219748421671462,5.91673321954411,-1.2831964671816116,4.8909820420066605
1970-01-01,-0.704110659958662,-5.688177213109085,0.6659146480776876,5.905572244317334,1.0882542119159686,5.231320622147985
1970-02-01,-1.2237419177191737,-5.643719277861065,0.9446220072587198,5.7572644852595705,1.784877506846622,5.244507309349923
1970-03-01,-0.4872663757006901,-5.330807937592792,1.5995309239358133,3.8661841614735515,-0.43309096128503133,3.391043523440421
1970-04-01,-0.8562235715193903,-3.285989837334945,0.7591872201872205,3.7642149654655768,-2.130304072171584,1.530024626752399
1970-05-01,-0.4855491584791826,-2.264524580696408,1.7498996826104534,2.2949990114132195,-4.980611145350233,-1.0792830315036237
1970-06-01,-0.8582597499598607,-2.9500432836004893,3.32942269311438,2.7222230074202582,-6.453327849028528,-3.3726739420926917
1970-07-01,-1.3400436864588199,-1.783325101228018,2.720911139125557,2.349465103982673,-6.388548717467457,-4.3674968835277985
1970-08-01,-1.18759820745621,-1.4056098746116972,2.8406329389964178,1.2082600354401976,-7.001575983775598,-4.010690930482039
1970-09-01,-0.6011234184564346,-1.0159590406885306,2.8081902124714744,1.6418428876423685,-6.261875425327821,-2.9356289891917773
1970-10-01,-0.3451919360189049,-2.0695206027432556,1.7420002350328456,3.277677524860421,-4.838924892175861,-0.3902765235761141
1970-11-01,-0.7283096522842464,-3.9098313670714466,1.1036824795224365,4.721665243341692,-2.8107072408909852,2.469113464768203
1970-12-01,-1.0444121166458877,-6.768307722017326,1.70302541071238,6.081192956236344,-2.063403244436831,4.376732466733765
1971-01-01,-1.2564024388096986,-6.184917813313192,1.5951684435261937,6.274326010771517,0.4014151283081656,5.770793794818578
1971-02-01,-1.2773121443167206,-5.104062478911727,1.546969045396359,5.728491052594027,1.8043862034976152,4.135241081760583
1971-03-01,-0.8224497901046431,-5.55151726299099,1.3827717921718627,4.178784371843605,-1.140766025645967,4.387887452363495
1971-04-01,-0.4448609092012677,-3.923858427076872,1.066168056908588,2.9745061451390904,-1.9179668798051888,2.2922325748169436
1971-05-01,-0.6661291573073528,-3.4903557902921847,2.075257423629699,1.6579887572951981,-4.178097194997509,-0.6864729400551889
1971-06-01,-0.7768860028740961,-2.647910352233618,3.099937920393736,1.8369062572218802,-5.638761819334473,-3.368765948326284
1971-07-01,-0.7738171190394704,-1.617068398023181,2.9068478871589196,1.4937567680945325,-7.052253116892358,-3.7723283368061296
1971-08-01,-0.5464085674891028,-1.2250841017523884,2.3187805662391767,0.5472453886024402,-6.173484243423715,-3.376736715398028
1971-09-01,-0.7979095491209883,-1.6444593960986593,2.760340521907851,1.452837562630964,-5.145863858911616,-3.096419720534871
1971-10-01,-0.3308540734895679,-2.7607091837867115,2.245510966499237,2.7078906464215535,-6.098398486168101,-1.0058969660876782
1971-11-01,-0.8823807177251962,-4.988132093592465,0.9593565074568234,4.5865321331272435,-3.2011564750848103,3.2998882141638375
1971-12-01,-1.3688597499599369,-6.089856545911362,1.8008950410782973,7.071810887955223,-1.6586938394718158,4.0679043069899965
1972-01-01,-1.1334612136407185,-5.086622767209218,0.8878598185761613,5.11833024330286,-0.4287810217944126,5.192766893540593
1972-02-01,-1.0657213863636572,-4.839075269868882,1.6498614864981824,4.955271751222931,1.9704380548439566,4.381567658640516
1972-03-01,-1.0740230094060057,-5.153073134726414,0.6382219322170176,4.081526014488557,-0.0920355667033501,5.443809850878703
1972-04-01,-0.5520904374964797,-3.1067631687361383,0.9544490704780796,3.1437198296935267,-1.655551428321954,1.4558490306676857
1972-05-01,-1.2047567779283264,-1.6932970741543973,1.4699800105412777,2.662414722527504,-3.7701377415192403,-0.9620904171868929
1972-06-01,-1.3270551260733487,-2.2651675750717826,2.2716841115652424,2.221273245585196,-5.650817815480896,-3.4391002896330516
1972-07-01,-0.6954852309412087,-2.580859453490046,2.6899312994888045,2.515705085150517,-7.381131008751247,-4.18645710012324
1972-08-01,-0.9310311269726882,-0.7172432948291023,2.187921234156243,0.6618317305164025,-6.519826946840695,-3.8414871653901113
1972-09-01,-1.0147739157365285,-2.309124349779518,2.601045456734861,2.630125932480159,-5.252307230641685,-1.9274582137447027
1972-10-01,-0.5925262037519925,-2.370162006387545,1.196004836455054,2.6570807136612062,-2.8358092297334285,-0.6698598066611644
1972-11-01,-0.22580560785788006,-3.5617441593005768,1.2564792076997569,3.7401446041629396,-2.3353147543543122,0.9997534759255183
1972-12-01,-1.278148055522729,-4.352157417611996,1.3521606958655052,5.685309340577671,-0.9183558543449098,3.260520146486359
1973-01-01,-0.5775415739692022,-4.925611938080938,1.268255627271179,5.954251535755471,1.445211364736945,3.4945153950097776
1973-02-01,-0.3326843135567381,-4.43484385104959,0.6102730818315075,5.256892683327584,0.8726829786740657,4.3142816531049855
1973-03-01,-0.5525836221606951,-5.194886123430115,0.6466533239405214,5.2406258604117335,-0.1550973278757584,3.97958865648874
1973-04-01,-0.5309082399015177,-2.7149512356933667,1.3797320573681207,3.920655886359991,-3.048376897563695,0.7645673351258728
1973-05-01,-0.4863672459284131,-2.8584717486363718,1.612157150154126,2.549171272542353,-3.6019890837739856,-1.0996271365537453
1973-06-01,-0.31759738771742757,-2.5370917068201515,2.92665537029797,1.192537958364114,-6.580340113915937,-2.466953059604556
1973-07-01,-0.6959662126448111,-1.734226861034584,2.5026906264632,1.6466022187043927,-5.942667175420443,-3.9727870894392083
1973-08-01,-0.24093677886298273,-1.5251224199676525,2.5739483667976284,1.6825064722793925,-7.266542163159925,-3.453724600660065
1973-09-01,-0.2862434102320984,-2.2161924223937226,2.408640521582669,2.543140348363592,-5.316724965579405,-2.7522379933831442
1973-10-01,-0.11764118557356464,-3.5976982738544208,1.8828206944610326,4.020337594182819,-4.02851459280569,-0.7944310535604233
1973-11-01,-0.5611848552802717,-5.562858286936104,1.0339650491326329,5.964710365506607,-2.6692063194409483,2.880962092378317
1973-12-01,-0.7580615111305183,-6.311652847067857,0.9035026172062163,6.565361960009268,-1.245872205992126,3.9113160025277267
1974-01-01,-1.0986312202598232,-5.296596236241503,0.589568406894869,4.84775180406102,0.18088165330400763,6.093116205117074
1974-02-01,-0.8755954865942841,-5.609467715475371,1.0132396553552347,4.800364776254341,-0.027653661668848674,4.624769730069052
1974-03-01,-1.1378520764398323,-4.482121557315327,0.6531041028149602,4.450759980578749,-1.1368679567277329,4.773128096065745
1974-04-01,-0.2317370947875781,-3.3151612537821804,0.8298558446115268,3.5895839771383278,-3.5395145292720724,1.5026845477665969
1974-05-01,-0.7235418460685543,-2.331282559835188,1.757022816187791,2.309005913364962,-4.874972042226402,-1.1914757807675735
1974-06-01,-0.9556667627884421,-3.5078679035693536,3.075701172531105,2.003354478705171,-5.759897505050182,-3.1861493520198265
1974-07-01,-0.43597459852694764,-1.6451397348609047,2.404145332221925,1.5426877361571412,-6.7238913634143715,-3.7781592018046934
1974-08-01,-1.038413164754202,-1.544308219039254,2.64308460236792,1.4814457187518508,-6.911560579683604,-4.291283567807464
1974-09-01,-0.35064070276705905,-1.7183012712038588,3.0432360424378344,1.128868881865497,-5.237636225583878,-2.4540931423116
1974-10-01,-0.009855688210972663,-2.8258102822410227,2.1353100628275943,2.8361626360557683,-5.619993398214898,-0.6412930550295357
1974-11-01,-0.7122265735273957,-4.76526926879109,0.7439201829269374,5.832887894419384,-2.8943137039720486,2.5759107916829285
1974-12-01,-1.6254380033727733,-6.314912308918691,0.7025192449374176,6.725190538066074,-1.8882549695727806,5.179848307313268
1975-01-01,-1.1196114162384165,-6.202044414410469,0.8661313392708201,5.4092916867542185,-0.589553440330074,5.389934990995046
1975-02-01,-1.097475762213021,-6.57130071318293,0.7989314140543581,5.498193534074577,0.16720188797009206,5.596750500101203
1975-03-01,-0.45288808803534175,-5.104288471884417,0.8174812413737106,4.562429134712881,-0.3456536951680723,3.435451755274023
1975-04-01,-0.93681604803621,-3.3664925670130703,1.7341849595015113,3.3209104686072695,-2.43667939318049,1.7335566865199747
1975-05-01,-0.4949379097872919,-2.8568378127632963,2.421723659292012,1.5004483430548894,-3.94572421935369,-0.961755147362959
1975-06-01,-0.40364649446548956,-2.6305795835100185,3.080268851832802,2.6853566038413565,-8.091940155289274,-3.679869213768986
1975-07-01,-0.6318135830012306,-1.663204614295746,2.212408889604275,0.798382367991875,-5.024184360054214,-3.9659167534436324
1975-08-01,-0.8065471433063932,-1.7840409836860922,3.0797350134459287,1.626157581472177,-5.50111818407378,-3.719784264104863
1975-09-01,0.10258122188623946,-2.4885492424389266,2.5064411769653505,2.168278883028738,-5.468213972752504,-2.5936332184638755
1975-10-01,0.2825424555162905,-2.6878261593661605,2.082461140500926,2.937356312242037,-4.77740098990662,-1.2651561782205947
1975-11-01,-1.1632821426768576,-4.9404236798688155,1.8099224286428017,6.3701729337296,-2.8612643212198576,1.6598128798276053
1975-12-01,-0.5894951357688023,-5.8391685631424,0.14424949311852794,5.408885785754417,-1.584428758962611,4.61074307952766
1976-01-01,-1.1429893225664602,-6.481521436492283,0.8488127756744716,5.312757506110049,-0.10323134924904848,5.720156898659361
1976-02-01,-1.1075947828797645,-5.092912319110376,0.978980716672671,4.544713324761948,-0.22933093949995612,5.211123115759558
1976-03-01,-0.8110455529779778,-4.673465070299448,0.5794836631469306,3.9344902941514635,-0.8069602913351591,4.250122963366707
1976-04-01,-1.2923587611809089,-3.3340765529623635,0.7164323042765458,3.5551425384239708,-2.6504553870582117,2.3557468443398077
1976-05-01,-0.7869518393453963,-2.98620776858689,2.013495111546549,2.3455306235462707,-3.7458300494342986,-1.3696407507374648
1976-06-01,-0.7939880710143897,-2.1961804785470176,2.934915967802926,1.980840252371432,-5.044876708375279,-3.881546575910468
1976-07-01,-1.0063973281020018,-1.6568767499383668,2.4966899629382473,2.53159255181335,-5.496816508033223,-3.770955554173137
1976-08-01,-0.9105491511261353,-2.0377383466243013,2.579480945837234,2.1775652529170983,-5.424348711066981,-3.6059802831367773
1976-09-01,-1.1553117420971293,-1.6566629179999608,1.8330903604644075,2.9608380012353566,-5.820539193534209,-2.8966679312269497
1976-10-01,-0.4904706499671535,-2.3252324891499163,1.477221301990006,2.728788854292467,-4.8477159578522855,-0.11538507888543588
1976-11-01,-0.6627947791489822,-3.9818232380018697,1.2390405303695542,5.153278393795958,-4.094868247988732,1.4122521861113562
1976-12-01,-0.3607371637506822,-5.023596150304599,0.22028946765298882,5.697978255651207,-2.0228281365793626,3.9994883873725047
1977-01-01,-1.480396259302927,-6.37641248236654,1.650487551507351,6.952360740798887,0.6345157156186141,5.629823580518528
1977-02-01,-1.27898369104953,-6.596697307165857,1.1152662934510016,6.075711111865244,0.9031214277106394,4.571849465382298
1977-03-01,-1.4688295451270834,-5.375582453163537,0.9522237318478672,6.092402565333032,-1.3126156640206212,3.9255079017427814
1977-04-01,-0.13194985568574055,-1.907739748697266,0.7261580783746234,2.5708975998667345,-2.6880036367053965,1.7558804773798364
1977-05-01,-0.11639419267990765,-2.1385712849490615,1.3235797622528294,1.171869274887217,-3.30265389271527,-0.9546335444678713
1977-06-01,-0.9332967926378923,-2.415294124904016,2.5038984626902914,1.9728940165905442,-4.715482748766657,-2.676193596897048
1977-07-01,-1.1237222386818757,-2.1569826573407833,3.206003870469512,3.169308388192255,-6.256853795165944,-3.3383195729604918
1977-08-01,-0.6560496519002293,-2.1182787664922516,2.229290678499338,2.9967377205998735,-7.219459258414335,-3.418078710442364
1977-09-01,-0.5219408333598599,-1.6212922814661712,2.450179989333277,2.2828358500080985,-6.1315414824824375,-2.9770206507023653
1977-10-01,-0.9711276069940443,-2.257663146037225,1.4197724354511694,4.148792133676626,-4.18392520922676,-0.09989307262522047
1977-11-01,-0.4123435661044478,-3.141151071420645,0.5493066933828447,5.170778536053378,-3.7683601530736524,1.9041229811665987
1977-12-01,-0.3630636691687814,-3.1544600128552287,0.2730296026028484,3.5353175858967543,-1.5964911212376247,4.1503522834358675
1978-01-01,-1.057462240681173,-5.754636390011661,1.1021613891879318,5.450740703859164,0.8322830886565528,4.902344018678126
1978-02-01,-0.638323971732675,-5.206648964912014,0.26124922580686627,5.471317682197213,0.8328942706589938,5.177361042321418
1978-03-01,-0.759834059862214,-4.816163105475936,1.0036809913832574,4.338780705587087,-0.6356202968185017,3.384955782542137
1978-04-01,-0.5403446312446413,-4.238112799176585,0.013694141419863979,3.4912615454579035,-2.0847883409747925,2.2649561011910584
1978-05-01,-0.03436967798231282,-1.606737935465731,1.8652219088712472,1.3896202758906162,-5.3660700144171205,-1.2054407590647438
1978-06-01,-0.16572252266827917,-1.5884215040626308,2.3531816106147825,1.2712275229974392,-6.608344150128337,-3.839706449835337
1978-07-01,-0.2620154844820512,-1.4229978312364508,2.435918522532999,1.1933070330676963,-7.515376075266508,-3.649387038624229
1978-08-01,-0.7486263977290767,-1.7987508568522932,2.6051638229350793,2.95082212372814,-6.95518420521811,-3.729079601555931
1978-09-01,-0.6666279015558655,-1.7676147680762433,2.511254287883711,2.591947619465719,-6.321053872957004,-2.4559596343155814
1978-10-01,-0.24403474715500686,-3.0047075704085717,1.4062456173475968,3.9239076608584633,-4.560919790930836,-0.26526575222217874
1978-11-01,-0.7360924638420762,-4.6272389478388725,0.8156530742495685,5.538971730071858,-3.9747305992285105,2.3902006244517993
1978-12-01,-1.0455220971507933,-5.115489630238551,1.1492616923569217,5.30809267195054,-1.7938795519370303,3.596840320289902
1979-01-01,-0.3851840175010698,-5.587540353933188,0.721114075493515,4.71092822771708,-0.6552850410197933,5.106823671993354
1979-02-01,-1.0821205914115675,-4.224343546381832,0.8174590223009327,4.770156955815206,0.9064316286342294,3.7279935046179893
1979-03-01,-1.0769386866433526,-4.858491795863875,1.062991454136029,3.8401973749155074,-0.879504052184435,3.8298568223643468
1979-04-01,-0.1930885813897562,-2.6193522314985116,0.7956945424527265,2.5984211606714056,-3.1996648682321798,1.2686429437536384
1979-05-01,0.029973786148173195,-1.865619672704263,0.9229260977569,2.5678140467210713,-4.134308359084255,-1.1571152948874854
1979-06-01,-0.3058064538865441,-3.167934878989675,3.1686673385891972,2.2272315373434983,-5.226377146367389,-2.9610706679647953
1979-07-01,-0.39099531035574475,-1.4897552841079293,2.6057968977727333,1.7045027303037055,-6.659392999773435,-3.2126161349566362
1979-08-01,-0.607137573508866,-0.9389910128860629,1.8046005496733928,1.2230570988060316,-6.528438390904268,-3.517290835516687
1979-09-01,-0.27190367368758456,-2.4045740321624356,2.0266638921769564,2.2414595949381177,-5.895432880638683,-2.087927656568233
1979-10-01,-1.1671804174422904,-3.313021876217631,1.4387659158483155,4.252124105697849,-4.439924175534725,0.49875982211265135
1979-11-01,-0.617039869214736,-3.610810761615574,1.2094324454649945,5.319704735295647,-4.927042568208512,1.1627518505356833
1979-12-01,-0.48191678415176864,-4.504197685712935,-0.203335805682167,5.19431278291347,-1.4584744734326651,4.710548876670334
1980-01-01,-0.7557113426951331,-5.460220099686545,0.7519313661123154,5.032714732587403,0.3194543557839017,5.024774076480445
1980-02-01,-0.9193115190664333,-5.452219458826868,-0.025006527311279936,5.372585693238705,0.3349890009638157,6.227843113734116
1980-03-01,-1.2675720665981602,-5.246224730281401,1.4817977367721942,3.925237664548465,-0.23518344312443962,3.7035572523057905
1980-04-01,-1.0896541430435103,-3.667740038977868,1.0036084277348163,4.969981146271201,-2.2440674427435416,1.133995485851653
1980-05-01,-0.8646390131062791,-2.298150839305745,1.981831847625108,2.4008025797562724,-4.14927115716534,-1.270729131111899
1980-06-01,-0.30091024206700173,-1.6055488073030482,2.3263048611260335,1.8521318778861675,-6.136966557567615,-3.5772603256945317
1980-07-01,-0.5750116899962242,-2.4056972959622716,2.3975249696914163,3.7233847520111705,-6.65052643564172,-3.7376457068167057
1980-08-01,-0.5653584101275345,-1.6403620726293162,2.7133961151144157,2.5898682707998173,-6.693332144935901,-3.802435234950862
1980-09-01,-0.6872486258708582,-1.4001287712704469,2.1567104241845687,2.4871647699320936,-5.3183214110167345,-3.038157132644131
1980-10-01,-0.04121591039525359,-4.059639162330342,1.2841694252675422,4.08653734139427,-4.08718537760911,-0.2900432799122681
1980-11-01,-1.484773341108361,-5.478548705458378,1.0321621482904153,6.215112364034635,-2.396824640434105,2.670810667253866
1980-12-01,-0.7557148061655581,-5.445446978122085,0.020266798340180272,6.523032373692506,-1.9857726939561358,4.067522662757174
1981-01-01,-0.761314722779324,-6.480012180523425,0.13262181642875856,7.189225770292459,0.3522101467259091,6.354087607628846
1981-02-01,-0.585326776146923,-5.478633367935205,0.05869319952730473,5.260092841136859,0.1747515921961794,5.40184368222152
1981-03-01,-0.49728213016966977,-4.808473395890772,0.11189531719435877,4.7565596853602425,-0.026750180915864015,3.698908617015301
1981-04-01,-1.1413434227118353,-3.206605331195207,1.0318372078210405,2.690337058842993,-1.7855124693850435,1.7573647802365526
1981-05-01,-0.0354146740640436,-2.6395161393726085,1.8173593355313347,1.3901845806884445,-5.034177922505474,-0.9225210035552435
1981-06-01,-0.4334297434600605,-2.4361542018864744,2.6961543523970843,1.1660453614395159,-6.729448201836062,-3.6667936354345865
1981-07-01,-0.2273514248520951,-1.528085044424788,2.7537384532930274,1.4511027552929476,-6.681766739169557,-3.7758731789888267
1981-08-01,-1.0370086994569905,-2.949057643905774,2.612325800410197,2.2371840751945045,-6.680665155470104,-4.498704010607441
1981-09-01,-0.3019846048699364,-2.133894644622514,2.2493766269298825,3.007487960073624,-5.492326335051352,-2.352719532923156
1981-10-01,-0.11732798032421302,-3.0085494553006398,1.7882007517916299,4.092490035192075,-4.235451375052371,-0.8482406748117666
1981-11-01,-0.15681292096906801,-5.7597531260038926,0.9008507628975141,5.140132020933915,-3.7035436665996313,2.2349076755842674
1981-12-01,-1.1602874739104674,-6.201560868819399,0.6188694874497157,6.247400930424556,-1.7871278623231925,4.053962490712419
1982-01-01,-1.2839645695986626,-5.377208831388204,0.7357393158079125,5.995830331858902,0.5419460536277596,5.332993830971633
1982-02-01,-1.3678838262831217,-5.6985135559936575,0.883540365854715,4.655951157936036,0.654837649796862,6.5700927104985425
1982-03-01,-0.8951301201422486,-4.6702328784805145,0.8694347490942897,3.9096168688062023,-0.8684569158941017,3.8516626593869185
1982-04-01,-0.7742950051018158,-2.7236212510403086,0.9043350548320174,2.9464974272406366,-2.7837763207575925,1.9478628980063737
1982-05-01,-0.39778955649716347,-1.0878633773369437,1.431078501074361,1.93220418610855,-3.9569192819025503,-1.3336560082966775
1982-06-01,-1.2399215824944139,-2.669133896156387,3.085821179847243,3.7801029743761725,-7.8291717510180385,-2.8650664078322827
1982-07-01,-1.0147272538592123,-1.566633522849683,2.470492031978735,2.791330992077472,-5.6203407395406355,-4.118696842343148
1982-08-01,-0.7768324776815346,-0.8116980703053598,2.4666875851988217,2.776110423478978,-5.0439396432486845,-3.591593290439026
1982-09-01,-0.7712044202945145,-1.8112823578613046,2.007036859657518,2.5513332873603938,-5.561203895098735,-3.1926606616672513
1982-10-01,-1.1309787340156987,-3.5708428571142696,1.2512427916355802,3.83051956058098,-3.182129946423557,0.09939793692434891
1982-11-01,-0.7708593298170736,-2.6229614747247987,1.1072073867551246,4.395155287205506,-3.072473670050219,1.0793623702285744
1982-12-01,-0.13614355275749854,-3.1429248525716993,0.457204005253249,5.242892722175228,-2.1995450034123456,2.1748650194660386
1983-01-01,-0.1994392745039004,-3.630950941162202,-0.362023407931167,4.662465950373526,-0.014315038414653078,4.017422524765645
1983-02-01,-0.3357251166603943,-3.2547594914872935,0.37772445315392433,5.264352741383529,1.2516133971383085,4.2246644788479895
1983-03-01,0.4098874913350013,-2.6080721902021096,0.14251244452501555,2.9480647427160753,0.018390163518036576,3.573134660800798
1983-04-01,0.9617406012381743,-1.2120035876123216,1.5383740448734713,0.7730815441743167,-3.054977666094536,1.1934122217261451
1983-05-01,-0.11430284089150967,-1.8144093520057563,1.9232333221790003,1.295631472363777,-4.001795764357443,-0.5017077383701608
1983-06-01,-0.7915497654015026,-3.2469427299664684,2.7258799177019775,3.8453817227841776,-6.051322107748785,-2.578051987943836
1983-07-01,-0.5159556136525616,-1.6480521596381563,2.6161420551733037,2.981277129067992,-6.681280455393517,-3.4233290709111652
1983-08-01,-0.726113206562359,-2.188638796734873,2.703671481538636,2.9902783835947435,-6.6369843643112,-3.8076814890218005
1983-09-01,-0.044827048132675865,-1.8289634231938612,2.849814135026929,2.0536173520526426,-6.579541854060188,-3.367684621454246
1983-10-01,0.001814963946677434,-2.3274808764878117,1.6885668803877838,2.985609556892222,-4.6400953007102315,-1.229760381676041
1983-11-01,-0.8981984153432158,-4.136368418754245,0.8924789503522493,3.991665327802384,-3.3965744479225313,2.5042021898306936
1983-12-01,-0.9059922078333169,-5.779784349653171,1.136646553083938,6.060653707717285,-0.9910122467587226,3.8268694639070557
1984-01-01,-0.5610918815336724,-6.955524029366658,1.6496881763325644,6.2218781614915875,0.9189778137336699,4.019656618518898
1984-02-01,-1.2644847424364358,-5.987617437890659,1.7626273543834305,5.851235292137995,0.11542176585602872,3.5464068351127174
1984-03-01,-0.27119517022255524,-5.45456323618442,0.34123300936624734,4.395404352216647,-1.3641418609688838,4.545116611348432
1984-04-01,-0.5872885002035412,-3.599968666716841,1.9899797564622221,3.5439294371423027,-2.509751310019294,0.9059839643744606
1984-05-01,-0.715634024125085,-3.688568842804267,2.6797822697670006,1.6899604486778361,-4.423128741815389,-0.012654436500527215
1984-06-01,-1.2204791305822613,-2.8153836630347215,3.5874416413055465,2.9572723718975946,-5.563936722339143,-3.522910261562564
1984-07-01,-0.10823926392193209,-1.5671946637550864,2.5342575803330445,0.8508347001853295,-5.102107983374008,-3.087543823092765
1984-08-01,0.12340816840798295,-2.3593413168681785,2.4735056660185597,2.1291364458741513,-7.032228861194682,-3.101824748762494
1984-09-01,-0.14891603781399884,-2.2166363558469686,2.057100559404521,2.8067217634989556,-5.8449976471088245,-2.2410991981691657
1984-10-01,-1.2464756345880827,-4.200494969238502,2.420996969193319,5.088053995749566,-4.472664826789987,-0.447898715383736
1984-11-01,-0.673581746175587,-5.167189316092185,1.1044689268502164,5.5268159234545235,-2.3991070535215475,2.0062957340945515
1984-12-01,-0.3847959333529032,-4.998281735040881,0.9034529682483414,5.040315566989248,-2.3716321006460235,3.79220980891348
1985-01-01,-1.115700029383214,-6.783692504485611,-0.003855054764942163,6.4279519800929785,0.03511555241194368,6.722404474048276
1985-02-01,-1.2745163388413692,-5.485112633413497,2.708926927360867,5.285718532694292,0.2177362454756874,3.2209211851510715
1985-03-01,-1.5116048838939733,-5.088635795298568,0.90364965659584,5.061978437658384,-1.5984886653445474,3.7410941802450464
1985-04-01,-0.4801966079552361,-3.5582001328551076,1.3318116833693514,3.697026632276796,-3.5551822090979375,1.4396505448218426
1985-05-01,-0.45831195561029764,-3.361949937034246,2.220206561048366,1.625050766615794,-3.3667581653153538,-0.536530232793837
1985-06-01,-0.8501215594771293,-1.917717589443877,2.863882248913007,2.342182727788952,-6.961978065475005,-3.954067920508685
1985-07-01,-0.5486093263239405,-1.8710925642228546,2.4458622665738767,1.8975579935913789,-5.663192349285276,-3.597193904326012
1985-08-01,-0.9729742144759854,-2.3888503998182617,3.053004862754578,3.1981819744315283,-7.028703861111831,-3.877673939067571
1985-09-01,-0.567343359820126,-2.500519570571763,2.494314478308613,3.0739346574823743,-5.224814707236852,-2.5382549062590742
1985-10-01,-0.7390940132299767,-2.4711481622593077,2.597567407108386,2.9851597546509336,-5.449604474737694,-0.6736226517129174
1985-11-01,-0.6574561483507444,-3.8262452080042393,0.8944031807600598,4.529185547687147,-4.194585608406853,2.674558470345614
1985-12-01,-0.7830059689293906,-7.422124322829877,0.3461158669240814,6.242356965031043,-1.9482558443467586,5.058515972609648
1986-01-01,-0.6990833711192248,-6.3990134722867085,0.46198117591021787,6.11672505987495,-0.3720952718900137,5.505855116699875
1986-02-01,-1.0739331248577277,-4.596149722945974,0.5890737398720352,5.381037029633948,1.049660440508447,5.47076592746153
1986-03-01,-1.250742615320733,-3.875406422867764,1.5082741231975223,4.65706727535843,-0.9549594292582891,2.848362711045795
1986-04-01,-0.9526859144702224,-3.899365541129801,1.6067155412142866,3.4165903065059773,-3.1251792334587596,2.6976578524703925
1986-05-01,-0.4705874710926416,-2.1838740410852617,1.2268705532590016,3.6015402608198563,-4.558289229177116,-1.291276919472496
1986-06-01,-0.42030794007605415,-2.468004365999653,2.3777366839918974,2.137211098934476,-6.415081106598155,-3.343548836908632
1986-07-01,-0.27079312107992193,-1.5742696665794293,2.2344622006550217,2.467169590553963,-7.468698785556183,-3.3564358853566936
1986-08-01,-0.8169218635285425,-1.9156313431229457,2.113712659492098,2.8940568283690578,-6.821626636532451,-3.2766150360450155
1986-09-01,-0.8004727100545358,-2.06181411223297,2.259527887003405,3.04609578326959,-5.821006591933477,-2.2304939497898038
1986-10-01,-0.18706983160927584,-2.319250112942005,1.409356923484971,2.272362345447168,-4.688807496024437,-0.2171571703054334
1986-11-01,-1.6276710929689497,-4.661820542186723,1.4995486799108646,5.702017458056862,-4.191982432122705,1.854863624444096
1986-12-01,-1.3908578477345128,-6.215685794026948,0.38507542389204225,6.210561731056826,-0.2400996278245666,4.494582989643677
1987-01-01,-0.47275202792623716,-6.471697694286374,0.15902494092311117,5.927228470322155,0.14817082642185925,4.730041462115934
1987-02-01,-1.507349718285273,-5.397362000098626,0.34615454337243523,5.686972793229015,0.9641755771272903,5.443805205431082
1987-03-01,-1.0638129897260555,-3.2709469521902728,0.41151469536697327,4.500377552644883,0.060293644405484084,2.5395655068574556
1987-04-01,-0.9809003575296541,-3.364212977626061,0.8277542225831392,3.3911459464243054,-1.379867835311521,2.450808542114997
1987-05-01,-0.02277817103129253,-2.370990972757112,0.4233976571652964,2.3730811603915947,-2.7487532215202033,0.3091050568315834
1987-06-01,0.08149984457144965,-0.9301743521542026,1.99612366184574,1.3857418144807099,-6.6352509070354735,-3.021041701897127
1987-07-01,-1.1618938796289962,-1.8702797901494184,2.3665706733833947,2.7704257818799882,-5.089986538774608,-3.81327754144827
1987-08-01,-0.12426279926910723,-0.45361169924244116,2.031925026952191,0.5558664250193653,-4.923730670609274,-3.2552232093673474
1987-09-01,-0.5305224310210297,-2.6092233060607146,1.888459225573494,3.3068646252832457,-4.72857024073759,-2.187561986503516
1987-10-01,-0.5281574039663477,-2.1095581536300516,1.326642193970994,2.691736012776852,-3.872114140792735,-0.48603741163060266
1987-11-01,-0.22298192243235765,-3.9662705634070106,1.1847645544463252,3.664376670982923,-4.139955556906867,0.7344154211914553
1987-12-01,-0.9641428782431783,-4.984570138806364,0.39306734189465675,5.810358331390848,-1.7867367543816215,3.8489746679761274
1988-01-01,-1.0050059562259512,-6.073245671688263,0.8131916116673449,5.045707958384166,-0.13842217839253934,4.156167518242377
1988-02-01,-0.7263106050520004,-5.510387307243575,1.1002665516375765,4.3064564375848855,-0.14607334478833567,4.564585353698031
1988-03-01,-0.25101059777798196,-4.590233961002738,1.4447687345912479,5.262163947666893,-1.4943688762313643,2.854756108724428
1988-04-01,-0.9961704707294856,-4.930022467326395,1.091468714367266,4.454563997060962,-2.492261683696188,2.4960925201691113
1988-05-01,0.1949652376490486,-2.730470432993034,2.5173159916982217,1.0469867251625746,-4.676563381181738,-1.194608990103224
1988-06-01,-0.44694860511681855,-2.55642595342549,2.7259642924453678,1.2107326354979187,-5.44234868244218,-2.991159787048047
1988-07-01,-0.3490068949587775,-1.70122630621349,2.2560012357955452,0.7999582458233729,-6.060782329978601,-3.6903170999801658
1988-08-01,-0.6441938415085477,-1.521647454274834,2.733937102918751,1.4063656367116468,-5.3666389474505864,-3.616947201063492
1988-09-01,-0.6424849983882129,-2.4337223019780416,2.7775668945755245,2.167486200054571,-5.10585621985306,-2.977638707578188
1988-10-01,-0.2198450839731699,-3.561153250855551,1.5964883811630297,3.6506230595948863,-4.220876113710783,-0.2133856376348489
1988-11-01,-0.25484239015973437,-4.197944591055084,0.8342817066880448,3.9706729386230073,-4.086713708662694,2.2084009602225243
1988-12-01,-0.4983777263089179,-7.206821853346936,0.3966765247594906,6.370999181874951,-2.2222406518221294,5.489908286404497
1989-01-01,-1.3354177107845924,-5.567360005965726,2.5666448511965085,5.99163539681809,-0.7662509311862274,3.538499483381896
1989-02-01,-1.4706495799867743,-5.9001271942029545,1.79938501123246,6.38998023397262,-0.7538808999357307,5.385850095659066
1989-03-01,-0.5648577271579623,-3.6216033652918536,0.5444603139406963,3.934812998828226,-0.9454779886140001,3.5487344198969804
1989-04-01,-0.20414336063472818,-3.3375683694998055,1.112527984807464,3.079777813335928,-2.03188829523121,1.874193011346509
1989-05-01,-0.3304804077200968,-3.511435091797269,2.6593435727723893,2.5639701981838083,-4.849521820401915,-0.7250283773618041
1989-06-01,-0.40526398213924025,-2.7387252783136495,3.3328393067743605,1.1043959378146164,-5.368997669652517,-3.1251962966191136
1989-07-01,-0.4802436525573751,-1.4220793865690633,2.7407260859367732,1.4870355184045467,-5.738985341890713,-3.6100848942379544
1989-08-01,-1.1174298708435302,-2.2895455573208823,3.327562771461744,1.8740466196944938,-6.415818598573845,-3.3857114086882847
1989-09-01,-0.3011263593748706,-2.1095513862802227,2.4771212748697926,1.6819690320639709,-4.570375242797581,-3.460653914246413
1989-10-01,-0.10531514718375215,-2.6213877074740317,1.5799648698499027,3.187796831537215,-3.8917288491255273,-0.3245210954651781
1989-11-01,-0.635349820094647,-3.6630407004085224,0.5867014884716808,4.2421050072530475,-3.6069735756882535,2.2027882073438816
1989-12-01,-1.150492313037782,-6.21823882596157,0.5376338559814107,6.616711199975462,-0.7222362683895294,5.389393988128076
1990-01-01,-1.43514622270222,-5.634500566009215,0.9444327618068549,5.276959276761487,-0.4313808853782237,3.937125684440344
1990-02-01,-0.7077693665316146,-3.8634578557599477,0.7502879703567507,5.3922650178402725,-0.3293447231680021,3.965942173260226
1990-03-01,-0.8199884557217278,-4.507217265536723,0.6660887044438658,3.7682494680723053,-0.470893688415068,3.4282819552037616
1990-04-01,-0.4116737674892391,-3.74223846348817,1.3014320402059718,2.275796257766529,-2.681794967652036,2.203179684584789
1990-05-01,-0.01729173663569349,-2.674828621534314,1.9674797796998997,1.5233488260877894,-3.2755672539698746,-1.579110695738639
1990-06-01,-0.7130896243468533,-2.5893239640870935,2.896966759159542,2.403467030444384,-5.454816416325059,-2.909001952098582
1990-07-01,-0.5069540314458898,-2.1577514313506416,2.434352090032277,2.745474644502534,-7.15987644036762,-3.6270825921480156
1990-08-01,-0.5811005328971359,-1.332596766828714,2.675466622555115,2.130725565424197,-7.060107987673481,-3.499569495827842
1990-09-01,-0.399206543246055,-1.5207428568768386,2.4454297612925666,2.517471351163095,-4.54115459351738,-2.9595393916084753
1990-10-01,-0.6821323440763507,-3.796516387002823,2.009538115103001,4.742694066368,-4.182252695776892,-0.43823485098828896
1990-11-01,-1.2817178442001123,-3.860773152711587,1.505919891254005,4.986695102345445,-3.8425358956502955,0.9083442116050543
1990-12-01,-0.2582765012931307,-5.4245138693683606,0.3908354533140222,5.798014804038582,-1.3783793733160834,3.6304880208924897
1991-01-01,-0.734026088799178,-7.250183854931491,0.9138848049307656,6.213703151265921,-0.22556666697925698,5.256472793444815
1991-02-01,-1.017318395734566,-6.306006179336624,0.13424322764254176,5.469149106856772,2.0396695576465023,6.034563052174033
1991-03-01,-0.7592694573242188,-4.102389869784767,0.7331695584462066,4.253293971563988,-0.635807890759413,2.677646083728873
1991-04-01,-0.9468078088004658,-2.929942048949554,1.3017130291143555,3.330431796753871,-2.3784705837735567,1.041671152149856
1991-05-01,-1.0876634814793318,-2.315683464897084,1.681235521144831,2.111795913357816,-3.23930924708373,-0.24978798674052752
1991-06-01,-0.47211928231207917,-1.9043870583180762,2.0689323425279316,1.822672827654957,-4.968831585512247,-3.1117751287918076
1991-07-01,-1.0108904489876482,-1.7166442723981072,2.9707221633047833,2.3258931741367084,-6.268634735451506,-3.7757718583265145
1991-08-01,-0.6632337460068278,-2.0051099036407893,2.6410195485611103,2.4278672668524424,-6.271298618037964,-3.354494804860449
1991-09-01,-0.6518851193775556,-1.2964746623617376,2.080810530679155,2.992745521516037,-6.215868290635912,-2.630902978223782
1991-10-01,-0.5215694950573541,-3.0762054714865448,2.0556828885869796,3.6434867811638005,-4.515065868706638,-0.858084269918419
1991-11-01,-1.1119420782178713,-4.621107988920608,0.5834051098011999,5.811126527551179,-2.8286946864276197,2.5623706384102354
1991-12-01,-0.7826435716547173,-3.6059327225751048,0.19263395080675744,5.612392744256816,-2.029299540237313,3.612821382877279
1992-01-01,-0.02108662013575597,-4.235000469963483,-0.5405187872496994,4.928862281064949,0.3232847609138475,3.885777132346636
1992-02-01,-0.10849500199150008,-4.137718640801781,1.473707223560878,4.567726686098188,1.0739585543993964,3.7209422094030398
1992-03-01,-1.2348753590743353,-2.944972965939622,0.27260218577658246,4.749133071878603,-0.7694438583137287,1.992464269014344
1992-04-01,-0.7243311946710218,-3.3941760970473145,0.10355249374574652,4.104652299087899,-1.7673496391926176,2.6303570924333703
1992-05-01,-0.288296827068254,-3.0571805332347757,0.9238173485755234,3.6726669002459884,-3.1540916964921917,0.09297445893508853
1992-06-01,-1.1302453482255446,-3.205156901021611,3.1372531732436393,3.1456823291432734,-6.103904836129336,-3.253725376986629
1992-07-01,-0.4674331274570621,-1.5050215274887166,2.7174513162077996,2.4522695747879832,-5.5803600425728614,-3.4731615975274504
1992-08-01,-0.300313608920605,-1.2397367290570473,2.135137221226148,2.4624156980548073,-7.89544537091775,-3.7193041250517096
1992-09-01,-0.4773931884485793,-1.4209885620410758,1.7383487107609847,2.7677236623782324,-5.244017297197395,-2.1616448402167894
1992-10-01,-1.1672291545871127,-3.0562126465189077,1.3687329000544897,4.764636199686563,-4.301020682039997,0.0010880933861220602
1992-11-01,-1.0243966312187445,-3.707862476862181,0.14079615329951092,5.869895029278072,-3.827827310674827,2.6210842404146866
1992-12-01,-1.289840246825299,-5.394571592235883,0.7550280283449403,6.12672319828438,-1.873586394658071,4.9067871225013695
1993-01-01,-0.4036072899202985,-4.101581636382962,0.16239886565129844,4.548078140580174,-0.37527289431847566,4.31690858042922
1993-02-01,-0.8480187395425282,-5.298708504816794,1.1752785310165286,4.218034344136612,0.78816856450648,5.238266059875677
1993-03-01,-1.0991171133392563,-4.567274046967973,1.0573097798959175,4.539889977616373,0.19943265750924244,3.241940703811257
1993-04-01,-1.0176519261724604,-4.00844156750282,0.9066372674084616,3.8641001274113194,-2.351883086744218,2.334591895238591
1993-05-01,-0.7483517201511503,-3.1491782796070824,1.4785137220228708,2.1842474034454287,-2.998221564236106,-0.12595532548739088
1993-06-01,-0.20041007961657872,-1.2979465773576242,2.0772926850811,1.704423747391207,-4.950572713663604,-3.2468720649676475
1993-07-01,-0.11091025822006355,-1.602961683807173,2.90770433204651,2.345012480550648,-6.7792929012912335,-3.433368586778378
1993-08-01,-0.17303082654699922,-1.1754371134037946,2.2240517558400854,2.1880623192868196,-6.308034871050567,-4.004989361471907
1993-09-01,-0.2075846978371268,-1.2692284859352312,2.0297012722187975,2.945944575379379,-6.379368658771179,-2.878103689792178
1993-10-01,-0.3351138756911094,-2.7938032957454046,1.5655936513943032,3.0845344013306177,-4.646539418292208,-0.576605000817586
1993-11-01,-0.4300745880099226,-4.272061417667619,1.5909472334624866,3.9788283055956972,-3.4654266826451723,0.8014216423709885
1993-12-01,-1.0549805441633766,-6.498253327350284,1.0270000305334979,5.8791197765511365,-2.0782546008294056,3.096785184692358
1994-01-01,-0.676662336656474,-5.99567588945156,0.544048299167158,5.2012077776337895,-0.033249128623422046,4.790713466687852
1994-02-01,-1.4307089610346326,-5.480547399950211,2.0308049527218297,4.553579749190877,0.6159241723670791,4.030996764850471
1994-03-01,-1.635934237226866,-3.6283595975120457,1.1064921788412758,4.57239851624339,-0.346514920960135,3.2004820105122747
1994-04-01,-0.6836347964349995,-3.620525558610954,1.154535045802015,3.084435892481356,-2.0951686842938066,1.9282313288596813
1994-05-01,-0.5435669483029609,-2.9647940109266373,1.7199933636965914,3.356728426967383,-4.702679668008629,-1.241967121997464
1994-06-01,-0.7820527484681591,-1.6174182732027296,2.5204457038094072,2.4090763512922733,-4.907773138998902,-3.3904491775904644
1994-07-01,-0.7748063066143014,-1.6503539018319768,2.4421649274645794,2.213684555854873,-6.540425797517751,-3.763880237490298
1994-08-01,-0.6980794294480787,-1.349052719327114,2.5011222683136594,2.0782820386124023,-5.314646853958158,-3.447656045854766
1994-09-01,-0.7703557567166655,-1.625341983388862,2.1797935784718847,2.9566457351317936,-6.220194645930002,-2.8800010181928055
1994-10-01,-1.0633876123239459,-2.5770480811440066,1.405513483801954,2.982024588601486,-3.5091176977939345,-0.8967309641473107
1994-11-01,-0.9115406737474729,-3.9603192525808577,1.2927261895637576,4.638979088602227,-2.132048714521057,1.1904383553591937
1994-12-01,-1.3457475746624208,-5.599426836279551,0.9583671705812788,6.431734408546756,-1.3340041155298004,3.5650905973161677
1995-01-01,-1.1186222238682015,-5.637551011977607,0.320533628611684,6.996657082022387,0.13280460632868396,4.689455566934801
1995-02-01,-0.9857365349347629,-4.950257764218613,1.021606883087475,5.919831062086224,1.0429668396039316,5.319318681327644
1995-03-01,-0.9374385183732743,-4.390449210122964,0.3300446029711552,4.63223357676775,-0.21844018581160263,4.096126265176433
1995-04-01,-0.3974897805568226,-3.3580608600678126,0.6862067679082373,2.5807558218912927,-2.5535884723904956,2.1341074313104333
1995-05-01,-0.07191506072006783,-1.6133060868201945,1.3452853052863916,2.4691119184884047,-4.611724600299821,-1.2783294853129705
1995-06-01,-0.33410976324675806,-2.197440312301266,2.5450236963888906,2.1214719057045235,-4.946792186995909,-3.0819930563361346
1995-07-01,-1.1519417779714698,-2.4707231140675883,2.4784328303882983,2.8115931174063173,-5.430203141497888,-3.7202235817483142
1995-08-01,-0.5049466069774606,-2.6712341071028933,3.0882106172121304,2.500591529920966,-6.907000695967127,-3.343188835822448
1995-09-01,-0.2715027791543308,-2.5685282281000763,3.008452162403294,2.5126852610668298,-6.977797211851567,-2.8430709485056815
1995-10-01,-0.3215096426092665,-2.412047807204281,1.736636589658021,2.785328981544067,-4.956542132307628,-0.31010641907288955
1995-11-01,0.17064954360064316,-4.784160042729562,0.8520284506890737,4.837999005095487,-3.74055817143685,1.7268873909129792
1995-12-01,-0.744194197825283,-5.368140408666535,-0.3651883569654375,4.737090342043453,-1.5895912400251142,5.6899421701385
1996-01-01,-1.0436583321650998,-5.600442485841986,0.5327093762963324,6.6912339039845765,0.5527770500665381,4.929200885529084
1996-02-01,-1.2467762009303804,-4.986330882826177,0.5327634024359843,4.649786401063099,-0.06531472625725718,5.3339258418579325
1996-03-01,-1.0097756834243778,-3.942526474009696,0.8087715698516337,4.173141044372722,0.00749765870009136,3.596254244477964
1996-04-01,0.24941026652518733,-3.442079417814592,1.0256266944203205,2.112585558475244,-2.3799084641432184,1.4615295847052843
1996-05-01,-0.44948231026828944,-2.6061646539241616,1.92104274989852,1.5675727713617635,-3.7124901279878055,-0.9492819595845984
1996-06-01,-0.35347144358190524,-1.619494585481791,2.6510888463926525,1.5547885103842372,-5.815422381219487,-2.9304046912998634
1996-07-01,-0.42685867292812973,-1.1529348555035936,2.9291202137866623,1.1132535225627451,-7.7113334178543536,-3.987996959081916
1996-08-01,-0.17793239668020192,-2.032114280801911,2.4545300936255976,1.6961043807729048,-6.363948157077044,-3.0697566435013512
1996-09-01,-0.23446915517171507,-2.350906425548477,2.6316556179736006,1.8435607571707149,-6.511047099740718,-2.9898535612423736
1996-10-01,-0.10272286008984584,-2.425028321716285,1.8016436485721257,3.6024713856071737,-5.190272624263626,-0.3820907462877874
1996-11-01,-1.4911156173632913,-3.96231296571872,1.6563899791312653,5.551154458997366,-4.095247144040007,1.6962259904312071
1996-12-01,-1.2646263844139805,-5.646955934210822,0.7162564237066276,6.438993725360835,-1.46151772383532,3.9250208422103587
1997-01-01,-1.4573225830862564,-4.770824981648031,0.8641379720713653,5.169332489565166,1.6716253163521044,5.906104559755459
1997-02-01,-1.552506205398324,-6.4665619928920615,1.775679252079937,5.747782679451197,0.14823671532062926,4.666476555885247
1997-03-01,-0.7030723545834195,-5.555789512808131,-0.2801745236367641,4.884489750160708,-0.7855861904147949,5.07836715471932
1997-04-01,-1.3719536862993844,-3.942931875122208,0.5922144951954359,4.296695766546457,-1.7582851906360484,2.4019255981398513
1997-05-01,-0.5803429579144807,-1.7851978227826435,1.0524168507283311,1.6406753393033777,-4.1846472246988675,-0.6462881064393609
1997-06-01,-0.8342264112086563,-1.6235305090317789,2.339032977907228,1.5421012717775118,-4.487171256855847,-3.4700433547298593
1997-07-01,-0.26355023579016995,-0.7959598625504417,2.6273954287699817,1.1385477271686315,-6.635228096351935,-3.724200539107034
1997-08-01,-0.6001612862950488,-0.7809602962908739,2.226237003036552,1.1137896903514373,-7.4642980432335735,-4.022188534452464
1997-09-01,-0.8255943611742619,-2.1165276579340597,2.165882117191215,2.158250869816801,-5.433810946684674,-2.9627303852097415
1997-10-01,-1.1159044090382646,-2.4634690413246485,0.8575157410789584,3.43360961513615,-2.535402358104758,0.05191834132261352
1997-11-01,-0.2916353983905915,-2.938753133818357,0.8781158873547147,3.14812739795104,-1.121163267293569,0.6513063163359215
1997-12-01,0.06381494670695516,-4.649081242188668,0.787330898945589,4.12029589575215,-1.066895283607674,2.332895487381807
1998-01-01,0.06868273814677078,-3.356474816676083,0.6059505088423693,3.7349614193095886,0.3195874849903126,3.9821502666857356
1998-02-01,0.006920788493752798,-3.404291390129516,0.2567419187559733,4.0186568369632525,2.3794064622523377,3.5328318007491055
1998-03-01,0.3576083524727185,-3.0655994043515884,1.1918085546257973,2.518990992465544,-0.4430277477593064,2.740405564653176
1998-04-01,0.5956181359210407,-0.7446014013301702,1.3423978614638281,0.11724617409675529,-1.6534311598966829,0.8384737593583215
1998-05-01,0.47531317634306963,-1.2084416873004848,1.5947614824356726,-0.27317417427027085,-3.0434445669329557,-0.7532604053559212
1998-06-01,0.47731084147347774,-1.6960734084076203,3.049590505381616,1.1718408957824376,-6.794480060239159,-3.1576826565181317
1998-07-01,-0.032042225610570504,-2.2978356442185146,2.8639765262338477,1.2613625016157461,-5.177593796730026,-3.3592342505951884
1998-08-01,-0.44416350600482657,-1.7700967645600865,2.700065015111494,1.5208730050281345,-5.1776086325172095,-3.1871227896602994
1998-09-01,-0.15207839734779083,-1.5806959880289198,2.368551621708124,1.1822565979800064,-6.887366642908062,-3.322905186219291
1998-10-01,0.08315065602287638,-2.248943120550097,2.088897605887701,2.701630129472951,-5.0957993348010495,-1.717086748923709
1998-11-01,-0.9443396351120849,-4.179500881049471,2.010757788396642,4.483755537043634,-4.533294669689503,1.5420314217506303
1998-12-01,-0.9521114693545358,-7.0317606444563365,1.6422134154447687,5.435961358097561,-2.981734850970439,3.946615679960006
1999-01-01,-0.974787945525429,-5.905827204345147,1.0410538720471922,5.63695735752572,-1.1656891248196266,4.4201631292321855
1999-02-01,-0.9667711066311268,-7.037517380396781,-0.3836228148941426,6.777759394365546,-0.7828099855436529,6.062785581316382
1999-03-01,-0.08545743280187486,-4.267806490287392,1.552897060019447,4.033774903862815,-2.1429358359034154,2.3833187079445484
1999-04-01,-0.993755053458456,-4.286048019019488,2.004160612015389,4.455600667212118,-3.4122887673890023,0.5702842297772968
1999-05-01,-0.7717867997751304,-2.7099896348516115,3.039601749437573,2.3121425376382017,-4.032921867115495,-0.9879958500987359
1999-06-01,-0.40135417386448824,-2.2189842227956,2.8127220835115248,2.196215760135532,-5.273644648175952,-3.4311191653223494
1999-07-01,-0.9196132173044854,-2.3218437758139476,3.306790545963724,1.6041145762271696,-6.204931989760667,-3.888740052652784
1999-08-01,-0.3865681920687323,-1.1720472364864323,2.838434558618452,1.1822151650355024,-5.428940340839212,-3.8714920196732256
1999-09-01,-0.1776062241992629,-2.2625261363090026,2.4836300612268385,1.791016483558568,-4.894561177373344,-2.9551030020184945
1999-10-01,0.6573310701514626,-2.7311297340766845,1.4206326492590864,2.8368566641200315,-4.665137940117464,-1.200790737816886
1999-11-01,-0.5489537857642958,-4.278681363411533,0.6204751750276957,4.109667388244392,-4.139480702227152,2.758171805962686
1999-12-01,-1.0718457906060201,-6.8340723943292625,0.9487784454121876,6.24902239590876,-2.47647384577718,4.583806770593002
2000-01-01,-1.4710635180493417,-6.801418741507482,1.5878790931584195,6.247690635315942,-0.13459585094197207,5.148966119957325
2000-02-01,-0.9070896041093298,-5.834584071322864,1.0815479229410503,5.842934512692885,-0.10587100617242266,4.464879527151646
2000-03-01,-0.8203461749172483,-5.468717427614211,1.0851602301942371,5.142192753493514,-1.5349747283676882,3.748740559497537
2000-04-01,-0.07988181865118134,-3.774233847751847,1.5665846100936325,2.341843948959958,-3.6769842893623172,1.761014875293824
2000-05-01,-0.4653905369113887,-3.0798499754353443,2.1264371809149063,0.7422737707526431,-3.564051367743533,-1.009295060769985
2000-06-01,-1.0774007842149569,-1.9385529958579903,3.592959449866704,3.1568269881925746,-6.39367467485609,-3.4082427206914554
2000-07-01,-0.33526564171027057,-1.8452652042265107,2.817608225907243,1.360960759774377,-5.817156702638607,-3.795056857352882
2000-08-01,-0.421843903892633,-1.72400115455859,2.6124212897182595,2.3382859583343496,-7.546438211166218,-3.5418491764701945
2000-09-01,-0.7780692592203392,-2.4149026216999885,2.2829168540485902,3.14019349657704,-4.236162941136877,-2.9445664574387655
2000-10-01,-0.2074329813431365,-2.9636926467756695,2.0303305837080172,2.9752395234172115,-5.679209255289006,-0.5642725732967574
2000-11-01,-1.051985103618414,-4.3037335640897645,1.645408083701479,5.035691626986687,-3.570615456183549,1.618317261538999
2000-12-01,-0.38147331778025556,-7.105192034900981,0.6452079658592874,6.921680972367388,-2.252262448930076,4.346481992622333
2001-01-01,-1.5076516705397471,-6.055744044190204,1.9680390552734475,7.010694105725893,0.8876139616495284,3.392233887789233
2001-02-01,-0.7336757807200426,-6.679451513261673,0.5303282369438064,5.824806103908373,-1.9484057108418005,5.130869295155495
2001-03-01,-0.754603913151202,-5.690226048798812,1.2030830101892842,4.568247665503984,-1.8057734846261704,4.04484186748701
2001-04-01,-0.5229573836705558,-3.387354793683107,1.7634182926123125,3.235531639128978,-3.597341003674157,1.5043020729709884
2001-05-01,-0.7037227837447395,-3.2025593785126407,2.051324169101014,2.9704260474020083,-5.557402211590278,-0.6761033690391854
2001-06-01,-0.9969519062962033,-2.183933334671624,2.765670615634424,3.162534854111096,-5.0937373814826294,-2.8042131652104825
2001-07-01,-0.7764971784512806,-2.1014571752461526,3.0054417359899857,2.488674793018558,-6.682822806055483,-3.057842843705301
2001-08-01,-0.8148705832705307,-1.5683446629239792,2.7991433640137147,2.0218900070423573,-7.473896636275702,-3.3275561921807166
2001-09-01,-0.24382847415083084,-2.1177804837661323,2.133211330983209,2.9360132237470635,-5.625398099458084,-2.700190886269111
2001-10-01,-0.30700285271090855,-3.3513801026917482,1.782889060280379,3.3349254340415997,-5.245397823685216,-0.3061597207957112
2001-11-01,-0.423815703866082,-3.9938696784834122,0.48531834965513404,4.832874094353975,-4.053783640804687,2.938218298976906
2001-12-01,-0.5778398936424392,-6.0928538033006445,-0.6860680722265677,6.862464968126048,-1.9659476898626653,5.511289419044434
2002-01-01,-1.4190371444767211,-6.615860763648683,2.063245034220061,5.674500371302783,0.005040729500539498,4.482823170024033
2002-02-01,-1.0820851759936048,-7.0614444911711205,1.0905644457407895,5.845546132275617,0.7526795215481973,5.1172092906257225
2002-03-01,-1.5925824331232359,-5.1366251564936025,1.7435358234198528,4.8334092007153995,-0.7739791775445585,3.4984983374228076
2002-04-01,-0.6592676164252886,-3.1003997599617463,1.2064360585726075,2.992561757278581,-2.8433657579393947,1.6959778613883836
2002-05-01,-1.569528839891735,-2.858869462961157,2.672794749777368,3.3385502916361625,-3.842263069220748,-1.209762873912657
2002-06-01,-0.9431031315531916,-3.1091750772335893,3.2370590779085155,2.248753017763585,-5.504114256476069,-2.783762560585125
2002-07-01,-0.8713670071071862,-1.6968888103839943,2.779457668005899,2.4503184693011533,-6.419160786045358,-3.7130682747484816
2002-08-01,-1.2935420181035913,-1.3980186824239693,2.8478168901723957,2.2277227082744973,-5.734929171615279,-3.521107506151618
2002-09-01,-0.49289842845027715,-1.673808048832326,2.4999780419870574,1.992244080984145,-5.810407402583263,-2.6804694143477525
2002-10-01,-1.6862670320150537,-3.31468796499523,2.11399324930846,4.966241605219116,-4.412889343740396,0.0794480017738945
2002-11-01,-1.048897171608044,-4.773456049617294,1.2956512787521544,6.595749427609683,-3.0521694028121806,1.4226250879920965
2002-12-01,-1.0887456659924735,-5.335299066788321,0.74049298282463,6.260316411788652,-1.3620080949777118,3.0918632466989573
2003-01-01,-1.2298914979613154,-6.306238899904011,-0.13861412828750747,7.641087607283996,1.4749386141478513,5.649113142829221
2003-02-01,-0.9506724758016408,-5.588269806589687,1.479370551788052,4.096385040669715,0.6974798973705301,4.983738486374516
2003-03-01,-0.9772848722810772,-4.4668298216297035,1.253142785496206,4.016211397615827,-0.42431081665695947,3.4865352604098394
2003-04-01,-1.1066918452550711,-3.16334434741994,1.6765047325181859,3.2094760675886826,-2.6303755026991364,1.2760389225408943
2003-05-01,-0.9722376080941986,-2.2514197738355004,2.554556729027046,2.654598334423998,-3.727082143760474,-1.653186912627754
2003-06-01,-0.4197941886366695,-2.372026784767641,2.1485697360499416,1.9232440971264824,-5.521829940784294,-3.5824173598944085
2003-07-01,-0.4452434607308494,-1.124340641153897,2.509385591651177,2.5447331498827017,-6.5816966046005465,-3.3884343078233483
2003-08-01,-0.13193123919221791,-1.598108842380024,2.086075671662347,2.263014561781399,-7.003496140979969,-3.813362060829039
2003-09-01,-0.23458451455297183,-1.4551703653035633,2.098730474084283,1.442825316316762,-6.796427435323608,-2.6367933623885516
2003-10-01,-0.524118313484914,-2.888727983642343,1.717650741967221,2.9410605173267115,-4.988679304540813,-0.8126769773229046
2003-11-01,-0.878102711371352,-3.1359700072978844,1.4484316548192795,4.55130853919406,-4.1269188418876315,1.5826610403611796
2003-12-01,-0.5424117091711538,-6.634852425870614,0.4708582234667728,5.781473776250556,-1.7210617711554705,4.355784453375587
2004-01-01,-0.3364732948819214,-5.4163686589094775,0.35019634254893967,5.3782282092128515,0.48901806921856383,5.690839791042931
2004-02-01,-1.009168437685659,-6.4124511797000086,1.0012383401463991,4.625647674131629,-0.13638332541668544,5.693970934051873
2004-03-01,-1.1715165676235026,-5.182805400307731,0.8828955855352464,4.332739064568163,-0.8418241768023774,4.1986523711071815
2004-04-01,-0.9641242457341509,-4.041503084062977,1.5937993021060817,2.7995672721245035,-2.4029472021781246,2.3469940770639797
2004-05-01,0.22023128767506508,-1.19733199786947,2.029091993338676,0.724038946448608,-6.338850510277609,-1.884997296831648
2004-06-01,-1.0754654405776172,-1.4646106876738334,3.2747659839230683,2.6280982367522503,-6.759149730136032,-3.022383905003496
2004-07-01,-0.8098739506177912,-1.368799001683117,2.192345822866725,2.1011778448121756,-5.293969881883732,-3.495964032490413
2004-08-01,-0.833122334117093,-1.9810011722587209,2.4118846566179806,2.978913121906291,-7.501442718877272,-3.572519651405084
2004-09-01,-0.6227979219400761,-1.819939691021856,2.3515898864688567,2.4492617056936417,-4.7576963409658255,-2.57535890490454
2004-10-01,-0.9342309748959879,-2.102266117727287,1.8498208129656182,3.436706132466406,-4.2548612758613205,-0.6185199107314572
2004-11-01,-0.44598835773549944,-3.3663818735306914,0.9232603999079013,4.738817255586545,-3.8573173752292664,2.184503150032492
2004-12-01,-0.8683328537759659,-4.997477145412316,0.9821476431933533,4.8315975349020395,-1.5773884827146534,3.8750008453784863
2005-01-01,-1.1404257861517508,-5.585431707902771,-0.1485292630351433,6.930982415286119,0.4635075398609046,5.349296295169053
2005-02-01,-0.21878272181378727,-3.9535195076195895,0.41520792247332877,5.23348841663653,0.005346461900462221,4.761003674095461
2005-03-01,-0.9668875019184142,-4.692646928124628,0.5904100586194213,4.73979360866027,-0.3626583357661724,3.614793091894279
2005-04-01,-1.0495115911242587,-4.009534414404859,1.4939198370982019,3.382788979672874,-1.4968655325081353,2.190650654503768
2005-05-01,-1.0588242321993557,-2.7081971674480716,2.1421250628593116,2.086489942968302,-4.546220071406632,-0.17202896062400097
2005-06-01,-0.10864871363659541,-2.146008252313045,2.8022554841347436,1.1471972831722521,-7.562908563476521,-3.0467583681199115
2005-07-01,0.00041918504913222463,-1.7358073136785201,2.290912572420408,1.9924059486481387,-7.8904803532301795,-3.6812632746170713
2005-08-01,-0.79598752124468,-1.3072454877722774,2.931473343064372,1.5669989365253083,-6.83761455369772,-3.6331342793947834
2005-09-01,-0.6587147041762043,-2.338553080401738,2.6795319211170585,2.7517991261235033,-6.892458052877973,-2.801715858042353
2005-10-01,-0.43046260507447537,-3.4484107610161545,1.8708648675738988,3.8632910419164777,-5.097454724159471,-0.6324240389048272
2005-11-01,-0.5939075836749317,-4.381175824909718,0.8560103217991903,5.850348080701485,-3.624277772299097,2.2891939057823256
2005-12-01,-0.27114089724729257,-6.4287287813384175,0.1373000786330132,5.7847394285243166,-2.0580235597953207,4.321409116291646
2006-01-01,-1.0770541722273939,-6.257871254200593,0.27302168735957144,5.647782497122581,-0.3762171094946755,4.667304745120356
2006-02-01,-1.7766176468468768,-6.033980903162815,0.8636338545418479,6.794980021512372,-0.544287580431956,5.018875510487733
2006-03-01,-1.0250545830435778,-3.9257877997189543,0.42481950608877467,5.007500816906746,-1.0862008747703749,4.195851270732705
2006-04-01,-0.2246637344742847,-3.466924450512459,1.2425843278860615,2.0153347724978556,-3.144003017894745,2.256549501503635
2006-05-01,-0.7989325331065655,-2.2795735134926307,1.7046831562729938,1.532247996730847,-2.70890002608673,-0.9641180554472144
2006-06-01,-0.954013909446659,-2.351201276293521,2.871583602858366,3.0297699206598394,-5.058394262834968,-2.8032494369191947
2006-07-01,-0.26759594259384706,-0.847670329565235,2.714282285861142,2.1466178377431056,-6.91382033874541,-3.872273263357391
2006-08-01,-1.1319831857387637,-1.1391097813142055,2.7427601261192445,1.5825683020897634,-6.0572281930884735,-3.4101286947009553
2006-09-01,-0.16570459161340775,-1.4355245984076896,2.0668366408272525,2.0736214719053105,-6.073106747983685,-2.7572175610325362
2006-10-01,-1.2099907780832717,-3.0714156219719095,1.828896322226659,3.9970653484732157,-4.216204081714324,-0.6454377323740034
2006-11-01,-1.3081119820977363,-3.650364275048263,1.4466210517576465,4.993850358286565,-2.1718020459039984,1.3433301750333537
2006-12-01,-1.4161873757522174,-5.5828604887815265,1.335278098385064,6.618796825521072,-1.9209707047308413,2.9580869905627307
2007-01-01,-0.8696191061975628,-6.221204929615559,0.5922031127280843,7.788370692545759,-1.3545860275738837,4.5928286837956
2007-02-01,-1.7837939413971735,-6.350151121363923,2.07051288528402,6.1474833178399955,2.296389529854441,4.666633741503334
2007-03-01,-1.2079846118330624,-4.434208977524788,0.9133922770407794,4.906431358946332,-0.0851776922905835,3.7466897564169424
2007-04-01,-1.0899863697402292,-4.987481085636316,1.2981278751914809,3.95334041782906,-2.1823907408385317,2.6634187054566842
2007-05-01,-0.1447689801247389,-3.7545121280830798,2.0403745176451973,1.94761477525036,-3.623552254662315,-0.9941609305081556
2007-06-01,-0.21690307276813056,-2.9355286088035326,3.1108278959483817,1.7279941570974537,-6.268307517181641,-2.545887967663308
2007-07-01,-0.43303387258433573,-2.1551291923240936,2.776552777924585,2.5274343105458947,-6.3610539371078465,-2.9951702265936744
2007-08-01,-0.6055034225882276,-2.4137685776166666,3.047303873098388,2.3149891226273573,-5.5839514254689515,-4.194128367481851
2007-09-01,-0.926143409318926,-2.6027306665250807,3.1985138446649253,2.5978244287385,-6.332712037409556,-3.063470666085355
2007-10-01,-0.5960617323184496,-2.822132425484873,2.2232098862104746,3.8384757877855025,-5.162784206682103,-0.8140354962603007
2007-11-01,-0.9268032000257523,-5.977679083712137,0.8559812168236911,6.33119760240264,-3.2911032728986434,3.1759399028304274
2007-12-01,-0.6161919605796401,-6.137236137355413,1.064753788171555,6.5152700459594195,-2.1176881685464273,3.7790932432931545
2008-01-01,-0.732241495101024,-6.459137925254058,0.9693853535590128,6.811994708878987,-0.7965964778597114,5.630217431170975
2008-02-01,-0.9536039084646606,-6.312786967051749,2.2430966282846136,4.993139992560515,0.022939803936079348,4.56739633094145
2008-03-01,-0.5959190970084375,-4.907928659783367,2.1029286931682947,3.8619970759563533,-0.9245257402362516,2.3991813735272274
2008-04-01,-1.3083756163446763,-3.6556855724639457,2.469352000033336,3.1844130274709297,-3.258162082778416,1.6272270291735167
2008-05-01,-0.8893232053156993,-3.3388855173582344,2.37481039545408,3.1308108808982915,-4.886932387965922,-0.8310440595692623
2008-06-01,-0.12148427059219034,-2.7755661247101173,2.6369168080675607,2.2762462189586654,-5.016812612869149,-2.7983488346394845
2008-07-01,-0.5462096671834639,-1.5888747145302258,2.8885536783087256,0.9008669925856507,-5.72945936497079,-3.9606475665741243
2008-08-01,-0.3848286791725156,-1.896723624048152,2.387370743262831,1.0695993954655747,-5.114344263282989,-3.5633842870839962
2008-09-01,0.2202433897579115,-1.2099520568225983,2.4682400994255667,1.0307736531082015,-6.244746040420686,-3.253023354495359
2008-10-01,-0.36868520624060724,-2.5876181642238336,2.162763331228731,2.6423944943119233,-4.669140505968752,-0.8366793008775556
2008-11-01,0.12653034110771394,-5.40056448030634,0.7167054486335089,4.852341657381797,-4.052316708635807,2.4640280548142366
2008-12-01,-0.8313061838185107,-6.0793485600448465,1.4272340564254544,5.164459652813831,-2.721875454528557,4.19650771226374
2009-01-01,-0.7901243706702766,-6.544462911830412,0.5507594438285525,7.022450479574755,-0.5227936660045294,5.708158341898895
2009-02-01,-0.8616354343623596,-5.361353184750671,0.9644636501694797,4.803401738237302,-1.0537571691710326,4.351855415217862
2009-03-01,-0.9931732490956684,-3.328388059028766,0.9672466073921829,4.384533038913665,-1.1854951200974093,3.6114560375177196
2009-04-01,-0.45342020871265476,-3.132611604903379,1.6549211784426998,3.289558650299432,-2.5705798422827812,1.139172556854757
2009-05-01,-0.23476690634049083,-2.24951948906938,1.5209072215103066,2.327500223496121,-4.9099291031541314,-0.6294086547757349
2009-06-01,-0.778565526126128,-2.2673994681066385,2.7443308391291845,1.9291393600183822,-7.541528239923124,-3.081249319764359
2009-07-01,-0.7989425870731115,-2.6802567344352295,3.1130302983098552,3.8815808665459635,-6.878073860828332,-4.0795858947844215
2009-08-01,-0.0015959841417072438,-0.45993365248992807,2.1718677229099037,1.345262404195672,-7.288834048644248,-2.984736822875093
2009-09-01,-0.14763129686925602,-2.280336728428757,2.302708248474496,2.4812451556931316,-6.912114938240941,-2.441760695928906
2009-10-01,-1.147513405072515,-1.6747726048810763,1.5789425236501144,3.8985948041501897,-4.923127462469794,-0.26250690404674526
2009-11-01,-0.4663198374858781,-4.479220482302333,1.0513534055232132,5.21343461344378,-3.4949374252976297,1.6962277726073887
2009-12-01,-0.8728953933486083,-5.856109439934689,0.3859348023961188,6.496451173404403,-0.3628065100364811,3.980352031922445
2010-01-01,-0.8752510678046158,-5.5431523005772005,-0.8502307449412498,6.075980112320212,0.9172785578405436,5.034059496513722
2010-02-01,0.08394068064266377,-4.203398679429158,-0.4577233102847535,4.958261274936196,0.03000527640520325,4.021405452635374
2010-03-01,-0.3637187464946128,-3.9595263460698735,0.3253360506899628,3.6943774815687527,-1.3420875060051576,2.792131114043207
2010-04-01,-0.5320948075916008,-3.3209640585945044,0.7938998818973363,3.4601620914884506,-2.741966583197589,1.8532885036846893
2010-05-01,-0.36423175302395217,-3.535160656857822,2.2141866843935456,2.562490194671764,-4.472145174658207,-0.8467177883305022
2010-06-01,-0.9016307126543291,-3.1243918070675645,3.1520212206835447,2.6951406460731073,-3.937661716809637,-2.8970666908421125
2010-07-01,-0.6066188876000265,-1.7489522609731616,2.8269503558639983,1.9730545418520569,-5.853550266863213,-3.9168443625699534
2010-08-01,-0.23893437159578107,-1.2693809748339486,2.8231768572123515,0.2696115937530842,-6.49211944515241,-3.722563386069204
2010-09-01,0.24386983711493335,-1.8266781857389773,2.4666412976451375,0.5702801660775176,-5.577327105088525,-2.81744238621206
2010-10-01,-0.024619027594210988,-3.242318025279128,1.6560057389894058,2.8446610932638987,-4.252319700474655,-0.8785779758599902
2010-11-01,-0.6542601080786266,-4.854693196441343,2.09139797722372,5.043769940563403,-4.159185162695556,1.7913929764933543
2010-12-01,-0.6275765293433498,-5.489905335323937,0.7703842194302342,5.425513084096049,-1.4835072712298871,3.6069241348569188
2011-01-01,-1.1190035038579371,-6.860301387886258,1.1299355419050883,5.660173711439203,-0.3055425828981909,5.8353220588613635
2011-02-01,-1.0979041255955513,-4.295335068693463,1.5246412816227906,4.794470381590049,0.4072586261046779,3.5539062254292935
2011-03-01,-0.250109806824618,-4.666892034663001,1.0576850832419415,3.1692733852194293,-1.727262189551418,3.4531560591413557
2011-04-01,-0.9847099388198927,-4.176745687958944,1.576672778985371,2.9388238614557367,-2.0334583450631416,2.2896047611665615
2011-05-01,-0.9486482720279816,-2.9187060262378464,2.3996477822319253,2.693849795981906,-4.2020526503678735,-0.9151616210573359
2011-06-01,-1.3803059861426752,-3.608188533625928,3.351221948546752,2.4015520053310273,-5.28479972865683,-3.3014815992766477
2011-07-01,-0.7932774020506463,-2.0984943674820116,2.5295194210298475,2.9602853873745607,-7.378216843094489,-4.035208956680508
2011-08-01,-0.9000229754181633,-1.709025654198498,2.9515701023089425,1.972151241350645,-6.343630526429329,-4.042968494287647
2011-09-01,-0.2833439883382758,-1.8422439490664189,2.3214911647230374,2.442979569033893,-5.644872000190106,-3.174110861829579
2011-10-01,-0.6661325604308838,-3.8349374645097933,2.0999529826123693,3.4098103845070944,-4.351563212092908,-0.7017108189698421
2011-11-01,-0.420178390388495,-3.8379216529143934,1.2015320143612644,4.54159083150685,-3.0933148394741754,1.6195130474325377
2011-12-01,-0.7428377960292034,-7.505005901750991,1.7684706698127104,6.396114462428376,-2.8462069881801035,3.3816781860862593
2012-01-01,-0.8134218208366344,-6.382256773585772,2.014158224199879,6.588291114897778,0.3698726742164031,5.276831574175061
2012-02-01,-0.8741279380093634,-7.208842430386763,1.5369026778823731,5.666588723210626,-0.9781786919544248,4.424127934317901
2012-03-01,-0.49109728222912696,-3.444082317803056,0.7988083753422728,3.8974665378037656,-2.3700730950507554,3.8585576762081626
2012-04-01,-0.6683133014956658,-3.820573499071416,1.432782715310184,2.9953261645655975,-1.874553247354773,1.8888484842028754
2012-05-01,-0.6913261760720899,-2.8413705848641246,2.1763821482445147,3.031355323554574,-4.064910926257705,-0.8598756742138399
2012-06-01,-1.348836777252766,-3.156403036321617,3.1257044571040997,3.536024434671295,-5.118607904554279,-3.4021973468017803
2012-07-01,-0.6621068269172158,-1.6980260163881504,2.824914793635537,2.337820886922622,-5.813172606399295,-3.656830563481249
2012-08-01,-1.3684201083665113,-1.3704119752349002,2.9467629069249055,1.3589662914020975,-5.916174683123872,-3.9035421155075
2012-09-01,-0.3837437814377461,-1.7217454375809964,2.7082260218558583,2.4768906230923085,-5.992111872710704,-2.925309859318498
2012-10-01,-0.8893306528362392,-3.7459985089150365,2.037385119345184,4.2019086397777725,-3.7558457213186998,-0.49596765837808127
2012-11-01,-0.547483784492565,-4.2051210437411966,1.0035043905157377,5.588959091936163,-3.3507264105816534,1.8249382623385109
2012-12-01,-1.1822882239547714,-5.08166607774955,1.5104930899956208,6.063741293277503,-2.122997695826295,3.1543576337935635
2013-01-01,-0.8253472258817028,-6.201873385149644,0.8412263843447357,6.525062096109913,-0.8508424263272182,5.3787079457122084
2013-02-01,-0.6628972266280101,-6.045121080544891,1.2292319597868362,5.502567570524966,-0.8332935297071854,3.925268185134787
2013-03-01,-0.962506261222142,-4.796167528390344,0.16655410197329248,4.649483548286153,-1.2742985980195733,4.922849691090062
2013-04-01,-0.7824170979813909,-2.6656105168641813,1.9627052709820336,2.9416084849172317,-3.246456420636527,1.905591900135655
2013-05-01,-0.3635047141615426,-3.200675892751826,2.297315204674434,1.9547022463188721,-3.7599360799937944,-0.9277653261608264
2013-06-01,-0.36511926845593584,-2.2832427293650146,2.786990670600275,2.2033238759392706,-6.2026212414540245,-3.2363764638240093
2013-07-01,-0.06120013576208639,-1.6348232293029774,2.808810653836769,1.5982055393276313,-6.107402639923425,-3.5642501402012563
2013-08-01,-0.9313374025536213,-1.3002699583411523,2.5936668047797857,1.2021339409475278,-6.62027235862304,-3.1515762762457085
2013-09-01,-0.5540083768811064,-1.650484894568536,2.583027598879157,1.7349857950777818,-5.4258236813888,-3.469311231302802
2013-10-01,-0.7113925427010552,-3.5086301474928274,2.1056302447322066,4.440857628227716,-5.243606772479278,-0.4502795423964077
2013-11-01,-0.6599169565520873,-3.8620551524647895,1.2248253282368404,4.823333377692722,-3.6685622182833697,1.5830905695738031
2013-12-01,-0.7186234252917253,-6.681610881393059,1.4319620214414281,6.046226406190133,-1.6589665885625187,3.940133801928364
2014-01-01,-1.4403266717839291,-6.7374538421884225,1.1772181492792821,6.0245729814719375,0.2113082370052607,5.564412727400722
2014-02-01,-1.384284271763583,-4.909423489386441,0.9756943508277279,6.051182427837694,1.777019800375476,4.160428247128136
2014-03-01,-0.9059120923432372,-5.664060171578911,0.18439717758894658,5.762320850415168,0.10575717555788594,4.700242830868723
2014-04-01,-0.07310874710094831,-3.947666043845892,0.7012074091033893,2.045650163260719,-1.9121448935494365,2.2186632491757554
2014-05-01,-0.42594156546610534,-1.776052579305431,1.671854751169688,2.920896926832282,-4.435530793494081,-1.0691273607095833
2014-06-01,-0.5919642849367412,-2.761228862780812,3.3142239635859636,1.6607135927763907,-4.162792797879233,-2.959765031914244
2014-07-01,-0.4278462149027506,-1.40581011820817,2.5536437546130086,2.7568658762352154,-7.729901329635404,-3.689750812768069
2014-08-01,-0.36103482103401296,-1.805150433431789,2.279493560776131,1.4588396011702467,-5.555426081397996,-3.5428702856276795
2014-09-01,-0.770685730038294,-2.458657081126772,3.0586133073485193,2.5033581079303553,-5.9829221826062255,-2.9540740898447453
2014-10-01,-0.8759280205196701,-3.2209872945563616,1.8915249280756048,3.651233999552222,-3.445110845968244,-0.5350463191680954
2014-11-01,-0.2893676801669147,-3.8260854957917694,0.8336335609542855,5.5468854999834765,-3.734981171621137,1.2000623338598682
2014-12-01,-0.606450592814142,-6.110443286230321,0.5169702002632379,7.046516848984749,-2.81071069223245,3.989865907592795
2015-01-01,-0.5924278399479393,-5.408638726269738,0.6619589222035062,5.178482061835453,1.0999505448904376,5.372022380738578
2015-02-01,-1.906703807033469,-5.979736135896056,0.9084052089532247,5.540578034154655,1.918353684955926,5.246408418437956
2015-03-01,-1.0116912240228193,-4.8874683958901235,0.4047259953261141,4.74026902598852,-0.4255260020463923,4.077834637916345
2015-04-01,-0.4070293965135313,-3.185249136754685,1.0134440278411372,3.3102438496059827,-1.6627049964286469,1.2774256657690246
2015-05-01,-0.14028570934036214,-2.0336528935794957,1.516578569991049,2.1728603904257544,-4.666273700356789,-0.6424504528629806
2015-06-01,-0.6729220001284117,-2.215452805244178,2.601464818992087,2.124661217767872,-4.813692603756149,-2.839261240023217
2015-07-01,-0.978383110469911,-1.3939213343962784,2.6400890889981747,2.185695743198407,-5.34204391260981,-2.8797675660722826
2015-08-01,-0.9125462414739725,-0.8543426937301233,2.155778663448017,1.843446019257453,-6.379468830925301,-3.373471568559574
2015-09-01,-0.8271639458486137,-1.505771129971718,2.240212493406245,1.7263955969319495,-5.73922612837655,-3.1948757871565867
2015-10-01,-0.8972063122811642,-1.6567465950441878,1.1358074472881161,2.060604581470906,-3.561849553417935,-0.7744965412543728
2015-11-01,-0.7324381659742258,-3.093595935573782,1.586870907770498,5.272446829978898,-3.3495369483642126,-0.15399620854854126
2015-12-01,-0.9759219318512035,-4.301549376690299,0.8996567909907557,5.452117372835258,-1.5828422741350883,2.7983670589652103
2016-01-01,-0.06350195563420305,-4.385367607340568,0.4847948623855012,5.177071262078833,-0.3164336826074693,3.4769104264119153
2016-02-01,-0.9312834022019081,-6.1036111369831145,1.0447783511625959,5.866830957833866,-0.17220722724621906,4.317922717467679
2016-03-01,-0.8263301108127679,-4.1070844185572355,0.33795863559803796,3.7900828830188797,0.42951341288376926,4.0137986767432245
2016-04-01,-0.6972580417008366,-2.5268161634213104,1.2600220037840817,3.373181627195652,-2.4760775485610464,2.0293819909919164
2016-05-01,0.8805987830523976,-0.8951343986174497,1.6145055685997727,0.012250385938902942,-3.8807802107042324,-1.7621634960389132
2016-06-01,0.03191151450037725,-1.7569857409644076,2.6213516754421096,0.8737715981996312,-6.235104399540545,-2.9132170242035222
2016-07-01,-0.47961099147479835,-1.8752685283975425,2.4247780484370143,1.7326627706412905,-5.975289222095061,-3.4599208531282284
2016-08-01,-0.3852852518416313,-1.4518581186365602,2.69397812455576,2.2819360722325808,-7.913330184515588,-3.5316007974632524
2016-09-01,-0.0995249297992504,-1.488900341390647,2.0226163912808226,1.7168036919141008,-5.917268027504402,-2.680107500839483
2016-10-01,-0.4955003510131371,-2.876158011423409,2.1033460485610034,2.9191725962435666,-5.191749779070533,-0.8602028587869381
2016-11-01,-0.7558729932120847,-3.7056436320149615,1.2958870673346752,4.007177760842682,-4.25905044786896,1.8042917532955556
2016-12-01,-0.7306479847225483,-5.387111837842718,1.0085447235292628,5.4040167990799794,-2.856905488120341,3.457329814150579
2017-01-01,-0.7264909739443273,-5.8795339082424665,0.3140091410808435,5.478810632933601,-1.2198540779773899,4.821980146883173
2017-02-01,-1.3371302182676452,-5.539058566298607,1.0356799478713536,5.10830841095289,-0.34148113108698974,5.801487656841854
2017-03-01,-0.4571928752932687,-5.248133571831866,0.7666249893512035,3.839785329652454,0.24501125557242223,4.317156393686128
2017-04-01,-0.5737776531418005,-3.0667797186286014,0.7844878229863852,3.402114451801508,-2.6386236025522742,2.053422691382341
2017-05-01,-0.8705529573558832,-2.8257596932093723,1.9196986375182867,3.459593541414849,-5.147718689573036,-0.7450562737588617
2017-06-01,-1.2767453739551902,-3.620962085455023,2.9477857635498013,2.560220423882173,-4.654112636386542,-2.7947318244730868
2017-07-01,-0.17720450702403245,-1.4423013588683669,2.3772384015093073,1.8027348517272739,-6.859639209859806,-3.486310052539473
2017-08-01,-0.6737760315763646,-2.1347859533655194,2.5978654356839277,1.3957450403743688,-5.20900752173203,-3.7588211328446617
2017-09-01,-0.36915155043293907,-2.650259251520412,2.6285479899607536,3.153146665231743,-6.7634144214280445,-2.7705298259108275
2017-10-01,-0.6118846838291854,-2.7138240823650794,1.4568211452404358,4.037880017283622,-4.064720837522771,-0.7897859607691858
2017-11-01,-0.8248500956370381,-4.455056229473701,1.4915074565321196,5.32907791787367,-3.4050383765055825,1.480074539508214
2017-12-01,-0.7488174323982388,-7.340427487825917,0.552136134446908,8.050906506606879,-2.0643485503938357,4.04164745281256
2018-01-01,-0.9526504959609974,-6.421379036565248,1.459111839909335,6.188716639192018,0.36744634166679496,3.8032074749790654
2018-02-01,-0.9064480775845069,-5.55916314028315,1.1271641792956566,4.708708425994227,-0.8655722579507723,5.257269667206462
2018-03-01,-1.3041640312038003,-4.582211920791481,0.8133972237179954,5.294696333903855,0.2964630776701359,3.6188221291702862
2018-04-01,-0.9059600130040216,-4.100362841258872,1.6620420522871187,3.938276902735378,-1.6889703559133218,1.6468127974926645
2018-05-01,-0.5020861211622495,-2.099309070813191,2.2832137991482258,1.0134360783246648,-3.081934733044515,-1.4817027084552163
2018-06-01,-0.8311336324972225,-2.7660996854778275,3.0589962586402457,2.703407952349322,-6.5283694699961385,-3.8917357471304004
2018-07-01,-0.34739294259535114,-1.5547172585383129,3.0457791953027447,2.4377881671917754,-7.196864913222441,-3.580375823885093
2018-08-01,-0.7119199776469195,-1.992991837469426,2.9110424146875964,2.2808001952820454,-7.7095414420024175,-4.024939492425586
2018-09-01,-0.6893082514599627,-0.9813132370504285,2.375898675311136,1.3697704526600216,-5.378452740869601,-2.422290162055488
2018-10-01,-0.4914517881953594,-3.7813143454304767,1.5140560164742416,4.283356939741568,-3.8210763922974316,-0.4444839959651372
2018-11-01,-0.9531072841702785,-4.834604439791409,0.7194190079527851,5.608116194169584,-2.355156205069897,2.100922408172977
2018-12-01,-0.8766513518141611,-5.510199787755613,1.4608167198492592,5.453188837991739,-2.4516400807282013,3.2275273439850625
2019-01-01,-1.010641932439501,-6.707972062043629,0.3450217328578105,6.071753905328393,0.018450975134192187,6.018903460120642
2019-02-01,-0.9664804969749765,-5.46347369491228,0.48826450356227075,5.608938063262982,0.8544668567862826,4.127240942206677
2019-03-01,-0.24608969515400103,-3.867576933210554,0.6999697276548333,3.436912488286756,0.0005428506190672928,3.494204772235025
2019-04-01,-0.8304021828617346,-3.8215297170683376,1.5335544210358565,3.2527757653513474,-2.038771317908859,2.1496492864324885
2019-05-01,-0.7758274000969327,-3.0692106596736575,1.4278530909684581,3.1168950209757273,-2.757274405335839,-0.5074600597686272
2019-06-01,-0.30085640917569784,-2.3475739875724484,3.1220922928762747,2.4335933141410924,-6.705259970888141,-2.419073949961523
2019-07-01,-0.6707670175561325,-1.4060862163763146,2.2155333579360708,1.1386357819667174,-5.0231044976830175,-3.8870664596956552
2019-08-01,-0.7329019347920469,-1.6820678527563457,2.393760833302744,1.930850328236373,-6.338489583272957,-4.208175319710966
2019-09-01,-0.9444787034351078,-3.164444553354167,2.302786303432466,2.9183886345966483,-5.31394029093505,-3.373584152352289
2019-10-01,-1.2226310616874767,-3.2890545368671598,2.1392494368591874,3.374840479242329,-4.491709149539022,-1.0075464960225906
2019-11-01,-0.8431531158190291,-4.298798687628076,1.0525482330024178,4.344266341078767,-2.763249570186161,1.2900048396041583
2019-12-01,-0.9148452606219659,-4.121970588025185,1.3448579972529955,3.9707689832725,-1.54452877944621,2.8241434503152862
2020-01-01,-0.6738512951344117,-7.11791252691876,1.6188807682072905,6.23278687081166,-0.2624818762671323,4.840314744528141
2020-02-01,-0.7682147099940778,-6.915659361383944,1.1889417583881174,5.311301680743261,0.056403383778421634,5.036842227237804
2020-03-01,-0.11006325293124201,-3.7321898840978376,1.43582368822049,3.3272958076981953,-1.160234819765358,2.812364682815032
2020-04-01,-0.878070646666927,-3.6063213000835868,1.6868805108408353,2.965334144310776,-2.5147183148449184,2.106467916531756
2020-05-01,0.27037205518378066,-2.464734012683932,1.9067311736500125,1.8583573133482036,-3.919175986602411,-0.7004187266159554
2020-06-01,-0.9073432205706166,-2.7293092946397484,3.0084580821577767,2.1367136045397475,-4.9466530033593985,-3.071847690980884
2020-07-01,-0.4864156780761634,-1.5395612869139954,2.444855630608451,1.7705664095165632,-4.817901051252453,-3.738949848031848
2020-08-01,-1.079543787899358,-2.6975655078017424,2.64163011620376,0.958502208974352,-4.625379539925275,-3.7313230830048427
2020-09-01,-0.7766302743884624,-2.4252079970789646,2.351572551259592,3.0958992796994984,-4.608205250351806,-2.8538598103992285
2020-10-01,-0.07404009594740588,-4.223622335956641,2.282071874712016,3.7874054772182513,-4.85349900184803,-1.0549039130751563
2020-11-01,-0.6423160527663662,-3.677785210177593,1.753895633567092,4.013148320648634,-3.3255870881718463,0.9059027320715375
2020-12-01,-0.8542091750431062,-7.214709009804909,1.7809212373746426,5.831968401480216,-1.40309814418813,3.681203116210612
2021-01-01,-1.2764329344963612,-7.168119711761298,2.3449263700235647,6.278284406001146,-0.9181806952073347,3.8766515153144723
2021-02-01,-1.256260292053788,-7.81110757348466,1.9473374976446696,5.7157170528298336,-0.10852589128739443,5.8224872626058914
2021-03-01,-0.6095149184340177,-3.9370033979623797,1.3437774614301279,3.9389417092337027,-1.6123595665860224,2.139099518831066
2021-04-01,-0.7835657997017473,-3.367359660689834,1.2091328872588885,2.9559173264908947,-2.5774414202652607,1.9706965648686696
2021-05-01,-0.6335898285625851,-2.5167045300040316,2.6530409992499844,1.7725052982188463,-4.129407483761568,-1.3409941686480324
2021-06-01,-0.25784583916053216,-2.9775781763499887,2.924594589175878,1.5713629114104355,-5.461108983543686,-3.16179800849911
2021-07-01,-0.25963952252208,-1.347402927713122,2.829596846368332,1.3331734625095861,-7.825748931348036,-3.9350476220038537
2021-08-01,-0.47896121229134353,-1.3401071030083713,2.3986336199008482,1.4997332428448267,-5.874758241207754,-3.5607800455596497
2021-09-01,-0.3226906116629757,-2.6119925641690287,2.7738445000298784,1.9081724780739706,-5.961637700084715,-2.653575079568195
2021-10-01,-0.2525385030351372,-2.6755919168148243,1.7354605426836176,2.6261709783949367,-4.075068548962675,-1.4022122901892993
2021-11-01,0.11986950961491134,-5.025138325632462,1.7166716370006234,4.203297789283117,-3.3786729175181653,0.7360882690146097
2021-12-01,-1.23121031318672,-6.132392349167455,1.1141164797389032,5.4937410372161235,-2.349905507335132,4.8274364555361515
2022-01-01,-0.9048414350236554,-6.128407554055677,1.6441640772440074,5.55289734554834,-0.1086799217164911,5.4597813414394905
2022-02-01,-1.5407232313071022,-5.935677949233826,2.3840296953143745,4.826392148203069,0.48487117211503494,4.316118283859114
2022-03-01,-1.4093801029547295,-5.046332058816493,2.2765384767259533,5.177747168502701,-0.803325630238845,1.8789222374318748
2022-04-01,-0.7671190585845887,-3.4515746755208387,1.4832317703250202,3.5790478703912227,-3.019712582185265,0.9108327687472626
2022-05-01,-0.5604505147587517,-2.2372396589558514,2.500643057157317,1.9034422696022637,-4.18023284802223,-2.209533260472508
2022-06-01,-0.603174026908533,-2.6538814056886704,2.9038092095988453,1.556276759512467,-4.567289429581363,-2.787009924635145
2022-07-01,-0.6156969029822001,-2.7402543359422418,3.5734481334250425,1.0742216857431588,-6.1363170860799015,-2.9746692330269218
2022-08-01,0.07522563049532752,-0.9670616659045285,2.411850179705755,-0.18737833951460767,-6.211797895341664,-3.938117360826766
2022-09-01,-0.09518476793401724,-2.3478340180039643,2.5470088384299228,1.2885001619281813,-5.284263142699515,-2.8903103759993627
2022-10-01,0.05016486613034127,-2.630434317011626,1.7015409549828153,3.4000209449812213,-5.6371386095697735,-1.014491133598898
2022-11-01,-0.3466730350360232,-4.3465485062122475,1.3499206943748852,3.3535469116645937,-3.575432818344888,1.7091754752505612
2022-12-01,-1.0462433216260667,-5.816358314428228,1.4300122668180322,6.457723416074807,-2.556036918604123,3.4830117931871074
