,zgv500_cluster1,zgv500_cluster2,zgv500_cluster3,zgv500_cluster4,zgv500_cluster5,zgv500_cluster6
1965-01-01,-0.3183406598173301,0.11774249351099274,-0.10179186046721544,-0.004417834518963539,0.20937374924535804,-0.01770288184069205
1965-02-01,-0.13706369363531773,0.07176845918087349,-0.1379811814690264,-0.003196839172150989,0.22838525684539882,-0.1869937377995339
1965-03-01,-0.20373953071310946,0.060762589161824754,-0.07117782146311723,0.0026728672918755253,0.27519569726987075,-0.09485843820848328
1965-04-01,-0.1695321265675651,0.09191316497003367,-0.03124372940199032,-0.027339120618960183,0.26477988662019286,0.08238865521506987
1965-05-01,-0.24125140430638037,0.10661563267385576,0.04228742973860291,-0.02668622144303479,0.5205413884362259,-0.32270617675090185
1965-06-01,-0.16370648328138857,0.05357761045174923,0.17945548662772545,-0.022841927242705645,0.4522859545077308,-0.5710891407469045
1965-07-01,-0.11101063534135923,0.07028068804898649,0.29772917761850515,-0.034922584742215906,0.3851642042903577,-0.9680912114571835
1965-08-01,-0.06214260142676684,0.04188468237891652,0.18978684542569826,-0.018586926721601085,0.2925602056212344,-0.8381094405616539
1965-09-01,-0.21186006300852478,0.06777759727675095,0.10349768117369217,-0.009495634054272799,0.327693708872391,-0.43568294765292737
1965-10-01,-0.23881376651274103,0.09570928327457554,0.056191761183698834,-0.02279401780401687,0.5542891342087654,-0.38020552500434546
1965-11-01,-0.2124637382235927,0.07654909759281038,0.08107336537046575,-0.019459372567024905,0.36529738687526037,-0.25137166182200116
1965-12-01,-0.22416334776651292,0.08059769557676294,-0.030175776199054555,-0.010636495210141417,0.23503457590685053,-0.027410609755611076
1966-01-01,-0.15955570232030214,0.05403866301271325,-0.026171881219615105,0.0015566346481770302,0.30047660325206604,-0.3476640344529912
1966-02-01,-0.1524144897655565,0.09953970941653324,-0.10304904004004488,-0.011821572000355617,0.19807508267925283,-0.09878079096476237
1966-03-01,-0.1363688467446368,0.08708631535305418,-0.08200099785192355,-0.009277378478570283,0.13774050410184482,-0.1943068815044303
1966-04-01,-0.06490833466015164,0.08310397127634425,-0.12593918314895103,-0.020139496749660122,0.1970912271973777,-0.07931770405907562
1966-05-01,-0.08681562988936495,0.023155777040861955,0.08325681626099009,-0.008476503898663846,0.24119868958737217,-0.22702265692793808
1966-06-01,-0.09597297124311226,0.04518720592479512,0.2475964634314827,-0.027466979011093583,0.4485541986206831,-0.8997988657674928
1966-07-01,-0.06295717796500848,0.03440707613008065,0.27196434728277963,-0.020971464749472233,0.3031236303728179,-0.8456132118252742
1966-08-01,-0.04702339528546649,0.015722176972037226,0.19016285056254537,-0.008665306548825837,0.22431145616843876,-0.721432095852451
1966-09-01,-0.17719142933010784,0.06712339349735408,0.19690799075225524,-0.018315472862075882,0.3183853323176756,-0.6072968028593755
1966-10-01,-0.12537221194090756,0.030934152110622375,-0.0411595049684861,-0.005444118266239869,0.3378635240813433,-0.15626538382924124
1966-11-01,-0.12033884318507447,0.03319369815642081,0.00015168908647071556,-0.00662033526154885,0.28109873755503506,-0.19184761829134347
1966-12-01,-0.13245830561568678,0.08165222700044428,-0.08420013265067518,-0.008147536630856241,0.20876829907045527,-0.18286918276462003
1967-01-01,-0.06279853782922773,0.04346466607897013,-0.12253465062399771,0.004568322745281335,0.1461477097818407,-0.15945121834891432
1967-02-01,-0.1688119522433162,0.050756607750661334,-0.11747280092143693,-0.0020777674233233862,0.26865040009978125,0.04924114091672759
1967-03-01,-0.18005741764358382,0.05261439412818176,-0.049601401822224105,-0.00318984121511937,0.29392160769909786,-0.09506180126597917
1967-04-01,-0.23723663572145967,0.0390015977359111,0.021164218916940848,-0.008396647360633568,0.2809930403353804,0.20629536846409674
1967-05-01,-0.16283018423704737,0.1081225787956683,0.07630962641741519,-0.04349089172563236,0.5928711870969352,-0.3554902214934861
1967-06-01,-0.06269102455739801,0.058155746413975785,0.13416517388860516,-0.028728394961113752,0.28621486603876967,-0.5218553262344305
1967-07-01,-0.02413932276285695,0.05164173271485898,0.2213322398654593,-0.021578772011824947,0.22286807244780374,-0.9432697641676752
1967-08-01,-0.02731075447027375,0.043859752981649756,0.1974426533864892,-0.0196389154679371,0.16155512319446283,-0.8018543970757637
1967-09-01,-0.1312375003197431,0.06518210856585512,0.20646533639135967,-0.02712379735749809,0.37104950449560997,-0.729531416858452
1967-10-01,-0.20833175012719332,0.09940983947641119,0.026019246482530164,-0.02298599289962757,0.44224870070225775,-0.33838353727174847
1967-11-01,-0.1096385303048455,0.02955326630904679,0.0496425994525486,-0.02046991364408232,0.5582969067460399,-0.31667197312133905
1967-12-01,-0.3644560791062119,0.1570738712061612,-0.16662369709598976,-0.006342050363565539,0.1376632074851774,0.1866936089767926
1968-01-01,-0.2343973301165228,0.10943744923137762,-0.05820795339236291,-0.0059517908920069884,0.1275463545389768,-0.2299990450990373
1968-02-01,-0.27294480273512756,0.11583245174505084,-0.028509802705169122,-0.012202350387978605,0.1362834567740812,0.06986620997929055
1968-03-01,-0.2652377126708863,0.11337920453395899,-0.055239718394933336,-0.01649018361763815,0.3960095472254996,-0.22810943208742834
1968-04-01,-0.14254728779872528,0.024833113139069204,-0.09058779323579474,-0.006974714198694982,0.3120991638151266,0.17434098636326584
1968-05-01,-0.1474340807418434,0.01458753365143035,-0.007544226171978341,-0.002483479525827448,0.37781747721009334,-0.1254798324805671
1968-06-01,-0.21021942230038632,0.14993099861959655,0.19541907071269873,-0.052722683573419075,0.2840418936842579,-0.5700904498065728
1968-07-01,-0.06940336412245454,0.038917815807453286,0.2129169361647156,-0.02160302559023228,0.27891324233200593,-0.63426339108011
1968-08-01,-0.05245974958956647,0.012083511226520027,0.190757598765319,-0.017676749818984105,0.3631099805993549,-0.5540171179218569
1968-09-01,-0.0952475406482917,-0.00037536106912141036,0.10483552293733608,0.0011365608228462304,0.2783319034145377,-0.3944282514461573
1968-10-01,-0.17105106205221207,0.0873027829759682,0.19237612402160031,-0.031038721439394394,0.3366786544605837,-0.5296855517055677
1968-11-01,-0.11281025281298458,0.039983291767840407,0.05220058420828752,-0.016558327870381043,0.3423509624718273,-0.1699869183526523
1968-12-01,-0.1297739910937491,0.076110115792384,-0.043776651601428566,-0.016073406450401014,0.2006969462006779,-0.06949270592894459
1969-01-01,-0.17252646369728641,0.08149729986166289,-0.0277559497209895,-0.010182642742488379,0.29662003961660094,-0.2376015244078809
1969-02-01,-0.15003306964357424,0.03398575400581517,0.0635803842225601,-0.006553486730720228,0.2032215396563212,-0.14864507441719374
1969-03-01,-0.10283172020768902,0.0850436817291272,-0.05917889642276891,-0.022487883887392392,0.24668292305563802,-0.061701872534510024
1969-04-01,-0.11658084551358168,0.0602935835638124,-0.005441572654207414,-0.02271497114210355,0.32518431123367136,-0.03691227647705355
1969-05-01,-0.10274801901678919,0.10331125350295793,0.11844069363680172,-0.05079224920660813,0.4445436984132239,-0.2652748663356339
1969-06-01,-0.17427747304680125,0.06258171924305393,0.16159813689148944,-0.021382213842622053,0.3724149223101341,-0.5811283121938291
1969-07-01,-0.0307046721716857,0.00037388296864771886,0.18926966549162083,-0.010863208407292643,0.2221457618104536,-0.5384042427159739
1969-08-01,0.022362028998312224,-0.007134318723218315,0.13145720430441124,-0.010682523124238992,0.19770351338521236,-0.4604908651199894
1969-09-01,-0.10457908256346879,0.02333466412538279,0.17578077555500143,-0.013541301582523846,0.19352521936772232,-0.36245470029720367
1969-10-01,-0.17690378623484485,0.06152548042032691,-0.019833389872118183,-0.010673352080464714,0.35771846266116125,-0.08764612771894621
1969-11-01,-0.2522199469578374,0.12514613294139476,0.028566727695058417,-0.02077792579388527,0.22928803148916213,-0.160060223677884
1969-12-01,-0.19644497938099362,0.0783351813913948,-0.09902203424419447,-0.004823402868092904,0.180324971002374,0.09946902780253711
1970-01-01,-0.1566998153722205,0.1028098952947695,-0.08891517277744701,-0.00972180917464527,0.16057784695409785,-0.23993095652996632
1970-02-01,-0.1520505297481338,0.10547550845827858,-0.0065329705791728546,-0.021682913149648347,0.22826742822841062,-0.20437885777673861
1970-03-01,-0.08607954631587005,0.07024058343275734,-0.04032782736829292,-0.02597162265605115,0.2769187766279878,-0.10597148329775403
1970-04-01,-0.12866972086110623,-0.0047804384125046265,-0.03537423161160587,0.005743765004812111,0.24343511815798485,0.13070564541587795
1970-05-01,-0.1519627869129181,0.05407058523830541,0.040660964879503214,-0.01621647462895152,0.3531331901496413,-0.27344604225262353
1970-06-01,-0.15834961551116977,0.05947439816898344,0.2992335968591696,-0.029092329752240815,0.3737776798043547,-0.8031855242839758
1970-07-01,-0.013920991700522753,0.043582712830042565,0.23045211930737447,-0.026444063051496096,0.26091148624312405,-0.8571188518966454
1970-08-01,-0.05096878123611144,0.04754169133935469,0.22840043872495158,-0.029071918986424965,0.2509117294839546,-0.5991487615350365
1970-09-01,-0.09322748804578976,0.019828796121318226,0.09847819605798624,-0.010804724331674148,0.3322437742335648,-0.4487268518710482
1970-10-01,-0.006030485891397037,0.02869821289142273,-0.02893007369743143,-0.017568423818054357,0.2837725783472007,-0.16381774583588476
1970-11-01,-0.17341476212553425,0.05538032015183472,0.004408633442327729,-0.009713403650941683,0.4029289308914357,-0.22000723342964618
1970-12-01,-0.1538824611037226,0.03695389936327765,-0.04031096451158906,-0.007964742448295255,0.2963570130746917,0.0827593971853671
1971-01-01,-0.26864906489984247,0.1599138553319446,-0.08193638306547167,-0.012952290016941814,0.018561387823968285,-0.020172006949998333
1971-02-01,-0.16643419152214414,0.08576736690402595,-0.08710476135317996,-0.009778700714357241,0.22372188372800578,-0.06690461971405624
1971-03-01,-0.20948749821202284,0.08951172986136492,-0.03494143012574684,-0.013802734045887048,0.2393676483698484,-0.057016944755678596
1971-04-01,-0.16109846160660524,0.015217340168400557,-0.0045037121328223104,-0.008000764731459033,0.47746886641292247,-0.020461062482301742
1971-05-01,-0.1881718410647848,0.07309907895912521,0.04705469183200179,-0.03248432097825433,0.494331357169286,-0.02452473331620728
1971-06-01,-0.12730492887144185,0.07301555921821828,0.14582160224882654,-0.025224684830790284,0.29678170458745146,-0.5764396294303563
1971-07-01,-0.053292551962764355,0.07770521355447815,0.1892861963115807,-0.0296878536676832,0.23801768735303716,-0.737372775008713
1971-08-01,0.03146391283813653,-0.001094477289243617,0.2090957352150244,-0.01216669091033739,0.25930133158877744,-0.8704065412714862
1971-09-01,-0.06062322889629945,0.025798209295000717,0.09229406714439392,-0.011487186463940048,0.28473876290402167,-0.47875031612921454
1971-10-01,-0.14592062115939566,0.078644686940149,0.05746919437495362,-0.026767733384664167,0.33610030419408937,-0.2884564624316451
1971-11-01,-0.2574303962476129,0.09152109651968925,-0.16008834276709666,-0.007916982186588612,0.3191598559503501,0.2916473193445068
1971-12-01,-0.1695361748641851,0.04829805685886814,-0.15956085816922794,-0.005308577650619792,0.3569118383914064,0.2638282632266266
1972-01-01,-0.055321450440251094,0.03446711646304915,-0.1513079680926026,-0.0025374736478421646,0.08427317827771612,0.25453741891660553
1972-02-01,-0.11771058076633617,0.01910633138171441,-0.048113755420797245,0.004722577299235947,0.20774772948464432,-0.003180605615826621
1972-03-01,-0.18098295376954976,0.12780127444767547,-0.1258338231555993,-0.02587359000171008,0.26671150646640757,-0.02402683746987495
1972-04-01,-0.11659140557118283,0.028968567582329696,0.00846517462295832,-0.00850403453860405,0.17981748122953425,0.038382859117742904
1972-05-01,-0.10692534129855448,0.05143800695798235,0.01659250466221551,-0.02531238295866283,0.2553729435144845,0.12777629375889682
1972-06-01,-0.1524653463136582,0.07852336747434505,0.15525034937172827,-0.0348796686462849,0.4493106724852223,-0.49222493949143786
1972-07-01,-0.0862201739127944,0.08463616954296517,0.23169910728333384,-0.02809902223323088,0.2799841812101461,-0.9011360182278398
1972-08-01,-0.11333728730763032,0.05048336619634484,0.2072592144427092,-0.019064835037516627,0.32503937428953955,-0.7629094780355261
1972-09-01,-0.18325997284210188,0.0967219411536883,0.22207936116285545,-0.035459566388715745,0.323262305582984,-0.5307396900826606
1972-10-01,-0.29027755298311747,0.10815340774879828,0.22187652097497892,-0.02201897346345103,0.36957533346057614,-0.5391689314358477
1972-11-01,-0.23610371834431645,0.10118137847892729,-0.03888464866075229,-0.023915407278125224,0.508711769082452,-0.23770048080579095
1972-12-01,-0.22226984733018745,0.13337766765731268,-0.14095675125468932,-0.024174756111803718,0.1796001515819528,0.28208530359510064
1973-01-01,-0.14538275512978602,0.06799783825254621,-0.10337237654920405,-0.003824568061595578,0.14597511308341377,0.007384292025496995
1973-02-01,-0.13491085766394392,0.07523333920418533,0.055104783770432035,-0.01936674615817851,0.11007490299515806,-0.14171475085659305
1973-03-01,-0.10995214336177929,0.03807696228074913,-0.042788092557801846,-0.010478066869960835,0.2699542601229781,-0.05852022356745126
1973-04-01,-0.12203241442910938,0.06414985846259784,-0.0936531408823852,-0.0072329236372621385,0.25355482505539717,-0.13303302120471347
1973-05-01,-0.2028548156593392,0.0960998004742516,0.0406615479684195,-0.02373897747797736,0.46446931227452337,-0.41984924371691723
1973-06-01,-0.1298105297715756,0.046341690377443186,0.1342928280001101,-0.017899888909152593,0.38886792578939666,-0.5342580054117286
1973-07-01,-0.12956983040249537,0.052576999106076466,0.16658616604214926,-0.010213994923252055,0.30727057302065486,-0.871544082959493
1973-08-01,-0.06113123199363955,0.030605811696140437,0.22188302465904514,-0.020710442452710906,0.1925000321056883,-0.6974950432777405
1973-09-01,-0.10766809607714482,0.008443325039682406,0.12765827784968856,0.0015205535647720833,0.2667147981918464,-0.583838531072589
1973-10-01,-0.12000068143652139,0.04381195462479596,0.07960794425030615,-0.01474866202435844,0.3688770835682497,-0.4772867413534635
1973-11-01,-0.18683579537062958,0.06575502564387646,-0.020648587034099476,-0.012424009449664587,0.39361711949278405,-0.21468628791795263
1973-12-01,-0.23415013134074047,0.0957452450898284,-0.19766764347768545,0.008642369661234564,0.00026389788099601445,0.11389138905898386
1974-01-01,-0.1471795057223227,0.06474840132579461,-0.12832452172419698,-0.0018483091220592282,0.21584709990496015,0.01841657457576282
1974-02-01,-0.15308551000359377,0.07373403796542344,-0.0630324457251906,-0.006258302694133632,0.0482579156503839,-0.01974700801614402
1974-03-01,-0.07152583475421075,0.04456120007099242,-0.07224780037052256,-0.020665594429846473,0.2848267471049465,0.14150617239267932
1974-04-01,-0.1351061524177084,0.03172981073914381,-0.032448561793585684,-0.010832703177220399,0.25898543118083545,0.05805984787319018
1974-05-01,-0.15790207298839984,0.05056525885157414,0.055612229981948695,-0.01785048530252658,0.4443149950544713,-0.3033595240634421
1974-06-01,-0.07677412154168867,0.07031641690155566,0.21505098677797857,-0.032402187356087984,0.3696078297782079,-0.8034823165423629
1974-07-01,0.006648071127143306,0.031511309831306365,0.18991362988749474,-0.030400527863244146,0.25812261185403595,-0.6901855270067851
1974-08-01,-0.16952326643764296,0.03283042313235272,0.18586290121875876,0.0024574671398909878,0.172374452238029,-0.6668611497118854
1974-09-01,-0.09803110628036144,0.05586446198636564,0.0815375493122981,-0.024955059357930444,0.36261947141528805,-0.47353795473126403
1974-10-01,-0.2877829397887059,0.12930875084237925,0.04482651471992001,-0.028652208811470615,0.24050417761344695,-0.18171689108661984
1974-11-01,-0.1979963065182068,0.10740921950576887,-0.07897234182293997,-0.012172131834978776,0.27584707164495004,-0.1581634786249935
1974-12-01,-0.1654870487124471,0.10123885138090594,-0.11770475568579988,-0.015515551410147224,0.33169169883943544,-0.1746634426324264
1975-01-01,-0.2154349503603652,0.12201190669096598,-0.12236573051250099,-0.013913382301856757,0.24943056248002132,0.0028044201325679173
1975-02-01,-0.07108478319077265,0.09811539290955251,-0.0896158076847676,-0.023798775627124655,0.13404943596171795,-0.08672307771833047
1975-03-01,-0.13968742995305397,0.057346583167988886,-0.035651744558260985,-0.010584752398857852,0.11546189165384756,0.02974194029103155
1975-04-01,-0.1894693069852669,0.07061252083509653,-0.02714456845523422,-0.027964739623238154,0.39037860887872294,0.16809397417566052
1975-05-01,-0.18910189452760615,0.09620831751164281,-0.008496838967537002,-0.036418314899098275,0.56628379444618,-0.20777987910137663
1975-06-01,-0.1009823952943019,0.05706647144267881,0.1975046202889254,-0.03764921228121507,0.5018814472155383,-0.6154465934504634
1975-07-01,-0.08114179123252156,0.017654964443303237,0.2732771744696193,-0.01008308061844376,0.26034567989198504,-0.7788195342257404
1975-08-01,-0.06580155917238487,0.03406919841236472,0.20317920175284446,-0.010354754369594396,0.1285895915691462,-0.749394967072252
1975-09-01,-0.08009587860161485,0.02206237346289542,0.1789318229442456,-0.014202451620493741,0.32307697554766124,-0.6679813714994901
1975-10-01,-0.10367716385934359,0.04514219967335012,0.09632409366476893,-0.01945761471772203,0.2512375429525214,-0.29247246574664465
1975-11-01,-0.2231017633630575,0.10565509649947821,-0.13597638760522057,-0.004568513454223569,0.11481189584664706,-0.013390097065248352
1975-12-01,-0.1885317232197915,0.0971999259697298,-0.12246166732797653,-0.013306707006326145,0.2926331371237329,0.03490885854631231
1976-01-01,-0.1918170575787421,0.12000182499168952,-0.07740631002627536,-0.01451871340212812,0.07657782190431983,-0.09210865026798802
1976-02-01,-0.16764942429909088,0.08130583521295585,-0.07188208276611506,-0.01425557134072351,0.18604035347194994,0.014865290427553482
1976-03-01,-0.11327184690268131,0.08573842160967099,-0.11166735711105691,-0.01665278947190461,0.13690262106852344,0.06004240417826003
1976-04-01,-0.13434450372276394,0.047917691515388924,-0.04207492310765595,-0.016982231016350924,0.3303695449047843,0.0326667574868686
1976-05-01,-0.12582248951099356,0.04599720753715259,-0.015294682982075572,-0.017503296680093466,0.3875837150940114,0.035086290343948036
1976-06-01,-0.14226235398629894,0.0375717181610278,0.2197949932171748,-0.018779860680898867,0.29502692869154074,-0.4854473082915597
1976-07-01,-0.06564359545978019,0.04381264440208279,0.180004362677252,-0.0233446777181618,0.3437795039624144,-0.5603118003278539
1976-08-01,-0.059294195469815174,0.11102604638009086,0.21296072265376215,-0.0469970316982568,0.18782599666024333,-0.7492953020593395
1976-09-01,-0.18832906911702924,0.05839787254599407,0.1324018357589492,-0.015293134330705163,0.3998102272971202,-0.6079577233480371
1976-10-01,-0.18797071815347996,0.10485837063514443,-0.021194846659001697,-0.02908267394854869,0.2549790056411829,0.04649405786092731
1976-11-01,-0.2509545070243801,0.10473287773506966,-0.13111351683960112,-0.002846415223066853,0.1312240705651752,0.06819487265918567
1976-12-01,-0.13526321775248262,0.056667295259261584,0.01997129406069832,-0.01639485620431582,0.2606288861420195,-0.08448248702114908
1977-01-01,-0.2513529103494285,0.13833148845089405,-0.07188697548016257,-0.02969536026681245,0.277141410078706,0.03316135726113251
1977-02-01,-0.07388249246610536,0.05446987434348447,-0.07491389096381273,-0.004845868434093352,0.10592367415879406,-0.08298446090244081
1977-03-01,-0.19417292609506723,0.08177180212899507,-0.02682005151807265,-0.022979379147345883,0.43212291547807596,-0.09207191026729086
1977-04-01,-0.027105366798485218,0.0377304911206781,-0.0781670162909007,-0.013496701112606391,0.30792724278013583,-0.08937384649787261
1977-05-01,-0.0904318494320997,-0.015277897526240697,0.07916176224432661,-0.010489780943633939,0.3561194417840343,0.003195895502964656
1977-06-01,-0.17142597746416555,0.09768729446726958,0.17730665446125143,-0.039260391636132944,0.40491475897320245,-0.44424774638120684
1977-07-01,-0.10149169569653448,0.09438095646003694,0.21381232152415755,-0.0371288988571974,0.31165968900346486,-0.8653841156890427
1977-08-01,-0.11265939925195408,0.07500133735949917,0.17880983775276005,-0.02441994187297873,0.21310117790254496,-0.6592800867730293
1977-09-01,-0.12099941656027251,0.017025763792160104,0.16770816367605457,-0.004957046555266082,0.2830716933907762,-0.5581587768983151
1977-10-01,-0.13585699734841886,0.05728456901213848,0.1238428729034985,-0.03458290585206787,0.42692624916464594,-0.15027652346137643
1977-11-01,-0.17081093372536355,0.10180826019847833,-0.10502809646187418,-0.00968698686830115,0.13409967055428498,-0.028164474212605022
1977-12-01,-0.11053720595792375,0.10389250861384003,-0.008262849310070375,-0.029668896233182303,0.29776692390441895,-0.23369535371877148
1978-01-01,-0.10180715165288945,0.0746445846523815,0.009089288921609371,-0.019753449776888532,0.17131346009545406,-0.09147433321113173
1978-02-01,-0.14420657201148485,0.07891528280223024,-0.02884594645712487,-0.006444841532785532,0.14539426245258352,-0.17832040894722595
1978-03-01,-0.027307619862342907,0.009054862163496153,-0.021059006253213785,-0.0021999690167509886,0.1738117913068351,-0.2203573999197587
1978-04-01,-0.25206393564369134,0.06420716206720961,-0.036064888596734075,-0.006367789769164764,0.26194124908770544,0.08703600615262985
1978-05-01,-0.21524210872293328,0.10830669757154804,-0.08456629130951936,-0.028075858393109495,0.29536398117151635,0.19281690103420315
1978-06-01,-0.1076639889657092,0.06652096892039808,0.14277444186816646,-0.02873820099665022,0.3292994815750984,-0.5071426755276279
1978-07-01,-0.08559916252925012,0.05060649249836493,0.1409226636025419,-0.013140693952346396,0.14885950644137497,-0.5122738687888436
1978-08-01,-0.10690450131926947,0.030816185494113735,0.2008740967731412,-0.008644947318791462,0.2157284967643393,-0.6891707795253699
1978-09-01,-0.10587851012172071,0.0240802969408537,0.22206699668763072,-0.016278543748097302,0.2624807047978633,-0.5262335357458695
1978-10-01,-0.14439978195426145,0.12101082620695093,0.0744290002014326,-0.03680498650676545,0.1587989934756931,-0.1862000080122464
1978-11-01,-0.21166570670480359,0.10213647319429989,-0.0444865470945237,-0.02244966471297423,0.3115741378169949,0.0726245316690293
1978-12-01,-0.17764330028541503,0.06567894046270555,-0.048609944153888564,-0.010279736281067342,0.3325779559248585,-0.1503994452186685
1979-01-01,-0.2627036536361625,0.13383184973368797,0.003268094390730395,-0.028656689985814054,0.32649415697755113,-0.08106682503568954
1979-02-01,-0.14538999621559973,0.055862221948710926,-0.08207447577679038,-0.00013877445702730775,0.06803482097420989,-0.03863381950751595
1979-03-01,-0.1937923222239596,0.11008472070942979,-0.039246142491461536,-0.029471168563111504,0.19312644072171659,0.021998163150704426
1979-04-01,-0.09226609621188538,0.01993070180274349,-0.045018579287572844,0.0022434326396586655,0.17315634226394913,-0.09007163993690326
1979-05-01,-0.2759853154082958,0.03426114716945614,-0.0125604884132095,0.01140097362824629,0.3914900081979353,-0.13617216238239105
1979-06-01,-0.05134338039963964,0.049313330329208156,0.12641139203888116,-0.03032955275664996,0.40074150777805995,-0.5756790871205537
1979-07-01,-0.017256945394858076,0.02855906374787732,0.22415679234724778,-0.025604726527704836,0.34996762787554897,-0.6879447810891747
1979-08-01,-0.09311551646310455,-0.004628789215040567,0.14022777610797946,0.005671108685371753,0.22416473445245774,-0.5473976117977198
1979-09-01,-0.08953072113785343,0.03389513176392292,0.09610822617409619,-0.005594976995402877,0.20596814357628257,-0.5064010188199473
1979-10-01,-0.21792294081646837,0.06469475494482904,0.16494044990443862,-0.017356205334256615,0.3028870302405061,-0.35094420115152997
1979-11-01,-0.157017791707094,0.10190813772253593,-0.1580955628866336,-0.008400527714161114,0.16356386286390703,-0.08092551505652028
1979-12-01,-0.07334899710588444,0.04406130539485745,-0.06970814662832879,-0.010922102793433053,0.2852479616800944,-0.21041632508454117
1980-01-01,-0.15268118676144518,0.09779164476041984,-0.17132538317836646,-0.012490972708476628,0.2569769987952238,-0.07813446817622668
1980-02-01,-0.20683586191968853,0.11592790244995758,-0.08107997153116309,-0.013770943960552881,0.29643311002160194,-0.3089999159177145
1980-03-01,-0.0772208085203387,0.07477013943523225,-0.001795881779795905,-0.031124443771189142,0.2685043518826113,-0.1440592110157013
1980-04-01,-0.20868406206572135,0.13035469123343665,0.02339530197349081,-0.03140738106976511,0.29276798000443455,-0.3594515062328698
1980-05-01,-0.1315169201112118,0.07167598958847259,0.010340376741511366,-0.025210109632497552,0.34847542390985004,-0.14743825177783554
1980-06-01,-0.17460039109329517,0.056595361522189386,0.2796006815688666,-0.025126606307312557,0.34129825015526033,-0.5793868199638699
1980-07-01,-0.05883554528866495,0.03377262632046639,0.2671948493922434,-0.026902607979140708,0.2901627603223768,-0.7361648523289225
1980-08-01,-0.1022225393662377,-0.011921067289050338,0.19791263302034356,0.006469521099073701,0.26515432670291533,-0.658629532309546
1980-09-01,-0.2374995052138694,0.07249916342944471,0.21217314395617481,-0.018829414705748435,0.35010018927902825,-0.6349942390469537
1980-10-01,-0.1787070379235577,0.11475684159982857,0.09136067261065926,-0.03433968209297916,0.22281792204258805,-0.29990238447984063
1980-11-01,-0.26765825256468756,0.11644222983115111,-0.1217087450434133,-0.010838299591267886,0.1989359825344409,0.031172181817068573
1980-12-01,-0.2808550790864594,0.11595965896527123,-0.05640417810865867,-0.006617835243615452,0.11282856391984863,-0.04777448332828024
1981-01-01,-0.24810153104010083,0.12311482967523636,0.07615061134199633,-0.02080690835047811,0.27671694587179496,-0.46629617395608325
1981-02-01,-0.1352618898258728,0.04916618356308662,-0.014158855986635022,-0.004347204186612343,0.24639503598886695,-0.17471022472001504
1981-03-01,-0.1886229058241898,0.08548477977964963,-0.09525762528280748,-0.014672470916918041,0.2505732458190056,0.05971514653630447
1981-04-01,-0.20041069746558088,0.09614951056489872,-0.045687586916330264,-0.02809170579383176,0.49771326409894867,-0.1574171248121538
1981-05-01,-0.10770882802958391,0.055660483900929446,0.05941435781908673,-0.027735591891220643,0.47819306284694346,-0.28750252896460937
1981-06-01,-0.12594932635354888,0.02538217018716678,0.10434918255112242,-0.006886195914072379,0.28954799902641165,-0.4104576249053513
1981-07-01,-0.08061932243592615,-0.0101682025365292,0.16590071511906523,-0.0006053922424398507,0.30972763980175816,-0.5171941458315089
1981-08-01,-0.13864216439071156,0.0633812961494286,0.19234499106040367,-0.018800785902685718,0.261103483916676,-0.7405520133350207
1981-09-01,-0.12078856259516847,0.03277233314114167,0.1417671806836208,-0.011757594270701546,0.2358627353010878,-0.3843949108883955
1981-10-01,-0.14926905737442223,0.04714256617291663,0.053009018613442926,-0.013814207585334394,0.451215714384607,-0.41793703600980237
1981-11-01,-0.25588413552632405,0.06594855253829397,0.08834996774643161,-0.003294928364459935,0.3859872871873069,-0.439679061157116
1981-12-01,-0.21772587042546868,0.15138221274364197,-0.07524389374913977,-0.02716367151754068,0.2025644152851428,-0.13513313741355704
1982-01-01,-0.27880279385313694,0.1327119000072966,-0.10973947951227525,-0.008609314022466466,0.09054370477037915,0.047413151765215225
1982-02-01,-0.18232486753506996,0.06986972580178392,-0.14145280605175822,0.00248682310419791,0.27482411113835997,-0.13387735150214555
1982-03-01,-0.13280312642624048,0.0483311593465662,0.0069873451090177955,-0.0092293705634897,0.30427398317951265,-0.2724744757448418
1982-04-01,-0.08969836300260085,-0.025002589794351156,0.0367218672132811,0.010642801753240706,0.23567794406481382,-0.12430353225141333
1982-05-01,-0.1480225435629183,0.05297797233824018,0.02673931628540407,-0.020806159326897448,0.6084664393279512,-0.33821182838384656
1982-06-01,-0.2214917858171355,0.1415805105957958,0.1977688094046602,-0.04246494859932029,0.44118101987461583,-0.8848500856454822
1982-07-01,-0.1565126161557747,0.0750492667138492,0.23975368327520363,-0.02761376558832313,0.41833122571309406,-0.8511731806008713
1982-08-01,-0.09007855010157674,0.04212992681306567,0.1900519577655505,-0.02301677563400638,0.3367392020036945,-0.5953475401021433
1982-09-01,-0.15608434050075726,0.07201355383757833,0.22584504905751715,-0.03566162840436047,0.4529865279709552,-0.5524473777715712
1982-10-01,-0.19854097679899393,0.09638370912159408,-0.057112481086873085,-0.022758858036608078,0.27665093036021216,0.09204952883115713
1982-11-01,-0.19370625957069482,0.09423986337867711,-0.07404570769904847,-0.016920661625358643,0.21853649010092524,0.027922540903091434
1982-12-01,-0.281730872027728,0.12582197753687888,-0.25938363079243276,0.0010319277208316795,0.148103811309836,0.24844489019850027
1983-01-01,-0.08715388624846529,0.06664394755761485,-0.0693768773688919,-0.009702884414404957,0.35694102614612905,-0.24780291672526064
1983-02-01,-0.2100990168632023,0.07582499004375816,-0.10071607387584187,0.003075389315555237,0.19406202317631177,-0.0647979936953904
1983-03-01,-0.20778492397191572,0.0903213673512432,-0.05431148444729106,-0.010049820738389675,0.29416983410463493,-0.1417832098145416
1983-04-01,-0.05045320369860753,0.03935384682057485,0.05743972595818465,-0.03298270316175515,0.4553135337129151,-0.22673184133094293
1983-05-01,-0.11421029842426987,0.04600680772996805,0.006787117608016151,-0.019621652146563494,0.5188793617453279,-0.36994952006616455
1983-06-01,-0.17548399616260918,0.09664444724671782,0.21393708760124383,-0.029229740275182294,0.3522246402535735,-0.8097034433613653
1983-07-01,-0.06566954937144742,-0.029708812539668186,0.3031306791066326,0.004576987770603784,0.37337108857214113,-1.0684446148250415
1983-08-01,-0.10866476412938565,0.08412178672695204,0.28513816985796925,-0.044086857392887084,0.3529889435417908,-0.7991487133330194
1983-09-01,-0.050909409210795446,0.02343032804748223,0.2601292071533841,-0.023607355098699916,0.2752057997520361,-0.6945796850798787
1983-10-01,-0.12792567986479692,0.017006905544337963,0.09320388644634679,-0.008413512883706117,0.36997141811133777,-0.31913245177787286
1983-11-01,-0.1583850420926974,0.07527789298184427,-0.024181747042813825,-0.013281610147739832,0.3183039063114231,-0.19185003163158032
1983-12-01,-0.25337531892350473,0.12557958525610782,-0.1287560797854012,-0.0027072595011735107,0.13899271097560387,-0.044274745859961585
1984-01-01,-0.14448975489523405,0.04696772296935855,-0.10663218185754124,-0.003908041185353025,0.29985706853327776,0.03827259322439415
1984-02-01,0.0034619558839097853,0.07827613125986548,0.0002874453928957017,-0.024367198460093442,-0.030572416713345523,-0.25828261960945703
1984-03-01,-0.22988475504375638,0.12505460347423933,-0.04028894231470931,-0.02664898438338584,0.2963271181462175,-0.23027517954292506
1984-04-01,-0.10158948287739504,0.030583575973551304,0.007598885774213733,-0.008260523848997534,0.3651352251990367,-0.23668917516867322
1984-05-01,-0.2092153340780816,0.11591969906495063,-0.11030372767942805,-0.025254522714110647,0.23777947924231405,0.1452868993299595
1984-06-01,-0.11429167278702297,0.10063829860387684,0.203031819799672,-0.043984344027944926,0.4284617422664233,-0.8208300108494967
1984-07-01,0.024331534226465116,0.012971064523003277,0.20937564281316903,-0.02075825283581242,0.2946079787561449,-0.8404094239939814
1984-08-01,-0.03225879232629356,0.012139627430610013,0.19351436093100735,-0.009868434277173346,0.22571636626949418,-0.7082861186801523
1984-09-01,-0.0645957540830517,-0.01163754298832331,0.1288277548691102,-0.0013346299379751688,0.3586326531097714,-0.4941934692686883
1984-10-01,-0.29262133669150386,0.15389898295438584,-0.028048821391668605,-0.039681180088430384,0.34109694136064606,0.04709616735361625
1984-11-01,-0.2161033907715155,0.07112284493764655,-0.028651187750806776,-0.015239669237668403,0.3874889874862412,-0.019952382654478046
1984-12-01,-0.33756042418836735,0.11105761530550305,-0.014088694068500428,-0.012935718209858576,0.3032456431011696,-0.06339017544751582
1985-01-01,-0.26849582960275836,0.13341358061774242,-0.12414681734548363,-0.014006096963051108,0.237956811479256,-0.08368680010671202
1985-02-01,-0.12803017721424836,0.09524439811875554,-0.07723009192001659,-0.03132581574372614,0.47340852729344773,-0.20772215464840765
1985-03-01,-0.20227281549890566,0.08642200947455737,-0.052180448951928506,-0.019988505287620324,0.23539515875153622,0.1549568128488634
1985-04-01,-0.22473138273438087,0.08979985888322044,-0.04332801794328019,-0.009372405859895117,0.3252310941448319,-0.24230662139429565
1985-05-01,-0.1063452978658568,0.040390294235347575,0.08084229240349702,-0.02460683456193458,0.3561628740386101,-0.14888751118079477
1985-06-01,-0.039531010078464775,0.063046637617953,0.17080314482334863,-0.046810284031074394,0.43818741868444755,-0.4638385945472165
1985-07-01,-0.01299970320271763,0.05745255099591889,0.1999124137055515,-0.028106316601581922,0.25614076583398937,-0.8708343989607217
1985-08-01,-0.03977887936426398,0.04119881110121487,0.21920518133552575,-0.020430299276807184,0.1472639372456545,-0.6769433617591858
1985-09-01,-0.07056289113838386,0.05101167501367643,0.1819472249136322,-0.028941432271641865,0.31101030144987807,-0.5555247483046158
1985-10-01,-0.13744071328721078,0.07280252182007625,0.040413568849148956,-0.025173756872720568,0.33341482870996336,-0.22906478008498318
1985-11-01,-0.1570698473594086,0.06547875373161245,-0.11831369363145285,-0.008830287728647272,0.2874697500703025,0.011809585966925691
1985-12-01,-0.2653311304494637,0.14572948154012738,-0.09917459734108136,-0.023562551671748484,0.20302277331971852,0.0867530175457722
1986-01-01,-0.194626350521771,0.0967309020690392,-0.04652722779175509,-0.006645823802385908,0.04856194985114922,-0.03097180641539719
1986-02-01,-0.28192706727116557,0.1435904937931856,-0.11955385273914272,-0.00795803363489671,0.08747315213168408,-0.08311769452647887
1986-03-01,-0.28012399297722884,0.12060618274519484,-0.05748715862183267,-0.014754368628221012,0.14766948455471104,0.02666700469410938
1986-04-01,-0.04059403687039741,0.04048530034210783,0.0470072354959405,-0.03814668696008089,0.4391405205268644,-0.027923763095252758
1986-05-01,-0.16955001250145926,0.02347070797618205,0.026250155922959876,-0.0021829305117150154,0.5845638486625111,-0.3963670220927916
1986-06-01,-0.05207426102658788,-0.02835704205603478,0.15551517141303886,-0.0006232856435460568,0.36555715536667127,-0.5083070285078408
1986-07-01,-0.02303845555333594,-0.08181044283905727,0.20127381917624967,0.013746974698667367,0.3178859918804492,-0.48655375190403155
1986-08-01,-0.07311288106874003,0.014610514740172654,0.16973638614284553,-0.006810966211252194,0.28393955553992317,-0.7214144304178763
1986-09-01,-0.14177699934463112,0.014787447653774221,0.23440486411984549,-0.008476094976060484,0.28381163285950484,-0.5542728779972463
1986-10-01,-0.1271705086133918,0.02223650953690178,-0.030591540711380562,-0.005767619272310492,0.42241695573774435,-0.1482782156571098
1986-11-01,-0.24308678514562765,0.1392518291654794,-0.05211275706323094,-0.031194428267871784,0.30786575233868957,-0.06242426841155343
1986-12-01,-0.15304936286138027,0.14524550083848614,-0.13715044025294357,-0.03448915998461999,0.20208840947703452,0.14483271355646246
1987-01-01,-0.17762116901998887,0.11768107441569095,-0.1002385290370737,-0.016982495163113173,0.18779617329101778,-0.08828945835863335
1987-02-01,-0.13181582017212498,0.038359993065237324,-0.13892781799254209,0.005396561003750661,0.24480908098867385,-0.02036895332992941
1987-03-01,-0.1610016032141082,0.07242691123924995,-0.12268821481478254,-0.00421374669392403,0.31009893127753907,-0.17843007285525836
1987-04-01,-0.1365118210210281,0.09646073480212396,0.1250389452562683,-0.036606098583550954,0.45016919825710144,-0.46812184694884484
1987-05-01,-0.034535225996084495,0.01565001982868084,0.03219032068316354,-0.005729362766839657,0.4181908517234069,-0.616523796233578
1987-06-01,-0.052836037276823775,0.017184691392730336,0.15854198597745353,-0.013694879540244724,0.3469050604071321,-0.6707008766091389
1987-07-01,-0.14158880291612239,0.07492309908905473,0.2748486040826625,-0.03510145530494247,0.46071226650712177,-0.9477062933686852
1987-08-01,-0.04258008542852877,0.014694067138988376,0.1391422314986736,-0.01371682799051051,0.36065825129632895,-0.6675072770187821
1987-09-01,-0.14842898371606186,0.026820605743539103,0.12800121137928402,0.0008072715038952445,0.2556203364652429,-0.5157120849775232
1987-10-01,-0.2415520567742605,0.10988264158016003,0.19141328598942645,-0.04143638186691052,0.4602065194124556,-0.39026120650595514
1987-11-01,-0.1739802797770554,0.0917345774844148,-0.035351658719638517,-0.01943315808219839,0.2134090763027385,-0.09262404620539452
1987-12-01,-0.2837553214864666,0.11213381791448604,-0.10994108125916292,-0.013013127406344612,0.39420387165694587,-0.040432220945755645
1988-01-01,-0.2448902480185978,0.10428045029507242,-0.11425118482232492,-0.0009884671174877687,0.18092914152953585,-0.0213610305302385
1988-02-01,-0.05675921018093892,0.09802121331031471,-0.011243141586440662,-0.03516506639029725,0.19838598656789058,-0.22622270752554355
1988-03-01,-0.11129829263876355,0.050399618290209815,-0.10691619512039457,-0.002773049891057843,0.21657396507801982,-0.08074054279384892
1988-04-01,-0.24447420996332925,0.09652743457564784,-0.0033534346864773673,-0.022028537574844298,0.3009379920312914,0.020406081381699314
1988-05-01,-0.1676253231069128,0.06520744811018157,0.04491896359218801,-0.024376597989339263,0.38523367569271455,-0.23689862826596136
1988-06-01,-0.162799923328045,0.07894210013893692,0.19208257114608152,-0.03480519593861653,0.4445811786220572,-0.5827445914779885
1988-07-01,-0.09988372186684553,0.07795912569251426,0.17411805016539963,-0.025145967366394784,0.22911826769510904,-0.7127407236375671
1988-08-01,-0.03695611603338432,-0.008380375864135634,0.2377131312188496,-0.008269042800441412,0.24455093731314448,-0.5876905676247417
1988-09-01,-0.10255040794129476,0.012500846247049665,0.14290836044777197,-0.0015801341478812023,0.24404104820079048,-0.6331482335277226
1988-10-01,-0.19398623752215552,0.06983647913459005,0.06208317136286094,-0.018005375640079316,0.4626544097722587,-0.3582137272409771
1988-11-01,-0.2739581458963234,0.09151849180938841,-0.008301346260668042,-0.010206499812360846,0.3698363984371983,-0.10957008453787885
1988-12-01,-0.25200611001509926,0.10795222471216394,-0.02640674488749791,-0.007778323456989449,0.22467356280418438,-0.21941990362129352
1989-01-01,-0.17499113687717455,0.07905719259539037,-0.1852122138575168,-0.010767687945086727,0.38365867346693566,0.05023158222868823
1989-02-01,-0.2542823890980139,0.07031530736890992,-0.06456442837631422,-0.0016055596907315582,0.3295812650588946,-0.04162458918880726
1989-03-01,-0.0016224584299352974,-0.0007664697642644097,-0.06409957506584882,0.0011133375442994448,0.18143360055772598,-0.14045411261959354
1989-04-01,-0.11770022973495317,0.029693296731983104,-0.09874005281805592,0.003156349759999918,0.1978016505807133,0.034958761239397354
1989-05-01,-0.07294516650381204,0.026948878890174548,0.11532896488007892,-0.017127571732046484,0.3789005138106265,-0.4505492638850558
1989-06-01,-0.10643198646926015,0.0955186210333287,0.1140616996911507,-0.03923105401115427,0.3816608992000084,-0.4778352768524834
1989-07-01,-0.0656928265226536,0.037922572770590815,0.23141005964183486,-0.020737759932182524,0.3700733689938561,-0.8638407873070759
1989-08-01,-0.12997841196400778,0.07532158257379874,0.2763573491453726,-0.026313236387375587,0.2597286876312083,-0.8330759362898011
1989-09-01,-0.21594730364222103,0.0675681573541268,0.18959100978031604,-0.013578191350431926,0.27279347854819,-0.5551372317300327
1989-10-01,-0.2829107432678984,0.107588482904468,0.12474953443011312,-0.024519973895404883,0.3905718104313996,-0.3344987451598264
1989-11-01,-0.19024912555133944,0.08014731343733482,0.020693456847532137,-0.02383151607188795,0.4167688431712867,-0.2542812971101291
1989-12-01,-0.2877371550417271,0.1359851823130267,-0.03798716766977788,-0.024249124257426882,0.29275621903144705,-0.01804513613814893
1990-01-01,-0.25467482351121445,0.12760940060681453,-0.14934560477135572,-0.01883551217410918,0.21495698703884406,0.2094059959863839
1990-02-01,-0.08511007879596719,0.048796192079162776,-0.08998200309814816,-0.012824842653827696,0.43526916517376224,-0.23711762134579648
1990-03-01,-0.05039999307958987,0.057665759870088845,-0.03483283974348651,-0.01607795781085381,0.3167132957506988,-0.44138577321301337
1990-04-01,-0.16317636602454716,0.10656251313273983,-0.060814726213149,-0.03450025993852102,0.38400452352513026,0.006038031500318776
1990-05-01,-0.018551818131048933,-0.02381922210617755,0.07857458173829975,-0.00508491105090504,0.33066346820464915,-0.3268712888593259
1990-06-01,-0.10362308463947573,0.020030923126114,0.2669011270720823,-0.019018281494345278,0.464113822764596,-0.8024711539779885
1990-07-01,-0.053144073591075515,0.009375366968558731,0.1544420414270964,-0.0001549904584791476,0.21187267818693387,-0.6661770352418872
1990-08-01,-0.10761006401594128,0.06766796943032674,0.22083091297277238,-0.022835310507253768,0.1555521651513159,-0.660417844419894
1990-09-01,-0.22731842705451982,0.08668829167582137,0.24522795126988337,-0.02250797984080178,0.4017143768105803,-0.7280422293621561
1990-10-01,-0.2552820610351303,0.08732302269294492,0.10924027316945052,-0.014223087816650923,0.3587551204498205,-0.5326169016568557
1990-11-01,-0.2584012085888661,0.14873802492884472,-0.006735034015989024,-0.032402178213029764,0.2506190353194199,-0.15524846326181854
1990-12-01,-0.2533608823676769,0.0995578140456983,-0.03492242623942851,-0.005543426032290681,0.08458356704499762,0.026792001681051395
1991-01-01,-0.15302640375366555,0.09168552244451805,-0.12512799962906535,-0.01820763871698369,0.30081481751749073,0.03201035357525815
1991-02-01,-0.2307783482837028,0.06935310853506123,-0.11127990573943657,0.0019853430252780558,0.19403896426076941,0.022634896247283275
1991-03-01,-0.16744111806086673,0.03336913339460941,-0.02103376149333839,-0.0014562768674257602,0.23286071537578173,0.04839976790590563
1991-04-01,-0.18331778833384957,0.08839295881259869,-0.023989682475160992,-0.02118843748238094,0.2938563961767207,-0.11004404016378998
1991-05-01,-0.11727561046477078,0.042106887318602355,-0.08790638908295328,-0.008789914718032582,0.31614360836266125,0.02103269748065783
1991-06-01,-0.15791618432047144,-0.03219246363116777,0.15078264235652808,0.014731081984051392,0.3327895187388706,-0.5081259686013927
1991-07-01,-0.12374198034642234,0.07693203542881517,0.2324086866251202,-0.029492930252586362,0.2866621829022122,-0.7116117987079897
1991-08-01,-0.0322867938673204,0.05362143135754592,0.2343348585642301,-0.03146386016993111,0.29908359724249545,-0.8066839066104613
1991-09-01,-0.16458018634324711,0.08462584978682544,0.1388169999505365,-0.02870910973741605,0.33651767982601444,-0.4827465268148893
1991-10-01,-0.30478554991097134,0.11430616078577893,0.05580930282240328,-0.02411983694551938,0.372711901610854,-0.14369689076599004
1991-11-01,-0.2205073309728618,0.11116175961615571,-0.1171227405937918,-0.014657369569013147,0.25508556157182166,0.007838523690251337
1991-12-01,-0.20645901797309754,0.09138138149644905,0.030387483263095483,-0.013641978690966077,0.4331636731907473,-0.42670740597489953
1992-01-01,-0.13142475381054305,0.11758540980588285,-0.22931298035443026,-0.026510552570750346,0.2832107708952521,0.26088831001433777
1992-02-01,-0.12691986500000466,0.08483357016271814,-0.0550289423419879,-0.026755486056085093,0.4970855968820173,-0.2625563762326172
1992-03-01,-0.18889278916815241,0.05901589098831882,-0.07376112168449223,-0.007985052987036775,0.22691734934930746,0.15446970752183942
1992-04-01,-0.16207913963162168,0.07809307382200864,-0.12265724600308316,0.001984219514307301,0.17238259315490723,-0.15716934981553451
1992-05-01,-0.14016180385808014,0.09506383852677557,0.0097634227180162,-0.024344724427072972,0.3320863523052237,-0.3044187806654668
1992-06-01,-0.19542900275210945,0.14589408444265337,0.14690283598708467,-0.05464317183906312,0.42831362304040943,-0.5735939827518187
1992-07-01,-0.03822731665101181,0.038549564369480586,0.16126211819840114,-0.021004031946781673,0.29610223689321746,-0.7185286585835443
1992-08-01,-0.06722701331199296,0.01720973604758374,0.16205645225518522,-0.0047413849228999765,0.22739025495820125,-0.7284835628841235
1992-09-01,-0.12232103551866787,0.009397752677655597,0.16651484479872278,0.002310643792745289,0.1948513637828288,-0.5136208257813385
1992-10-01,-0.19304486257689338,0.09674368679720648,0.022199954432637795,-0.026438925214120276,0.21488857639711456,-0.05277189547600954
1992-11-01,-0.25764724362193864,0.13928216915500186,-0.21444816129861466,-0.01630031001461545,0.35337336824438664,0.02357598556124646
1992-12-01,-0.19926108724000502,0.16876746088773406,-0.03219623442577279,-0.06478978324485304,0.4816379250779664,0.0983381454927334
1993-01-01,-0.19308615839129942,0.07791510903732482,-0.07714711403767001,-0.007845468850197237,0.31709118751482773,0.07415623336598494
1993-02-01,-0.10162623147237328,0.021266304211786092,-0.09898391356037611,-0.00435060941197427,0.34372580926970575,0.07646860613022
1993-03-01,-0.15247466376308952,0.06149888094972347,-0.00843190756255767,-0.00732587616009812,0.3068370923484113,-0.21674745324729147
1993-04-01,-0.21495368340118132,0.12636096137514186,-0.04151034290375916,-0.030222102764474425,0.2648390787469465,-0.0500279276267342
1993-05-01,-0.10111255322048723,0.09220024933492754,0.13981673829132896,-0.03720629006919252,0.36531629535437976,-0.5262022433073624
1993-06-01,-0.07448270959175633,0.00655333038827929,0.1897067230282021,-0.020043840035429143,0.4915737499624996,-0.557433263115261
1993-07-01,-0.021995390689342604,-0.011613472811138304,0.18890677985539003,-0.007608019143015473,0.32407520181041655,-0.6963869151861772
1993-08-01,-0.12625623346557693,0.02237768475818386,0.2847560921241607,-0.018181201212062962,0.3843923073030461,-0.7339431971743487
1993-09-01,-0.06997048043880333,-0.001281498102136731,0.15673129803759597,-0.01187871788427595,0.3143810956491589,-0.46148968563563586
1993-10-01,-0.13328427438309537,0.03700688446010155,0.04650472435963193,-0.011298172674807054,0.38709413197080966,-0.36008942170419556
1993-11-01,-0.15555012827557502,0.06514304134438416,-0.12937432535017612,-0.01309462659312931,0.30578474203745526,0.1669289544224739
1993-12-01,-0.22081306157739253,0.11452878270798234,-0.01735149518303249,-0.02244584277898988,0.20598991442534884,-0.07721278242820848
1994-01-01,-0.17525187087437463,0.07555498301433593,-0.09447470257513499,0.0008820949860591922,0.12356118420086337,-0.0461494536611481
1994-02-01,-0.1342485686278397,0.07511126053552997,0.006270843766704451,-0.014004276714209353,0.10706338252724901,-0.1952957375433998
1994-03-01,-0.1458486892671542,0.0652035247377826,-0.1165166871005476,-0.02468407713540704,0.4241189714205467,0.27675236696782324
1994-04-01,-0.08782892236633906,0.05520805249973033,-0.05239841518892492,-0.019011762192209545,0.2727835612781977,-0.02810923666085886
1994-05-01,-0.14182439348723763,0.06524280496188113,0.15753053360771274,-0.037092838337815744,0.5722805268346927,-0.3874449950197469
1994-06-01,-0.09634652578371182,0.05571411813420925,0.15159274224054853,-0.01256555064981708,0.1895113685036783,-0.685492287511411
1994-07-01,-0.1110976633706601,0.06132977803383861,0.21297505567703756,-0.009942884557302046,0.19998936834981887,-0.9309320778086566
1994-08-01,-0.040951488822563435,0.09668082311760022,0.2484868103046481,-0.047004415919032344,0.22942818659173567,-0.7334298845650494
1994-09-01,-0.12196717644427098,0.007147498654169937,0.1806122552989717,-0.01242074111817802,0.38383163638034107,-0.35093949324842816
1994-10-01,-0.1817666171562104,0.05754859592512053,0.0757963374805291,-0.015195021758282324,0.35578079816311764,-0.2963828327863113
1994-11-01,-0.1650702748912262,0.029613401267975955,0.06711846592261403,-0.011405964976663808,0.4713590030616286,-0.25869724543198297
1994-12-01,-0.10496088369092703,0.06672040187878735,0.025221914127718244,-0.034088640517322966,0.38269069571953035,0.018402367182399917
1995-01-01,-0.13256795755048997,0.06603832591663067,-0.02707683397176672,-0.004884219030254678,0.11277074404692246,-0.1675648533779642
1995-02-01,-0.11383311843072949,0.05664994089823702,-0.0874982910062557,-0.005453709959068031,0.3545903890146374,-0.2701705564623294
1995-03-01,-0.1963186369207846,0.03982572042227446,-0.04903477520049615,0.0073433051174474785,0.28125871877885805,-0.1045373254928036
1995-04-01,-0.12086124123494371,0.053675949114897696,-0.09004219519254754,-0.01613517630987883,0.39486497808984444,-0.09781501890308616
1995-05-01,-0.16560317882993458,-0.016000145379038412,0.07263070728122116,0.007828554171538061,0.3858029674002006,-0.23791245792223062
1995-06-01,-0.13262547062638125,0.049776488753116646,0.1157187872307755,-0.019206703885702975,0.3151822898347499,-0.3746553931547248
1995-07-01,-0.08674958412474244,0.05985619997630329,0.23105953349716288,-0.02586245333882456,0.2703895255670709,-0.7721986027731412
1995-08-01,0.0014389432172656328,0.033907879263669644,0.22444216204327483,-0.023024145317203554,0.24798119303870336,-0.7949642945027007
1995-09-01,-0.20365311918345166,0.12431073298286964,0.17741193689630183,-0.0446270298680016,0.34848663766505356,-0.4994592480901359
1995-10-01,-0.15701146167016625,0.06330984209739869,0.01976362065128658,-0.007509799875663441,0.1725624468030229,-0.24654337245485058
1995-11-01,-0.20692277691261568,0.13068067842992356,0.0335695190872237,-0.029888730425145525,0.38922425717283776,-0.4180704553922018
1995-12-01,-0.21006710607718987,0.07587352117069333,-0.08488363527185143,-0.010325093871859856,0.31294371448667707,0.014429744602977367
1996-01-01,-0.13246299728514654,0.07512459182840664,-0.031507957063266465,-0.012160338706537367,0.2920935467138129,-0.27624161347098974
1996-02-01,-0.16151205953337303,0.07885552375860837,-0.005657866248318981,-0.01093987971029021,0.17486593901774303,-0.13612326828465945
1996-03-01,-0.09329372894466599,0.06569057970619382,-0.0793995964885954,-0.017862680915837693,0.35102567767019327,-0.17336457427861035
1996-04-01,-0.13373037652363853,0.08469356834846205,-0.021226721719206375,-0.017837252048881425,0.28761456915214234,-0.3800688662390778
1996-05-01,-0.06138989976406638,0.0003296765498816967,0.0567453978801252,-0.009249019673294957,0.3865230891664149,-0.3306344151496887
1996-06-01,-0.08788206625113142,0.02648882160318878,0.16299765993121473,-0.017928277914683707,0.3847530332662291,-0.6418449075325676
1996-07-01,-0.14471328667367125,0.106961549183139,0.21682630314874807,-0.04304193575026954,0.3059310680728848,-0.5793621358664139
1996-08-01,-0.022822406877871272,0.024262354211857108,0.22393319020701888,-0.022212001520814515,0.3187305846456754,-0.8138897194378618
1996-09-01,-0.13130954097187708,0.062441962921533326,0.11113014657760542,-0.01860882137334253,0.26821099263800063,-0.4123484526855358
1996-10-01,-0.21965374616808903,0.07616522684975022,0.0324648222496677,-0.015039534344453986,0.3973539434583847,-0.33234105161998584
1996-11-01,-0.26758419109039566,0.1080295951272905,-0.039634675435397934,-0.01525947672238008,0.4269587118073372,-0.17049997721029367
1996-12-01,-0.27246684038720165,0.11309226816396857,-0.05783194109149601,-0.008646732475405665,0.2539477779366876,-0.1271701458355655
1997-01-01,-0.16308542079125402,0.10929710164821103,-0.18921716506265876,-0.009931118642913432,0.1863133520056299,-0.05675707066404647
1997-02-01,-0.2348050525804766,0.13411666490208,-0.11056184669003438,-0.027526812946410475,0.4483874739900147,-0.18573834736278094
1997-03-01,-0.16630299710362406,0.07198522860335718,-0.0653261113226613,-0.007438451162569066,0.2790969222952417,-0.22485373892645907
1997-04-01,-0.19765366840254422,0.07484402676554844,-0.12923209837647184,0.002572640421013861,0.2545526051251902,-0.06516761267962663
1997-05-01,-0.08296890230743793,0.070354898261269,0.014964668672021016,-0.03043954113992224,0.4352833086487937,-0.30586429048275604
1997-06-01,-0.1505424156616064,0.090171759050262,0.15302995674586214,-0.0317870462105079,0.415426307478867,-0.692279312921607
1997-07-01,-0.04086052722249036,0.018971652366460385,0.2301954605108918,-0.023407706937549035,0.42310453067391607,-0.7635834424392037
1997-08-01,-0.06535987194433233,0.02760515241955877,0.2633359868789596,-0.024114046132441874,0.3533587785763929,-0.7847190767094709
1997-09-01,-0.1131415983784496,0.0792770364386908,0.2053660891925212,-0.043638146132323925,0.38966181251288806,-0.4598551470300426
1997-10-01,-0.16315519353564903,0.06443713509982948,0.07876562932661943,-0.013864824129109719,0.38014987094254143,-0.4682919253473697
1997-11-01,-0.06000033089819273,0.04168155978104568,0.0070364317268033485,-0.010127839966712068,0.1559330266242647,-0.2021089344676854
1997-12-01,-0.10096927061508032,0.05136158441445158,-0.024928715803043722,-0.013671097484971412,0.26626291416459164,-0.18877798988335376
1998-01-01,-0.14760229491592805,0.10722860877027134,-0.08620522343195401,-0.02043285569705968,0.2102193606775359,-0.01144536325465078
1998-02-01,-0.09524175757859028,0.05284014915750804,-0.014897303213443245,-0.0035559431266487095,0.1815681319452275,-0.3967660978652429
1998-03-01,-0.12122671671059666,0.06918590234166508,0.044768687997972685,-0.02670827400318321,0.439952137106556,-0.39314389012861944
1998-04-01,-0.0724657214840118,0.04236455249735673,-0.004610558816023096,-0.0258523639925523,0.3796266633911995,-0.13076716467090277
1998-05-01,-0.16051412574828616,0.07032050534603952,0.1656579978166017,-0.040943810814026746,0.46709511576399293,-0.20241092188634735
1998-06-01,-0.15030779586492482,0.09016150288241571,0.29594914171607994,-0.04762783219565628,0.527298282095268,-0.8457202410352403
1998-07-01,-0.1400317988292971,0.0387256989936214,0.268089457299797,-0.02014584514316328,0.31380752722422284,-0.6792481610740441
1998-08-01,-0.10103470732430482,0.05408311949335109,0.13704742227110972,-0.015312595998167118,0.2616805629541645,-0.6991117544796156
1998-09-01,-0.18032777404028272,0.04585488789163825,0.154511396302826,-0.007318004591876797,0.35099759276977366,-0.6817205876543903
1998-10-01,-0.17456625864889616,0.050699603073747865,0.06693561614357109,-0.016603258263895675,0.3021547181458123,-0.2923646504801793
1998-11-01,-0.2577983062553838,0.14258026671798332,0.03015250465941668,-0.029559195607830213,0.214948122110744,-0.23769524920245877
1998-12-01,-0.25597536036757385,0.11867358250673754,-0.089136877386865,-0.013885774493341692,0.34930583952510424,-0.13297237995742026
1999-01-01,-0.1764640034664245,0.0692149261558439,-0.08289030313890514,0.003000140849090816,0.1576980333880516,-0.24544484305964867
1999-02-01,-0.19782604037228624,0.07658718304139947,-0.07130052570415579,-0.0009597710648910843,0.1388131267270126,-0.06728427133698395
1999-03-01,-0.14787069152271937,0.0371226662372033,0.05093930681612978,-0.013595592535900477,0.3613351596950811,-0.22334411902272186
1999-04-01,-0.234758520241227,0.04606338209932096,-0.0410235894962298,-0.0016063404659346781,0.46502779432609254,-0.19156817562770154
1999-05-01,-0.25488382496801365,0.10769825766746849,0.13803605326641363,-0.0285364560244483,0.47885302433186333,-0.4553471246491308
1999-06-01,-0.11627176552673045,0.04984232507265808,0.17061827573489186,-0.030687084868296206,0.573704067596608,-0.729200567888177
1999-07-01,-0.028895128775987766,0.029592320827163388,0.25201475739877754,-0.023512923917103194,0.28033101626035184,-0.9039953998897388
1999-08-01,-0.06781224279649674,0.05338612903395425,0.3116497626671424,-0.043047302783343004,0.40075733500011895,-0.775787493456965
1999-09-01,-0.254276506349343,0.1104225408301701,0.2399743899055149,-0.030026805449109576,0.2977258404769466,-0.6259575054265452
1999-10-01,-0.1750132563162823,0.06314174347822968,0.171665964417633,-0.028499287190342795,0.5264250572118382,-0.5477874391320823
1999-11-01,-0.10326779331344596,0.012826794733791586,-0.04699371247412169,-0.0034839846304073993,0.21378730481627298,0.01631586448006008
1999-12-01,-0.25421172008763093,0.09721602268216846,-0.13550116390886913,-0.0017439515632339028,0.2336743356144361,0.11399777039237645
2000-01-01,-0.1610635714330911,0.0669172523096063,-0.06147453228142548,-0.010615442533648772,0.3036518807465074,-0.11282874122801899
2000-02-01,-0.15040457654161518,0.06708486907057365,0.10174476980764331,-0.008296350206337306,0.2202854486508558,-0.5436729909717173
2000-03-01,-0.17854070920252205,0.06754195409173776,-0.0449444749781918,-0.00916291020761903,0.3217470090268022,-0.15870349724655566
2000-04-01,-0.1111880308038253,0.06083915957922225,0.08003240619415423,-0.033605472911508345,0.4798868113318406,-0.3345987071161685
2000-05-01,-0.18693359395544004,0.06867216553165804,0.1034955864765971,-0.023330536235870093,0.4965596111480799,-0.4707813910816027
2000-06-01,-0.08728767400966479,0.08042640587938192,0.23158813599360029,-0.0354611957653956,0.2889889192446477,-0.8428247078605321
2000-07-01,-0.17062047340161676,0.05625214586075129,0.2884897350467567,-0.011944582042830963,0.18689793213612615,-0.8313222207884858
2000-08-01,-0.0895398780872492,0.032487010542789234,0.2951527718317548,-0.02546424983833698,0.31994466727736304,-0.6908737878868546
2000-09-01,-0.16887452022558977,0.05201622731508317,0.16489571153519544,-0.011644201822939623,0.2555419664598454,-0.5240273864372917
2000-10-01,-0.15631161647048397,0.02657750345034162,0.048774633444471895,-0.01810210079022455,0.46592033178792835,-0.1560027346662853
2000-11-01,-0.15389498010649433,0.029991514318832152,-0.16399239716322525,0.00425685195703315,0.298330836040152,0.04967413302780926
2000-12-01,-0.19191953431721986,0.10729999913497773,-0.03562243172531343,-0.018878340281407776,0.22016123863263318,-0.15063822755347128
2001-01-01,-0.24802665861826093,0.11504389106213257,-0.08284979091838848,-0.017806664928857432,0.22576808255944547,0.043078031444895096
2001-02-01,-0.16554414617772004,0.056287601666849825,-0.01191683985716523,-0.007267605055260496,0.19725054755049237,-0.09063210176384968
2001-03-01,-0.13069544080433662,0.03476677856818264,-0.012469583854428102,0.0015090145345377781,0.2585559578265174,-0.22909425846908404
2001-04-01,-0.20630596344973764,0.05686838238804631,0.12623454042302326,-0.012449371327080365,0.28567505253236847,-0.3457933124424755
2001-05-01,-0.16950420410184364,0.09697555706947197,-0.00043858565315355025,-0.02734064577878236,0.403495730653321,-0.32585614725299505
2001-06-01,0.03572010694920611,-0.03165314317327028,0.09786483666619727,0.00786682939426511,0.2315317506844041,-0.711461081021074
2001-07-01,-0.12208238294740922,0.06362733676314833,0.2671529267942626,-0.033157762652600516,0.4414815182066233,-0.7602658176767654
2001-08-01,-0.05459204599126126,0.07397388873907028,0.2379380689815534,-0.033024536581959134,0.22411876815860554,-0.8541483378064806
2001-09-01,-0.15579984943612632,0.09473204464847064,0.21137206949119183,-0.03174579995760201,0.2948079068781966,-0.7563960293064947
2001-10-01,-0.09147237454141889,0.006958732759235172,0.11754680836081105,-0.01316970947765692,0.4846894303284122,-0.32265328842660657
2001-11-01,-0.20633012799719294,0.06238165514416894,-0.07237921092023818,-0.00543481276585682,0.2619893705777529,-0.03090493273043978
2001-12-01,-0.10540501305373078,0.04437084981840674,-0.07437587930605961,-0.006814282320883773,0.36260068079846053,-0.27357454317203467
2002-01-01,-0.20254023727916534,0.10491682987639044,-0.0517772301956762,-0.016148506653858273,0.30237195518730725,-0.2678131711655769
2002-02-01,-0.09090942320099223,0.054653890194135434,-0.10714070018019564,0.0012101620433861958,0.13676503894187636,-0.15391152406084366
2002-03-01,-0.1893069029124686,0.1316478648460655,0.014559109928865097,-0.04391464684087982,0.37766971157095525,-0.12861682453017306
2002-04-01,-0.21429432898151632,0.14865833082868382,0.05320610360158327,-0.04782526963469814,0.435763580650933,-0.3028830567347831
2002-05-01,-0.1924182484750034,0.14696721556320935,0.03123331342334781,-0.052357992863507716,0.48614215042631503,-0.30840024136114813
2002-06-01,-0.20705396795218764,0.09713182912431728,0.16904858791309854,-0.021450325531525767,0.3154302047470869,-0.7565361650093743
2002-07-01,-0.07142717770539443,0.032146570315326625,0.21067427651937987,-0.015332752404610621,0.28088551625020086,-0.9407764111740002
2002-08-01,-0.1406659099723206,0.07472847640516134,0.23878557127853697,-0.029809461633402003,0.41518644087732176,-0.8532084416652072
2002-09-01,-0.10730651526156466,0.05899676903448506,0.2125003614951934,-0.020711708816728975,0.2593874678773395,-0.6401642293169879
2002-10-01,-0.16262076811995907,0.11652556996456293,0.04534420111904973,-0.03424489432356492,0.36833089286998166,-0.31441664998082147
2002-11-01,-0.2487798768376547,0.10873218533972064,-0.031157269903355864,-0.009488396985949006,0.14639368838509598,-0.10546908538410629
2002-12-01,-0.10701018446832557,0.09504172172826945,-0.038663714027723735,-0.02349559741538313,0.2710961857757999,-0.31421994925409125
2003-01-01,-0.27092651478827945,0.12542330087752332,-0.14706240798717357,-0.004192767197187875,0.11962816371756085,0.00938252694364907
2003-02-01,-0.11355087938222215,0.05505035872551804,-0.025694364102488775,-0.016497476799062417,0.319604348328154,-0.12189737264660823
2003-03-01,-0.17060719075657071,0.09205529117685635,-0.07586326998312735,-0.014071263194326968,0.34191933392131396,-0.332545359497485
2003-04-01,-0.18804004572146063,0.1116274792651711,0.14885593946231995,-0.04664011610477426,0.3967018619095538,-0.2935198878032574
2003-05-01,-0.14969035476243414,0.08103970124866877,0.09651513253167321,-0.030448473337084878,0.3347753636581076,-0.31308739081673004
2003-06-01,-0.03286347145852453,0.012128231809289671,0.16798374046848769,-0.022284540214708874,0.4136164141240093,-0.5103929319243501
2003-07-01,-0.03728599640247232,0.01247887717936688,0.22030091006620273,-0.009118643495444435,0.3515444569668527,-0.9893131860788319
2003-08-01,-0.051142237109053974,-0.035603863489946146,0.2281398353568686,0.00833902262447871,0.20440753738758927,-0.6508979892385179
2003-09-01,-0.19687535980391124,0.08273372000909898,0.16240507962312983,-0.02061594315998993,0.19450469710732585,-0.4749200050381647
2003-10-01,-0.1939608459941654,0.11024161735778439,0.11957826522680429,-0.039502058206573404,0.38320184764215504,-0.2612375046895898
2003-11-01,-0.17390245246508765,0.03430287853025942,-0.05091861307770512,-0.003800997500406319,0.29245045057124336,0.08412289932586145
2003-12-01,-0.19030446300701218,0.09290807876500014,0.0028701000737904703,-0.013363731633476537,0.18344540043739277,-0.24943979645984762
2004-01-01,-0.1192256989899406,0.05907614113294673,-0.1407556921044321,-0.0013138096043971508,0.32783129626074753,-0.1907354679660521
2004-02-01,-0.17902704965230287,0.08454391959920836,-0.14687210670283007,-0.015534223432734879,0.40852685095900193,-0.05915678524668666
2004-03-01,-0.20306853074876088,0.04962596052901957,-0.1346679298475036,0.008034366646394423,0.32014190140417065,-0.06338909700296928
2004-04-01,-0.1676909338319653,0.08948128423979242,-0.03892050286673981,-0.022835352123856498,0.3793393993108286,-0.22824797104450242
2004-05-01,-0.1485646396132013,-0.021860078118023214,-0.05077021103040829,0.01777556582404122,0.31699406898627847,-0.13836642214353534
2004-06-01,-0.07853738661610485,0.08783234557971387,0.10529146171533144,-0.030068863061859824,0.2780854870370552,-0.6032596463742464
2004-07-01,-0.07533664073871106,0.0990696445051123,0.2535434769946197,-0.038448037659412716,0.22918621530640595,-0.957042453945547
2004-08-01,-0.09034545268533992,0.06387819587085783,0.31742680830301645,-0.031139586592328145,0.30042359047690353,-1.02958713752636
2004-09-01,-0.1024622613745752,0.015311158836127341,0.132832519186779,-0.002736141070562608,0.24649012560224803,-0.5146901028743689
2004-10-01,-0.29553010417760905,0.09546485511209316,0.14227567907161137,-0.02131914514172173,0.4543544714060207,-0.45627282149549847
2004-11-01,-0.21376543236968198,0.08351775335186709,-0.10665827259471185,-0.011398385879881864,0.3916599656228965,-0.06685419467048369
2004-12-01,-0.19863541670937657,0.09291946750648306,-0.15208706209890818,-0.01558522207594705,0.20748455561487014,0.30067730964957806
2005-01-01,-0.2374165013533871,0.10634916940165265,-0.0018876972203345401,-0.013884407969797966,0.28369469662844127,-0.22443268934021826
2005-02-01,-0.21406396581472453,0.12016977342594684,-0.0018612715263031795,-0.035177032557015625,0.3243720127364336,-0.08577973298404529
2005-03-01,-0.2623640085293863,0.14334069997644833,-0.08946764703379027,-0.01879262732812664,0.24227607721662792,-0.13162914015676666
2005-04-01,-0.19444076010699715,0.0796730189608623,0.09568368013088518,-0.015711912212313894,0.26665909984017494,-0.3818744226642277
2005-05-01,-0.15167169729057622,0.1619374527400518,0.07635856445965958,-0.05238806780794894,0.3937245257156717,-0.6074790937313136
2005-06-01,-0.12686089348563262,0.0334220287867158,0.2316621733349701,-0.016171439593160385,0.3889356460948448,-0.6720689975697062
2005-07-01,0.008597393898196231,-0.01870009203974883,0.21901928561188305,-0.005552529728102916,0.3397599957083578,-0.8594306914702706
2005-08-01,-0.09616686405018479,0.006427037193385324,0.16773939381873726,0.005198647212533562,0.22427146717653437,-0.7400103021359099
2005-09-01,-0.14904701993578956,0.04329443909227848,0.22923106632902468,-0.016893325927594974,0.2733447541624813,-0.7080802235050478
2005-10-01,-0.20008583694628848,0.059220316645553744,0.11473044902584624,-0.019878678993604633,0.4775052016737771,-0.4778372420780901
2005-11-01,-0.19589656469773273,0.10588575006658053,-0.037288062747904284,-0.024634739026426242,0.28154606704658036,-0.013256143184675688
2005-12-01,-0.21648663275636512,0.1251002502520278,-0.09351818943801132,-0.01684896989676829,0.13749118747010744,0.0777109667820775
2006-01-01,-0.13023934795894995,0.0407836465112203,-0.10830040609956186,-0.0020745223936493896,0.17726268135221665,0.07846496891284335
2006-02-01,-0.19639068855449995,0.05633964807161311,-0.08957061704783933,0.0012109211901701808,0.2313284550682973,0.03162786782975646
2006-03-01,-0.21535759441165966,0.07709391329059309,0.05108963536179584,-0.012405028953148925,0.24604835247589368,-0.22039961987647458
2006-04-01,-0.1550792448239532,0.07542222703055308,0.10070941943588065,-0.03733181618247569,0.4428805099368769,-0.23242360979750537
2006-05-01,-0.04654592093156308,-0.0016002055778676935,0.04764627602985471,-0.010562693866854869,0.4085782389182829,-0.31861616433530615
2006-06-01,-0.045821209683118896,0.028682139698620216,0.21811009549775648,-0.026293391182379215,0.4528153919230747,-0.7534850118816764
2006-07-01,0.015028876140544744,-0.020799441932082628,0.25174955161518875,-0.0166229339906372,0.3560277028272381,-0.7001111256903497
2006-08-01,-0.15038631163757132,0.11180410626395439,0.20004798935408574,-0.038769282735318655,0.2011311340466731,-0.5972201193588368
2006-09-01,-0.19909403626880948,0.03368505166706212,0.15643023477748882,-0.0005871575534295724,0.14610795651452016,-0.27944011532742047
2006-10-01,-0.26196968866313664,0.1406842284608766,0.1669886743145244,-0.04031669595337029,0.4210331514056793,-0.4356950737427974
2006-11-01,-0.25284123393683744,0.12562678116092033,0.018497850406404122,-0.023935219929070085,0.2392689639565635,-0.18079736526461618
2006-12-01,-0.16856178337213945,0.09808602183000915,-0.22721132730759902,-0.006790726623022934,0.10185252854042808,0.25503009125806286
2007-01-01,-0.34201726351195183,0.13015266553637886,-0.094626921176113,-0.009384883295114011,0.3995263980606855,-0.13626279930273694
2007-02-01,-0.21518183673590488,0.12269948537871664,-0.03447519135614701,-0.018985851564221036,0.24702386499124732,-0.29337693923625396
2007-03-01,-0.14481973283144892,0.08331723379178962,-0.09210035827845633,-0.01586225201433483,0.19485313171720775,-0.10261076731958252
2007-04-01,-0.1952823090985789,0.10511171643134551,-0.09090090201650575,-0.028152026902346413,0.4047920306523641,-0.01514522709708283
2007-05-01,-0.1346005832189335,0.009255157959680927,0.0919054053649057,-0.002809232560506245,0.4125935883171814,-0.3553269350010416
2007-06-01,0.000261722973076935,0.013253268962268258,0.21333982513899785,-0.026652300656237082,0.38799788318784895,-0.739333400691765
2007-07-01,-0.139456539670356,0.10077568970000925,0.18413725206285814,-0.02600707411243749,0.20412309358348954,-0.7852762937545777
2007-08-01,-0.04051330830910308,0.026758233021895467,0.26164703743912304,-0.018013464127232818,0.22064851502240715,-0.908649270085321
2007-09-01,-0.1315104971532108,0.07116521955224586,0.3113718983720377,-0.0412511910329876,0.4283375154107304,-0.8589108569034632
2007-10-01,-0.11055019774945145,0.034332470369784054,0.07856360396812591,-0.010610839306839535,0.26491692679076545,-0.34101140024005505
2007-11-01,-0.24760805932032007,0.09932350402518346,-0.07787399791355515,-0.01002217196711551,0.20918845288497578,0.04161801729081334
2007-12-01,-0.24832054600964326,0.12008602465089192,-0.14868932075325061,-0.007867166054671169,0.21737790377126576,-0.10945245731567992
2008-01-01,-0.10878827138814458,0.08616955098757671,-0.05427248733909333,-0.016449142045222503,0.13480715579905753,-0.14310246468454169
2008-02-01,-0.09063864295748897,0.07870870524408236,-0.04298933312518017,-0.019083955810786805,0.32442016790142164,-0.3487766976805701
2008-03-01,-0.1850624963674956,0.06960278935026244,-0.11710634573446867,0.0013379137306648839,0.26266132034150896,-0.1836156742512316
2008-04-01,-0.2267430327376541,0.10752824587581965,0.012265851901825454,-0.018368041501992796,0.22113996710480943,-0.1967397181020267
2008-05-01,-0.221113825128192,0.03441421632850384,-0.010888451666736283,-0.005800384774824583,0.48108144668535996,-0.09387035287268784
2008-06-01,-0.07833223283088125,0.031617712863282584,0.14880783232956823,-0.01603838862454594,0.2783141567208673,-0.49692718447118567
2008-07-01,-0.057540980723101535,0.06043606143733504,0.27423027566444114,-0.04101378251891971,0.3799018550053828,-0.789403872213502
2008-08-01,-0.13378901901293774,0.009293642180262306,0.24679040031688268,-0.00331567541433921,0.24640252866313955,-0.6778855902561244
2008-09-01,-0.1603677970211522,0.05464392444840677,0.202219023752372,-0.0232797177524266,0.3506037475025586,-0.581302677375683
2008-10-01,-0.2344050341182285,0.06848600999379992,0.01610695294113861,-0.015091182453042251,0.4746710681645884,-0.25882572627396905
2008-11-01,-0.2508901025838052,0.06497370025298395,-0.13250512223578614,0.006230869756601454,0.2097961592808955,0.13666228539701822
2008-12-01,-0.2910847465197245,0.11219577181605457,-0.08086881049002292,-0.00666199238246004,0.11454471255426353,0.08686809004216955
2009-01-01,-0.21867523658302634,0.050926561351154274,-0.12425499466749337,0.010321907612292909,0.057358316890369195,0.29915611131413694
2009-02-01,-0.12606310356163383,0.02169395481819016,0.05602009195747184,-0.006316699619274749,0.2963537718616636,-0.27665887837824615
2009-03-01,-0.11601987761569942,0.009494100473750742,0.011020753285216858,0.00018952260658147775,0.30305061468296807,-0.18401408864968066
2009-04-01,-0.19231061884064793,0.032950642456860406,-0.07246270725958323,0.004906071607578777,0.22148990024954585,0.07915320279805557
2009-05-01,-0.133424158505842,0.04887825110487091,0.023373774561196266,-0.008899052805161754,0.4391383990056097,-0.5204356019047723
2009-06-01,-0.1713288056742307,0.05462186838832943,0.26537639690083403,-0.02858130208454114,0.4561895872913511,-0.6091220007426498
2009-07-01,-0.06826395853137483,0.07450815865907304,0.23791576707642212,-0.030748292484559618,0.30237988563580703,-0.9727173093436422
2009-08-01,-0.10205389859995334,0.05672400054083486,0.19854305181216236,-0.020081894186221,0.24944990031463277,-0.7002414352651956
2009-09-01,-0.16217932882222458,0.015114340755123723,0.11452776644640542,0.00396953400206096,0.267536129991887,-0.6003253593824912
2009-10-01,-0.20092512204263216,0.05580892281110323,0.019097467728681785,0.0030972831026736015,0.1959067869321101,-0.18811023429684018
2009-11-01,-0.11622874138036282,0.0723565297699672,0.005324051581497575,-0.022224970598196572,0.30546419027834965,-0.2498207937764085
2009-12-01,-0.18850299202395673,0.0895443019001183,-0.09035612565518222,-0.0027519864994148867,0.22900614698054428,-0.18074323720150237
2010-01-01,-0.06632784259021958,0.0642214423760293,-0.08807420157469235,-0.007061081492988228,0.11907027518681887,-0.23408991595109305
2010-02-01,-0.0854303069885761,0.10129946789269412,-0.037295303897726596,-0.03117600440837488,0.25826834857800585,-0.23613129135059274
2010-03-01,-0.093151415675,0.029343055008377153,-0.050193954097188034,-0.0057624548410890215,0.3217413684742599,-0.12310675304868948
2010-04-01,-0.14277180263988015,0.04355920635389132,0.010570985916067524,-0.010627612310831194,0.35011981335063436,-0.22771192201669668
2010-05-01,-0.17246693169989552,0.07530591804498986,0.05756753791173465,-0.02880800351223126,0.36662670515351375,-0.2505441877461187
2010-06-01,-0.10624250519573013,0.09877648704556752,0.19391436740307502,-0.05019632037626682,0.46625302336310265,-0.7533759958502175
2010-07-01,-0.03166621690299235,-0.04290339698934037,0.2554030920749524,0.014970260577868528,0.2042479581583691,-1.0066365850144539
2010-08-01,0.01533010302960467,0.007896899819613517,0.22389943583753194,-0.02641956098438581,0.20040338911579153,-0.5243993107823358
2010-09-01,-0.039579901768236746,-0.054432818158186395,0.1849262959582351,0.011074963177410677,0.2531309922536214,-0.631697756656702
2010-10-01,-0.16119053794278038,0.04379141803774525,0.12804499288466462,-0.013348934641718446,0.3269538872659543,-0.4521275776019995
2010-11-01,-0.19512591786395395,0.04697706944719379,-0.12027436375219287,0.012891493665704495,0.1260231527905006,0.03671662315078404
2010-12-01,-0.10279088868187262,0.050338310504680774,0.07065681609820362,-0.011191641949007783,0.30485657648851644,-0.48896599075068603
2011-01-01,-0.21522636113523624,0.10120386520967535,-0.09684399218862272,-0.00987362229770283,0.3071394343834139,-0.16232212276562402
2011-02-01,-0.11895461400755408,0.026960370292806107,-0.05816706521654607,0.007251134984757767,0.09011377469967988,-0.09539844333261684
2011-03-01,-0.0886326881184701,0.04217812464887625,0.01277491375554764,-0.01829580420561314,0.31695440832504446,-0.17222552897705548
2011-04-01,-0.24365928370395754,0.1250080767814739,0.030729790719655842,-0.028473931728121474,0.4366291613228577,-0.42009059933648596
2011-05-01,-0.23067358568682422,0.09560849841522134,0.1318180117519404,-0.033465846924816356,0.48098478276850815,-0.4088090057822242
2011-06-01,-0.15988148360295631,0.059810265307165045,0.2428052816103932,-0.029945396337935727,0.4228888090047459,-0.7009041698082634
2011-07-01,-0.15465136017658812,0.028649464712631387,0.28887691107083324,-0.0070462311438400215,0.2969448849306268,-0.9762128194173177
2011-08-01,-0.1286827957008431,0.07485825417031639,0.31504289661362816,-0.030728188316128138,0.29120258355544787,-0.8810438107753146
2011-09-01,-0.050024418772753675,0.03183455486378733,0.13928238713621693,-0.01726161801264974,0.3085302767780541,-0.5965326359306558
2011-10-01,-0.21077206953853164,0.08872343163007768,0.07212066954394247,-0.020272410195920788,0.28057133747359453,-0.32605994762717816
2011-11-01,-0.10819857287518427,0.043314996409619014,-0.10981026874936145,-0.01623922562919763,0.3148332743321435,0.20705584058727045
2011-12-01,-0.28753312739655545,0.1197479964570197,-0.19581349797073413,-0.006262966779820471,0.35178811199921,-0.019903472908165146
2012-01-01,-0.15845054300193614,0.08215239317295457,-0.06056296636029629,-0.011742821470744323,0.3044432923618683,-0.19690105016680734
2012-02-01,-0.1225401872300169,0.07100921812588754,-0.19579305497300264,-0.004714805932448031,0.22582385247036563,-0.002054978108060533
2012-03-01,-0.06692385630441361,0.06320168139212298,-0.08137634516161021,-0.02462406673923194,0.2798181384970239,-0.0048721087691576586
2012-04-01,-0.20320710478996742,0.1027478008145477,0.08349350488504836,-0.04039970206293691,0.366763661136735,-0.06731404801425728
2012-05-01,-0.07321333381729601,0.021688403259779703,0.03554713927882172,-0.00786807150031218,0.3939906756083171,-0.3251193874124168
2012-06-01,-0.15956115932151033,0.02940309353679813,0.271992245844774,-0.00860375092287561,0.2904911162489552,-0.6858236331870591
2012-07-01,-0.10520375720193596,0.03748213043101906,0.25186136514446805,-0.013245301718919602,0.27591263675420297,-0.8151584345361461
2012-08-01,-0.025365015918435423,0.08512811292057931,0.25946293586871294,-0.04305082229334845,0.2691044561607016,-1.0100946910139443
2012-09-01,-0.1912414993828927,0.10091064142200581,0.19000977477102374,-0.028543588615369507,0.18958547021036093,-0.49184882554455084
2012-10-01,-0.22453079147944374,0.12327474497948793,0.12373108180071597,-0.03217928682138255,0.31135969579556566,-0.47372266434241034
2012-11-01,-0.22373336648184156,0.06936874613870068,0.06397977708075755,-0.0195013138489581,0.38972315141710184,-0.16593255534552148
2012-12-01,-0.20122140257401802,0.08797598544980041,-0.03654361269545794,-0.006289219589974841,0.20946761814214415,-0.1534631313837093
2013-01-01,-0.1930285270522241,0.09320304898055717,-0.1479080002941814,-0.006749456488626525,0.21697193552545235,-0.022281355400016346
2013-02-01,-0.08697852222016608,0.04906151679191309,-0.0725754427670635,-0.010262749263012372,0.1628277370821958,0.02583734475184178
2013-03-01,-0.21557102735891362,0.0803379601638743,-0.05388663315454055,-0.0014750882583760663,0.21825268612069598,-0.15305200510698816
2013-04-01,-0.16314555804272626,0.10922924992417131,-0.0551047931148057,-0.03420357565544328,0.23127121608809562,0.09042120174221371
2013-05-01,-0.18276375234802833,0.10393042089188707,-0.006734234682692333,-0.029030314952984887,0.3432356789287201,-0.1979960533587829
2013-06-01,-0.10120887098128563,0.02433099327978655,0.2066836209600187,-0.009280767936898976,0.2168986504360781,-0.6578399219374726
2013-07-01,-0.08685544577729201,0.04503517814371418,0.24275225042100732,-0.017277021104635408,0.23341795145455052,-0.7964146525963494
2013-08-01,-0.09157607192490376,0.05413786450265387,0.18459350668068314,-0.01202422180419485,0.07425049098871522,-0.6492524691250013
2013-09-01,-0.1529011250285605,0.01936796616889635,0.18231055907979857,-0.011031793592520293,0.31782240517395366,-0.47103484039721283
2013-10-01,-0.206993805780973,0.08232468168738884,0.10929785569176625,-0.02615241119098137,0.42379067442511437,-0.3813994643480882
2013-11-01,-0.19315309197453953,0.0910678302731879,-0.06901952188873171,-0.012774693044011918,0.23805114340647465,-0.08589532496272655
2013-12-01,-0.24460453599218338,0.10332540012121426,-0.11170376403674633,-0.014270027798917052,0.3054365599896275,0.11869890858297763
2014-01-01,-0.26382593070568683,0.09471886713825349,-0.06925237667201753,0.000914088607416003,0.07180779045026771,0.00624142695164335
2014-02-01,-0.16309752756235552,0.07166007977324082,-0.030588819240422352,-0.005070164182058219,0.04053628545696453,-0.13126456651134769
2014-03-01,-0.17272244437751855,0.025552467113829063,-0.07670360265368202,0.022835299634397968,0.05916238862410777,-0.14616105759489365
2014-04-01,-0.0633072923729513,0.055219378104056666,0.03006752048164332,-0.015489795382334715,0.17797951981172724,-0.3785034992556641
2014-05-01,-0.17158982265833553,0.05560712701780105,0.0046749415505291225,-0.00607603871176197,0.42918959243149407,-0.4649223084898963
2014-06-01,-0.09525284982051979,0.011483191588228052,0.16888599331961027,-0.008502535193956691,0.38514558204823296,-0.6769275319749031
2014-07-01,-0.03534826891424975,0.025538644895999777,0.2588659574754262,-0.018914021899575716,0.25375886152019606,-0.8392159489617832
2014-08-01,-0.06969394310126228,0.03336065656563623,0.20371351054679587,-0.028321458613122387,0.39723692303996977,-0.5694797289544258
2014-09-01,-0.09914589813507063,0.08843547333602306,0.25897941561446935,-0.04271905230130265,0.39388958343678276,-0.8593575246092202
2014-10-01,-0.15460571565595613,0.10351716397270307,0.18168846301011815,-0.045129978550578966,0.34231460195476726,-0.2699985452320265
2014-11-01,-0.28542035223405104,0.07322399720984435,-0.08216392946582175,0.00033862648394866485,0.3321990118188373,-0.0635276130144147
2014-12-01,-0.21851026282018543,0.12003446494304841,-0.08911187655407699,-0.010714680744963583,0.1608287420986736,-0.1505640483852746
2015-01-01,-0.19466088891510858,0.1009574672295263,-0.07001036983668604,-0.01791162597997994,0.39023425282731566,-0.14173144987527875
2015-02-01,-0.2584401306922203,0.12267783463761801,-0.1266626765745938,-0.006950036545826511,0.18441478411356607,-0.2079227588314941
2015-03-01,-0.1564149461821769,0.06799153193113146,-0.11125169133761255,-0.00100228643008127,0.2311717066387672,-0.09848477615826373
2015-04-01,-0.14807165319484378,0.037489613322919633,0.06289887911699288,-0.010240512827090854,0.46247737219104657,-0.3933334048243537
2015-05-01,-0.1319862082769541,0.04459324929161641,0.06545800528797417,-0.01666192140251288,0.458232679609525,-0.3657915561959364
2015-06-01,-0.10798901251924821,0.05080428569523058,0.18638448172987104,-0.022622994210764445,0.40365770711737164,-0.602755209674006
2015-07-01,-0.1346498204061504,0.04907415463238785,0.2387008838430296,-0.016255001811005032,0.3041405462275791,-0.8043199345685434
2015-08-01,-0.061737936488489985,0.028179461882046525,0.2985278599238316,-0.02293172926762342,0.2991057300971726,-0.8382072051366171
2015-09-01,-0.10917153243237342,0.07939417192902563,0.15083214760225352,-0.02972763271256999,0.26476705646784293,-0.4885478944018268
2015-10-01,-0.17844611132631497,0.10410296908511106,0.08007034622008186,-0.0388356177566849,0.5422198503030895,-0.46721614789271704
2015-11-01,-0.18594746315290056,0.06988693754028508,0.0048570655734842035,-0.008725837381511326,0.2289528984807979,-0.3000193477972694
2015-12-01,-0.14566773899288135,0.07188698657152784,-0.06341170457294552,-0.013837998503269984,0.40542616345788124,-0.23485901563063913
2016-01-01,-0.26760026643606,0.1313969239835506,-0.06019287558901668,-0.0202547052363269,0.36968485278598334,-0.12879497439101123
2016-02-01,-0.26026024502150863,0.11679790350687752,-0.1215279423148935,-0.011586488515096983,0.21016137242990698,0.12513577830100406
2016-03-01,-0.22474717255892937,0.08185159220027478,-0.13620832617266918,0.00718828584683788,0.1392860449640091,-0.08052050851393437
2016-04-01,-0.13070761008597825,0.06674105540932014,0.0004552233104522411,-0.02368531313825902,0.31242047326039457,-0.1499082839143449
2016-05-01,-0.1578311598490155,0.01781202433718851,0.13431974477991213,-0.019163696728088278,0.5798504345834592,-0.41667251051336096
2016-06-01,-0.042162975824338776,0.016307305291097873,0.1581949683336111,-0.010724195662791324,0.21581529392360968,-0.6814186771710714
2016-07-01,-0.045766979202526765,0.016388042289061676,0.20049321013549498,-0.008357696014789242,0.2248446483396541,-0.7810035477513853
2016-08-01,-0.08535382977756513,0.0049129809012604855,0.15511664508975867,-0.0011529185750612416,0.251777722673901,-0.5690534693607386
2016-09-01,-0.12567291150287704,-0.04638578227346161,0.15326942687847941,0.010312243663884457,0.33316906899382165,-0.3423023267068725
2016-10-01,-0.06766881996474298,0.04594139930825603,0.13361642616847685,-0.031613853334192664,0.38329724874873616,-0.41504284178001294
2016-11-01,-0.19057840277818866,0.029864346776650567,-0.02867022971544776,0.002213577579123022,0.3391826220151395,-0.1402263354132141
2016-12-01,-0.1812228878068816,0.06513055606519835,-0.09295940399169922,-0.009696978313654982,0.42657195511510815,-0.12217297934103705
2017-01-01,-0.08928550518426173,0.026949006219432796,-0.13693786447363154,0.0070380000512257875,0.10602281844548586,0.016845223169935787
2017-02-01,-0.16785351023111753,0.027950213639336745,-0.0775482829498208,0.011136804251254158,0.24938157386025467,-0.16169524009245032
2017-03-01,-0.24581251839120913,0.12528175657125637,0.023693429387134052,-0.0272726572699938,0.37666840405113955,-0.3650693681792937
2017-04-01,-0.14454382989141676,0.05761586036797198,0.0020880192941845855,-0.005780823798123189,0.2674453591896316,-0.3801847281663314
2017-05-01,0.0027604479249777976,0.059724893440300554,0.11981133882417327,-0.037237802871890074,0.41267807874302403,-0.684844151787136
2017-06-01,-0.15286176112774008,0.09435334635479464,0.19772349791383265,-0.029065681988963282,0.29876789467482917,-0.6724595159724139
2017-07-01,-0.013286378361335416,-0.03548987237965452,0.2761368867146929,-0.0046700819537704216,0.2967071987814822,-0.7444216289382051
2017-08-01,-0.11514765453311591,0.09308431776405958,0.1950588413704199,-0.02777426875563068,0.17579571464977695,-0.823545693487361
2017-09-01,-0.03025630096189019,-0.0118770244019018,0.12129371281850297,-0.006472945944983095,0.3547477014994217,-0.5982592054035353
2017-10-01,-0.15161682866395465,0.025095556165480773,-0.011067777672738933,0.0115712935720194,0.2414386151200634,-0.39978887939798663
2017-11-01,-0.14744835341868756,0.042547699282322576,0.02552901198433394,-0.0029041558273303187,0.2343167692927991,-0.28513709920040076
2017-12-01,-0.23580910194487797,0.1060671220570521,-0.16822291531889733,0.004145331892872024,0.09260471215692617,-0.015373117681862652
2018-01-01,-0.22798772909743986,0.0805666450136438,-0.06017368473735541,-0.008936087170251591,0.23954750622733165,0.026271492242813114
2018-02-01,-0.3383768253585919,0.1462707074186527,-0.11121953859377066,-0.01987934518348201,0.1791871621110345,0.1455317750789117
2018-03-01,-0.1501150201169812,0.03135972268992088,0.04742146410471619,-0.0008864471280905685,0.0926980780342878,-0.13298770763735843
2018-04-01,-0.13741732927677042,0.10175553831801748,-0.021383840353991275,-0.042521372915578386,0.3941788175011759,0.13076541540415393
2018-05-01,-0.13263102097103113,0.0405346799557342,0.04727527885433024,-0.020702207173732882,0.4273151778905405,-0.21082208478364392
2018-06-01,-0.1290415607967209,0.06952594392298608,0.20743699177451755,-0.029415161270886805,0.41219007834202825,-0.7034879447757334
2018-07-01,-0.05022417796171712,0.04652686571589687,0.3120309034717521,-0.03180064632350529,0.34845599346915207,-0.9491482074709907
2018-08-01,-0.04807328910919544,0.017883250499073775,0.15547424056458234,-0.006742636518226107,0.14407320716286784,-0.6014962775119838
2018-09-01,-0.145892675568998,0.04993092082969013,0.13132903189164738,-0.012278369780613639,0.2633525405899953,-0.4394647003947825
2018-10-01,-0.29574912421557364,0.11930178732273217,0.046720446701033855,-0.032535147103796846,0.5207867777280215,-0.20260770089816357
2018-11-01,-0.20327126087785577,0.0878747737489373,-0.0947543672195645,-0.01904479099237143,0.43885574839209435,-0.08102689424286719
2018-12-01,-0.10454118433418998,0.08345319670959532,-0.07655407118308902,-0.018201957494881557,0.35593416226112234,-0.31942446594652923
2019-01-01,-0.027276130679302138,0.07525628013624361,-0.01562771988552948,-0.022275582913700357,0.118279478139123,-0.2806561040705529
2019-02-01,-0.09432720873597798,0.06438649039660951,-0.03287965528367953,-0.014922197345452254,0.16148043217632058,-0.11158306421577067
2019-03-01,-0.14021275501672914,0.05575148265506009,-0.0036228192739662115,-0.012997415432726414,0.3036593313271043,-0.1915631444875465
2019-04-01,-0.14134203326675085,0.062047640946191966,-0.042215732228397126,-0.014135383985464274,0.2777606669792348,-0.17841758503430133
2019-05-01,-0.07797380457389382,0.0230896689938751,-0.008544381583315074,-0.008581281186502487,0.3026796094441818,-0.12761431111805682
2019-06-01,-0.18125223312653652,0.0974976827367605,0.24178679471829262,-0.03706447632969916,0.5282245281725954,-0.9156358846719714
2019-07-01,-0.023734884689268477,0.012135035173513263,0.2514266499308838,-0.018011961791695418,0.38918635602724755,-0.9399683147236921
2019-08-01,-0.019512108427867325,0.0029941311223601434,0.17365663745331525,-0.013069641284430035,0.27712346133539234,-0.5403978885083959
2019-09-01,-0.17981065644158256,0.09395812278514858,0.2070880404682861,-0.03695030628402505,0.411314563562641,-0.673773733602054
2019-10-01,-0.19482353241805855,0.07716590452354774,0.027188282447515123,-0.00929760084250697,0.22128077886872372,-0.3523055086101311
2019-11-01,-0.16189557362913815,0.0364666840762238,-0.028599102212035137,-0.005509282887375809,0.25926873003695644,0.12363673768181732
2019-12-01,-0.17635518866601715,0.06526023508639327,-0.03649526116840018,-0.010760267768563387,0.259304206586827,-0.09090770575879277
2020-01-01,-0.1495093867486837,0.029837945036040814,-0.13017720950885758,0.011015320032645848,0.2395761636017406,0.04219558710853259
2020-02-01,-0.19536184615829363,0.06631949911200369,-0.06716702768834538,-0.0038005109095057333,0.3712997261413747,-0.1829565705164619
2020-03-01,-0.19723681095235743,0.0708634207211787,0.048363893401861986,-0.016216186084158157,0.25897809846253045,-0.09606844759073811
2020-04-01,-0.18891371932311526,0.08848445148459004,-0.004675924578637981,-0.025032741045784,0.4363790743768552,-0.08250549587461613
2020-05-01,-0.08327286403262966,0.028153967432719997,0.05557929293367775,-0.018744269607460454,0.3625790278116862,-0.2080000721026158
2020-06-01,-0.15153544458672571,0.07898518058606943,0.26738997984889357,-0.03378413489329099,0.41608440000458624,-0.8577321318612583
2020-07-01,-0.09545899310958088,0.02321008971798989,0.19043695966535587,-0.003910797279498033,0.2559462677961015,-0.7614437436711962
2020-08-01,-0.04268021506517112,0.062495140651054326,0.24908191483953723,-0.02419767919079093,0.07798152286454109,-0.8016628199729368
2020-09-01,-0.08857825310592478,0.0462293607272588,0.13781579267420496,-0.017082410402146128,0.14747981045205713,-0.4040781678496928
2020-10-01,-0.20660697873217176,0.11899178470916243,0.0850326141784821,-0.03204404236342971,0.2887197722822933,-0.26993119846219604
2020-11-01,-0.30618503588397483,0.09298975982602918,0.05947342485089764,-0.01303625344732856,0.4151575477783289,-0.33268937166186346
2020-12-01,-0.20096555791474252,0.04232097716406973,-0.12786162886332508,0.01705396464552417,0.15090268715626776,-0.004023939803026725
2021-01-01,-0.15300827654175747,0.0635392092972015,-0.12267917195291422,0.004785518839887572,0.18903627928535816,-0.200098739815471
2021-02-01,-0.28878269619952524,0.11770404762604286,-0.1174809093459394,-0.008873305951011152,0.325457322395454,-0.10762581385780072
2021-03-01,-0.13507329974990853,0.04664456426907183,-0.018018919563413064,-0.015310070384523184,0.36875162757722674,-0.2732015194614297
2021-04-01,-0.11270117234278157,0.044642294544043525,-0.06688123578236851,-0.012082307610627351,0.4463663208956099,-0.24086171626180844
2021-05-01,-0.26028232306850196,0.09729333471908236,0.06429480519581797,-0.021383903929296712,0.4687320377867101,-0.41843842769014666
2021-06-01,-0.06806528081699294,0.01838197073386894,0.2500802328355336,-0.019043029149700987,0.4611667771797396,-0.824671594992928
2021-07-01,-0.10283383754105253,0.07348863112199734,0.2759633754009387,-0.030295106964983404,0.18405042967553867,-0.752292767814968
2021-08-01,-0.03487718842771589,-0.015275526812937399,0.2105646707541169,-0.004133560380490102,0.30463624977122594,-0.7684822315755099
2021-09-01,-0.09901719484604946,0.05057951664756315,0.22784785482795739,-0.032694244032246446,0.40605963960205765,-0.6758235286975253
2021-10-01,-0.1852348463740749,0.061764681144240746,0.059871157525375134,-0.008490209192397196,0.24955228055264317,-0.3666432115478792
2021-11-01,-0.19733738365357154,0.13071274479925069,-0.06622719394672276,-0.03299567013906259,0.20505404994312654,-0.013551202373228212
2021-12-01,-0.309994894495897,0.10177501840851426,0.07441470455565181,-0.009939589600056527,0.3272015664537074,-0.3077573318412339
2022-01-01,-0.13010050244038066,0.08573498394664215,-0.03956711063018212,-0.014921648203693839,0.313125382372215,-0.24950886010259823
2022-02-01,-0.2074930031283372,0.07583747661033459,-0.04889057664181974,-0.006595879869748016,0.42385824319333004,-0.3649096881997758
2022-03-01,-0.17780252392329865,0.05648369169820431,-0.060967308699611235,-0.0066756590339381635,0.3409496976830865,-0.1626613806339278
2022-04-01,-0.12557523456019878,0.04020348501115305,-0.050957625526249606,0.0016296480325491433,0.04980166858367327,0.010831891626551533
2022-05-01,-0.1510568241886541,0.05442116687704575,0.09435733475015315,-0.014146186511782916,0.26096337932651326,-0.3280301996763202
2022-06-01,-0.09080668037035027,0.04653760640475272,0.2925435087353888,-0.034564621876233534,0.49880436584774385,-0.9067046037618666
2022-07-01,-0.11602368769647718,0.15467481312671208,0.2600558824762453,-0.06618728326910958,0.24334484406110257,-0.7729181992834894
2022-08-01,-0.08781288207726143,0.045932255996063716,0.22556593884592469,-0.020923799415818442,0.18003691977026773,-0.6435679784719496
2022-09-01,-0.13975777627389177,0.027241986320289784,0.20067743633104407,-0.008348491369821088,0.3044334845354328,-0.712616849636686
2022-10-01,-0.13985618729304836,0.01966755180082694,0.09872545005386091,-0.0037167191029404186,0.46565029243964934,-0.5880032760509547
2022-11-01,-0.1917021480006696,0.032669155759867174,-0.08321947112125049,0.003757552131632849,0.3318856159845988,-0.06326125070884608
2022-12-01,-0.3000085417375543,0.09686776502005094,-0.0874843884471268,-0.0024884380937675297,0.3074567533482266,-0.04724328257683395
