,r700_cluster1,r700_cluster2,r700_cluster3,r700_cluster4,r700_cluster5
1965-01-01,231.08089153583234,51.92818119840802,88.61100974203158,40.95006741975483,39.196187337239586
1965-02-01,252.7588184063251,59.722062596734965,97.49319573410419,44.00005842510023,38.08736928304037
1965-03-01,246.60679743840143,61.56740296561763,98.24635161071265,38.73020975213302,47.744791666666664
1965-04-01,269.60431612454926,60.277751706681165,92.83532214765789,51.260943161813834,48.59001159667969
1965-05-01,257.2119786189153,62.0911349890367,104.35640671673943,63.796424865722656,39.68727111816406
1965-06-01,254.16993361253003,69.27054207279997,112.85313197544643,70.4951236122533,47.04863993326823
1965-07-01,271.54810978816107,66.79109969229069,110.06537685875132,83.05966226678146,62.42859395345052
1965-08-01,249.60553095890924,65.77385236632149,105.64750543161601,77.09506687365081,69.28860982259114
1965-09-01,250.55914658766525,61.93172814711085,111.2570305832294,78.92075086894788,63.53588358561198
1965-10-01,259.6836383526142,58.420725408590066,98.86772732774752,77.94088062487151,59.72081502278646
1965-11-01,253.3159696138822,53.98676170493072,98.10087059726234,64.63529687178762,40.27119700113932
1965-12-01,267.51089829664966,57.527501808022556,102.03945256080948,51.86248076589484,31.743995666503906
1966-01-01,268.26268709622894,57.12433005278965,93.60845229204963,35.17018368369654,26.904075622558594
1966-02-01,286.5170405461238,56.54336029628538,83.47695615111279,40.045928955078125,32.00922648111979
1966-03-01,283.20972736065204,60.3171078663952,92.8973959273651,49.165956597579154,36.6553955078125
1966-04-01,278.07696415827826,59.12052082565596,94.33855008678276,59.08632278442383,43.33289591471354
1966-05-01,257.6186253474309,60.17073721255896,109.4096496325581,67.955187747353,49.78465270996094
1966-06-01,241.88487713153546,66.82439120310657,108.46958641244585,67.91466662758275,52.19126892089844
1966-07-01,272.9908576378455,68.59220540748453,116.77630127978927,76.81460631521125,63.60858662923177
1966-08-01,251.78536635178784,70.47136702627506,112.02438418604747,78.22569294979698,75.41923014322917
1966-09-01,243.6586673443134,62.23972392532061,105.19660821481914,78.98307097585578,71.69009399414062
1966-10-01,232.0219480074369,59.966914338885616,108.02612625250296,75.71096420288086,59.6158701578776
1966-11-01,237.9966882558969,59.49908706377138,107.22471285267036,65.92587922748767,39.37998962402344
1966-12-01,245.6835966843825,62.46119373249558,104.27898118475906,54.2405178672389,39.17205301920573
1967-01-01,255.31845092773438,58.57824361549234,99.04134093212481,53.749877528140416,41.61409250895182
1967-02-01,241.14520733173077,58.57202062066996,93.08258825991335,50.37411639564915,41.97227986653646
1967-03-01,248.8183828500601,54.577217821804986,87.9263068447594,67.51212069862767,40.04559834798177
1967-04-01,262.6438434307392,60.80372216566554,93.17444873457195,60.12239456176758,37.79132080078125
1967-05-01,254.58494333120493,62.34010516472583,107.64564065372244,75.90398788452148,55.29632568359375
1967-06-01,258.95990224984973,66.11654317603922,108.20239091119846,72.50317523353978,58.046854654947914
1967-07-01,261.4513984093299,68.25946160082547,113.55991523806789,82.27619371916118,77.24545288085938
1967-08-01,249.06155512883112,69.09720366855838,111.71478784384848,80.06128511930767,73.9432881673177
1967-09-01,240.16032585730918,66.9582107831847,104.75602991440718,82.40276135896382,76.64836120605469
1967-10-01,219.21207721416766,59.47512932543485,105.95463344029018,79.14383034957082,58.04188028971354
1967-11-01,236.27416170560394,60.458707989386795,96.866652544807,66.0054508008455,45.65375773111979
1967-12-01,244.2087173461914,60.6861042526533,85.31672694102055,41.30858371132298,49.190999348958336
1968-01-01,241.24116163987378,56.037937380232904,89.37145521660813,38.81085546393143,33.11620076497396
1968-02-01,241.1158194908729,62.682112207952535,92.58280201118534,33.83994102478027,39.79473368326823
1968-03-01,215.2634987464318,57.83907476461159,92.7925334257238,50.75254440307617,31.085716247558594
1968-04-01,246.97925861065204,56.77009582519531,87.87121812836463,69.11095067074424,41.768330891927086
1968-05-01,237.85743713378906,63.65661045290389,101.46289472820379,69.38223587839227,59.398895263671875
1968-06-01,190.02814659705527,66.7812721684294,103.42783887847132,74.71323013305664,53.87824503580729
1968-07-01,217.2560618473933,67.89075455575619,108.5221779446642,82.11587102789628,68.58849589029948
1968-08-01,229.26905705378604,69.94877797252727,112.01247527819721,82.67826783029656,74.36452229817708
1968-09-01,217.8119659423828,61.966811845887385,106.59327146385898,76.97058225932874,73.29689025878906
1968-10-01,242.10555736835187,61.570592916236734,101.01302331235229,76.94140986392372,57.291412353515625
1968-11-01,265.7853346604567,53.10320008475826,96.72965682855174,68.57418763010125,57.6551259358724
1968-12-01,274.9776400052584,50.383322373876034,98.4886714390346,53.49449860422235,33.4110107421875
1969-01-01,264.9559901310847,58.60499975816259,83.41042334292116,37.515984083476816,35.271385192871094
1969-02-01,253.51718022273135,57.53118407051519,68.39313987924271,43.248638353849714,38.978136698404946
1969-03-01,281.69505779559796,59.76546089604216,85.27770803756073,35.347644906294974,34.877899169921875
1969-04-01,276.60980224609375,56.964776381006786,94.23285091624541,55.803590071828744,43.1261240641276
1969-05-01,262.0367490328275,62.34284742823187,108.20057652577633,65.7372324090255,47.79192097981771
1969-06-01,267.23717909592847,67.40978025040536,114.17891237916065,61.93659431055973,48.69378662109375
1969-07-01,259.76627056415265,70.61105980063385,118.52018853195575,77.6437759399414,66.0974629720052
1969-08-01,239.71162942739633,67.72686796368293,108.82858468704865,75.30801170750668,68.51516723632812
1969-09-01,221.15727938138522,65.23922326429835,114.0500685747932,80.8874581989489,71.50748189290364
1969-10-01,236.81769737830527,58.60095617906103,101.630129132952,76.69784646285207,65.10951232910156
1969-11-01,240.9084026630108,56.95741041651312,110.10410725569525,70.02384788111637,45.94910685221354
1969-12-01,273.61928499661957,56.13980131329231,107.2611287862313,56.82939730192486,47.204671223958336
1970-01-01,246.71170161320612,58.744118168668926,100.29457797523307,34.83243239553351,43.65040079752604
1970-02-01,262.46842604417066,55.45781693368588,86.04299721597624,45.49575102956671,37.08723704020182
1970-03-01,297.6722423846905,65.39938584813532,94.51261247907367,33.807864942048724,44.91383361816406
1970-04-01,271.6175079345703,60.1722558939232,102.97971132422695,54.77628205951891,52.55958048502604
1970-05-01,232.36942291259766,61.774680659456074,107.95830798750164,63.85588896901984,55.99291483561198
1970-06-01,230.81339322603665,69.05079823619914,116.25604709657301,67.06933975219727,54.94178263346354
1970-07-01,193.76873603233923,69.98044859688237,108.39208073976661,78.13271472328587,77.17296346028645
1970-08-01,202.56382868840143,71.24386481519015,115.12774940298385,81.06048483597604,78.4636739095052
1970-09-01,169.6598639855018,66.87507485443692,108.2939340286896,77.9508440118087,70.69498189290364
1970-10-01,187.83048483041617,61.335290872825766,113.97342201040573,76.9960604215923,63.30519104003906
1970-11-01,188.78663870004507,59.042493712227305,109.02203792283515,70.235864739669,53.6073252360026
1970-12-01,214.1982005192683,58.09918385631634,104.87440413787586,62.07104231181898,46.71602884928385
1971-01-01,218.13138815072867,56.10101807792232,92.85421291319263,45.435313174599095,53.110087076822914
1971-02-01,220.6225908719576,62.110985809901976,106.30471045229616,52.147478806345084,53.33617655436198
1971-03-01,210.3625517625075,56.66033187002506,99.30528272099856,69.53439712524414,56.97919209798177
1971-04-01,216.86947162334735,59.614591778449295,94.70544702866499,80.12670215807464,65.47344462076823
1971-05-01,203.24175908015323,62.55569745909493,108.91801529571791,69.61306019833214,68.89351908365886
1971-06-01,203.24165637676532,71.41061314996684,114.91819109235492,76.8729661640368,64.62242126464844
1971-07-01,237.22165914682242,70.96556753482459,112.4872736570214,77.94375670583625,67.79803975423177
1971-08-01,222.08746396578275,71.44562631283166,108.41523819610853,74.4909738239489,76.95043436686198
1971-09-01,171.3344720693735,70.36876750442217,106.9368282286059,78.05342925222297,71.93074035644531
1971-10-01,200.88455493633563,62.7509926849941,112.49093448414523,73.27737306293689,60.039754231770836
1971-11-01,240.5318626990685,58.32955990197524,109.41821827607997,67.34740608616879,54.876017252604164
1971-12-01,246.7320368840144,60.30638784732459,99.2801570090927,47.0292191756399,39.33417765299479
1972-01-01,250.81232511080228,53.601395229123675,93.28034024278656,54.86846221120734,41.98364766438802
1972-02-01,249.82898418719952,62.79177971605985,92.25253898556494,52.58136046560187,48.918294270833336
1972-03-01,235.18689962533804,56.02630759185215,101.53068734818146,64.02181826139751,42.0418446858724
1972-04-01,252.06891573392426,61.18897348080041,98.13957534918265,63.65063315943668,44.85771179199219
1972-05-01,268.498053917518,64.02012950969193,103.76689814719833,77.38829662925319,52.10833231608073
1972-06-01,248.52506197415863,66.78484214926667,112.08837172564338,77.77756640785618,59.50286356608073
1972-07-01,281.1533707838792,71.95557360379202,107.70807987501642,90.02180601421155,73.53774007161458
1972-08-01,262.12281447190503,71.66163606463738,111.24904856962317,79.82513528121144,70.41603597005208
1972-09-01,280.0652137169471,66.19149981804614,114.70910080340731,87.16829199539987,66.94044494628906
1972-10-01,243.35820124699518,58.446678305571936,91.89621099904807,79.42001945094059,53.85350036621094
1972-11-01,251.43412076509915,61.87107733960422,102.17042169651064,65.54131758840461,42.43599192301432
1972-12-01,272.7044032170222,57.0431173072671,98.29948809968323,48.75144456562243,39.67936452229818
1973-01-01,252.5094545804537,58.01929977704894,81.97381476394268,35.44295963488127,44.3350830078125
1973-02-01,274.3603046123798,57.37557465175413,80.13948713030135,43.99137998882093,30.251070658365887
1973-03-01,296.75783010629505,61.677859324329305,93.812298173664,33.634085404245475,42.496175130208336
1973-04-01,259.4863011286809,59.64488335375516,99.84473861566111,51.752567291259766,38.640472412109375
1973-05-01,243.8922882080078,66.43931838701356,105.76720037380187,68.26211527774208,63.46454874674479
1973-06-01,233.9258047250601,72.27475436228626,112.64157976422992,70.30891117296721,60.1258544921875
1973-07-01,201.31238790658804,71.04515651486955,111.7831318318343,76.17503216392116,71.65518697102864
1973-08-01,177.9838415292593,69.91884483481354,114.71930111155791,78.56726395456414,74.29641723632812
1973-09-01,138.6744866004357,69.94528716465213,111.29302978515625,79.30493103830437,61.93108113606771
1973-10-01,156.24370574951172,62.35293262409714,105.15291550580193,80.16354912205746,61.22136942545573
1973-11-01,228.10729100153995,56.58968511617409,111.62644073742779,59.75903460853978,43.98711649576823
1973-12-01,214.6141639122596,54.17781469956884,109.78491646902903,52.33892139635588,50.25176493326823
1974-01-01,154.9355726975661,56.19975827774912,97.4159465116613,59.24537056370785,53.4055430094401
1974-02-01,210.15911102294922,56.543220663970374,101.26453047039129,54.306617536042864,40.700609842936196
1974-03-01,215.51779233492337,59.304527426665686,92.47280409356125,75.85325241088867,42.92249552408854
1974-04-01,230.84148993858923,56.0451896235628,104.65143668551406,74.13217143008583,46.09802754720052
1974-05-01,229.83851799598105,61.385433268996906,108.63384278882452,79.1899279544228,56.88713582356771
1974-06-01,228.4516114455003,67.38093682055204,111.00079512395779,78.5919189453125,70.58882141113281
1974-07-01,228.94014211801382,71.41951506992557,111.22610268472624,80.79572476838764,74.84253438313802
1974-08-01,222.45555290809043,70.08519154674602,108.97977812951353,86.83577085796155,77.35290018717448
1974-09-01,198.93568479097806,65.75022859393425,105.51036546210281,83.2744698775442,73.10619608561198
1974-10-01,179.29807809682993,63.14200779177108,114.70331785057773,78.74794508281506,58.45971171061198
1974-11-01,234.59710341233472,61.016760772129274,108.8571981221688,77.11619828876697,59.81349182128906
1974-12-01,290.4046572171725,62.018143275998675,110.3398811917345,61.810829764918275,42.41087849934896
1975-01-01,270.61412517841046,57.270063004403745,99.67124361951812,33.927254927785775,32.934252421061196
1975-02-01,248.59246474045972,60.24171937186763,93.47856345296908,38.892454850046256,45.80028788248698
1975-03-01,251.792731651893,60.94071874078715,102.11383595186122,45.99296168277138,49.48565165201823
1975-04-01,256.47368797889123,59.36706974821271,101.98060684845228,60.38077003077457,46.60673522949219
1975-05-01,215.22954794076773,65.50518971569133,112.86420742002856,70.44460397017629,64.353759765625
1975-06-01,236.6748369657076,71.3480650703862,119.78631540506828,69.90911082217568,63.173919677734375
1975-07-01,223.19347675030048,71.09510025888119,110.65737299558496,80.61433591340717,72.88818359375
1975-08-01,171.77122556246243,70.57076220242483,112.20301780380122,80.14620228817589,76.11151123046875
1975-09-01,165.20506051870493,66.77281793558373,111.256145829914,83.25299212807103,69.42616271972656
1975-10-01,166.76362844613882,64.54654765578935,110.36456773261062,80.35055963616622,67.27053324381511
1975-11-01,213.53434049166165,57.70693509083874,107.18681591899455,77.56561480070415,65.27882893880208
1975-12-01,211.93743485670822,57.38611329276607,113.70078335289195,61.34014631572523,49.04363505045573
1976-01-01,227.5467065664438,56.0413274225199,102.70003951898143,50.3369833293714,39.554954528808594
1976-02-01,229.41769819993237,56.60862040969561,86.76007695558692,61.48754922967208,46.042744954427086
1976-03-01,282.13809086726263,59.04395769227226,94.96158631909796,71.20733763042249,46.368377685546875
1976-04-01,269.5426940917969,61.037633643960056,99.56846477604714,68.97066015946237,46.11622619628906
1976-05-01,259.17464036207934,61.80258409032282,110.98924524643843,79.42603261847245,54.23400370279948
1976-06-01,265.81919743464545,68.56179579248969,113.36874440938486,76.17460552014802,59.31419372558594
1976-07-01,276.9901862511268,70.55786996517541,112.20870458779216,83.39513979460064,71.15230305989583
1976-08-01,265.1045579176683,70.38925314849278,113.37411704183627,81.03717000860917,69.18660481770833
1976-09-01,247.28516798753003,64.36067833090729,105.44770825810794,84.49184016177529,67.78407287597656
1976-10-01,248.64959716796875,59.92218017578125,109.92077739298846,68.08124341462788,55.85688781738281
1976-11-01,227.36986600435696,59.59463731297907,108.25905679654674,66.80425844694439,44.7235361735026
1976-12-01,274.3703108567458,57.229132022497794,106.32009105522093,52.1590885363127,47.2544199625651
1977-01-01,267.88409306452826,60.81030791660525,93.27125869879202,25.415904898392526,42.8843994140625
1977-02-01,266.26448998084436,58.87212789283609,104.74471084210052,25.259572581241006,36.90827941894531
1977-03-01,278.9656712458684,54.34046475392468,96.13584630629596,59.42983125385485,37.96246337890625
1977-04-01,273.7919440636268,60.908774609835646,98.06472714207754,64.13297151264392,43.5575205485026
1977-05-01,243.75448960524338,62.60859939287294,107.82605339499081,67.10053494102077,60.24299621582031
1977-06-01,245.13753744272086,69.3389172823924,112.48446232130549,66.7145427904631,51.63566589355469
1977-07-01,257.7264345609225,73.74404475374043,119.95677146591059,77.44041242097553,67.41274515787761
1977-08-01,229.48997204120343,69.2089152785967,117.23934141527705,77.42061614990234,77.68095397949219
1977-09-01,233.97935720590445,65.32743058114681,112.16315261456145,81.56821100335372,68.71619160970052
1977-10-01,241.9778090256911,57.47997068009287,109.84407633292575,82.82794952392578,57.69195556640625
1977-11-01,244.1976840679462,57.32779304936247,106.01086015460872,71.48281900506271,50.7711435953776
1977-12-01,254.097659771259,56.601260203235555,94.51831208557643,48.449180000706725,30.1204833984375
1978-01-01,261.6212698129507,57.48782463793485,89.95943149598708,43.83291445280376,29.10125478108724
1978-02-01,250.04190298227164,61.30900976792822,92.88475613634125,29.747875113236276,27.22450002034505
1978-03-01,261.40127915602466,62.60696842985333,89.02191354447052,35.62899639731959,42.759440104166664
1978-04-01,263.2723588209886,55.78651716124337,96.52056333397617,57.257772746839024,46.29277038574219
1978-05-01,222.57000849797174,63.075627740824,109.79369988962382,73.15794794183029,53.30523173014323
1978-06-01,216.9220997737004,68.01599754477448,111.83386409983916,75.3337960494192,67.69086201985677
1978-07-01,212.5288596520057,68.54664496655734,109.12875968868994,77.9480632982756,79.11451212565105
1978-08-01,211.6096643301157,69.91054175035009,119.40635232364431,79.71340982537521,73.62453715006511
1978-09-01,207.50403771033652,65.86878218740787,115.50707777007288,81.3992650885331,67.62429300944011
1978-10-01,196.08060396634616,59.42508049730985,116.3378418994551,79.77042449148078,57.858235677083336
1978-11-01,227.39254878117487,58.22389134820902,112.21204485212054,69.09298645822625,37.33130645751953
1978-12-01,255.8342566856971,51.75732594616009,105.0974677590763,51.612286818654916,40.20641835530599
1979-01-01,238.43241471510666,53.14570444934773,78.43493613876215,45.70161919844778,39.768412272135414
1979-02-01,251.417482816256,54.16916901210569,80.58672031434645,40.905026385658665,39.73900858561198
1979-03-01,294.66825631948615,59.44500329359523,95.39540715578224,35.42637574045282,40.77960205078125
1979-04-01,269.8496305025541,60.77474486153081,102.76330258665966,58.63821130049856,38.16510518391927
1979-05-01,256.7130455603966,64.53629979547465,110.57202956255745,68.20927670127467,51.132059733072914
1979-06-01,258.05945763221155,68.23632582178656,119.54624592757025,72.97656410618832,59.928120930989586
1979-07-01,251.7371544471154,70.78677627275574,118.59845714408812,78.46090919093082,66.39231872558594
1979-08-01,233.6618423461914,70.15613339981942,109.65560143735229,84.36885632966694,76.03908284505208
1979-09-01,200.41980743408203,64.89340440282282,112.46312886726957,78.28656246787624,63.453715006510414
1979-10-01,254.80252779447113,53.66777671957916,112.54044861352745,78.65400314331055,53.49152119954427
1979-11-01,240.5892885648287,57.098891060307345,113.58221358611804,81.81025856419613,45.66732279459635
1979-12-01,268.4002216045673,50.54138759397111,103.19276056369814,68.0930539181358,44.074371337890625
1980-01-01,259.9333249605619,56.9860177669885,106.52641809287192,47.14037242688631,35.06207021077474
1980-02-01,256.5842555119441,63.40527804392689,95.98488687467174,53.690353192781146,33.74560801188151
1980-03-01,287.05922640286957,59.111967266730545,94.26681133879333,47.8744858189633,30.295977274576824
1980-04-01,269.91383479191705,59.40247877588812,102.94400062881599,71.025592402408,43.42992146809896
1980-05-01,263.85277968186597,60.39331688071197,106.78929240763689,76.50901894820363,42.911102294921875
1980-06-01,263.9568622295673,68.18256018296728,122.0829619079077,76.73295171637284,58.60004170735677
1980-07-01,257.8550778902494,71.93194983140478,114.8351845621061,81.68239091572009,67.15867614746094
1980-08-01,255.2885495699369,73.13522914670548,120.09083082695969,80.8979636744449,74.34763081868489
1980-09-01,225.7411663348858,63.28426720961085,110.77937278426997,88.4878158569336,70.45461527506511
1980-10-01,222.24611135629507,60.77896981869104,113.62921450318409,80.16061280903064,59.194580078125
1980-11-01,227.11095076340894,54.79982340110923,106.85567775694263,66.58851221988076,47.32941691080729
1980-12-01,245.68546001727765,58.06727139454968,113.96468346860229,49.39266505994295,54.21747843424479
1981-01-01,258.5110884446364,59.64422693792379,111.15495697790836,44.2973488255551,46.900105794270836
1981-02-01,242.69834665151743,59.83896651357975,95.7048368053276,43.17330812153063,36.69294993082682
1981-03-01,262.1961153470553,59.18514323684405,83.67094793239562,54.004528647974915,39.31231180826823
1981-04-01,277.67947270320013,58.24255889316775,95.32176105916,59.122472060354134,42.09720357259115
1981-05-01,222.9859132033128,63.554697576558816,108.87292172728466,69.62473517970035,49.846343994140625
1981-06-01,250.6705064039964,69.17308879348467,116.16355190757945,71.7260812458239,58.78711954752604
1981-07-01,212.31734936053937,71.40120308354216,114.1250161563649,76.61991119384766,72.98764038085938
1981-08-01,201.693241412823,67.14588237258623,102.01427876448432,85.80603348581414,83.20628356933594
1981-09-01,217.6173576941857,66.54637606638782,113.93837167435333,80.28642252871865,64.94997660319011
1981-10-01,209.48075514573316,62.0995388390883,112.66469234178047,79.49742267006322,56.58482360839844
1981-11-01,209.1934790978065,62.32454119988208,111.20334913750656,72.69371434261924,47.88379923502604
1981-12-01,266.7760408841647,52.25765300246905,103.83872665277049,54.7344960664448,50.06105041503906
1982-01-01,245.25734828068659,52.10396964595003,103.08975091501445,46.765854484156556,52.96027119954427
1982-02-01,253.67102989783652,61.650954912293635,99.26600095604648,48.86923840171412,32.934651692708336
1982-03-01,272.64427771935095,57.76168535340507,91.15805746126576,55.47812110499332,33.394683837890625
1982-04-01,260.146478506235,60.516161648732314,101.1964365213859,62.33370429591129,46.29676818847656
1982-05-01,248.46622760479266,60.682158560123085,109.18111400443968,69.88384347212941,48.5010986328125
1982-06-01,273.10271629920373,68.59966494002433,115.16883914210216,75.82071203934518,54.81611633300781
1982-07-01,267.6150688758263,67.18808444041126,106.06376904399455,85.94907459459807,62.66205342610677
1982-08-01,270.8057110126202,71.41961151698851,116.4000631380482,86.28226832339638,69.60179646809895
1982-09-01,233.76881526066705,63.95433965718971,105.4793221609933,85.79687821237664,68.4286397298177
1982-10-01,237.8670912522536,56.18829835135982,96.53533166196166,75.51945636146947,52.388529459635414
1982-11-01,251.9464346078726,57.185778347951064,97.23411047158122,68.17784058420281,27.5128657023112
1982-12-01,261.6997645451472,56.19294940300708,99.44052816439076,43.805689560739616,27.599070231119793
1983-01-01,215.45985295222354,58.680244301849946,74.68789365111279,13.771838890878778,28.49102020263672
1983-02-01,193.85902698223407,65.31334067290685,49.63393171294397,12.139678001403809,38.107556660970054
1983-03-01,190.46315413254956,62.40653991699219,60.315829365193345,13.506999768708882,37.81762186686198
1983-04-01,207.73114424485425,56.74943456109965,74.90256012988692,34.650270562422904,45.31690470377604
1983-05-01,269.07542302058295,64.52552795410156,103.98623682871586,51.120577360454355,45.27338663736979
1983-06-01,262.2328831599309,68.0250376575398,111.99126043239562,61.933371895237975,49.072967529296875
1983-07-01,272.8814638577975,70.53224815512604,120.68089076450893,78.64680039255242,65.4105224609375
1983-08-01,224.04215886042667,71.05523163417601,121.06283492400867,78.94672092638518,77.26176452636719
1983-09-01,197.6737095759465,67.1882485443691,114.2730584665507,77.83672433150441,67.07375081380208
1983-10-01,191.66576678936298,62.17899538436026,111.76761018127955,80.20754864341335,55.57344055175781
1983-11-01,231.0606442964994,54.91615007508476,112.66757740693934,68.74374590421978,55.76982625325521
1983-12-01,224.30832202617938,53.14142191185142,110.18044287417116,52.66090694226717,46.867523193359375
1984-01-01,211.7110179020808,58.8905190521816,111.65569850376674,44.94603809557463,45.53680419921875
1984-02-01,203.83536999042218,61.86725112627138,103.0558129318622,46.62234155755294,44.46497599283854
1984-03-01,186.10313122089093,62.69428469100089,93.88306241075531,24.070383373059723,49.14177449544271
1984-04-01,227.62162135197565,61.24448380380307,103.02196150066473,52.886164815802324,61.33164978027344
1984-05-01,220.2857677753155,66.19317108730101,111.23913035673255,55.077261673776725,69.30787658691406
1984-06-01,231.19985140286957,69.17571589631855,117.66855576459099,67.32943685431229,70.19833882649739
1984-07-01,194.93433145376352,71.92451477050781,110.41380938361674,70.52519948858964,79.38529968261719
1984-08-01,217.75003579946664,69.04796960218897,116.3559280523733,80.01953928094161,76.14217122395833
1984-09-01,186.9202687190129,66.70610535819576,108.32174605682117,76.24554383127312,69.1972147623698
1984-10-01,204.5343252328726,57.515268865621316,115.91678266765692,83.73260498046875,60.31695048014323
1984-11-01,213.037842970628,54.873796858877505,103.4865178981749,78.19560703478362,54.58807373046875
1984-12-01,258.1802661602314,55.42395105901754,104.80316867347526,64.91771999158357,39.60438791910807
1985-01-01,247.11658771221454,58.17399654748305,93.81979934307708,47.34923714085629,49.938496907552086
1985-02-01,224.8443163358248,63.24885242390183,102.59674777503776,44.09947144357782,42.15898640950521
1985-03-01,264.26327045147235,59.94241102686468,94.67927628204603,62.26997877422132,29.365923563639324
1985-04-01,216.87516432542066,58.922951176481426,108.20904579483161,72.48720871774773,56.28857930501302
1985-05-01,206.91022139329175,61.89016090249116,107.62166255662422,78.03958591661956,57.51751708984375
1985-06-01,240.14134040245642,68.7039429286741,116.08546922186844,75.17308184975072,60.78221638997396
1985-07-01,221.52723165658804,68.03047324126622,114.70347172071955,78.25912676359478,70.32190450032552
1985-08-01,208.0781056330754,70.49929204976785,116.64219062869289,83.90298140676398,74.71585591634114
1985-09-01,217.521726168119,66.8859143527049,117.8010507791984,80.13474313836349,60.14689636230469
1985-10-01,224.79268587552582,59.172446772737324,113.42876017594538,74.4757752669485,59.01568603515625
1985-11-01,239.11707951472354,59.99624576208726,109.65908595493862,63.00357015509354,47.33698527018229
1985-12-01,259.1984675480769,56.92482570432267,110.27782664579505,54.9668412459524,43.08105977376302
1986-01-01,250.58582012469952,54.04575995679172,109.0317926487001,54.5146992332057,37.553565979003906
1986-02-01,230.48689915583682,60.85106615750295,98.96126434582622,46.14744688335218,51.984029134114586
1986-03-01,219.9640127328726,59.088873233435294,105.90020828888197,60.160049639250104,46.68536376953125
1986-04-01,268.0771754338191,59.128366146447526,97.0672607421875,56.383338727449114,41.24431610107422
1986-05-01,238.77726334791916,61.60924515634213,104.61582857019762,79.90408947593288,49.67525736490885
1986-06-01,242.11107400747446,69.2468895102447,114.84980222557773,80.52178935000771,58.75401306152344
1986-07-01,261.7870624248798,69.24215064858491,112.52331773773963,85.57167053222656,65.67981974283855
1986-08-01,241.0486368032602,63.29222769107459,111.10512869698661,88.7561697708933,81.02051289876302
1986-09-01,264.23803476186896,62.17082905319502,115.07874817407432,86.37933229145251,58.77715555826823
1986-10-01,253.02047729492188,61.52810726525649,110.44901358981093,78.27036004317434,43.41221618652344
1986-11-01,271.76956763634314,58.993289875534344,115.28361344537815,64.65776845028526,41.238059997558594
1986-12-01,267.55244915301984,50.89569811551076,89.90435880773208,57.17348801462274,43.07427469889323
1987-01-01,278.56436509352466,51.68607315927182,94.45753337956276,36.272269801089635,35.47687530517578
1987-02-01,273.2867901141827,55.95963676020784,95.0985756240973,42.9354567276804,30.0011723836263
1987-03-01,239.2507846538837,59.48897163822966,77.41788976332721,40.010974281712585,33.736785888671875
1987-04-01,283.0445803128756,57.8542054374263,94.53246172736674,55.01513732107062,38.79269663492838
1987-05-01,277.4642064021184,62.15976931014151,103.7305046530331,61.47547772056178,50.56895446777344
1987-06-01,288.5815253624549,69.02579685427108,119.00116095021994,72.775263535349,58.64795430501302
1987-07-01,275.4602872408353,68.39259309588738,112.11416420816374,79.04902006450452,55.48721822102865
1987-08-01,281.83995760404144,68.65652552190816,120.51894244025736,80.7194759971217,66.32670593261719
1987-09-01,246.59608694223257,62.18352407779334,108.03279395864791,85.40564085307874,73.97564188639323
1987-10-01,243.7094028179462,59.52600587089107,107.22941230325138,75.82918468274568,48.845682779947914
1987-11-01,230.26469304011417,59.751765413104366,112.90415274996718,74.38294762059262,41.60285949707031
1987-12-01,271.68690608097955,51.387942332141805,107.11223377900966,46.12130616840563,31.09918975830078
1988-01-01,245.59000455416165,56.24507544175634,88.36561571650145,44.66255087601511,32.92760213216146
1988-02-01,263.97150479830225,63.52393816102226,95.95947265625,32.164636411164935,35.02474721272787
1988-03-01,248.5820770263672,65.12503426029997,95.56240754968981,38.55142091449938,33.83448282877604
1988-04-01,270.8651909461388,58.52842798772848,102.58104981494552,59.38701127704821,48.66197713216146
1988-05-01,226.34495955247144,64.70925672998969,113.91872758624935,63.86884388170744,59.845357259114586
1988-06-01,199.7607451218825,66.81637314130676,113.88201673491663,76.38587449726306,64.73976135253906
1988-07-01,168.2647264920748,71.21868781323703,113.16108383050486,78.79277279502467,73.96563212076823
1988-08-01,154.15587792029748,72.37138136377875,107.36988612583706,76.42957787764699,76.06491088867188
1988-09-01,132.31268662672775,67.40463400786778,105.6060791015625,85.43065723619964,69.64266967773438
1988-10-01,173.11060978816104,62.61091268287515,117.2792707170759,81.80192646227385,63.53885396321615
1988-11-01,190.31065427339993,54.78619557506634,115.73342074867057,63.77003318385074,54.90099589029948
1988-12-01,209.6708737886869,51.78640977391657,106.51399307892103,61.359445672286185,52.078206380208336
1989-01-01,234.10396575927734,57.92544095021374,107.00416244378611,59.71816213507401,42.808807373046875
1989-02-01,200.25232755220853,57.042388916015625,100.98315327107406,55.277071501079355,45.555216471354164
1989-03-01,214.53329233022836,59.925565899543045,105.59893696248031,54.77930370130037,54.6354014078776
1989-04-01,247.05690237192007,60.745715735093604,99.08960486660484,74.52749955026727,58.72105916341146
1989-05-01,242.21949944129355,62.96182020655218,112.80924692875197,69.61285440545333,52.659566243489586
1989-06-01,229.74480849045972,68.48226871130602,116.73340356650473,79.8972581562243,64.44022115071614
1989-07-01,209.3462430513822,70.53809687776386,116.29023191307773,86.69462705913342,75.0414530436198
1989-08-01,220.8975865290715,69.65382270093234,116.63995951163669,86.75956726074219,84.35874938964844
1989-09-01,186.1905318040114,63.92737766481795,108.71636206362429,83.65523689671566,63.569122314453125
1989-10-01,194.12026038536658,59.38677086020416,111.9925523004612,85.23582659269634,61.8576914469401
1989-11-01,262.1917724609375,55.500082339880606,104.26242411637507,83.21545249537418,52.97059122721354
1989-12-01,255.617435161884,53.42687498848394,92.52709781422335,54.21577754773592,46.65000915527344
1990-01-01,268.39493971604566,59.750644036059114,96.07407385561648,45.6265600104081,40.49055480957031
1990-02-01,248.0663592998798,59.24214920907651,70.40098655123671,55.97108539782072,29.189618428548176
1990-03-01,264.28991464468146,61.068243350622794,91.59793693478369,57.05702932257401,31.26331329345703
1990-04-01,286.81168189415564,60.469058054798055,97.26426260811942,58.418981652510794,49.113067626953125
1990-05-01,255.0064673790565,61.62037399579894,111.88330129415048,75.18274909571598,47.07349650065104
1990-06-01,240.40255913367636,66.78443188937206,116.55828652261687,83.38463933844315,59.21094258626302
1990-07-01,244.092897268442,69.72874335522921,116.4584312118402,86.01293061908923,79.00091044108073
1990-08-01,243.64289503831128,65.7500472158756,114.29521576697086,86.92434210526315,78.21417744954427
1990-09-01,247.45938227726862,64.22772245587043,114.60048130580358,87.10054096422698,62.073465983072914
1990-10-01,216.14642510047324,58.97147844422538,112.36946682970064,82.95358356676604,48.198994954427086
1990-11-01,222.80373206505408,53.85283848024764,105.57272454269794,82.51672543977436,41.7610117594401
1990-12-01,254.07597468449518,51.232628012603186,91.48298952759815,63.117373617071856,34.93321736653646
1991-01-01,284.9573282095102,59.16221762603184,96.1437289454356,45.28862300672029,25.75170644124349
1991-02-01,250.281495314378,58.182564501492486,98.40788640895812,49.16901337473016,40.52247873942057
1991-03-01,258.1874553973858,59.006986797980545,78.20162091936385,62.95594667133532,32.68041737874349
1991-04-01,237.81380286583533,60.470522034843015,103.94514067834166,73.21304522062603,40.121124267578125
1991-05-01,243.05179302509015,63.13034921322229,106.74375325691801,72.58386110004626,53.941436767578125
1991-06-01,250.26127741887018,66.834444729787,109.3155227789358,81.48515098973324,63.6903330485026
1991-07-01,256.75025353064905,69.4036159875258,115.68447722106421,81.92955318250154,69.19456990559895
1991-08-01,270.2670464148888,68.8791858025317,119.59996584082853,89.05139722322163,81.04200236002605
1991-09-01,252.23887516902042,63.478714565061175,116.53652030880713,86.78475430137233,63.814737955729164
1991-10-01,236.3426355215219,59.40439044304614,107.5866570993632,78.42855955425061,49.756123860677086
1991-11-01,264.8142301119291,55.34095188356795,99.37726509671252,72.12382366782741,37.117174784342446
1991-12-01,256.2603290264423,54.012045230505606,101.29181036428244,54.26081105282432,26.544357299804688
1992-01-01,239.87699655386118,55.279215686726126,80.9756783878102,38.608774385954206,37.491294860839844
1992-02-01,230.85019038273737,59.396995688384436,65.39188673516281,22.03683351215563,32.173606872558594
1992-03-01,261.43153263972357,61.970760417434406,70.32876535624015,29.268882149144222,24.581888834635418
1992-04-01,278.4772432767428,56.39857166218308,85.29990380551635,41.13414162083676,44.374348958333336
1992-05-01,289.189940232497,63.91297106472951,104.73343023732932,56.63943039743524,47.23670450846354
1992-06-01,263.4563446044922,67.3413762506449,116.06206172654609,62.204687218917044,47.886983235677086
1992-07-01,236.8077204777644,68.14658686799824,116.39985797785911,78.789600573088,64.31942749023438
1992-08-01,236.50900033804086,68.91704775252433,116.09640682444854,86.8070502030222,75.916259765625
1992-09-01,208.71587900015024,63.62789801831516,108.80670627626051,79.21276092529297,73.48403930664062
1992-10-01,202.5916466346154,57.75300799675708,118.11460607192096,80.12693304764596,53.94367472330729
1992-11-01,232.49659905066855,50.962633816701064,101.6598260703207,67.79982416253341,42.28877258300781
1992-12-01,276.09819265512317,53.41759735683225,90.70371740004596,36.553131906609785,26.262062072753906
1993-01-01,243.94187927246094,56.812772930793045,92.00917732815783,43.0723742434853,31.526568094889324
1993-02-01,258.47754845252405,52.83559979132886,90.78960258419775,43.6264389439633,28.719696044921875
1993-03-01,266.41951340895434,58.38352707197082,84.99802661543133,52.12677905434056,34.187156677246094
1993-04-01,289.2762697660006,60.33789868624705,92.88251860802916,47.23201550935444,43.54151916503906
1993-05-01,280.9463794414814,62.167860786869845,102.55957210765166,68.45869265104595,49.165384928385414
1993-06-01,284.3708038330078,67.57789036013045,112.27006351246554,62.22826305188631,59.81135050455729
1993-07-01,280.4333320030799,71.2621321768131,119.69055688681723,76.58858048288445,61.68256123860677
1993-08-01,258.5428971510667,69.28483207270784,111.59755802955948,84.53794780530427,72.51537068684895
1993-09-01,243.63087874192456,63.44735487452093,118.64754171932445,81.25206294812654,65.11637369791667
1993-10-01,249.69347440279446,56.5451366496536,111.62010000533417,83.05226376182155,51.16650899251302
1993-11-01,206.4156018770658,55.43157181649838,107.76706984063156,77.97941910593133,41.47822825113932
1993-12-01,275.8761185866136,52.31658503694354,112.8593573049337,59.11224766781456,33.8472900390625
1994-01-01,240.51711742694562,52.838238410229955,92.34692549505154,47.6687330948679,37.27337137858073
1994-02-01,251.57479506272534,59.590288558096255,88.3470839812976,38.011874650654036,37.28193664550781
1994-03-01,237.19740647536057,60.71664774192954,101.54887928682216,52.59211690802323,37.765584309895836
1994-04-01,260.9248821551983,60.26153564453125,104.23923780938156,62.54878295095343,51.51912943522135
1994-05-01,237.70568554218,61.83554307469782,114.45340068400408,67.3442288448936,56.886881510416664
1994-06-01,243.1625512930063,71.22683399128464,119.07568538890166,73.6467813190661,58.28459676106771
1994-07-01,248.57579744779144,67.61602005868588,113.93553789924174,83.59390058015522,75.71155293782552
1994-08-01,258.9748089130108,69.30651250875222,112.90545423491663,80.75022948415656,79.09498596191406
1994-09-01,239.0251306387094,61.8621840566959,105.57096144732307,84.51059241043893,72.30510965983073
1994-10-01,230.64881838285004,56.35878652896521,98.05056467777541,78.08014719109786,55.322601318359375
1994-11-01,252.49539888822113,52.0236522746536,97.42395096466322,73.17557083932977,35.530347188313804
1994-12-01,279.03439448429987,56.227445782355545,97.40295089593455,61.61488984760485,33.89501444498698
1995-01-01,265.5390812800481,57.5373638800855,88.33659516663111,42.025049109207956,32.84674580891927
1995-02-01,248.16979628342847,61.27774508494252,90.69319652909992,36.65190746909693,35.8902842203776
1995-03-01,252.45402409480167,59.322151328032874,93.8259156812139,45.51119051481548,34.10782368977865
1995-04-01,264.5705003004808,58.16686954138414,94.1245872433446,56.48825294093082,35.30488077799479
1995-05-01,222.26773775540866,60.4987277624742,105.56244088822052,72.15472271567897,46.879679361979164
1995-06-01,218.00372783954327,68.83865212494473,114.03963105017398,68.73832501863178,49.20206197102865
1995-07-01,187.9683421208308,68.88797400132665,115.38313537084757,77.76553003411544,63.72381083170573
1995-08-01,186.16016094501202,71.58167857044148,115.43098898494945,82.67120060167815,73.5029805501302
1995-09-01,193.82447462815503,64.46338581589033,120.57355992934284,81.84874183253238,67.50631205240886
1995-10-01,136.95982419527493,58.321101350604366,109.12072638503645,79.01926040649414,58.44831339518229
1995-11-01,178.49926581749548,56.70460826945755,111.39464178005187,62.759961579975325,50.384785970052086
1995-12-01,224.89119309645432,54.3326107960827,115.19538174156382,50.794370550858346,52.317352294921875
1996-01-01,199.6962473942683,55.8708334868809,112.09086890981979,53.87758455778423,36.302286783854164
1996-02-01,194.7139153113732,57.370378026422465,106.67517525809153,49.90379935816715,31.674301147460938
1996-03-01,221.76833519568808,59.24247885650059,93.95782727153362,54.428863525390625,32.929211934407554
1996-04-01,235.08961017315204,62.43980551665684,111.93924270758109,62.06392990915399,49.19001770019531
1996-05-01,240.6504410963792,63.623274317327535,114.14241630490088,63.576256601434004,62.83288065592448
1996-06-01,225.10663546048676,67.75092934662442,114.70697867770156,74.18986872622841,65.58699544270833
1996-07-01,214.65250161977914,68.96048923708358,112.96993864684546,82.26073415655839,75.75305684407552
1996-08-01,174.4608659010667,70.78417508107312,112.57490270278034,78.63151650679738,78.69613647460938
1996-09-01,161.22787182147687,61.639676363963005,112.68977317489497,82.53631089863025,62.58147176106771
1996-10-01,163.30415285550632,59.00145908571639,114.49314405938156,78.51691998933491,55.72942606608073
1996-11-01,170.06513155423679,58.68715826070534,108.85034769523044,72.42545579609119,38.81793467203776
1996-12-01,234.27364642803485,51.462811164136205,100.28773395955062,68.41346841109426,46.22706604003906
1997-01-01,236.79689260629507,54.542793417876624,96.30891815954898,57.80952855160362,45.71660868326823
1997-02-01,267.91554964505707,59.93083018176961,111.82735988071987,51.75189971923828,42.30639394124349
1997-03-01,237.5550050001878,56.75214515542085,75.62942184320018,63.32246880782278,31.735819498697918
1997-04-01,269.34066185584436,61.211103043466245,88.48576585785682,68.49945971840306,37.604565938313804
1997-05-01,265.17920860877405,61.40301398511203,100.90338442505909,77.47699336001747,48.33460489908854
1997-06-01,257.6872312105619,65.77658743228552,106.92791658289293,74.4109454907869,64.65746561686198
1997-07-01,294.6155548095703,69.64618754836748,120.00384931804754,82.25050976401882,74.73992411295573
1997-08-01,239.7811302771935,66.27981509802477,98.21119869456572,89.26284187718441,75.41797892252605
1997-09-01,241.04392711932843,61.71229236530808,104.28514881294315,87.78864208020661,63.41854349772135
1997-10-01,266.6324028602013,58.806061654720665,106.65173250086168,73.97292287726151,49.7403564453125
1997-11-01,249.27139282226562,55.65344180700914,98.8168796571363,63.24187830874794,50.20653788248698
1997-12-01,259.09459040715143,55.09036226092645,93.33021019687172,51.088634290193255,44.831441243489586
1998-01-01,183.17780127892127,56.1895766348209,61.51583855893432,16.436383598729183,19.047027587890625
1998-02-01,197.88750868577222,60.621068702553806,59.882069435440194,15.007536034835011,34.68416086832682
1998-03-01,147.77171795184796,58.1267633977926,50.87753744686351,12.678652060659308,38.01555379231771
1998-04-01,216.8710708618164,57.852512575545404,88.93104681447775,44.40951598317999,52.07555643717448
1998-05-01,261.4080575796274,64.11053207685363,110.53093341218323,56.97902378283049,57.17417907714844
1998-06-01,243.10116401085486,69.05864499649911,117.31662269399948,60.75491152311626,55.531534830729164
1998-07-01,171.44503960242636,73.09681010696123,110.03484004685859,74.91749211361534,69.23548380533855
1998-08-01,145.86074535663312,72.25990151459317,105.64738361775375,75.47578309711658,75.87426249186198
1998-09-01,134.73937694843,62.67485420658903,105.96710333303244,79.50360649510434,69.77472432454427
1998-10-01,152.32689197246845,59.6434193737102,111.56374506589746,77.63629712556538,56.99657185872396
1998-11-01,188.71214939997745,57.336597082749854,117.98558595801602,68.71003100746556,48.385477701822914
1998-12-01,224.08120081974909,57.64622814250443,113.66073864848674,54.561263636538854,43.87608337402344
1999-01-01,174.36345907358023,58.47193591999558,109.91505534709002,50.88074332789371,50.21686808268229
1999-02-01,206.23943622295673,52.348592506264744,95.98545427081966,54.32137941059313,55.69854227701823
1999-03-01,191.43971663254956,58.6908649948408,110.52088056291853,64.98221347206517,57.05005900065104
1999-04-01,237.8277851985051,60.841087485259436,118.24242086971508,58.98578041478207,61.45538838704427
1999-05-01,230.98213489239032,66.51540216409936,117.75003000467765,65.622289557206,56.76835632324219
1999-06-01,228.11255821814902,69.3119970357643,118.7441914021468,76.69308812994706,64.14016215006511
1999-07-01,240.0574023907001,75.40336608886719,119.4970908285189,79.95670720150596,77.1231180826823
1999-08-01,233.34400470440204,72.45031248848393,120.1973474326254,83.2538504349558,77.69678243001302
1999-09-01,162.63191516582782,68.11907930194207,111.20056985807018,85.28731496710526,74.28407796223958
1999-10-01,168.96985860971304,62.99403208606648,111.57514427890297,80.02157211303711,59.10889180501302
1999-11-01,175.95043182373047,53.63298236199145,113.16689883961398,79.31102953459087,61.20159912109375
1999-12-01,210.77120854304385,56.43596289292822,117.06300623276655,48.9146583958676,45.57659403483073
2000-01-01,191.41252957857571,57.9792641693691,99.69270850430016,63.98578944959139,46.68165079752604
2000-02-01,167.59144709660455,62.74629412956958,112.76917657932314,55.27211239463404,48.73568216959635
2000-03-01,193.9091609074519,60.000352679558524,108.61699080266872,47.086279015792044,46.84955851236979
2000-04-01,217.96026963454025,63.08452534225752,111.34837815741531,57.72205653943514,62.145222981770836
2000-05-01,245.0275421142578,60.27472010198629,114.28855447208181,64.21736165096885,65.76641845703125
2000-06-01,226.0767569908729,70.42583825453272,118.17647469143908,66.09646144666169,66.03785196940105
2000-07-01,220.49340468186597,71.407875204986,114.79578098329176,84.27828738563939,74.31014506022136
2000-08-01,224.5404316828801,72.96836565125663,117.81025093142726,82.90753615529914,75.76384989420573
2000-09-01,196.78203876201923,65.67256135760613,108.35921023072315,83.43570106907895,73.38813781738281
2000-10-01,204.08009749192456,62.48287416853995,120.53168801700369,81.40865627088044,56.01689656575521
2000-11-01,218.18482325627252,57.78540701236365,112.11330509987198,73.28605651855469,40.97168223063151
2000-12-01,235.39213033822867,57.115911807654044,114.73161072290245,57.33375047382555,47.69135030110677
2001-01-01,201.3027337881235,61.164891944741306,112.52038138253349,41.66750907897949,44.40877787272135
2001-02-01,261.19475731482873,60.09652767541274,107.06308829684218,48.236083984375,43.63666280110677
2001-03-01,233.29957815317007,58.368566261147556,109.94163000283122,44.91427572149979,45.3016103108724
2001-04-01,252.36012385441705,59.10254136571344,103.4207191787848,54.87002824482165,52.70915730794271
2001-05-01,269.6934626652644,65.27251765413105,114.77718513552882,71.74807598716335,70.73480733235677
2001-06-01,233.1433076124925,70.5320912487102,116.24347462373622,79.87176493594521,70.92312113444011
2001-07-01,263.13746525691107,68.67767190033535,115.40962026900604,84.36823393169202,77.35625712076823
2001-08-01,248.16463177020734,68.10977144061394,117.75256886201747,89.90659211811267,84.97000630696614
2001-09-01,198.29909984882062,68.05823416080115,114.30548659893645,83.87413024902344,76.79609680175781
2001-10-01,203.4898464496319,58.57186659327093,113.40759020893515,82.84730409321033,53.90412902832031
2001-11-01,225.68431267371543,52.71648910810363,112.65524535619913,78.7932646901984,60.53856404622396
2001-12-01,284.05031057504505,58.477606143591544,102.57108992889148,55.75963070518092,41.52467600504557
2002-01-01,259.40302335298975,55.313313322247204,87.39307948521206,43.17473863300524,35.03412119547526
2002-02-01,255.4105025071364,52.69285381964917,87.44593387892267,57.36800745913857,43.60738627115885
2002-03-01,298.01556513859674,56.20463965074072,89.86506101464023,49.70870268972296,38.3331044514974
2002-04-01,276.2945321890024,55.36394515127506,96.17481071408056,75.01707077026367,37.56135559082031
2002-05-01,253.56421837439902,65.20153405531397,111.21760456501937,82.23045248734323,58.35400899251302
2002-06-01,259.71339299128607,68.93429306318176,117.88564730091255,75.86530886198345,59.25450134277344
2002-07-01,272.92069655198316,71.70251378473246,107.89190340442818,89.07618271677117,73.94373575846355
2002-08-01,267.0333568866436,68.141280840028,113.83299627223937,91.11005883467824,75.54811604817708
2002-09-01,276.58042907714844,63.65162831432415,113.8085309196921,90.94013414884868,72.23909505208333
2002-10-01,263.9110565185547,57.41221158009655,108.76585375361083,84.82446168598376,50.261759440104164
2002-11-01,276.7794388991136,59.38358522811026,112.76458612009257,65.70799978155839,37.38756561279297
2002-12-01,250.10208716759314,61.21952272811026,94.59870602904248,55.10346262078536,37.92553202311198
2003-01-01,279.20611454890326,51.1081249309036,96.14520353429458,44.85302975303248,36.0440928141276
2003-02-01,241.89390035775992,56.395217607606135,90.58016929305903,36.08749791195518,29.661946614583332
2003-03-01,272.2141559307392,59.987847670069286,97.9769794880843,44.4995829933568,40.78095245361328
2003-04-01,248.16827040452222,58.64530599342203,94.38510542156317,71.78652913946854,43.159149169921875
2003-05-01,239.0250279353215,62.67592376133181,113.28648799607734,81.66315681055973,50.75153096516927
2003-06-01,213.39928553654596,68.86038726230838,113.58509224002101,78.35255673057155,63.1054433186849
2003-07-01,260.3473663330078,68.94929849876549,122.46957987296481,88.00614005640934,71.91659037272136
2003-08-01,225.98684751070462,72.14122124438016,120.35295502478336,85.62237588982833,76.77191162109375
2003-09-01,252.90521474984976,65.68935178360849,122.39075989282432,88.131372552169,72.3690694173177
2003-10-01,208.73958881084735,57.40963773907356,117.18151188698135,84.08670927348889,61.347208658854164
2003-11-01,220.59120765099158,53.521650782171285,105.8201797870027,83.43690069098221,43.93521626790365
2003-12-01,253.63352848933292,51.05717784953568,112.16070351480437,65.7449019582648,43.2905019124349
2004-01-01,244.06707470233624,58.31005024460127,100.62758822401031,37.271893651861895,38.71802775065104
2004-02-01,265.5265221228966,55.046422706460056,100.29417406611083,55.122746919330794,40.48453013102213
2004-03-01,280.6673196645883,57.600487763026976,95.96809900107505,52.26296374672337,41.72105153401693
2004-04-01,273.75552837665265,57.66389666863208,92.62048416778822,69.03742740028783,49.76856486002604
2004-05-01,253.38853689340445,61.444674797777864,116.17040554014575,76.15779575548675,53.04710388183594
2004-06-01,281.30020728478064,66.10065100327978,114.11028950154281,87.79758654142681,74.68279520670573
2004-07-01,250.5709721491887,70.46911419562574,120.73353999803047,85.20746733012952,75.16709391276042
2004-08-01,254.39579303448016,66.66597762197819,108.52067450515364,92.04577395790501,79.0753885904948
2004-09-01,236.0215847308819,64.42371008531103,117.95905618106619,82.44474812557823,73.93417358398438
2004-10-01,236.38443580040564,54.97515840350457,108.45230807777213,86.0079012419048,60.57496643066406
2004-11-01,248.0420919565054,52.80014469938458,107.40362536005614,80.79733597604852,44.6883290608724
2004-12-01,250.4290067232572,51.587266742058524,103.75756656422335,61.60423379195364,42.490275065104164
2005-01-01,274.2991814246544,54.191256829027864,96.56775338309153,45.19467102853876,31.00146993001302
2005-02-01,232.32386662409854,59.589073613004864,73.65902491978237,29.790632348311576,28.586690266927082
2005-03-01,263.91246502216046,60.07869072680204,97.02188828412224,46.59684331793534,28.823201497395832
2005-04-01,282.8555473914513,56.94372213111734,101.11456798906086,59.90937383551346,42.19871266682943
2005-05-01,263.03344139686,64.13040017181973,117.67179986008075,63.27831368697317,58.8377939860026
2005-06-01,251.60023615910455,69.47752610692439,121.11765116202731,75.1550975598787,64.59420267740886
2005-07-01,265.3300652137169,71.72226384000959,122.9145274442785,82.26603959736072,77.93491109212239
2005-08-01,236.74771235539362,73.57607427633035,120.79167726660978,87.49877528140419,83.52184041341145
2005-09-01,249.58551847017728,65.3807211821934,120.28796412363774,87.40433140804893,74.87255859375
2005-10-01,225.0867696908804,59.88074392642615,117.10411520565258,88.22448128148129,66.2292989095052
2005-11-01,206.78301591139572,59.619617102281104,117.19008373613117,70.7518226221988,51.066935221354164
2005-12-01,251.894290630634,62.35518545474646,125.2922250443146,48.583196338854336,47.76414998372396
2006-01-01,230.25131225585938,54.700157597379864,104.98433153168494,48.81920563547235,45.22074890136719
2006-02-01,248.94227247971753,59.559373675652274,97.89414285611706,48.01336087678608,36.27545166015625
2006-03-01,244.42611107459433,55.89602056539284,102.88351363494617,44.61453588385331,34.67139689127604
2006-04-01,272.5742926964393,61.49803737424455,105.27064860367976,55.634348016036185,52.41033426920573
2006-05-01,222.1606474656325,61.76007540720814,112.0031180501986,74.57094694438733,53.52241516113281
2006-06-01,265.80745990459735,68.28533532484522,119.80918435489431,71.58988149542557,56.403401692708336
2006-07-01,268.29619774451623,72.2927568543632,116.38319512375263,84.05300943475021,68.80027770996094
2006-08-01,255.52732027493988,70.39486579175265,119.05311776810333,86.02490676076789,78.82700602213542
2006-09-01,253.41218801645132,65.0419112871278,120.47927599995077,85.95159430252878,71.91463216145833
2006-10-01,276.0230137751653,57.57021634083874,112.60652942817752,83.6458356756913,54.29686991373698
2006-11-01,249.31326646071213,57.24475356767763,101.7038778096688,63.014713086579974,40.067344665527344
2006-12-01,279.74557142991284,54.41192770903965,107.7889418401638,61.35432594700863,35.14474232991537
2007-01-01,280.9260441706731,57.15035492519163,107.90424186642431,30.11240708200555,20.151105244954426
2007-02-01,276.6732435960036,54.39211719440964,93.04067788003874,45.04031633075915,43.70797220865885
2007-03-01,267.66107999361475,58.15786685583726,95.50266105587744,53.908418354235195,38.715718587239586
2007-04-01,273.12892033503607,60.757798968621024,100.1381497423188,63.82801156294973,46.45251973470052
2007-05-01,250.196046095628,58.89259194428066,117.46226078321955,72.64327500995837,55.27167256673177
2007-06-01,217.5436019897461,69.86302645701282,120.3069927311745,71.05094006187038,68.13083394368489
2007-07-01,234.22063680795523,71.93567671865787,119.11719827090994,76.54884739925987,78.25709533691406
2007-08-01,203.47854907696063,72.36570970067439,121.54773744214484,86.86657955771999,80.44124857584636
2007-09-01,189.43042755126953,67.77518938172538,121.34589828362986,88.28376970793072,78.93553670247395
2007-10-01,171.52916834904596,61.61387029683815,115.81824807559744,85.9380420885588,66.02942403157552
2007-11-01,228.19150777963492,57.158511179798055,116.2474752474232,67.4133953295256,47.44487508138021
2007-12-01,204.0130615234375,55.4230441687242,111.832472857307,48.923141077945104,40.126818339029946
2008-01-01,240.53576542780948,57.36161142025354,100.7479819930902,50.922423914859166,40.570899963378906
2008-02-01,194.4493953998272,60.35060378740419,111.23164521545924,41.1671613392077,49.455179850260414
2008-03-01,187.42303114670972,58.03128656351342,108.34758662376083,46.97725898341129,55.24771626790365
2008-04-01,239.69867412860577,62.97921234706663,110.62965393066406,71.20485305786133,58.3769276936849
2008-05-01,245.84924257718598,62.70000385788252,120.99040696600906,67.88164941888107,67.80460611979167
2008-06-01,264.1546689547025,69.50681002634876,121.97132270877101,66.39657271535773,68.27512105305989
2008-07-01,223.09235792893628,71.80984209168632,122.75343181706276,73.88974239951686,81.85959879557292
2008-08-01,214.14174299973706,71.44777549887604,120.26513364134716,82.70979429546155,83.12335713704427
2008-09-01,208.59053685114932,67.31950148096625,122.07275518850119,81.58270183362458,73.42620849609375
2008-10-01,184.55010927640475,60.88650397534641,118.42787285812763,78.03791949623509,65.66338602701823
2008-11-01,209.92698669433594,58.57456135299971,120.22948705849528,67.12553626612613,46.308746337890625
2008-12-01,213.15040588378906,51.18691066526017,112.26445686917346,52.14092355025442,45.9049072265625
2009-01-01,228.85184654822714,53.62038090543927,108.31594066459593,46.55458550704153,46.46700541178385
2009-02-01,247.80029883751502,55.4549796626253,108.00175706879432,47.88482063695004,43.53272501627604
2009-03-01,246.36148306039664,57.80769060242851,98.23654238917247,51.79011696263363,39.02443186442057
2009-04-01,223.92900907076321,60.690119041586826,111.55947837509028,51.0590302316766,48.7647959391276
2009-05-01,249.99545170710635,59.080732813421285,117.48543747332918,63.98775201094778,65.21805318196614
2009-06-01,267.23858759953424,68.10527441636572,120.77701472434677,71.84573223716335,72.53957621256511
2009-07-01,291.1192380464994,69.94375408820386,125.56219661937041,86.25467200028268,79.45384216308594
2009-08-01,254.70123291015625,70.33177789652123,114.66784437163538,90.35640515779194,80.10813903808594
2009-09-01,266.86641986553485,63.71793063181752,119.32682710535387,90.72788640072471,74.04507954915364
2009-10-01,263.42157217172473,60.29931410303656,115.91083302217372,80.01566435161389,49.51080322265625
2009-11-01,258.2111065204327,54.93580656231575,112.87058020840172,79.47465996993215,48.60258992513021
2009-12-01,284.6302619347205,52.579630725788626,95.32465253557478,42.15520055670487,45.9516855875651
2010-01-01,286.6766416109525,54.99366040499705,97.2633457985245,40.6222519121672,30.7765630086263
2010-02-01,231.94499382605918,57.55247296027417,62.61694611621505,25.756208520186576,29.98443094889323
2010-03-01,277.6897430419922,54.689690931788036,85.86160034692588,57.219866702431126,26.391705830891926
2010-04-01,297.1606914813702,60.66244881108122,103.3701439865497,60.99341543097245,43.65974426269531
2010-05-01,240.35123678354117,65.09096973347214,110.09184893439799,56.255350614848886,62.70262145996094
2010-06-01,184.10866077129657,71.13215032613503,118.23686231084231,74.59442740992496,64.75607808430989
2010-07-01,187.2201479398287,73.31443210817733,119.44031915744814,75.806682988217,71.66186014811198
2010-08-01,156.8247575026292,72.93661873295622,117.82511863387934,83.29492870130036,77.09471638997395
2010-09-01,126.99655386117789,70.35877875561984,108.94006360478762,82.7234569348787,72.68166097005208
2010-10-01,147.2021983220027,63.35285402693839,113.1963553548861,88.41958296926398,68.45633443196614
2010-11-01,152.4478032038762,55.77536241063532,113.51701111352745,68.40144709536904,47.3525390625
2010-12-01,160.04323225754956,54.842651655089185,114.07245668042609,57.17769923963045,51.897562662760414
2011-01-01,182.80465052678034,61.36479647654408,107.64443533761161,53.672052684583164,49.18659464518229
2011-02-01,147.05743056077222,52.10759720712338,103.43703261944427,59.00416625173468,46.86200459798177
2011-03-01,214.44016970120944,60.76033682193396,117.88414706702994,73.54700690821598,52.54527791341146
2011-04-01,255.474853515625,57.77673109522406,114.11089857085413,65.4077178553531,61.229715983072914
2011-05-01,267.3458979679988,64.69698636036999,122.44044071486017,76.94075734991776,54.89686075846354
2011-06-01,273.8333482008714,69.92277325324292,126.50724138532367,75.52342665822883,61.22046915690104
2011-07-01,271.3881272536058,72.46571522838664,123.3929097151556,83.77462688245271,81.04772440592448
2011-08-01,230.47667283278244,71.5013280904518,125.07862764246325,90.83546086361534,81.85631306966145
2011-09-01,257.4138934795673,69.81245652684626,127.152156028427,89.69324011551706,84.39001973470052
2011-10-01,174.9227523803711,62.364536501326654,112.53167801544447,84.30145665218956,60.679962158203125
2011-11-01,194.24896240234375,59.19125395001106,117.04254150390625,84.66876180548417,58.21508280436198
2011-12-01,238.60968076265775,63.075983299399326,118.58502556295956,47.55224428678814,34.37825266520182
2012-01-01,215.81871326153095,63.75335261506854,105.68469071588596,38.46349465219598,45.53897603352865
2012-02-01,195.95727186936597,60.565862115824,105.487551007952,47.11596840306332,46.316935221354164
2012-03-01,257.5365506685697,60.26896638690301,108.88362211339614,61.074046084755345,44.82186381022135
2012-04-01,275.5394275371845,59.1094265344008,111.22774396623885,68.91010184037057,53.06853230794271
2012-05-01,264.08145611102765,66.53026940687647,122.60577418223149,79.07351945575915,63.74867248535156
2012-06-01,252.8712639441857,72.37685869324882,120.0486255293133,73.60157715646844,62.93840535481771
2012-07-01,283.7924370398888,74.06566116045106,128.25784122242646,79.59643916079872,79.53868611653645
2012-08-01,262.6497121957632,71.65598167563385,122.25005205939799,85.57749296489514,87.30088297526042
2012-09-01,258.30509479229266,64.4080252017615,124.50544213046547,85.92425898501747,78.32932535807292
2012-10-01,243.12249697171723,57.515553888284934,113.13939455176602,79.68629535875823,55.83881632486979
2012-11-01,242.2030228834886,59.7705063729916,110.1137433733259,58.61180456061112,41.471082051595054
2012-12-01,253.6288041334886,56.94572592681309,104.08948689949614,53.22827288978978,35.270362854003906
2013-01-01,269.0671187180739,54.906650759139154,102.54802223013229,33.271011553312604,35.073290506998696
2013-02-01,278.141608605018,57.90916730772774,103.571117625517,44.762129532663444,29.112444559733074
2013-03-01,263.8787783109225,52.82244700305867,98.26490578531218,51.14462501124332,40.763081868489586
2013-04-01,261.1714583176833,60.99280303379275,112.3997824532645,51.5376091003418,54.96224466959635
2013-05-01,228.58003469613882,65.02111902776754,118.78672367384455,64.3191187005294,64.45613606770833
2013-06-01,233.26797485351562,70.85010456589033,121.95569847812172,71.44602725380345,60.326314290364586
2013-07-01,223.33382826585034,72.94633685417895,123.64705831062895,76.64210670872738,73.67118326822917
2013-08-01,192.00526017409103,70.69628589558151,122.43404869271929,81.03188464516087,76.63084411621094
2013-09-01,220.21504915677585,63.521837918263564,121.79694295931263,92.52179798326995,79.33036804199219
2013-10-01,226.67095477764423,54.72998852999705,115.60307991604846,86.12439004998458,68.3519287109375
2013-11-01,184.56124525803784,59.256444967017984,115.08877858394335,67.58121189318206,45.785603841145836
2013-12-01,241.47355006291315,55.20049185123084,110.48430755358784,35.51676649796335,47.15947469075521
2014-01-01,268.3998107910156,45.85931741966392,95.77832903180804,45.05611218904194,47.504547119140625
2014-02-01,258.39834946852466,55.584153949089774,91.67979585022486,63.35570686741879,44.120849609375
2014-03-01,272.27659959059497,55.230505601415096,84.59880091562992,58.53143491243061,34.01802317301432
2014-04-01,299.3963388296274,60.406685595242486,98.31596823299633,60.83991904007761,51.640950520833336
2014-05-01,259.6021505502554,62.23091557340802,111.45716114204471,64.19107035586708,54.65544128417969
2014-06-01,276.2676532451923,73.3727998553582,123.25434324120273,88.13485597309314,69.40413920084636
2014-07-01,251.57247690054086,71.76589246066112,122.30856118081999,86.4710155286287,68.86764526367188
2014-08-01,229.65604341947113,74.38448779987839,120.17540170365021,85.17475128173828,76.71327718098958
2014-09-01,235.19081702599158,66.61345283940153,118.92740586224724,88.87687482331928,71.16094462076823
2014-10-01,234.68093872070312,53.82246917148806,117.14723090163801,87.56095484683388,63.93303934733073
2014-11-01,217.40982349102313,60.35186335725604,113.68829743200992,71.82999159160413,51.22198486328125
2014-12-01,257.5594975398137,57.24979904462707,116.81992987624739,52.850969214188424,41.95187632242838
2015-01-01,247.7238581730769,50.85990329958358,98.22800580193015,39.33620201913934,39.69364674886068
2015-02-01,268.5059767503005,56.46396708938311,94.49969700404576,64.17132929751747,34.18011220296224
2015-03-01,244.39720740685095,55.67373167793706,81.92569187709263,64.69934865048057,36.93808237711588
2015-04-01,281.5912686861478,58.25041429051813,94.30917050658154,79.59432601928711,33.69095102945963
2015-05-01,277.11668748121997,62.67581147967645,103.13903744481192,71.53665141055458,42.50313822428385
2015-06-01,293.1419665996845,70.0415715631449,119.50404062992385,74.9429652565404,54.62890625
2015-07-01,240.30858553372894,69.55101157134435,109.38055855887278,83.43787444265266,65.103759765625
2015-08-01,274.08890357384314,67.64653187877727,113.00236036797531,89.98744362278988,72.35886128743489
2015-09-01,284.12466782789966,63.178638962079894,108.47746905158549,91.60255632902447,61.75763956705729
2015-10-01,258.08536822979266,55.40802721707326,104.53436074136687,83.64631753218801,59.59753926595052
2015-11-01,270.10800288273737,60.71730415776091,108.57216009572775,68.76168000070672,35.103660583496094
2015-12-01,284.274174616887,58.265889005840954,96.93582037917706,54.64421824405068,33.65186564127604
2016-01-01,263.4665855994591,63.27634271585717,86.26769891306132,24.310117018850224,31.694740295410156
2016-02-01,255.00943110539362,58.05519391905587,88.71316028242352,33.97756626731471,23.256187438964844
2016-03-01,290.5906970684345,58.768670423975536,78.61147327583377,32.36699355276007,41.10395050048828
2016-04-01,263.3392920860877,60.468025927273736,86.1715525138278,42.94924986989874,32.301648457845054
2016-05-01,252.44378309983472,63.71209486475531,118.30083382229846,71.11397291484631,59.02904256184896
2016-06-01,220.99318871131308,69.1887045806309,121.0410494764312,77.19867103978207,67.43950907389323
2016-07-01,201.98829357440655,70.97753704718824,117.37045800986411,82.01147380628083,75.64732869466145
2016-08-01,199.34554466834433,70.22564006301592,119.45403924509257,92.8342016119706,89.65120442708333
2016-09-01,175.16765594482422,70.85636498793116,122.56631931336989,89.97934241043893,68.84406026204427
2016-10-01,158.63668001615085,64.49764467635245,122.65264046292346,84.90401820132607,60.52973937988281
2016-11-01,179.4762244591346,57.45779793217497,113.72197896492582,72.45034167641087,43.69494120279948
2016-12-01,221.83309701772836,55.18717927752801,119.62065496364562,52.230117195530944,41.22868347167969
2017-01-01,252.66729501577524,56.14728963600015,112.22471990505187,52.26567920885588,39.431933085123696
2017-02-01,199.9911381648137,55.00796767900575,105.16446217769335,50.702546772203945,41.810333251953125
2017-03-01,250.5423619196965,63.53697290960348,106.10500944762671,43.74345980192486,50.846516927083336
2017-04-01,261.73368600698615,61.33053473706516,106.13968472520845,54.21462811921772,54.06847635904948
2017-05-01,249.40704932579627,62.72100340645269,121.55550147305016,61.60900718287418,52.344136555989586
2017-06-01,231.18019104003906,70.16726943681824,120.71254954618567,72.36377314517372,63.81770324707031
2017-07-01,273.5502096322866,72.45683490105395,126.33933700433299,75.18823021336605,77.69889831542969
2017-08-01,191.7217548076923,72.40463544737618,119.3497729902508,85.05323309647409,83.36963399251302
2017-09-01,196.91707904522235,67.13332266177771,121.4230449259782,85.56495465730366,68.9801025390625
2017-10-01,202.97635885385367,61.66851547529113,118.12871083491991,85.68041952032792,64.97178141276042
2017-11-01,214.8737834050105,61.21612980680646,117.65753481568409,69.47057121678402,44.696512858072914
2017-12-01,236.6802215576172,56.86983648336159,117.04410585034796,51.74706609625565,41.27947998046875
2018-01-01,213.88213817889874,61.76264636921433,116.10959477785255,52.85951714766653,42.50841776529948
2018-02-01,236.22165093055136,58.552505205262385,96.59444023581112,41.10082074215538,46.70398457845052
2018-03-01,254.71851642315204,52.55480208486881,96.23294157140396,70.05187586734169,43.72571818033854
2018-04-01,228.80630493164062,55.8327887193212,107.90680636878776,75.82303599307411,42.88731892903646
2018-05-01,223.53804661677432,63.32637139086454,110.89062730805213,86.97309995952405,51.940043131510414
2018-06-01,218.7417984008789,68.88084843473615,119.22258008427981,84.38184637772409,60.128631591796875
2018-07-01,251.11497732309195,70.2731006550339,123.66865142052916,94.75479125976562,84.73023478190105
2018-08-01,235.10030599740836,73.24067889519458,120.4721530946363,91.62282441791736,76.56101481119792
2018-09-01,234.16830209585336,65.69200911611881,118.26503978056067,90.8573451795076,63.861796061197914
2018-10-01,211.3727569580078,61.52863700434847,110.41544745950138,82.30818196346885,49.1773935953776
2018-11-01,256.23306861290564,57.34738187969856,107.47389913607044,72.78224041587428,46.19786071777344
2018-12-01,265.9688509427584,60.762601168650505,109.54313198057544,60.179825832969264,37.38610076904297
2019-01-01,269.5981832650991,55.327692571676,98.64881820037586,46.205877002916836,30.70904795328776
2019-02-01,235.169557424692,55.70026757582179,58.3412891676446,34.67035544546027,25.006479899088543
2019-03-01,303.8131420428936,56.74503974194797,85.15750019490218,43.76610705727025,28.72943369547526
2019-04-01,297.048832820012,59.44385744490714,95.02702600815718,41.319975100065534,43.69416300455729
2019-05-01,269.6970719557542,61.48509763321787,104.58502248555672,66.51591752704822,59.581949869791664
2019-06-01,281.2714209923377,70.50348677725162,124.34869974601169,67.61404338635896,58.35808308919271
2019-07-01,263.02968538724457,73.41196743947155,120.86511820304294,85.48846997712788,74.21218363444011
2019-08-01,250.23668729341946,70.49458197827609,119.21503403607537,91.03953712864926,81.40715026855469
2019-09-01,212.6108169555664,63.289376024929986,104.82329360577239,87.84348337273849,75.10155741373698
2019-10-01,233.37791149432843,59.364533334408165,110.6551675235524,85.10743191367702,55.01593526204427
2019-11-01,255.3051288311298,53.741894128187646,111.67989137793789,78.46780576203999,45.3934326171875
2019-12-01,258.3409822904147,51.876155925246906,98.03849548852745,53.52629611366673,31.72094980875651
2020-01-01,258.13622107872595,55.38007052439564,84.63416860884979,52.006902192768294,31.538487752278645
2020-02-01,257.86402775691107,54.53752337761645,82.181311855797,43.76952020745529,30.33001963297526
2020-03-01,273.25354356032153,58.1601945409235,87.90274227366729,42.47713590923109,45.176920572916664
2020-04-01,267.67545846792365,60.84981810371831,95.80523066160058,53.53199306287264,38.08412424723307
2020-05-01,228.61036153940054,64.59601636202831,113.52796794987526,64.38559481972142,51.602294921875
2020-06-01,192.6264396080604,69.71071207298424,118.814753684677,67.64860655132092,60.902547200520836
2020-07-01,203.0856939462515,72.03572975014741,119.99789326130843,77.75772998207493,68.34754435221355
2020-08-01,179.47934957650992,71.76570964309404,118.5281833680738,82.46403242412366,78.56458028157552
2020-09-01,149.74178901085486,71.5658209458837,116.02649849002101,82.57450806467156,76.95251973470052
2020-10-01,169.69494452843298,63.22936148013709,119.62120633165377,81.50660866185238,62.20830281575521
2020-11-01,155.23766737717847,56.81364815190153,112.02495158219538,70.56336653859992,46.68805440266927
2020-12-01,193.03566859318659,59.607338095611,120.4927011698234,48.85718195061934,38.43117014567057
2021-01-01,191.82727520282452,55.312888667268574,110.23948733546153,40.74863383644505,41.501182556152344
2021-02-01,229.6499545757587,50.703140834592425,99.51870060768448,34.43760369953356,43.99711608886719
2021-03-01,216.3869124192458,54.26540014878759,105.4558697868796,63.816266310842416,56.35261027018229
2021-04-01,282.91620107797473,58.89727034658756,108.79537438144203,79.10891081157483,65.60965983072917
2021-05-01,267.19116797814,61.74443514841908,121.39293766823135,71.89440476266961,47.83372497558594
2021-06-01,238.30472506009613,70.77708118366745,120.32428388836004,71.17277446546052,66.92153422037761
2021-07-01,246.65850125826321,70.75841651772554,125.28035139837185,78.90308279740182,79.80996195475261
2021-08-01,195.327274615948,72.5474706685768,120.76251246348149,83.55834358616879,74.67569478352864
2021-09-01,194.16502439058743,66.6250250474462,123.2462778812697,90.85050884046052,72.88612365722656
2021-10-01,141.7592268723708,61.131850908387385,110.87007282160911,84.36416826750103,70.97597249348958
2021-11-01,158.12047811654898,59.892736470924234,116.78691831957393,68.0192746614155,44.73558553059896
2021-12-01,248.73046875,51.89833587070681,113.21274573061648,47.67112731933594,42.265970865885414
2022-01-01,192.2635298508864,58.3080349328383,90.77531189477745,26.970085344816507,35.69321950276693
2022-02-01,228.54147690993088,62.351674493753684,99.20752389090403,35.7089921047813,35.10994211832682
2022-03-01,198.91697810246393,55.15058985296285,114.5077841622489,55.12874502884714,40.9662119547526
2022-04-01,197.54581451416016,57.37812402113429,119.42906740332853,74.06084161055715,42.91399129231771
2022-05-01,173.0504402747521,67.19492786335495,118.68847758830096,73.9508729231985,57.850056966145836
2022-06-01,186.5092057448167,70.23895695524396,112.73350435144762,74.3318055805407,62.12568155924479
2022-07-01,224.61968935452973,71.93739549169001,127.34039691315981,86.99717270700555,80.88700358072917
2022-08-01,173.95296830397385,72.09768187324956,119.88727986311713,83.87711675543534,82.06170145670573
2022-09-01,157.4123089130108,65.21784656452682,115.99944299008666,82.84299248143246,79.67831929524739
2022-10-01,143.2497317974384,61.21116206331073,116.33317450515364,86.20198902330901,67.55545552571614
2022-11-01,151.55159876896784,57.161102294921875,112.57712740858062,71.93643168399208,50.57730611165365
2022-12-01,222.13576390193057,58.555824711637676,116.57270543715534,58.445207696211966,42.57831573486328
